-- ==============================================================================
-- PREMIUM SEED DATA: 8 UNIVERSITIES, 155 ROOMS & POSTS WITH AUTHENTIC LOCAL MEDIA
-- GENERATED AUTOMATICALLY BY ANTIGRAVITY FOR HIGH-FIDELITY LOCAL RUNNING
-- ==============================================================================

BEGIN;

-- Reset existing data cascade
TRUNCATE TABLE blacklist, view_history, transactions, reports, vouchers, messages, conversations, favorites, reviews, bookings, subscriptions, post_images, posts, packages, room_amenities, room_images, rooms, notifications, users, universities, amenities, central_media_files CASCADE;

-- Khởi tạo Packages
INSERT INTO packages (id, name, description, price, duration_days, max_posts, type, display_order, is_featured, is_active, created_at, version)
VALUES
  (1, 'Gói Cơ Bản', 'Đăng tối đa 3 tin, thời hạn 30 ngày', 99000.0, 30, 3, 'POST_BASIC', 1, false, true, NOW(), 0),
  (2, 'Gói Tiêu Chuẩn', 'Đăng tối đa 10 tin, thời hạn 90 ngày, hỗ trợ 24/7', 249000.0, 90, 10, 'POST_STANDARD', 2, true, true, NOW(), 0),
  (3, 'Gói VIP', 'Đăng không giới hạn, ưu tiên hiển thị, thời hạn 365 ngày', 899000.0, 365, 999, 'POST_PREMIUM', 3, false, true, NOW(), 0);
SELECT setval('packages_id_seq', 3);

-- Khởi tạo Users (1 Admin, 3 Landlords, 3 Students)
INSERT INTO users (id, email, password, full_name, phone, role, status, is_verified, provider, created_at, updated_at, version, landlord_rating, total_reviews)
VALUES
  (1, 'admin@gmail.com', '$2a$10$yew8gr48YgnQJaIJcASiO.ZWa0YTYCRELRmnZi4PRd4adJYbaGY3O', 'Quản Trị Viên', '0909123456', 'ADMIN', 'ACTIVE', true, 'LOCAL', NOW(), NOW(), 0, 0.0, 0),
  (2, 'landlord1@gmail.com', '$2a$10$yew8gr48YgnQJaIJcASiO.ZWa0YTYCRELRmnZi4PRd4adJYbaGY3O', 'Nguyễn Văn Minh', '0901234567', 'LANDLORD', 'ACTIVE', true, 'LOCAL', NOW(), NOW(), 0, 4.8, 12),
  (3, 'landlord2@gmail.com', '$2a$10$yew8gr48YgnQJaIJcASiO.ZWa0YTYCRELRmnZi4PRd4adJYbaGY3O', 'Trần Thị Lan', '0902234567', 'LANDLORD', 'ACTIVE', true, 'LOCAL', NOW(), NOW(), 0, 4.6, 8),
  (4, 'landlord3@gmail.com', '$2a$10$yew8gr48YgnQJaIJcASiO.ZWa0YTYCRELRmnZi4PRd4adJYbaGY3O', 'Lê Hoàng Nam', '0903234567', 'LANDLORD', 'ACTIVE', true, 'LOCAL', NOW(), NOW(), 0, 4.9, 20),
  (5, 'user1@gmail.com', '$2a$10$yew8gr48YgnQJaIJcASiO.ZWa0YTYCRELRmnZi4PRd4adJYbaGY3O', 'Phạm Minh Đức', '0904234567', 'USER', 'ACTIVE', true, 'LOCAL', NOW(), NOW(), 0, 0.0, 0),
  (6, 'user2@gmail.com', '$2a$10$yew8gr48YgnQJaIJcASiO.ZWa0YTYCRELRmnZi4PRd4adJYbaGY3O', 'Hoàng Thu Thảo', '0905234567', 'USER', 'ACTIVE', true, 'LOCAL', NOW(), NOW(), 0, 0.0, 0),
  (7, 'user3@gmail.com', '$2a$10$yew8gr48YgnQJaIJcASiO.ZWa0YTYCRELRmnZi4PRd4adJYbaGY3O', 'Đặng Nam Khánh', '0906234567', 'USER', 'ACTIVE', true, 'LOCAL', NOW(), NOW(), 0, 0.0, 0);
SELECT setval('users_id_seq', 7);

-- Khởi tạo Subscriptions
INSERT INTO subscriptions (landlord_id, package_id, start_date, expires_at, is_active, remaining_posts, used_posts, max_posts, auto_renew, created_at, updated_at, version)
VALUES
  (2, 3, NOW(), NOW() + INTERVAL '365 days', true, 999, 50, 999, true, NOW(), NOW(), 0),
  (3, 3, NOW(), NOW() + INTERVAL '365 days', true, 999, 50, 999, true, NOW(), NOW(), 0),
  (4, 3, NOW(), NOW() + INTERVAL '365 days', true, 999, 50, 999, true, NOW(), NOW(), 0);

-- Khởi tạo Amenities
INSERT INTO amenities (id, name, icon, category, is_active, display_order, created_at, updated_at, version)
VALUES
  (1, 'WiFi', 'fa-wifi', 'other', true, 1, NOW(), NOW(), 0),
  (2, 'Điều hòa', 'fa-snowflake', 'bedroom', true, 2, NOW(), NOW(), 0),
  (3, 'Nóng lạnh', 'fa-shower', 'bathroom', true, 3, NOW(), NOW(), 0),
  (4, 'Chỗ để xe', 'fa-car', 'security', true, 4, NOW(), NOW(), 0),
  (5, 'An ninh', 'fa-shield-alt', 'security', true, 5, NOW(), NOW(), 0),
  (6, 'Tủ lạnh', 'fa-box', 'kitchen', true, 6, NOW(), NOW(), 0),
  (7, 'Máy giặt', 'fa-sync', 'other', true, 7, NOW(), NOW(), 0),
  (8, 'Tivi', 'fa-tv', 'bedroom', true, 8, NOW(), NOW(), 0),
  (9, 'Bếp', 'fa-utensils', 'kitchen', true, 9, NOW(), NOW(), 0),
  (10, 'Gym', 'fa-dumbbell', 'other', true, 10, NOW(), NOW(), 0),
  (11, 'Thang máy', 'fa-elevator', 'other', true, 11, NOW(), NOW(), 0),
  (12, 'Camera an ninh', 'fa-video', 'security', true, 12, NOW(), NOW(), 0);
SELECT setval('amenities_id_seq', 12);

-- Khởi tạo Universities
INSERT INTO universities (id, created_at, updated_at, name, abbreviation, address, province, district, latitude, longitude, website, logo_url, email_domain, is_active, version)
VALUES
  (1, NOW(), NOW(), 'Trường Đại học Nông Lâm TP.HCM', 'NLU', 'Đường số 6, Phường Linh Trung, Thủ Đức, TP.HCM', 'TP Hồ Chí Minh', 'Thủ Đức', 10.87002, 106.787687, 'https://www.nlu.edu.vn', 'https://upload.wikimedia.org/wikipedia/vi/c/c7/Logo_Nong_Lam_University.svg', 'nlu.edu.vn', true, 0),
  (2, NOW(), NOW(), 'Trường Đại học Sư phạm Kỹ thuật TP.HCM', 'HCMUTE', '1 Võ Văn Ngân, Phường Linh Chiểu, Thủ Đức, TP.HCM', 'TP Hồ Chí Minh', 'Thủ Đức', 10.851419, 106.77197, 'https://hcmute.edu.vn', 'https://upload.wikimedia.org/wikipedia/vi/2/25/Logo_HCMUTE.png', 'hcmute.edu.vn', true, 0),
  (3, NOW(), NOW(), 'Trường Đại học Công nghệ thông tin - ĐHQG TP.HCM', 'UIT', 'Đường Hàn Thuyên, Khu phố 6, Phường Linh Trung, Thủ Đức, TP.HCM', 'TP Hồ Chí Minh', 'Thủ Đức', 10.870009, 106.803027, 'https://www.uit.edu.vn', 'https://upload.wikimedia.org/wikipedia/vi/1/15/Logo_UIT.png', 'uit.edu.vn', true, 0),
  (4, NOW(), NOW(), 'Trường Đại học Bách Khoa - ĐHQG TP.HCM (Cơ sở Dĩ An)', 'HCMUT', 'Đường Tạ Quang Bửu, Khu phố Tân Lập, Dĩ An, Bình Dương', 'Bình Dương', 'Dĩ An', 10.880312, 106.80666, 'https://www.hcmut.edu.vn', 'https://upload.wikimedia.org/wikipedia/vi/1/1b/Logo_HCMUT.svg', 'hcmut.edu.vn', true, 0),
  (5, NOW(), NOW(), 'Trường Đại học Khoa học Tự nhiên - ĐHQG TP.HCM (Cơ sở Dĩ An)', 'HCMUS', 'Khu đô thị ĐHQG TP.HCM, Dĩ An, Bình Dương', 'Bình Dương', 'Dĩ An', 10.875647, 106.799732, 'https://www.hcmus.edu.vn', 'https://upload.wikimedia.org/wikipedia/vi/b/b3/Logo_HCMUS.svg', 'hcmus.edu.vn', true, 0),
  (6, NOW(), NOW(), 'Trường Đại học Quốc tế - ĐHQG TP.HCM', 'IU', 'Khu đô thị ĐHQG TP.HCM, Dĩ An, Bình Dương', 'Bình Dương', 'Dĩ An', 10.877893, 106.801648, 'https://hcmiu.edu.vn', 'https://upload.wikimedia.org/wikipedia/vi/a/a2/Logo_HCMIU.png', 'hcmiu.edu.vn', true, 0),
  (7, NOW(), NOW(), 'Trường Đại học Kinh tế TP.HCM (Cơ sở A)', 'UEH', '59C Nguyễn Đình Chiểu, Phường Võ Thị Sáu, Quận 3, TP.HCM', 'TP Hồ Chí Minh', 'Quận 3', 10.782787, 106.69612, 'https://www.ueh.edu.vn', 'https://upload.wikimedia.org/wikipedia/vi/d/d4/Logo_UEH.svg', 'ueh.edu.vn', true, 0),
  (8, NOW(), NOW(), 'Trường Đại học Ngoại thương - Cơ sở 2', 'FTU2', '15 Đường D5, Phường 25, Quận Bình Thạnh, TP.HCM', 'TP Hồ Chí Minh', 'Bình Thạnh', 10.802194, 106.714498, 'https://cs2.ftu.edu.vn', 'https://upload.wikimedia.org/wikipedia/vi/f/f5/Logo_FTU.png', 'ftu.edu.vn', true, 0);
SELECT setval('universities_id_seq', 8);

-- ==========================================
-- ROOM 1 near NLU - Dist: 3.59km - Price: 1,200,000
-- ==========================================
INSERT INTO rooms (id, landlord_id, room_number, address, province, district, ward, latitude, longitude, area, floor, max_occupancy, direction, has_windows, has_balcony, thumbnail_url, is_pet_friendly, is_parking_available, curfew, rules, view_count, favorite_count, created_at, updated_at, version, nearby_university_id, nearby_university_name, distance_to_university, nearest_bus_station)
VALUES (1, 2, 'P.521', 'Số 54 Võ Văn Ngân, Phường Bình Thọ, Thủ Đức, TP Hồ Chí Minh', 'TP Hồ Chí Minh', 'Thủ Đức', 'Bình Thọ', 10.901763, 106.781493, 17.0, 6, 2, 'NORTH', true, false, '/rooms/images/phongtro_1/5dc6daf370cde57302a8abd758794b7a-2989637164126043799.jpg', false, true, '23:00', 'Giữ trật tự chung sau 22h, dọn dẹp vệ sinh phòng sạch sẽ, phòng cháy chữa cháy an toàn.', 218, 44, NOW() - INTERVAL '9 days', NOW(), 0, 1, 'Trường Đại học Nông Lâm TP.HCM', 3.59, 0.34);
INSERT INTO room_amenities (room_id, amenity_id) VALUES (1, 1) ON CONFLICT DO NOTHING;
INSERT INTO room_amenities (room_id, amenity_id) VALUES (1, 3) ON CONFLICT DO NOTHING;
INSERT INTO room_amenities (room_id, amenity_id) VALUES (1, 4) ON CONFLICT DO NOTHING;
INSERT INTO room_amenities (room_id, amenity_id) VALUES (1, 9) ON CONFLICT DO NOTHING;
INSERT INTO room_images (room_id, image_url) VALUES (1, '/rooms/images/phongtro_1/5dc6daf370cde57302a8abd758794b7a-2989637164126043799.jpg');
INSERT INTO room_images (room_id, image_url) VALUES (1, '/rooms/images/phongtro_1/606c81e230f7acf166310d405027b8f8-2989637163813005937.jpg');
INSERT INTO room_images (room_id, image_url) VALUES (1, '/rooms/images/phongtro_1/6cfc97e1c0e4b39585be7594a10d834a-2989637163939142641.jpg');
INSERT INTO room_images (room_id, image_url) VALUES (1, '/rooms/images/phongtro_1/7c99f2d319a2fa5538e6b363edcd2591-2989637164133435203.jpg');
INSERT INTO room_images (room_id, image_url) VALUES (1, '/rooms/images/phongtro_1/8a85e52814aeea812e850426d52c7a2b-2989637164243235621.jpg');
INSERT INTO room_images (room_id, image_url) VALUES (1, '/rooms/images/phongtro_1/a64865e8baaed6fe6db4f52f91d22454-2989637163993819346.jpg');
INSERT INTO room_images (room_id, image_url) VALUES (1, '/rooms/images/phongtro_1/a855e8a4b1adcc4d766190410d4fa79f-2989637163862569046.jpg');
INSERT INTO room_images (room_id, image_url) VALUES (1, '/rooms/images/phongtro_1/e2ee3fe97e6085d3493eab0c78e2dc84-2989637164256485762.jpg');
INSERT INTO posts (id, landlord_id, room_id, title, description, price, deposit_amount, price_type, status, approved_by, approved_at, expires_at, is_boosted, boosted_until, view_count, favorite_count, contact_count, booking_count, created_at, updated_at, version, video_url, video_thumbnail)
VALUES (1, 2, 1, 'Phòng trọ mini giá rẻ sinh viên 17m2 cách NLU 3.59km - Võ Văn Ngân', '**Vị trí thuận tiện và yên tĩnh**
- Địa chỉ: Võ Văn Ngân, Phường Bình Thọ, Thủ Đức.
- Chỉ cách khuôn viên trường Trường Đại học Nông Lâm TP.HCM (NLU) khoảng 3.59km. Việc đi học hàng ngày cực kỳ thuận tiện và nhanh chóng bằng xe máy, xe buýt hoặc đi bộ. Khu vực xung quanh cao ráo, không bị ngập nước, đường sá thông thoáng.

**Thiết kế căn phòng**
- Diện tích sử dụng: 17m2. Thiết kế tối ưu không gian, sạch sẽ, thoáng mát, thích hợp cho việc học tập lâu dài.
- Sở hữu cửa sổ lớn đón ánh sáng tự nhiên tốt, giữ phòng luôn khô ráo.

**Các tiện ích lắp sẵn**
- Wifi internet tốc độ cao riêng biệt từng phòng
- Hệ thống nước nóng lạnh an toàn
- Chỗ để xe máy rộng rãi dưới tầng trệt, an ninh đảm bảo
- Kệ bếp nấu ăn thoáng khí, tủ bếp sạch sẽ

**An ninh và quy định**
- Hệ thống cửa cổng kiểm soát bằng khóa vân tay bảo mật cao kết hợp camera giám sát 24/7.
- Giờ đóng cổng: 23:00 đêm nhằm đảm bảo trật tự chung.
- Môi trường sống văn minh, hàng xóm chủ yếu là sinh viên ngoan ngoãn và nhân viên văn phòng lịch sự.

**Thông tin chi phí thuê**
- Giá thuê hàng tháng: 1,200,000 đ/tháng.
- Tiền đặt cọc: 2,400,000 đ (cam kết hoàn trả đầy đủ khi kết thúc hợp đồng theo đúng thỏa thuận).
- Chỉ số điện nước tính theo đồng hồ riêng gắn trước cửa phòng, cam kết thu đúng chỉ số tiêu thụ thực tế.', 1200000.0, 2400000.0, 'MONTHLY', 'APPROVED', 1, NOW() - INTERVAL '3 days', NOW() + INTERVAL '27 days', false, NULL, 205, 12, 26, 4, NOW() - INTERVAL '8 days', NOW(), 0, '/posts/videos/phongtro_1/Phongtro1.mp4', '/rooms/images/phongtro_1/5dc6daf370cde57302a8abd758794b7a-2989637164126043799.jpg');
INSERT INTO post_images (post_id, image_order, image_url) VALUES (1, 0, '/rooms/images/phongtro_1/5dc6daf370cde57302a8abd758794b7a-2989637164126043799.jpg');
INSERT INTO post_images (post_id, image_order, image_url) VALUES (1, 1, '/rooms/images/phongtro_1/606c81e230f7acf166310d405027b8f8-2989637163813005937.jpg');
INSERT INTO post_images (post_id, image_order, image_url) VALUES (1, 2, '/rooms/images/phongtro_1/6cfc97e1c0e4b39585be7594a10d834a-2989637163939142641.jpg');
INSERT INTO post_images (post_id, image_order, image_url) VALUES (1, 3, '/rooms/images/phongtro_1/7c99f2d319a2fa5538e6b363edcd2591-2989637164133435203.jpg');
INSERT INTO post_images (post_id, image_order, image_url) VALUES (1, 4, '/rooms/images/phongtro_1/8a85e52814aeea812e850426d52c7a2b-2989637164243235621.jpg');
INSERT INTO post_images (post_id, image_order, image_url) VALUES (1, 5, '/rooms/images/phongtro_1/a64865e8baaed6fe6db4f52f91d22454-2989637163993819346.jpg');
INSERT INTO post_images (post_id, image_order, image_url) VALUES (1, 6, '/rooms/images/phongtro_1/a855e8a4b1adcc4d766190410d4fa79f-2989637163862569046.jpg');
INSERT INTO post_images (post_id, image_order, image_url) VALUES (1, 7, '/rooms/images/phongtro_1/e2ee3fe97e6085d3493eab0c78e2dc84-2989637164256485762.jpg');

-- ==========================================
-- ROOM 2 near HCMUTE - Dist: 2.31km - Price: 3,900,000
-- ==========================================
INSERT INTO rooms (id, landlord_id, room_number, address, province, district, ward, latitude, longitude, area, floor, max_occupancy, direction, has_windows, has_balcony, thumbnail_url, is_pet_friendly, is_parking_available, curfew, rules, view_count, favorite_count, created_at, updated_at, version, nearby_university_id, nearby_university_name, distance_to_university, nearest_bus_station)
VALUES (2, 3, 'P.292', 'Số 62 Lê Văn Chí, Phường Linh Trung, Thủ Đức, TP Hồ Chí Minh', 'TP Hồ Chí Minh', 'Thủ Đức', 'Linh Trung', 10.840163, 106.789743, 26.0, 3, 3, 'SOUTH', true, true, '/rooms/images/phongtro_2/250c6e1b4961153251ad191939f00e57-2989574838275780694.jpg', false, true, '22:00', 'Giữ trật tự chung sau 22h, dọn dẹp vệ sinh phòng sạch sẽ, phòng cháy chữa cháy an toàn.', 219, 7, NOW() - INTERVAL '7 days', NOW(), 0, 2, 'Trường Đại học Sư phạm Kỹ thuật TP.HCM', 2.31, 0.21);
INSERT INTO room_amenities (room_id, amenity_id) VALUES (2, 1) ON CONFLICT DO NOTHING;
INSERT INTO room_amenities (room_id, amenity_id) VALUES (2, 2) ON CONFLICT DO NOTHING;
INSERT INTO room_amenities (room_id, amenity_id) VALUES (2, 3) ON CONFLICT DO NOTHING;
INSERT INTO room_amenities (room_id, amenity_id) VALUES (2, 4) ON CONFLICT DO NOTHING;
INSERT INTO room_amenities (room_id, amenity_id) VALUES (2, 5) ON CONFLICT DO NOTHING;
INSERT INTO room_amenities (room_id, amenity_id) VALUES (2, 6) ON CONFLICT DO NOTHING;
INSERT INTO room_amenities (room_id, amenity_id) VALUES (2, 7) ON CONFLICT DO NOTHING;
INSERT INTO room_amenities (room_id, amenity_id) VALUES (2, 9) ON CONFLICT DO NOTHING;
INSERT INTO room_amenities (room_id, amenity_id) VALUES (2, 12) ON CONFLICT DO NOTHING;
INSERT INTO room_images (room_id, image_url) VALUES (2, '/rooms/images/phongtro_2/250c6e1b4961153251ad191939f00e57-2989574838275780694.jpg');
INSERT INTO room_images (room_id, image_url) VALUES (2, '/rooms/images/phongtro_2/509f56070ee9cd6a990506e2005f13bc-2989574823444459606.jpg');
INSERT INTO room_images (room_id, image_url) VALUES (2, '/rooms/images/phongtro_2/82becc563d486ddb5f8ce31f231b5f61-2989574823844322289.jpg');
INSERT INTO posts (id, landlord_id, room_id, title, description, price, deposit_amount, price_type, status, approved_by, approved_at, expires_at, is_boosted, boosted_until, view_count, favorite_count, contact_count, booking_count, created_at, updated_at, version, video_url, video_thumbnail)
VALUES (2, 3, 2, 'Căn hộ Studio gác lửng full nội thất 26m2 cách HCMUTE 2.31km - Lê Văn Chí', '**Vị trí thuận tiện và yên tĩnh**
- Địa chỉ: Lê Văn Chí, Phường Linh Trung, Thủ Đức.
- Chỉ cách khuôn viên trường Trường Đại học Sư phạm Kỹ thuật TP.HCM (HCMUTE) khoảng 2.31km. Việc đi học hàng ngày cực kỳ thuận tiện và nhanh chóng bằng xe máy, xe buýt hoặc đi bộ. Khu vực xung quanh cao ráo, không bị ngập nước, đường sá thông thoáng.

**Thiết kế căn phòng**
- Diện tích sử dụng: 26m2. Thiết kế tối ưu không gian, sạch sẽ, thoáng mát, thích hợp cho việc học tập lâu dài.
- Sở hữu cửa sổ lớn đón ánh sáng tự nhiên tốt, giữ phòng luôn khô ráo.
- Có ban công riêng đón gió mát mẻ, thuận tiện cho việc phơi đồ hoặc làm góc thư giãn.

**Các tiện ích lắp sẵn**
- Wifi internet tốc độ cao riêng biệt từng phòng
- Máy điều hòa nhiệt độ Inverter hoạt động êm ái, tiết kiệm điện
- Hệ thống nước nóng lạnh an toàn
- Chỗ để xe máy rộng rãi dưới tầng trệt, an ninh đảm bảo
- Tủ lạnh dung tích lớn tiện lợi lưu trữ đồ ăn
- Khu vực giặt sấy/máy giặt tiện nghi
- Kệ bếp nấu ăn thoáng khí, tủ bếp sạch sẽ

**An ninh và quy định**
- Hệ thống cửa cổng kiểm soát bằng khóa vân tay bảo mật cao kết hợp camera giám sát 24/7.
- Giờ đóng cổng: 22:00 đêm nhằm đảm bảo trật tự chung.
- Môi trường sống văn minh, hàng xóm chủ yếu là sinh viên ngoan ngoãn và nhân viên văn phòng lịch sự.

**Thông tin chi phí thuê**
- Giá thuê hàng tháng: 3,900,000 đ/tháng.
- Tiền đặt cọc: 3,900,000 đ (cam kết hoàn trả đầy đủ khi kết thúc hợp đồng theo đúng thỏa thuận).
- Chỉ số điện nước tính theo đồng hồ riêng gắn trước cửa phòng, cam kết thu đúng chỉ số tiêu thụ thực tế.', 3900000.0, 3900000.0, 'MONTHLY', 'APPROVED', 1, NOW() - INTERVAL '3 days', NOW() + INTERVAL '27 days', false, NULL, 285, 23, 41, 2, NOW() - INTERVAL '2 days', NOW(), 0, '/posts/videos/phongtro_2/Phongtro2.mp4', '/rooms/images/phongtro_2/250c6e1b4961153251ad191939f00e57-2989574838275780694.jpg');
INSERT INTO post_images (post_id, image_order, image_url) VALUES (2, 0, '/rooms/images/phongtro_2/250c6e1b4961153251ad191939f00e57-2989574838275780694.jpg');
INSERT INTO post_images (post_id, image_order, image_url) VALUES (2, 1, '/rooms/images/phongtro_2/509f56070ee9cd6a990506e2005f13bc-2989574823444459606.jpg');
INSERT INTO post_images (post_id, image_order, image_url) VALUES (2, 2, '/rooms/images/phongtro_2/82becc563d486ddb5f8ce31f231b5f61-2989574823844322289.jpg');

-- ==========================================
-- ROOM 3 near UIT - Dist: 2.38km - Price: 1,700,000
-- ==========================================
INSERT INTO rooms (id, landlord_id, room_number, address, province, district, ward, latitude, longitude, area, floor, max_occupancy, direction, has_windows, has_balcony, thumbnail_url, is_pet_friendly, is_parking_available, curfew, rules, view_count, favorite_count, created_at, updated_at, version, nearby_university_id, nearby_university_name, distance_to_university, nearest_bus_station)
VALUES (3, 4, 'P.277', 'Số 108 Nguyễn Văn Bá, Phường Bình Thọ, Thủ Đức, TP Hồ Chí Minh', 'TP Hồ Chí Minh', 'Thủ Đức', 'Bình Thọ', 10.883008, 106.785731, 36.0, 3, 6, 'SOUTHWEST', true, false, '/rooms/images/phongtro_3/0ddefc1d14ca02a0c9e8aaf3a72e473a-2976602908688307922.jpg', true, false, '22:00', 'Giữ trật tự chung sau 22h, dọn dẹp vệ sinh phòng sạch sẽ, phòng cháy chữa cháy an toàn.', 50, 21, NOW() - INTERVAL '11 days', NOW(), 0, 3, 'Trường Đại học Công nghệ thông tin - ĐHQG TP.HCM', 2.38, 0.48);
INSERT INTO room_amenities (room_id, amenity_id) VALUES (3, 1) ON CONFLICT DO NOTHING;
INSERT INTO room_amenities (room_id, amenity_id) VALUES (3, 2) ON CONFLICT DO NOTHING;
INSERT INTO room_amenities (room_id, amenity_id) VALUES (3, 3) ON CONFLICT DO NOTHING;
INSERT INTO room_amenities (room_id, amenity_id) VALUES (3, 4) ON CONFLICT DO NOTHING;
INSERT INTO room_amenities (room_id, amenity_id) VALUES (3, 5) ON CONFLICT DO NOTHING;
INSERT INTO room_amenities (room_id, amenity_id) VALUES (3, 7) ON CONFLICT DO NOTHING;
INSERT INTO room_amenities (room_id, amenity_id) VALUES (3, 11) ON CONFLICT DO NOTHING;
INSERT INTO room_amenities (room_id, amenity_id) VALUES (3, 12) ON CONFLICT DO NOTHING;
INSERT INTO room_images (room_id, image_url) VALUES (3, '/rooms/images/phongtro_3/0ddefc1d14ca02a0c9e8aaf3a72e473a-2976602908688307922.jpg');
INSERT INTO room_images (room_id, image_url) VALUES (3, '/rooms/images/phongtro_3/18543739a33d66a5b7124697a366b019-2976602909885621519.jpg');
INSERT INTO room_images (room_id, image_url) VALUES (3, '/rooms/images/phongtro_3/6a96347d2f72a1a67f8c2dd14e2ffc06-2976602908536194592.jpg');
INSERT INTO room_images (room_id, image_url) VALUES (3, '/rooms/images/phongtro_3/85c3733ce057bbf4bb6b3a13d877bbcd-2976602910024703708.jpg');
INSERT INTO room_images (room_id, image_url) VALUES (3, '/rooms/images/phongtro_3/f54af2d02db59c187ffc157ec556228b-2976602911266283228.jpg');
INSERT INTO posts (id, landlord_id, room_id, title, description, price, deposit_amount, price_type, status, approved_by, approved_at, expires_at, is_boosted, boosted_until, view_count, favorite_count, contact_count, booking_count, created_at, updated_at, version, video_url, video_thumbnail)
VALUES (3, 4, 3, 'Sleepbox cao cấp tiện nghi, bảo mật 36m2 cách UIT 2.38km - Nguyễn Văn Bá', '**Vị trí thuận tiện và yên tĩnh**
- Địa chỉ: Nguyễn Văn Bá, Phường Bình Thọ, Thủ Đức.
- Chỉ cách khuôn viên trường Trường Đại học Công nghệ thông tin - ĐHQG TP.HCM (UIT) khoảng 2.38km. Việc đi học hàng ngày cực kỳ thuận tiện và nhanh chóng bằng xe máy, xe buýt hoặc đi bộ. Khu vực xung quanh cao ráo, không bị ngập nước, đường sá thông thoáng.

**Thiết kế căn phòng**
- Diện tích sử dụng: 36m2. Thiết kế tối ưu không gian, sạch sẽ, thoáng mát, thích hợp cho việc học tập lâu dài.
- Sở hữu cửa sổ lớn đón ánh sáng tự nhiên tốt, giữ phòng luôn khô ráo.

**Các tiện ích lắp sẵn**
- Wifi internet tốc độ cao riêng biệt từng phòng
- Máy điều hòa nhiệt độ Inverter hoạt động êm ái, tiết kiệm điện
- Hệ thống nước nóng lạnh an toàn
- Chỗ để xe máy rộng rãi dưới tầng trệt, an ninh đảm bảo
- Khu vực giặt sấy/máy giặt tiện nghi

**An ninh và quy định**
- Hệ thống cửa cổng kiểm soát bằng khóa vân tay bảo mật cao kết hợp camera giám sát 24/7.
- Giờ đóng cổng: 22:00 đêm nhằm đảm bảo trật tự chung.
- Môi trường sống văn minh, hàng xóm chủ yếu là sinh viên ngoan ngoãn và nhân viên văn phòng lịch sự.

**Thông tin chi phí thuê**
- Giá thuê hàng tháng: 1,700,000 đ/tháng.
- Tiền đặt cọc: 3,400,000 đ (cam kết hoàn trả đầy đủ khi kết thúc hợp đồng theo đúng thỏa thuận).
- Chỉ số điện nước tính theo đồng hồ riêng gắn trước cửa phòng, cam kết thu đúng chỉ số tiêu thụ thực tế.', 1700000.0, 3400000.0, 'MONTHLY', 'APPROVED', 1, NOW() - INTERVAL '3 days', NOW() + INTERVAL '27 days', false, NULL, 375, 66, 17, 8, NOW() - INTERVAL '4 days', NOW(), 0, '/posts/videos/phongtro_3/Phongtro3.mp4', '/rooms/images/phongtro_3/0ddefc1d14ca02a0c9e8aaf3a72e473a-2976602908688307922.jpg');
INSERT INTO post_images (post_id, image_order, image_url) VALUES (3, 0, '/rooms/images/phongtro_3/0ddefc1d14ca02a0c9e8aaf3a72e473a-2976602908688307922.jpg');
INSERT INTO post_images (post_id, image_order, image_url) VALUES (3, 1, '/rooms/images/phongtro_3/18543739a33d66a5b7124697a366b019-2976602909885621519.jpg');
INSERT INTO post_images (post_id, image_order, image_url) VALUES (3, 2, '/rooms/images/phongtro_3/6a96347d2f72a1a67f8c2dd14e2ffc06-2976602908536194592.jpg');
INSERT INTO post_images (post_id, image_order, image_url) VALUES (3, 3, '/rooms/images/phongtro_3/85c3733ce057bbf4bb6b3a13d877bbcd-2976602910024703708.jpg');
INSERT INTO post_images (post_id, image_order, image_url) VALUES (3, 4, '/rooms/images/phongtro_3/f54af2d02db59c187ffc157ec556228b-2976602911266283228.jpg');

-- ==========================================
-- ROOM 4 near HCMUT - Dist: 2.59km - Price: 2,900,000
-- ==========================================
INSERT INTO rooms (id, landlord_id, room_number, address, province, district, ward, latitude, longitude, area, floor, max_occupancy, direction, has_windows, has_balcony, thumbnail_url, is_pet_friendly, is_parking_available, curfew, rules, view_count, favorite_count, created_at, updated_at, version, nearby_university_id, nearby_university_name, distance_to_university, nearest_bus_station)
VALUES (4, 2, 'P.224', 'Số 115 Tân Lập, Phường An Bình, Dĩ An, Bình Dương', 'Bình Dương', 'Dĩ An', 'An Bình', 10.900373, 106.818757, 18.0, 6, 2, 'SOUTHEAST', true, true, '/rooms/images/phongtro_4/5880fda59b860cca33cca70589c74889-2989294794715688185.jpg', true, true, '23:00', 'Giữ trật tự chung sau 22h, dọn dẹp vệ sinh phòng sạch sẽ, phòng cháy chữa cháy an toàn.', 271, 24, NOW() - INTERVAL '4 days', NOW(), 0, 4, 'Trường Đại học Bách Khoa - ĐHQG TP.HCM (Cơ sở Dĩ An)', 2.59, 0.26);
INSERT INTO room_amenities (room_id, amenity_id) VALUES (4, 1) ON CONFLICT DO NOTHING;
INSERT INTO room_amenities (room_id, amenity_id) VALUES (4, 2) ON CONFLICT DO NOTHING;
INSERT INTO room_amenities (room_id, amenity_id) VALUES (4, 3) ON CONFLICT DO NOTHING;
INSERT INTO room_amenities (room_id, amenity_id) VALUES (4, 4) ON CONFLICT DO NOTHING;
INSERT INTO room_amenities (room_id, amenity_id) VALUES (4, 5) ON CONFLICT DO NOTHING;
INSERT INTO room_amenities (room_id, amenity_id) VALUES (4, 6) ON CONFLICT DO NOTHING;
INSERT INTO room_amenities (room_id, amenity_id) VALUES (4, 9) ON CONFLICT DO NOTHING;
INSERT INTO room_images (room_id, image_url) VALUES (4, '/rooms/images/phongtro_4/5880fda59b860cca33cca70589c74889-2989294794715688185.jpg');
INSERT INTO room_images (room_id, image_url) VALUES (4, '/rooms/images/phongtro_4/a91bba470753079c6bc0cb2fc5bc6566-2989294794741309629.jpg');
INSERT INTO room_images (room_id, image_url) VALUES (4, '/rooms/images/phongtro_4/f37fbe1426d7c922c1ed9649468221ac-2989294794625461924.jpg');
INSERT INTO posts (id, landlord_id, room_id, title, description, price, deposit_amount, price_type, status, approved_by, approved_at, expires_at, is_boosted, boosted_until, view_count, favorite_count, contact_count, booking_count, created_at, updated_at, version, video_url, video_thumbnail)
VALUES (4, 2, 4, 'Phòng trọ ban công thoáng mát gần trường 18m2 cách HCMUT 2.59km - Tân Lập', '**Vị trí thuận tiện và yên tĩnh**
- Địa chỉ: Tân Lập, Phường An Bình, Dĩ An.
- Chỉ cách khuôn viên trường Trường Đại học Bách Khoa - ĐHQG TP.HCM (Cơ sở Dĩ An) (HCMUT) khoảng 2.59km. Việc đi học hàng ngày cực kỳ thuận tiện và nhanh chóng bằng xe máy, xe buýt hoặc đi bộ. Khu vực xung quanh cao ráo, không bị ngập nước, đường sá thông thoáng.

**Thiết kế căn phòng**
- Diện tích sử dụng: 18m2. Thiết kế tối ưu không gian, sạch sẽ, thoáng mát, thích hợp cho việc học tập lâu dài.
- Sở hữu cửa sổ lớn đón ánh sáng tự nhiên tốt, giữ phòng luôn khô ráo.
- Có ban công riêng đón gió mát mẻ, thuận tiện cho việc phơi đồ hoặc làm góc thư giãn.

**Các tiện ích lắp sẵn**
- Wifi internet tốc độ cao riêng biệt từng phòng
- Máy điều hòa nhiệt độ Inverter hoạt động êm ái, tiết kiệm điện
- Hệ thống nước nóng lạnh an toàn
- Chỗ để xe máy rộng rãi dưới tầng trệt, an ninh đảm bảo
- Tủ lạnh dung tích lớn tiện lợi lưu trữ đồ ăn
- Kệ bếp nấu ăn thoáng khí, tủ bếp sạch sẽ

**An ninh và quy định**
- Hệ thống cửa cổng kiểm soát bằng khóa vân tay bảo mật cao kết hợp camera giám sát 24/7.
- Giờ đóng cổng: 23:00 đêm nhằm đảm bảo trật tự chung.
- Môi trường sống văn minh, hàng xóm chủ yếu là sinh viên ngoan ngoãn và nhân viên văn phòng lịch sự.

**Thông tin chi phí thuê**
- Giá thuê hàng tháng: 2,900,000 đ/tháng.
- Tiền đặt cọc: 2,900,000 đ (cam kết hoàn trả đầy đủ khi kết thúc hợp đồng theo đúng thỏa thuận).
- Chỉ số điện nước tính theo đồng hồ riêng gắn trước cửa phòng, cam kết thu đúng chỉ số tiêu thụ thực tế.', 2900000.0, 2900000.0, 'MONTHLY', 'APPROVED', 1, NOW() - INTERVAL '3 days', NOW() + INTERVAL '27 days', false, NULL, 234, 61, 41, 6, NOW() - INTERVAL '10 days', NOW(), 0, '/posts/videos/phongtro_4/Phongtro4.mp4', '/rooms/images/phongtro_4/5880fda59b860cca33cca70589c74889-2989294794715688185.jpg');
INSERT INTO post_images (post_id, image_order, image_url) VALUES (4, 0, '/rooms/images/phongtro_4/5880fda59b860cca33cca70589c74889-2989294794715688185.jpg');
INSERT INTO post_images (post_id, image_order, image_url) VALUES (4, 1, '/rooms/images/phongtro_4/a91bba470753079c6bc0cb2fc5bc6566-2989294794741309629.jpg');
INSERT INTO post_images (post_id, image_order, image_url) VALUES (4, 2, '/rooms/images/phongtro_4/f37fbe1426d7c922c1ed9649468221ac-2989294794625461924.jpg');

-- ==========================================
-- ROOM 5 near HCMUS - Dist: 2.79km - Price: 5,900,000
-- ==========================================
INSERT INTO rooms (id, landlord_id, room_number, address, province, district, ward, latitude, longitude, area, floor, max_occupancy, direction, has_windows, has_balcony, thumbnail_url, is_pet_friendly, is_parking_available, curfew, rules, view_count, favorite_count, created_at, updated_at, version, nearby_university_id, nearby_university_name, distance_to_university, nearest_bus_station)
VALUES (5, 3, 'P.314', 'Số 100 Đường ĐHQG, Phường Tân Đông Hiệp, Dĩ An, Bình Dương', 'Bình Dương', 'Dĩ An', 'Tân Đông Hiệp', 10.855719, 106.815263, 42.0, 7, 3, 'EAST', true, true, '/rooms/images/phongtro_5/0e7b23f55df680325169ffadd8b7aca8-2988046123518002883.jpg', false, true, NULL, 'Giữ trật tự chung sau 22h, dọn dẹp vệ sinh phòng sạch sẽ, phòng cháy chữa cháy an toàn.', 106, 38, NOW() - INTERVAL '10 days', NOW(), 0, 5, 'Trường Đại học Khoa học Tự nhiên - ĐHQG TP.HCM (Cơ sở Dĩ An)', 2.79, 0.22);
INSERT INTO room_amenities (room_id, amenity_id) VALUES (5, 1) ON CONFLICT DO NOTHING;
INSERT INTO room_amenities (room_id, amenity_id) VALUES (5, 2) ON CONFLICT DO NOTHING;
INSERT INTO room_amenities (room_id, amenity_id) VALUES (5, 3) ON CONFLICT DO NOTHING;
INSERT INTO room_amenities (room_id, amenity_id) VALUES (5, 4) ON CONFLICT DO NOTHING;
INSERT INTO room_amenities (room_id, amenity_id) VALUES (5, 5) ON CONFLICT DO NOTHING;
INSERT INTO room_amenities (room_id, amenity_id) VALUES (5, 6) ON CONFLICT DO NOTHING;
INSERT INTO room_amenities (room_id, amenity_id) VALUES (5, 7) ON CONFLICT DO NOTHING;
INSERT INTO room_amenities (room_id, amenity_id) VALUES (5, 8) ON CONFLICT DO NOTHING;
INSERT INTO room_amenities (room_id, amenity_id) VALUES (5, 9) ON CONFLICT DO NOTHING;
INSERT INTO room_amenities (room_id, amenity_id) VALUES (5, 10) ON CONFLICT DO NOTHING;
INSERT INTO room_amenities (room_id, amenity_id) VALUES (5, 11) ON CONFLICT DO NOTHING;
INSERT INTO room_amenities (room_id, amenity_id) VALUES (5, 12) ON CONFLICT DO NOTHING;
INSERT INTO room_images (room_id, image_url) VALUES (5, '/rooms/images/phongtro_5/0e7b23f55df680325169ffadd8b7aca8-2988046123518002883.jpg');
INSERT INTO room_images (room_id, image_url) VALUES (5, '/rooms/images/phongtro_5/14a52577e97bbbb022acaad70adad1a3-2988046124608587459.jpg');
INSERT INTO room_images (room_id, image_url) VALUES (5, '/rooms/images/phongtro_5/a1ada929e3a48de5a96e9bbfdec92023-2988046123576327051.jpg');
INSERT INTO posts (id, landlord_id, room_id, title, description, price, deposit_amount, price_type, status, approved_by, approved_at, expires_at, is_boosted, boosted_until, view_count, favorite_count, contact_count, booking_count, created_at, updated_at, version, video_url, video_thumbnail)
VALUES (5, 3, 5, 'Căn hộ dịch vụ 1PN sang trọng, an ninh 42m2 cách HCMUS 2.79km - Đường ĐHQG', '**Vị trí thuận tiện và yên tĩnh**
- Địa chỉ: Đường ĐHQG, Phường Tân Đông Hiệp, Dĩ An.
- Chỉ cách khuôn viên trường Trường Đại học Khoa học Tự nhiên - ĐHQG TP.HCM (Cơ sở Dĩ An) (HCMUS) khoảng 2.79km. Việc đi học hàng ngày cực kỳ thuận tiện và nhanh chóng bằng xe máy, xe buýt hoặc đi bộ. Khu vực xung quanh cao ráo, không bị ngập nước, đường sá thông thoáng.

**Thiết kế căn phòng**
- Diện tích sử dụng: 42m2. Thiết kế tối ưu không gian, sạch sẽ, thoáng mát, thích hợp cho việc học tập lâu dài.
- Sở hữu cửa sổ lớn đón ánh sáng tự nhiên tốt, giữ phòng luôn khô ráo.
- Có ban công riêng đón gió mát mẻ, thuận tiện cho việc phơi đồ hoặc làm góc thư giãn.

**Các tiện ích lắp sẵn**
- Wifi internet tốc độ cao riêng biệt từng phòng
- Máy điều hòa nhiệt độ Inverter hoạt động êm ái, tiết kiệm điện
- Hệ thống nước nóng lạnh an toàn
- Chỗ để xe máy rộng rãi dưới tầng trệt, an ninh đảm bảo
- Tủ lạnh dung tích lớn tiện lợi lưu trữ đồ ăn
- Khu vực giặt sấy/máy giặt tiện nghi
- Kệ bếp nấu ăn thoáng khí, tủ bếp sạch sẽ

**An ninh và quy định**
- Hệ thống cửa cổng kiểm soát bằng khóa vân tay bảo mật cao kết hợp camera giám sát 24/7.
- Giờ giấc ra vào tự do thoải mái, không chung chủ.
- Môi trường sống văn minh, hàng xóm chủ yếu là sinh viên ngoan ngoãn và nhân viên văn phòng lịch sự.

**Thông tin chi phí thuê**
- Giá thuê hàng tháng: 5,900,000 đ/tháng.
- Tiền đặt cọc: 5,900,000 đ (cam kết hoàn trả đầy đủ khi kết thúc hợp đồng theo đúng thỏa thuận).
- Chỉ số điện nước tính theo đồng hồ riêng gắn trước cửa phòng, cam kết thu đúng chỉ số tiêu thụ thực tế.', 5900000.0, 5900000.0, 'MONTHLY', 'APPROVED', 1, NOW() - INTERVAL '3 days', NOW() + INTERVAL '27 days', false, NULL, 310, 57, 29, 8, NOW() - INTERVAL '7 days', NOW(), 0, '/posts/videos/phongtro_5/Phongtro5.mp4', '/rooms/images/phongtro_5/0e7b23f55df680325169ffadd8b7aca8-2988046123518002883.jpg');
INSERT INTO post_images (post_id, image_order, image_url) VALUES (5, 0, '/rooms/images/phongtro_5/0e7b23f55df680325169ffadd8b7aca8-2988046123518002883.jpg');
INSERT INTO post_images (post_id, image_order, image_url) VALUES (5, 1, '/rooms/images/phongtro_5/14a52577e97bbbb022acaad70adad1a3-2988046124608587459.jpg');
INSERT INTO post_images (post_id, image_order, image_url) VALUES (5, 2, '/rooms/images/phongtro_5/a1ada929e3a48de5a96e9bbfdec92023-2988046123576327051.jpg');

-- ==========================================
-- ROOM 6 near IU - Dist: 4.11km - Price: 1,400,000
-- ==========================================
INSERT INTO rooms (id, landlord_id, room_number, address, province, district, ward, latitude, longitude, area, floor, max_occupancy, direction, has_windows, has_balcony, thumbnail_url, is_pet_friendly, is_parking_available, curfew, rules, view_count, favorite_count, created_at, updated_at, version, nearby_university_id, nearby_university_name, distance_to_university, nearest_bus_station)
VALUES (6, 4, 'P.179', 'Số 14 Đường ĐHQG, Phường Tân Đông Hiệp, Dĩ An, Bình Dương', 'Bình Dương', 'Dĩ An', 'Tân Đông Hiệp', 10.872973, 106.764354, 18.0, 6, 2, 'EAST', true, false, '/rooms/images/phongtro_6/11159ac48b52f6b91c3fdb560d94ca64-2988628146912536256.jpg', false, true, '23:00', 'Giữ trật tự chung sau 22h, dọn dẹp vệ sinh phòng sạch sẽ, phòng cháy chữa cháy an toàn.', 176, 42, NOW() - INTERVAL '6 days', NOW(), 0, 6, 'Trường Đại học Quốc tế - ĐHQG TP.HCM', 4.11, 0.42);
INSERT INTO room_amenities (room_id, amenity_id) VALUES (6, 1) ON CONFLICT DO NOTHING;
INSERT INTO room_amenities (room_id, amenity_id) VALUES (6, 3) ON CONFLICT DO NOTHING;
INSERT INTO room_amenities (room_id, amenity_id) VALUES (6, 4) ON CONFLICT DO NOTHING;
INSERT INTO room_amenities (room_id, amenity_id) VALUES (6, 9) ON CONFLICT DO NOTHING;
INSERT INTO room_images (room_id, image_url) VALUES (6, '/rooms/images/phongtro_6/11159ac48b52f6b91c3fdb560d94ca64-2988628146912536256.jpg');
INSERT INTO room_images (room_id, image_url) VALUES (6, '/rooms/images/phongtro_6/126fb1ef108e256667b9be8bd3145fe9-2988628196138251729.jpg');
INSERT INTO room_images (room_id, image_url) VALUES (6, '/rooms/images/phongtro_6/3176f69670d396d671460aa26ea348dc-2988628195684755136.jpg');
INSERT INTO room_images (room_id, image_url) VALUES (6, '/rooms/images/phongtro_6/3ed15594b1228894b2f219d8e5812be4-2988628196414862249.jpg');
INSERT INTO room_images (room_id, image_url) VALUES (6, '/rooms/images/phongtro_6/53838b80ecbf6a34307a8fb648e47786-2988628195975345127.jpg');
INSERT INTO room_images (room_id, image_url) VALUES (6, '/rooms/images/phongtro_6/64f5808d35c32f9618d40e386258954b-2988628195831497132.jpg');
INSERT INTO room_images (room_id, image_url) VALUES (6, '/rooms/images/phongtro_6/6b669c8ebd13609894e39fda1e912e84-2988628195780264036.jpg');
INSERT INTO room_images (room_id, image_url) VALUES (6, '/rooms/images/phongtro_6/bf66b9bdb1883ff1cefda98c45854297-2988628196022905582.jpg');
INSERT INTO posts (id, landlord_id, room_id, title, description, price, deposit_amount, price_type, status, approved_by, approved_at, expires_at, is_boosted, boosted_until, view_count, favorite_count, contact_count, booking_count, created_at, updated_at, version, video_url, video_thumbnail)
VALUES (6, 4, 6, 'Phòng trọ mini giá rẻ sinh viên 18m2 cách IU 4.11km - Đường ĐHQG', '**Vị trí thuận tiện và yên tĩnh**
- Địa chỉ: Đường ĐHQG, Phường Tân Đông Hiệp, Dĩ An.
- Chỉ cách khuôn viên trường Trường Đại học Quốc tế - ĐHQG TP.HCM (IU) khoảng 4.11km. Việc đi học hàng ngày cực kỳ thuận tiện và nhanh chóng bằng xe máy, xe buýt hoặc đi bộ. Khu vực xung quanh cao ráo, không bị ngập nước, đường sá thông thoáng.

**Thiết kế căn phòng**
- Diện tích sử dụng: 18m2. Thiết kế tối ưu không gian, sạch sẽ, thoáng mát, thích hợp cho việc học tập lâu dài.
- Sở hữu cửa sổ lớn đón ánh sáng tự nhiên tốt, giữ phòng luôn khô ráo.

**Các tiện ích lắp sẵn**
- Wifi internet tốc độ cao riêng biệt từng phòng
- Hệ thống nước nóng lạnh an toàn
- Chỗ để xe máy rộng rãi dưới tầng trệt, an ninh đảm bảo
- Kệ bếp nấu ăn thoáng khí, tủ bếp sạch sẽ

**An ninh và quy định**
- Hệ thống cửa cổng kiểm soát bằng khóa vân tay bảo mật cao kết hợp camera giám sát 24/7.
- Giờ đóng cổng: 23:00 đêm nhằm đảm bảo trật tự chung.
- Môi trường sống văn minh, hàng xóm chủ yếu là sinh viên ngoan ngoãn và nhân viên văn phòng lịch sự.

**Thông tin chi phí thuê**
- Giá thuê hàng tháng: 1,400,000 đ/tháng.
- Tiền đặt cọc: 1,400,000 đ (cam kết hoàn trả đầy đủ khi kết thúc hợp đồng theo đúng thỏa thuận).
- Chỉ số điện nước tính theo đồng hồ riêng gắn trước cửa phòng, cam kết thu đúng chỉ số tiêu thụ thực tế.', 1400000.0, 1400000.0, 'MONTHLY', 'APPROVED', 1, NOW() - INTERVAL '3 days', NOW() + INTERVAL '27 days', false, NULL, 382, 48, 16, 6, NOW() - INTERVAL '1 days', NOW(), 0, '/posts/videos/phongtro_6/Phongtro6.mp4', '/rooms/images/phongtro_6/11159ac48b52f6b91c3fdb560d94ca64-2988628146912536256.jpg');
INSERT INTO post_images (post_id, image_order, image_url) VALUES (6, 0, '/rooms/images/phongtro_6/11159ac48b52f6b91c3fdb560d94ca64-2988628146912536256.jpg');
INSERT INTO post_images (post_id, image_order, image_url) VALUES (6, 1, '/rooms/images/phongtro_6/126fb1ef108e256667b9be8bd3145fe9-2988628196138251729.jpg');
INSERT INTO post_images (post_id, image_order, image_url) VALUES (6, 2, '/rooms/images/phongtro_6/3176f69670d396d671460aa26ea348dc-2988628195684755136.jpg');
INSERT INTO post_images (post_id, image_order, image_url) VALUES (6, 3, '/rooms/images/phongtro_6/3ed15594b1228894b2f219d8e5812be4-2988628196414862249.jpg');
INSERT INTO post_images (post_id, image_order, image_url) VALUES (6, 4, '/rooms/images/phongtro_6/53838b80ecbf6a34307a8fb648e47786-2988628195975345127.jpg');
INSERT INTO post_images (post_id, image_order, image_url) VALUES (6, 5, '/rooms/images/phongtro_6/64f5808d35c32f9618d40e386258954b-2988628195831497132.jpg');
INSERT INTO post_images (post_id, image_order, image_url) VALUES (6, 6, '/rooms/images/phongtro_6/6b669c8ebd13609894e39fda1e912e84-2988628195780264036.jpg');
INSERT INTO post_images (post_id, image_order, image_url) VALUES (6, 7, '/rooms/images/phongtro_6/bf66b9bdb1883ff1cefda98c45854297-2988628196022905582.jpg');

-- ==========================================
-- ROOM 7 near UEH - Dist: 3.69km - Price: 3,000,000
-- ==========================================
INSERT INTO rooms (id, landlord_id, room_number, address, province, district, ward, latitude, longitude, area, floor, max_occupancy, direction, has_windows, has_balcony, thumbnail_url, is_pet_friendly, is_parking_available, curfew, rules, view_count, favorite_count, created_at, updated_at, version, nearby_university_id, nearby_university_name, distance_to_university, nearest_bus_station)
VALUES (7, 2, 'P.448', 'Số 31 Điện Biên Phủ, Phường 6, Quận 3, TP Hồ Chí Minh', 'TP Hồ Chí Minh', 'Quận 3', 'Phường 6', 10.8073, 106.718904, 25.0, 2, 3, 'SOUTH', true, true, '/rooms/images/phongtro_7/39d9e8a91494d7e61ba76d6837548805-2989735965459823799.jpg', false, true, '23:00', 'Giữ trật tự chung sau 22h, dọn dẹp vệ sinh phòng sạch sẽ, phòng cháy chữa cháy an toàn.', 53, 38, NOW() - INTERVAL '6 days', NOW(), 0, 7, 'Trường Đại học Kinh tế TP.HCM (Cơ sở A)', 3.69, 0.15);
INSERT INTO room_amenities (room_id, amenity_id) VALUES (7, 1) ON CONFLICT DO NOTHING;
INSERT INTO room_amenities (room_id, amenity_id) VALUES (7, 2) ON CONFLICT DO NOTHING;
INSERT INTO room_amenities (room_id, amenity_id) VALUES (7, 3) ON CONFLICT DO NOTHING;
INSERT INTO room_amenities (room_id, amenity_id) VALUES (7, 4) ON CONFLICT DO NOTHING;
INSERT INTO room_amenities (room_id, amenity_id) VALUES (7, 5) ON CONFLICT DO NOTHING;
INSERT INTO room_amenities (room_id, amenity_id) VALUES (7, 6) ON CONFLICT DO NOTHING;
INSERT INTO room_amenities (room_id, amenity_id) VALUES (7, 7) ON CONFLICT DO NOTHING;
INSERT INTO room_amenities (room_id, amenity_id) VALUES (7, 9) ON CONFLICT DO NOTHING;
INSERT INTO room_amenities (room_id, amenity_id) VALUES (7, 12) ON CONFLICT DO NOTHING;
INSERT INTO room_images (room_id, image_url) VALUES (7, '/rooms/images/phongtro_7/39d9e8a91494d7e61ba76d6837548805-2989735965459823799.jpg');
INSERT INTO room_images (room_id, image_url) VALUES (7, '/rooms/images/phongtro_7/557e62d52d3557d0d05e20eeef02c489-2989736028610444471.jpg');
INSERT INTO room_images (room_id, image_url) VALUES (7, '/rooms/images/phongtro_7/7260a62ed7ea9f974c44852187418a32-2989736043947175610.jpg');
INSERT INTO room_images (room_id, image_url) VALUES (7, '/rooms/images/phongtro_7/8abd3acfb92fa88c2199fa4e3e464eb1-2989736023333894583.jpg');
INSERT INTO room_images (room_id, image_url) VALUES (7, '/rooms/images/phongtro_7/993a5b26e9ea8e7acb410dd2a74227c5-2989735998206712817.jpg');
INSERT INTO posts (id, landlord_id, room_id, title, description, price, deposit_amount, price_type, status, approved_by, approved_at, expires_at, is_boosted, boosted_until, view_count, favorite_count, contact_count, booking_count, created_at, updated_at, version, video_url, video_thumbnail)
VALUES (7, 2, 7, 'Căn hộ Studio gác lửng full nội thất 25m2 cách UEH 3.69km - Điện Biên Phủ', '**Vị trí thuận tiện và yên tĩnh**
- Địa chỉ: Điện Biên Phủ, Phường 6, Quận 3.
- Chỉ cách khuôn viên trường Trường Đại học Kinh tế TP.HCM (Cơ sở A) (UEH) khoảng 3.69km. Việc đi học hàng ngày cực kỳ thuận tiện và nhanh chóng bằng xe máy, xe buýt hoặc đi bộ. Khu vực xung quanh cao ráo, không bị ngập nước, đường sá thông thoáng.

**Thiết kế căn phòng**
- Diện tích sử dụng: 25m2. Thiết kế tối ưu không gian, sạch sẽ, thoáng mát, thích hợp cho việc học tập lâu dài.
- Sở hữu cửa sổ lớn đón ánh sáng tự nhiên tốt, giữ phòng luôn khô ráo.
- Có ban công riêng đón gió mát mẻ, thuận tiện cho việc phơi đồ hoặc làm góc thư giãn.

**Các tiện ích lắp sẵn**
- Wifi internet tốc độ cao riêng biệt từng phòng
- Máy điều hòa nhiệt độ Inverter hoạt động êm ái, tiết kiệm điện
- Hệ thống nước nóng lạnh an toàn
- Chỗ để xe máy rộng rãi dưới tầng trệt, an ninh đảm bảo
- Tủ lạnh dung tích lớn tiện lợi lưu trữ đồ ăn
- Khu vực giặt sấy/máy giặt tiện nghi
- Kệ bếp nấu ăn thoáng khí, tủ bếp sạch sẽ

**An ninh và quy định**
- Hệ thống cửa cổng kiểm soát bằng khóa vân tay bảo mật cao kết hợp camera giám sát 24/7.
- Giờ đóng cổng: 23:00 đêm nhằm đảm bảo trật tự chung.
- Môi trường sống văn minh, hàng xóm chủ yếu là sinh viên ngoan ngoãn và nhân viên văn phòng lịch sự.

**Thông tin chi phí thuê**
- Giá thuê hàng tháng: 3,000,000 đ/tháng.
- Tiền đặt cọc: 6,000,000 đ (cam kết hoàn trả đầy đủ khi kết thúc hợp đồng theo đúng thỏa thuận).
- Chỉ số điện nước tính theo đồng hồ riêng gắn trước cửa phòng, cam kết thu đúng chỉ số tiêu thụ thực tế.', 3000000.0, 6000000.0, 'MONTHLY', 'APPROVED', 1, NOW() - INTERVAL '3 days', NOW() + INTERVAL '27 days', false, NULL, 129, 33, 38, 9, NOW() - INTERVAL '4 days', NOW(), 0, '/posts/videos/phongtro_7/Phongtro7.mp4', '/rooms/images/phongtro_7/39d9e8a91494d7e61ba76d6837548805-2989735965459823799.jpg');
INSERT INTO post_images (post_id, image_order, image_url) VALUES (7, 0, '/rooms/images/phongtro_7/39d9e8a91494d7e61ba76d6837548805-2989735965459823799.jpg');
INSERT INTO post_images (post_id, image_order, image_url) VALUES (7, 1, '/rooms/images/phongtro_7/557e62d52d3557d0d05e20eeef02c489-2989736028610444471.jpg');
INSERT INTO post_images (post_id, image_order, image_url) VALUES (7, 2, '/rooms/images/phongtro_7/7260a62ed7ea9f974c44852187418a32-2989736043947175610.jpg');
INSERT INTO post_images (post_id, image_order, image_url) VALUES (7, 3, '/rooms/images/phongtro_7/8abd3acfb92fa88c2199fa4e3e464eb1-2989736023333894583.jpg');
INSERT INTO post_images (post_id, image_order, image_url) VALUES (7, 4, '/rooms/images/phongtro_7/993a5b26e9ea8e7acb410dd2a74227c5-2989735998206712817.jpg');

-- ==========================================
-- ROOM 8 near FTU2 - Dist: 0.78km - Price: 1,500,000
-- ==========================================
INSERT INTO rooms (id, landlord_id, room_number, address, province, district, ward, latitude, longitude, area, floor, max_occupancy, direction, has_windows, has_balcony, thumbnail_url, is_pet_friendly, is_parking_available, curfew, rules, view_count, favorite_count, created_at, updated_at, version, nearby_university_id, nearby_university_name, distance_to_university, nearest_bus_station)
VALUES (8, 3, 'P.419', 'Số 77 Ung Văn Khiêm, Phường 25, Bình Thạnh, TP Hồ Chí Minh', 'TP Hồ Chí Minh', 'Bình Thạnh', 'Phường 25', 10.807354, 106.719325, 34.0, 2, 6, 'EAST', true, false, '/rooms/images/phongtro_8/061624540dc3a8b9d577a5e3a9c8451c-2987576326513607683.jpg', true, false, NULL, 'Giữ trật tự chung sau 22h, dọn dẹp vệ sinh phòng sạch sẽ, phòng cháy chữa cháy an toàn.', 122, 6, NOW() - INTERVAL '15 days', NOW(), 0, 8, 'Trường Đại học Ngoại thương - Cơ sở 2', 0.78, 0.43);
INSERT INTO room_amenities (room_id, amenity_id) VALUES (8, 1) ON CONFLICT DO NOTHING;
INSERT INTO room_amenities (room_id, amenity_id) VALUES (8, 2) ON CONFLICT DO NOTHING;
INSERT INTO room_amenities (room_id, amenity_id) VALUES (8, 3) ON CONFLICT DO NOTHING;
INSERT INTO room_amenities (room_id, amenity_id) VALUES (8, 4) ON CONFLICT DO NOTHING;
INSERT INTO room_amenities (room_id, amenity_id) VALUES (8, 5) ON CONFLICT DO NOTHING;
INSERT INTO room_amenities (room_id, amenity_id) VALUES (8, 7) ON CONFLICT DO NOTHING;
INSERT INTO room_amenities (room_id, amenity_id) VALUES (8, 11) ON CONFLICT DO NOTHING;
INSERT INTO room_amenities (room_id, amenity_id) VALUES (8, 12) ON CONFLICT DO NOTHING;
INSERT INTO room_images (room_id, image_url) VALUES (8, '/rooms/images/phongtro_8/061624540dc3a8b9d577a5e3a9c8451c-2987576326513607683.jpg');
INSERT INTO room_images (room_id, image_url) VALUES (8, '/rooms/images/phongtro_8/1ca9b8f59e4ff26dde4bbec55a3d0dc4-2987576318467588797.jpg');
INSERT INTO room_images (room_id, image_url) VALUES (8, '/rooms/images/phongtro_8/3d59e98c9f8581f302f981b8024ac4bc-2987576318538607311.jpg');
INSERT INTO room_images (room_id, image_url) VALUES (8, '/rooms/images/phongtro_8/df2f16b20f74e09cd7c8cbaff87d295a-2987576323185961679.jpg');
INSERT INTO room_images (room_id, image_url) VALUES (8, '/rooms/images/phongtro_8/f48ee27ce4a57ba83e5eacb7c38d6b66-2987576323890670287.jpg');
INSERT INTO posts (id, landlord_id, room_id, title, description, price, deposit_amount, price_type, status, approved_by, approved_at, expires_at, is_boosted, boosted_until, view_count, favorite_count, contact_count, booking_count, created_at, updated_at, version, video_url, video_thumbnail)
VALUES (8, 3, 8, 'Sleepbox cao cấp tiện nghi, bảo mật 34m2 cách FTU2 0.78km - Ung Văn Khiêm', '**Vị trí thuận tiện và yên tĩnh**
- Địa chỉ: Ung Văn Khiêm, Phường 25, Bình Thạnh.
- Chỉ cách khuôn viên trường Trường Đại học Ngoại thương - Cơ sở 2 (FTU2) khoảng 0.78km. Việc đi học hàng ngày cực kỳ thuận tiện và nhanh chóng bằng xe máy, xe buýt hoặc đi bộ. Khu vực xung quanh cao ráo, không bị ngập nước, đường sá thông thoáng.

**Thiết kế căn phòng**
- Diện tích sử dụng: 34m2. Thiết kế tối ưu không gian, sạch sẽ, thoáng mát, thích hợp cho việc học tập lâu dài.
- Sở hữu cửa sổ lớn đón ánh sáng tự nhiên tốt, giữ phòng luôn khô ráo.

**Các tiện ích lắp sẵn**
- Wifi internet tốc độ cao riêng biệt từng phòng
- Máy điều hòa nhiệt độ Inverter hoạt động êm ái, tiết kiệm điện
- Hệ thống nước nóng lạnh an toàn
- Chỗ để xe máy rộng rãi dưới tầng trệt, an ninh đảm bảo
- Khu vực giặt sấy/máy giặt tiện nghi

**An ninh và quy định**
- Hệ thống cửa cổng kiểm soát bằng khóa vân tay bảo mật cao kết hợp camera giám sát 24/7.
- Giờ giấc ra vào tự do thoải mái, không chung chủ.
- Môi trường sống văn minh, hàng xóm chủ yếu là sinh viên ngoan ngoãn và nhân viên văn phòng lịch sự.

**Thông tin chi phí thuê**
- Giá thuê hàng tháng: 1,500,000 đ/tháng.
- Tiền đặt cọc: 3,000,000 đ (cam kết hoàn trả đầy đủ khi kết thúc hợp đồng theo đúng thỏa thuận).
- Chỉ số điện nước tính theo đồng hồ riêng gắn trước cửa phòng, cam kết thu đúng chỉ số tiêu thụ thực tế.', 1500000.0, 3000000.0, 'MONTHLY', 'APPROVED', 1, NOW() - INTERVAL '3 days', NOW() + INTERVAL '27 days', false, NULL, 396, 23, 19, 10, NOW() - INTERVAL '9 days', NOW(), 0, '/posts/videos/phongtro_8/Phongtro8.mp4', '/rooms/images/phongtro_8/061624540dc3a8b9d577a5e3a9c8451c-2987576326513607683.jpg');
INSERT INTO post_images (post_id, image_order, image_url) VALUES (8, 0, '/rooms/images/phongtro_8/061624540dc3a8b9d577a5e3a9c8451c-2987576326513607683.jpg');
INSERT INTO post_images (post_id, image_order, image_url) VALUES (8, 1, '/rooms/images/phongtro_8/1ca9b8f59e4ff26dde4bbec55a3d0dc4-2987576318467588797.jpg');
INSERT INTO post_images (post_id, image_order, image_url) VALUES (8, 2, '/rooms/images/phongtro_8/3d59e98c9f8581f302f981b8024ac4bc-2987576318538607311.jpg');
INSERT INTO post_images (post_id, image_order, image_url) VALUES (8, 3, '/rooms/images/phongtro_8/df2f16b20f74e09cd7c8cbaff87d295a-2987576323185961679.jpg');
INSERT INTO post_images (post_id, image_order, image_url) VALUES (8, 4, '/rooms/images/phongtro_8/f48ee27ce4a57ba83e5eacb7c38d6b66-2987576323890670287.jpg');

-- ==========================================
-- ROOM 9 near NLU - Dist: 2.82km - Price: 2,800,000
-- ==========================================
INSERT INTO rooms (id, landlord_id, room_number, address, province, district, ward, latitude, longitude, area, floor, max_occupancy, direction, has_windows, has_balcony, thumbnail_url, is_pet_friendly, is_parking_available, curfew, rules, view_count, favorite_count, created_at, updated_at, version, nearby_university_id, nearby_university_name, distance_to_university, nearest_bus_station)
VALUES (9, 4, 'P.417', 'Số 62 Song Hành, Phường Hiệp Phú, Thủ Đức, TP Hồ Chí Minh', 'TP Hồ Chí Minh', 'Thủ Đức', 'Hiệp Phú', 10.855351, 106.766631, 20.0, 1, 2, 'NORTHEAST', true, true, '/rooms/images/phongtro_9/75de2dcaffef9b2736c328a07571cc59-2988789374010458212.jpg', false, true, '23:00', 'Giữ trật tự chung sau 22h, dọn dẹp vệ sinh phòng sạch sẽ, phòng cháy chữa cháy an toàn.', 150, 32, NOW() - INTERVAL '10 days', NOW(), 0, 1, 'Trường Đại học Nông Lâm TP.HCM', 2.82, 0.27);
INSERT INTO room_amenities (room_id, amenity_id) VALUES (9, 1) ON CONFLICT DO NOTHING;
INSERT INTO room_amenities (room_id, amenity_id) VALUES (9, 2) ON CONFLICT DO NOTHING;
INSERT INTO room_amenities (room_id, amenity_id) VALUES (9, 3) ON CONFLICT DO NOTHING;
INSERT INTO room_amenities (room_id, amenity_id) VALUES (9, 4) ON CONFLICT DO NOTHING;
INSERT INTO room_amenities (room_id, amenity_id) VALUES (9, 5) ON CONFLICT DO NOTHING;
INSERT INTO room_amenities (room_id, amenity_id) VALUES (9, 6) ON CONFLICT DO NOTHING;
INSERT INTO room_amenities (room_id, amenity_id) VALUES (9, 9) ON CONFLICT DO NOTHING;
INSERT INTO room_images (room_id, image_url) VALUES (9, '/rooms/images/phongtro_9/75de2dcaffef9b2736c328a07571cc59-2988789374010458212.jpg');
INSERT INTO room_images (room_id, image_url) VALUES (9, '/rooms/images/phongtro_9/a8c35a09e10dc4a4d9beb465efda72ac-2988789375166294412.jpg');
INSERT INTO room_images (room_id, image_url) VALUES (9, '/rooms/images/phongtro_9/d9c651789839c6466fe78b87bc5372e5-2988789373891160460.jpg');
INSERT INTO room_images (room_id, image_url) VALUES (9, '/rooms/images/phongtro_9/dc941ced214bffc3c9e84cdcdf4d6550-2988789373988546240.jpg');
INSERT INTO posts (id, landlord_id, room_id, title, description, price, deposit_amount, price_type, status, approved_by, approved_at, expires_at, is_boosted, boosted_until, view_count, favorite_count, contact_count, booking_count, created_at, updated_at, version, video_url, video_thumbnail)
VALUES (9, 4, 9, 'Phòng trọ ban công thoáng mát gần trường 20m2 cách NLU 2.82km - Song Hành', '**Vị trí thuận tiện và yên tĩnh**
- Địa chỉ: Song Hành, Phường Hiệp Phú, Thủ Đức.
- Chỉ cách khuôn viên trường Trường Đại học Nông Lâm TP.HCM (NLU) khoảng 2.82km. Việc đi học hàng ngày cực kỳ thuận tiện và nhanh chóng bằng xe máy, xe buýt hoặc đi bộ. Khu vực xung quanh cao ráo, không bị ngập nước, đường sá thông thoáng.

**Thiết kế căn phòng**
- Diện tích sử dụng: 20m2. Thiết kế tối ưu không gian, sạch sẽ, thoáng mát, thích hợp cho việc học tập lâu dài.
- Sở hữu cửa sổ lớn đón ánh sáng tự nhiên tốt, giữ phòng luôn khô ráo.
- Có ban công riêng đón gió mát mẻ, thuận tiện cho việc phơi đồ hoặc làm góc thư giãn.

**Các tiện ích lắp sẵn**
- Wifi internet tốc độ cao riêng biệt từng phòng
- Máy điều hòa nhiệt độ Inverter hoạt động êm ái, tiết kiệm điện
- Hệ thống nước nóng lạnh an toàn
- Chỗ để xe máy rộng rãi dưới tầng trệt, an ninh đảm bảo
- Tủ lạnh dung tích lớn tiện lợi lưu trữ đồ ăn
- Kệ bếp nấu ăn thoáng khí, tủ bếp sạch sẽ

**An ninh và quy định**
- Hệ thống cửa cổng kiểm soát bằng khóa vân tay bảo mật cao kết hợp camera giám sát 24/7.
- Giờ đóng cổng: 23:00 đêm nhằm đảm bảo trật tự chung.
- Môi trường sống văn minh, hàng xóm chủ yếu là sinh viên ngoan ngoãn và nhân viên văn phòng lịch sự.

**Thông tin chi phí thuê**
- Giá thuê hàng tháng: 2,800,000 đ/tháng.
- Tiền đặt cọc: 5,600,000 đ (cam kết hoàn trả đầy đủ khi kết thúc hợp đồng theo đúng thỏa thuận).
- Chỉ số điện nước tính theo đồng hồ riêng gắn trước cửa phòng, cam kết thu đúng chỉ số tiêu thụ thực tế.', 2800000.0, 5600000.0, 'MONTHLY', 'APPROVED', 1, NOW() - INTERVAL '3 days', NOW() + INTERVAL '27 days', false, NULL, 150, 74, 34, 3, NOW() - INTERVAL '6 days', NOW(), 0, '/posts/videos/phongtro_9/Phongtro9.mp4', '/rooms/images/phongtro_9/75de2dcaffef9b2736c328a07571cc59-2988789374010458212.jpg');
INSERT INTO post_images (post_id, image_order, image_url) VALUES (9, 0, '/rooms/images/phongtro_9/75de2dcaffef9b2736c328a07571cc59-2988789374010458212.jpg');
INSERT INTO post_images (post_id, image_order, image_url) VALUES (9, 1, '/rooms/images/phongtro_9/a8c35a09e10dc4a4d9beb465efda72ac-2988789375166294412.jpg');
INSERT INTO post_images (post_id, image_order, image_url) VALUES (9, 2, '/rooms/images/phongtro_9/d9c651789839c6466fe78b87bc5372e5-2988789373891160460.jpg');
INSERT INTO post_images (post_id, image_order, image_url) VALUES (9, 3, '/rooms/images/phongtro_9/dc941ced214bffc3c9e84cdcdf4d6550-2988789373988546240.jpg');

-- ==========================================
-- ROOM 10 near HCMUTE - Dist: 0.63km - Price: 5,600,000
-- ==========================================
INSERT INTO rooms (id, landlord_id, room_number, address, province, district, ward, latitude, longitude, area, floor, max_occupancy, direction, has_windows, has_balcony, thumbnail_url, is_pet_friendly, is_parking_available, curfew, rules, view_count, favorite_count, created_at, updated_at, version, nearby_university_id, nearby_university_name, distance_to_university, nearest_bus_station)
VALUES (10, 2, 'P.372', 'Số 102 Song Hành, Phường Linh Chiểu, Thủ Đức, TP Hồ Chí Minh', 'TP Hồ Chí Minh', 'Thủ Đức', 'Linh Chiểu', 10.854797, 106.776604, 38.0, 5, 3, 'WEST', true, true, '/rooms/images/phongtro_10/3cb5aee1163ff7c46e8c4dd5dfdb30d2-2986540915029740820.jpg', false, true, '22:00', 'Giữ trật tự chung sau 22h, dọn dẹp vệ sinh phòng sạch sẽ, phòng cháy chữa cháy an toàn.', 223, 5, NOW() - INTERVAL '12 days', NOW(), 0, 2, 'Trường Đại học Sư phạm Kỹ thuật TP.HCM', 0.63, 0.17);
INSERT INTO room_amenities (room_id, amenity_id) VALUES (10, 1) ON CONFLICT DO NOTHING;
INSERT INTO room_amenities (room_id, amenity_id) VALUES (10, 2) ON CONFLICT DO NOTHING;
INSERT INTO room_amenities (room_id, amenity_id) VALUES (10, 3) ON CONFLICT DO NOTHING;
INSERT INTO room_amenities (room_id, amenity_id) VALUES (10, 4) ON CONFLICT DO NOTHING;
INSERT INTO room_amenities (room_id, amenity_id) VALUES (10, 5) ON CONFLICT DO NOTHING;
INSERT INTO room_amenities (room_id, amenity_id) VALUES (10, 6) ON CONFLICT DO NOTHING;
INSERT INTO room_amenities (room_id, amenity_id) VALUES (10, 7) ON CONFLICT DO NOTHING;
INSERT INTO room_amenities (room_id, amenity_id) VALUES (10, 8) ON CONFLICT DO NOTHING;
INSERT INTO room_amenities (room_id, amenity_id) VALUES (10, 9) ON CONFLICT DO NOTHING;
INSERT INTO room_amenities (room_id, amenity_id) VALUES (10, 10) ON CONFLICT DO NOTHING;
INSERT INTO room_amenities (room_id, amenity_id) VALUES (10, 11) ON CONFLICT DO NOTHING;
INSERT INTO room_amenities (room_id, amenity_id) VALUES (10, 12) ON CONFLICT DO NOTHING;
INSERT INTO room_images (room_id, image_url) VALUES (10, '/rooms/images/phongtro_10/3cb5aee1163ff7c46e8c4dd5dfdb30d2-2986540915029740820.jpg');
INSERT INTO room_images (room_id, image_url) VALUES (10, '/rooms/images/phongtro_10/3dec80f039a2b6df31a2cf447b1bbefd-2986540914927935210.jpg');
INSERT INTO room_images (room_id, image_url) VALUES (10, '/rooms/images/phongtro_10/b4aa44af513fac39302368cd97b5065b-2986540914961452236.jpg');
INSERT INTO room_images (room_id, image_url) VALUES (10, '/rooms/images/phongtro_10/d77ee794fcb68c1592cee04e26600eed-2986540914573905628.jpg');
INSERT INTO room_images (room_id, image_url) VALUES (10, '/rooms/images/phongtro_10/f7d53058360acf7df51fc6f5e3bb1d9b-2986540914668056988.jpg');
INSERT INTO posts (id, landlord_id, room_id, title, description, price, deposit_amount, price_type, status, approved_by, approved_at, expires_at, is_boosted, boosted_until, view_count, favorite_count, contact_count, booking_count, created_at, updated_at, version, video_url, video_thumbnail)
VALUES (10, 2, 10, 'Căn hộ dịch vụ 1PN sang trọng, an ninh 38m2 cách HCMUTE 0.63km - Song Hành', '**Vị trí thuận tiện và yên tĩnh**
- Địa chỉ: Song Hành, Phường Linh Chiểu, Thủ Đức.
- Chỉ cách khuôn viên trường Trường Đại học Sư phạm Kỹ thuật TP.HCM (HCMUTE) khoảng 0.63km. Việc đi học hàng ngày cực kỳ thuận tiện và nhanh chóng bằng xe máy, xe buýt hoặc đi bộ. Khu vực xung quanh cao ráo, không bị ngập nước, đường sá thông thoáng.

**Thiết kế căn phòng**
- Diện tích sử dụng: 38m2. Thiết kế tối ưu không gian, sạch sẽ, thoáng mát, thích hợp cho việc học tập lâu dài.
- Sở hữu cửa sổ lớn đón ánh sáng tự nhiên tốt, giữ phòng luôn khô ráo.
- Có ban công riêng đón gió mát mẻ, thuận tiện cho việc phơi đồ hoặc làm góc thư giãn.

**Các tiện ích lắp sẵn**
- Wifi internet tốc độ cao riêng biệt từng phòng
- Máy điều hòa nhiệt độ Inverter hoạt động êm ái, tiết kiệm điện
- Hệ thống nước nóng lạnh an toàn
- Chỗ để xe máy rộng rãi dưới tầng trệt, an ninh đảm bảo
- Tủ lạnh dung tích lớn tiện lợi lưu trữ đồ ăn
- Khu vực giặt sấy/máy giặt tiện nghi
- Kệ bếp nấu ăn thoáng khí, tủ bếp sạch sẽ

**An ninh và quy định**
- Hệ thống cửa cổng kiểm soát bằng khóa vân tay bảo mật cao kết hợp camera giám sát 24/7.
- Giờ đóng cổng: 22:00 đêm nhằm đảm bảo trật tự chung.
- Môi trường sống văn minh, hàng xóm chủ yếu là sinh viên ngoan ngoãn và nhân viên văn phòng lịch sự.

**Thông tin chi phí thuê**
- Giá thuê hàng tháng: 5,600,000 đ/tháng.
- Tiền đặt cọc: 11,200,000 đ (cam kết hoàn trả đầy đủ khi kết thúc hợp đồng theo đúng thỏa thuận).
- Chỉ số điện nước tính theo đồng hồ riêng gắn trước cửa phòng, cam kết thu đúng chỉ số tiêu thụ thực tế.', 5600000.0, 11200000.0, 'MONTHLY', 'APPROVED', 1, NOW() - INTERVAL '3 days', NOW() + INTERVAL '27 days', false, NULL, 193, 37, 19, 10, NOW() - INTERVAL '7 days', NOW(), 0, '/posts/videos/phongtro_10/Phongtro10.mp4', '/rooms/images/phongtro_10/3cb5aee1163ff7c46e8c4dd5dfdb30d2-2986540915029740820.jpg');
INSERT INTO post_images (post_id, image_order, image_url) VALUES (10, 0, '/rooms/images/phongtro_10/3cb5aee1163ff7c46e8c4dd5dfdb30d2-2986540915029740820.jpg');
INSERT INTO post_images (post_id, image_order, image_url) VALUES (10, 1, '/rooms/images/phongtro_10/3dec80f039a2b6df31a2cf447b1bbefd-2986540914927935210.jpg');
INSERT INTO post_images (post_id, image_order, image_url) VALUES (10, 2, '/rooms/images/phongtro_10/b4aa44af513fac39302368cd97b5065b-2986540914961452236.jpg');
INSERT INTO post_images (post_id, image_order, image_url) VALUES (10, 3, '/rooms/images/phongtro_10/d77ee794fcb68c1592cee04e26600eed-2986540914573905628.jpg');
INSERT INTO post_images (post_id, image_order, image_url) VALUES (10, 4, '/rooms/images/phongtro_10/f7d53058360acf7df51fc6f5e3bb1d9b-2986540914668056988.jpg');

-- ==========================================
-- ROOM 11 near UIT - Dist: 3.72km - Price: 1,200,000
-- ==========================================
INSERT INTO rooms (id, landlord_id, room_number, address, province, district, ward, latitude, longitude, area, floor, max_occupancy, direction, has_windows, has_balcony, thumbnail_url, is_pet_friendly, is_parking_available, curfew, rules, view_count, favorite_count, created_at, updated_at, version, nearby_university_id, nearby_university_name, distance_to_university, nearest_bus_station)
VALUES (11, 3, 'P.263', 'Số 56 Đường số 12, Phường Linh Trung, Thủ Đức, TP Hồ Chí Minh', 'TP Hồ Chí Minh', 'Thủ Đức', 'Linh Trung', 10.902345, 106.794367, 15.0, 7, 2, 'SOUTH', true, false, '/rooms/images/phongtro_11/00c2958c4ef960b3ab9d7c6538ba11ad-2985827689788563791.jpg', false, true, NULL, 'Giữ trật tự chung sau 22h, dọn dẹp vệ sinh phòng sạch sẽ, phòng cháy chữa cháy an toàn.', 113, 39, NOW() - INTERVAL '8 days', NOW(), 0, 3, 'Trường Đại học Công nghệ thông tin - ĐHQG TP.HCM', 3.72, 0.27);
INSERT INTO room_amenities (room_id, amenity_id) VALUES (11, 1) ON CONFLICT DO NOTHING;
INSERT INTO room_amenities (room_id, amenity_id) VALUES (11, 3) ON CONFLICT DO NOTHING;
INSERT INTO room_amenities (room_id, amenity_id) VALUES (11, 4) ON CONFLICT DO NOTHING;
INSERT INTO room_amenities (room_id, amenity_id) VALUES (11, 9) ON CONFLICT DO NOTHING;
INSERT INTO room_images (room_id, image_url) VALUES (11, '/rooms/images/phongtro_11/00c2958c4ef960b3ab9d7c6538ba11ad-2985827689788563791.jpg');
INSERT INTO room_images (room_id, image_url) VALUES (11, '/rooms/images/phongtro_11/1c7d82f78549b026ccdb88d8f33c56c9-2985827689816017763.jpg');
INSERT INTO room_images (room_id, image_url) VALUES (11, '/rooms/images/phongtro_11/5b491002ef1fc89fe3f1a79abf1ceef6-2985827689658164051.jpg');
INSERT INTO room_images (room_id, image_url) VALUES (11, '/rooms/images/phongtro_11/b1570d781da157d5a754eae87805f154-2985827689823300441.jpg');
INSERT INTO room_images (room_id, image_url) VALUES (11, '/rooms/images/phongtro_11/b81185731e644aa89e488836cfd542c4-2985827689763524805.jpg');
INSERT INTO posts (id, landlord_id, room_id, title, description, price, deposit_amount, price_type, status, approved_by, approved_at, expires_at, is_boosted, boosted_until, view_count, favorite_count, contact_count, booking_count, created_at, updated_at, version, video_url, video_thumbnail)
VALUES (11, 3, 11, 'Phòng trọ mini giá rẻ sinh viên 15m2 cách UIT 3.72km - Đường số 12', '**Vị trí thuận tiện và yên tĩnh**
- Địa chỉ: Đường số 12, Phường Linh Trung, Thủ Đức.
- Chỉ cách khuôn viên trường Trường Đại học Công nghệ thông tin - ĐHQG TP.HCM (UIT) khoảng 3.72km. Việc đi học hàng ngày cực kỳ thuận tiện và nhanh chóng bằng xe máy, xe buýt hoặc đi bộ. Khu vực xung quanh cao ráo, không bị ngập nước, đường sá thông thoáng.

**Thiết kế căn phòng**
- Diện tích sử dụng: 15m2. Thiết kế tối ưu không gian, sạch sẽ, thoáng mát, thích hợp cho việc học tập lâu dài.
- Sở hữu cửa sổ lớn đón ánh sáng tự nhiên tốt, giữ phòng luôn khô ráo.

**Các tiện ích lắp sẵn**
- Wifi internet tốc độ cao riêng biệt từng phòng
- Hệ thống nước nóng lạnh an toàn
- Chỗ để xe máy rộng rãi dưới tầng trệt, an ninh đảm bảo
- Kệ bếp nấu ăn thoáng khí, tủ bếp sạch sẽ

**An ninh và quy định**
- Hệ thống cửa cổng kiểm soát bằng khóa vân tay bảo mật cao kết hợp camera giám sát 24/7.
- Giờ giấc ra vào tự do thoải mái, không chung chủ.
- Môi trường sống văn minh, hàng xóm chủ yếu là sinh viên ngoan ngoãn và nhân viên văn phòng lịch sự.

**Thông tin chi phí thuê**
- Giá thuê hàng tháng: 1,200,000 đ/tháng.
- Tiền đặt cọc: 1,200,000 đ (cam kết hoàn trả đầy đủ khi kết thúc hợp đồng theo đúng thỏa thuận).
- Chỉ số điện nước tính theo đồng hồ riêng gắn trước cửa phòng, cam kết thu đúng chỉ số tiêu thụ thực tế.', 1200000.0, 1200000.0, 'MONTHLY', 'APPROVED', 1, NOW() - INTERVAL '3 days', NOW() + INTERVAL '27 days', false, NULL, 170, 13, 21, 3, NOW() - INTERVAL '2 days', NOW(), 0, '/posts/videos/phongtro_11/Phongtro11.mp4', '/rooms/images/phongtro_11/00c2958c4ef960b3ab9d7c6538ba11ad-2985827689788563791.jpg');
INSERT INTO post_images (post_id, image_order, image_url) VALUES (11, 0, '/rooms/images/phongtro_11/00c2958c4ef960b3ab9d7c6538ba11ad-2985827689788563791.jpg');
INSERT INTO post_images (post_id, image_order, image_url) VALUES (11, 1, '/rooms/images/phongtro_11/1c7d82f78549b026ccdb88d8f33c56c9-2985827689816017763.jpg');
INSERT INTO post_images (post_id, image_order, image_url) VALUES (11, 2, '/rooms/images/phongtro_11/5b491002ef1fc89fe3f1a79abf1ceef6-2985827689658164051.jpg');
INSERT INTO post_images (post_id, image_order, image_url) VALUES (11, 3, '/rooms/images/phongtro_11/b1570d781da157d5a754eae87805f154-2985827689823300441.jpg');
INSERT INTO post_images (post_id, image_order, image_url) VALUES (11, 4, '/rooms/images/phongtro_11/b81185731e644aa89e488836cfd542c4-2985827689763524805.jpg');

-- ==========================================
-- ROOM 12 near HCMUT - Dist: 3.57km - Price: 2,800,000
-- ==========================================
INSERT INTO rooms (id, landlord_id, room_number, address, province, district, ward, latitude, longitude, area, floor, max_occupancy, direction, has_windows, has_balcony, thumbnail_url, is_pet_friendly, is_parking_available, curfew, rules, view_count, favorite_count, created_at, updated_at, version, nearby_university_id, nearby_university_name, distance_to_university, nearest_bus_station)
VALUES (12, 4, 'P.152', 'Số 37 Đường ĐHQG, Phường Đông Hòa, Dĩ An, Bình Dương', 'Bình Dương', 'Dĩ An', 'Đông Hòa', 10.912169, 106.802963, 25.0, 3, 3, 'NORTHEAST', true, true, '/rooms/images/phongtro_12/74a3ae72959a90ed7d510cc5155f3a72-2988123015039113438.jpg', true, true, '23:00', 'Giữ trật tự chung sau 22h, dọn dẹp vệ sinh phòng sạch sẽ, phòng cháy chữa cháy an toàn.', 195, 25, NOW() - INTERVAL '10 days', NOW(), 0, 4, 'Trường Đại học Bách Khoa - ĐHQG TP.HCM (Cơ sở Dĩ An)', 3.57, 0.38);
INSERT INTO room_amenities (room_id, amenity_id) VALUES (12, 1) ON CONFLICT DO NOTHING;
INSERT INTO room_amenities (room_id, amenity_id) VALUES (12, 2) ON CONFLICT DO NOTHING;
INSERT INTO room_amenities (room_id, amenity_id) VALUES (12, 3) ON CONFLICT DO NOTHING;
INSERT INTO room_amenities (room_id, amenity_id) VALUES (12, 4) ON CONFLICT DO NOTHING;
INSERT INTO room_amenities (room_id, amenity_id) VALUES (12, 5) ON CONFLICT DO NOTHING;
INSERT INTO room_amenities (room_id, amenity_id) VALUES (12, 6) ON CONFLICT DO NOTHING;
INSERT INTO room_amenities (room_id, amenity_id) VALUES (12, 7) ON CONFLICT DO NOTHING;
INSERT INTO room_amenities (room_id, amenity_id) VALUES (12, 9) ON CONFLICT DO NOTHING;
INSERT INTO room_amenities (room_id, amenity_id) VALUES (12, 12) ON CONFLICT DO NOTHING;
INSERT INTO room_images (room_id, image_url) VALUES (12, '/rooms/images/phongtro_12/74a3ae72959a90ed7d510cc5155f3a72-2988123015039113438.jpg');
INSERT INTO room_images (room_id, image_url) VALUES (12, '/rooms/images/phongtro_12/9a321cd596c1e11efad3debf74ab6b2d-2988123014811019983.jpg');
INSERT INTO room_images (room_id, image_url) VALUES (12, '/rooms/images/phongtro_12/b033a7194be7a78c6f9eb6c392717f36-2988123015564134505.jpg');
INSERT INTO room_images (room_id, image_url) VALUES (12, '/rooms/images/phongtro_12/e682ac48ab6d985f31dde4ef01421962-2988123014970036738.jpg');
INSERT INTO room_images (room_id, image_url) VALUES (12, '/rooms/images/phongtro_12/f35e79f8c5c289628dd86a6d19fb9f3e-2988123014911329349.jpg');
INSERT INTO room_images (room_id, image_url) VALUES (12, '/rooms/images/phongtro_12/ffe30ce4a00014604c0219a1b60fdffe-2988123015942601191.jpg');
INSERT INTO posts (id, landlord_id, room_id, title, description, price, deposit_amount, price_type, status, approved_by, approved_at, expires_at, is_boosted, boosted_until, view_count, favorite_count, contact_count, booking_count, created_at, updated_at, version, video_url, video_thumbnail)
VALUES (12, 4, 12, 'Căn hộ Studio gác lửng full nội thất 25m2 cách HCMUT 3.57km - Đường ĐHQG', '**Vị trí thuận tiện và yên tĩnh**
- Địa chỉ: Đường ĐHQG, Phường Đông Hòa, Dĩ An.
- Chỉ cách khuôn viên trường Trường Đại học Bách Khoa - ĐHQG TP.HCM (Cơ sở Dĩ An) (HCMUT) khoảng 3.57km. Việc đi học hàng ngày cực kỳ thuận tiện và nhanh chóng bằng xe máy, xe buýt hoặc đi bộ. Khu vực xung quanh cao ráo, không bị ngập nước, đường sá thông thoáng.

**Thiết kế căn phòng**
- Diện tích sử dụng: 25m2. Thiết kế tối ưu không gian, sạch sẽ, thoáng mát, thích hợp cho việc học tập lâu dài.
- Sở hữu cửa sổ lớn đón ánh sáng tự nhiên tốt, giữ phòng luôn khô ráo.
- Có ban công riêng đón gió mát mẻ, thuận tiện cho việc phơi đồ hoặc làm góc thư giãn.

**Các tiện ích lắp sẵn**
- Wifi internet tốc độ cao riêng biệt từng phòng
- Máy điều hòa nhiệt độ Inverter hoạt động êm ái, tiết kiệm điện
- Hệ thống nước nóng lạnh an toàn
- Chỗ để xe máy rộng rãi dưới tầng trệt, an ninh đảm bảo
- Tủ lạnh dung tích lớn tiện lợi lưu trữ đồ ăn
- Khu vực giặt sấy/máy giặt tiện nghi
- Kệ bếp nấu ăn thoáng khí, tủ bếp sạch sẽ

**An ninh và quy định**
- Hệ thống cửa cổng kiểm soát bằng khóa vân tay bảo mật cao kết hợp camera giám sát 24/7.
- Giờ đóng cổng: 23:00 đêm nhằm đảm bảo trật tự chung.
- Môi trường sống văn minh, hàng xóm chủ yếu là sinh viên ngoan ngoãn và nhân viên văn phòng lịch sự.

**Thông tin chi phí thuê**
- Giá thuê hàng tháng: 2,800,000 đ/tháng.
- Tiền đặt cọc: 2,800,000 đ (cam kết hoàn trả đầy đủ khi kết thúc hợp đồng theo đúng thỏa thuận).
- Chỉ số điện nước tính theo đồng hồ riêng gắn trước cửa phòng, cam kết thu đúng chỉ số tiêu thụ thực tế.', 2800000.0, 2800000.0, 'MONTHLY', 'APPROVED', 1, NOW() - INTERVAL '3 days', NOW() + INTERVAL '27 days', false, NULL, 351, 62, 14, 9, NOW() - INTERVAL '10 days', NOW(), 0, '/posts/videos/phongtro_12/Phongtro12.mp4', '/rooms/images/phongtro_12/74a3ae72959a90ed7d510cc5155f3a72-2988123015039113438.jpg');
INSERT INTO post_images (post_id, image_order, image_url) VALUES (12, 0, '/rooms/images/phongtro_12/74a3ae72959a90ed7d510cc5155f3a72-2988123015039113438.jpg');
INSERT INTO post_images (post_id, image_order, image_url) VALUES (12, 1, '/rooms/images/phongtro_12/9a321cd596c1e11efad3debf74ab6b2d-2988123014811019983.jpg');
INSERT INTO post_images (post_id, image_order, image_url) VALUES (12, 2, '/rooms/images/phongtro_12/b033a7194be7a78c6f9eb6c392717f36-2988123015564134505.jpg');
INSERT INTO post_images (post_id, image_order, image_url) VALUES (12, 3, '/rooms/images/phongtro_12/e682ac48ab6d985f31dde4ef01421962-2988123014970036738.jpg');
INSERT INTO post_images (post_id, image_order, image_url) VALUES (12, 4, '/rooms/images/phongtro_12/f35e79f8c5c289628dd86a6d19fb9f3e-2988123014911329349.jpg');
INSERT INTO post_images (post_id, image_order, image_url) VALUES (12, 5, '/rooms/images/phongtro_12/ffe30ce4a00014604c0219a1b60fdffe-2988123015942601191.jpg');

-- ==========================================
-- ROOM 13 near HCMUS - Dist: 3.74km - Price: 1,500,000
-- ==========================================
INSERT INTO rooms (id, landlord_id, room_number, address, province, district, ward, latitude, longitude, area, floor, max_occupancy, direction, has_windows, has_balcony, thumbnail_url, is_pet_friendly, is_parking_available, curfew, rules, view_count, favorite_count, created_at, updated_at, version, nearby_university_id, nearby_university_name, distance_to_university, nearest_bus_station)
VALUES (13, 2, 'P.464', 'Số 40 Tân Lập, Phường Tân Đông Hiệp, Dĩ An, Bình Dương', 'Bình Dương', 'Dĩ An', 'Tân Đông Hiệp', 10.85019, 106.777314, 30.0, 7, 6, 'EAST', true, false, '/rooms/images/phongtro_13/0ad5de76eabd0c2a32a7edd50775d0db-2973213529848415490.jpg', false, false, '22:00', 'Giữ trật tự chung sau 22h, dọn dẹp vệ sinh phòng sạch sẽ, phòng cháy chữa cháy an toàn.', 285, 22, NOW() - INTERVAL '7 days', NOW(), 0, 5, 'Trường Đại học Khoa học Tự nhiên - ĐHQG TP.HCM (Cơ sở Dĩ An)', 3.74, 0.49);
INSERT INTO room_amenities (room_id, amenity_id) VALUES (13, 1) ON CONFLICT DO NOTHING;
INSERT INTO room_amenities (room_id, amenity_id) VALUES (13, 2) ON CONFLICT DO NOTHING;
INSERT INTO room_amenities (room_id, amenity_id) VALUES (13, 3) ON CONFLICT DO NOTHING;
INSERT INTO room_amenities (room_id, amenity_id) VALUES (13, 4) ON CONFLICT DO NOTHING;
INSERT INTO room_amenities (room_id, amenity_id) VALUES (13, 5) ON CONFLICT DO NOTHING;
INSERT INTO room_amenities (room_id, amenity_id) VALUES (13, 7) ON CONFLICT DO NOTHING;
INSERT INTO room_amenities (room_id, amenity_id) VALUES (13, 11) ON CONFLICT DO NOTHING;
INSERT INTO room_amenities (room_id, amenity_id) VALUES (13, 12) ON CONFLICT DO NOTHING;
INSERT INTO room_images (room_id, image_url) VALUES (13, '/rooms/images/phongtro_13/0ad5de76eabd0c2a32a7edd50775d0db-2973213529848415490.jpg');
INSERT INTO room_images (room_id, image_url) VALUES (13, '/rooms/images/phongtro_13/153c091b1a02d26c1a84fe21a020a94c-2973213525979160389.jpg');
INSERT INTO room_images (room_id, image_url) VALUES (13, '/rooms/images/phongtro_13/248ae717e7d4122ec9a29b8222afbe5b-2973213528623241246.jpg');
INSERT INTO room_images (room_id, image_url) VALUES (13, '/rooms/images/phongtro_13/4c5bce202d58fe050ae8e5cf40bc5342-2973213524539337918.jpg');
INSERT INTO room_images (room_id, image_url) VALUES (13, '/rooms/images/phongtro_13/7bdad63aeb325206d3b23aff68263054-2973213527247815938.jpg');
INSERT INTO room_images (room_id, image_url) VALUES (13, '/rooms/images/phongtro_13/b5f7a59eb144d0c299da8d0180d428bd-2973213524596512798.jpg');
INSERT INTO room_images (room_id, image_url) VALUES (13, '/rooms/images/phongtro_13/e198fd8d5e1738ce7977bc413f54e948-2973213525972310046.jpg');
INSERT INTO posts (id, landlord_id, room_id, title, description, price, deposit_amount, price_type, status, approved_by, approved_at, expires_at, is_boosted, boosted_until, view_count, favorite_count, contact_count, booking_count, created_at, updated_at, version, video_url, video_thumbnail)
VALUES (13, 2, 13, 'Sleepbox cao cấp tiện nghi, bảo mật 30m2 cách HCMUS 3.74km - Tân Lập', '**Vị trí thuận tiện và yên tĩnh**
- Địa chỉ: Tân Lập, Phường Tân Đông Hiệp, Dĩ An.
- Chỉ cách khuôn viên trường Trường Đại học Khoa học Tự nhiên - ĐHQG TP.HCM (Cơ sở Dĩ An) (HCMUS) khoảng 3.74km. Việc đi học hàng ngày cực kỳ thuận tiện và nhanh chóng bằng xe máy, xe buýt hoặc đi bộ. Khu vực xung quanh cao ráo, không bị ngập nước, đường sá thông thoáng.

**Thiết kế căn phòng**
- Diện tích sử dụng: 30m2. Thiết kế tối ưu không gian, sạch sẽ, thoáng mát, thích hợp cho việc học tập lâu dài.
- Sở hữu cửa sổ lớn đón ánh sáng tự nhiên tốt, giữ phòng luôn khô ráo.

**Các tiện ích lắp sẵn**
- Wifi internet tốc độ cao riêng biệt từng phòng
- Máy điều hòa nhiệt độ Inverter hoạt động êm ái, tiết kiệm điện
- Hệ thống nước nóng lạnh an toàn
- Chỗ để xe máy rộng rãi dưới tầng trệt, an ninh đảm bảo
- Khu vực giặt sấy/máy giặt tiện nghi

**An ninh và quy định**
- Hệ thống cửa cổng kiểm soát bằng khóa vân tay bảo mật cao kết hợp camera giám sát 24/7.
- Giờ đóng cổng: 22:00 đêm nhằm đảm bảo trật tự chung.
- Môi trường sống văn minh, hàng xóm chủ yếu là sinh viên ngoan ngoãn và nhân viên văn phòng lịch sự.

**Thông tin chi phí thuê**
- Giá thuê hàng tháng: 1,500,000 đ/tháng.
- Tiền đặt cọc: 3,000,000 đ (cam kết hoàn trả đầy đủ khi kết thúc hợp đồng theo đúng thỏa thuận).
- Chỉ số điện nước tính theo đồng hồ riêng gắn trước cửa phòng, cam kết thu đúng chỉ số tiêu thụ thực tế.', 1500000.0, 3000000.0, 'MONTHLY', 'APPROVED', 1, NOW() - INTERVAL '3 days', NOW() + INTERVAL '27 days', false, NULL, 206, 36, 35, 8, NOW() - INTERVAL '5 days', NOW(), 0, '/posts/videos/phongtro_13/Phongtro13.mp4', '/rooms/images/phongtro_13/0ad5de76eabd0c2a32a7edd50775d0db-2973213529848415490.jpg');
INSERT INTO post_images (post_id, image_order, image_url) VALUES (13, 0, '/rooms/images/phongtro_13/0ad5de76eabd0c2a32a7edd50775d0db-2973213529848415490.jpg');
INSERT INTO post_images (post_id, image_order, image_url) VALUES (13, 1, '/rooms/images/phongtro_13/153c091b1a02d26c1a84fe21a020a94c-2973213525979160389.jpg');
INSERT INTO post_images (post_id, image_order, image_url) VALUES (13, 2, '/rooms/images/phongtro_13/248ae717e7d4122ec9a29b8222afbe5b-2973213528623241246.jpg');
INSERT INTO post_images (post_id, image_order, image_url) VALUES (13, 3, '/rooms/images/phongtro_13/4c5bce202d58fe050ae8e5cf40bc5342-2973213524539337918.jpg');
INSERT INTO post_images (post_id, image_order, image_url) VALUES (13, 4, '/rooms/images/phongtro_13/7bdad63aeb325206d3b23aff68263054-2973213527247815938.jpg');
INSERT INTO post_images (post_id, image_order, image_url) VALUES (13, 5, '/rooms/images/phongtro_13/b5f7a59eb144d0c299da8d0180d428bd-2973213524596512798.jpg');
INSERT INTO post_images (post_id, image_order, image_url) VALUES (13, 6, '/rooms/images/phongtro_13/e198fd8d5e1738ce7977bc413f54e948-2973213525972310046.jpg');

-- ==========================================
-- ROOM 14 near IU - Dist: 2.77km - Price: 2,500,000
-- ==========================================
INSERT INTO rooms (id, landlord_id, room_number, address, province, district, ward, latitude, longitude, area, floor, max_occupancy, direction, has_windows, has_balcony, thumbnail_url, is_pet_friendly, is_parking_available, curfew, rules, view_count, favorite_count, created_at, updated_at, version, nearby_university_id, nearby_university_name, distance_to_university, nearest_bus_station)
VALUES (14, 3, 'P.249', 'Số 32 Tân Lập, Phường Tân Đông Hiệp, Dĩ An, Bình Dương', 'Bình Dương', 'Dĩ An', 'Tân Đông Hiệp', 10.859563, 106.784511, 20.0, 1, 2, 'WEST', true, true, '/rooms/images/phongtro_14/205a153a964154299770c4a551d22e40-2985849781988818751.jpg', false, true, '22:00', 'Giữ trật tự chung sau 22h, dọn dẹp vệ sinh phòng sạch sẽ, phòng cháy chữa cháy an toàn.', 53, 5, NOW() - INTERVAL '5 days', NOW(), 0, 6, 'Trường Đại học Quốc tế - ĐHQG TP.HCM', 2.77, 0.19);
INSERT INTO room_amenities (room_id, amenity_id) VALUES (14, 1) ON CONFLICT DO NOTHING;
INSERT INTO room_amenities (room_id, amenity_id) VALUES (14, 2) ON CONFLICT DO NOTHING;
INSERT INTO room_amenities (room_id, amenity_id) VALUES (14, 3) ON CONFLICT DO NOTHING;
INSERT INTO room_amenities (room_id, amenity_id) VALUES (14, 4) ON CONFLICT DO NOTHING;
INSERT INTO room_amenities (room_id, amenity_id) VALUES (14, 5) ON CONFLICT DO NOTHING;
INSERT INTO room_amenities (room_id, amenity_id) VALUES (14, 6) ON CONFLICT DO NOTHING;
INSERT INTO room_amenities (room_id, amenity_id) VALUES (14, 9) ON CONFLICT DO NOTHING;
INSERT INTO room_images (room_id, image_url) VALUES (14, '/rooms/images/phongtro_14/205a153a964154299770c4a551d22e40-2985849781988818751.jpg');
INSERT INTO room_images (room_id, image_url) VALUES (14, '/rooms/images/phongtro_14/27a051df1bd31f3f0e587ee210e90de1-2985849784275223740.jpg');
INSERT INTO room_images (room_id, image_url) VALUES (14, '/rooms/images/phongtro_14/40ad21bdb89a334971fa841be99b1d99-2985849736683272630.jpg');
INSERT INTO room_images (room_id, image_url) VALUES (14, '/rooms/images/phongtro_14/78b752b01e93c1d4ae55937474fd9c8f-2985849788122741174.jpg');
INSERT INTO room_images (room_id, image_url) VALUES (14, '/rooms/images/phongtro_14/d7b03503cf78be4f133732e864bea338-2985849738132651839.jpg');
INSERT INTO room_images (room_id, image_url) VALUES (14, '/rooms/images/phongtro_14/dc8039e9b91f37d5824d051919a2afa4-2985849784943408331.jpg');
INSERT INTO posts (id, landlord_id, room_id, title, description, price, deposit_amount, price_type, status, approved_by, approved_at, expires_at, is_boosted, boosted_until, view_count, favorite_count, contact_count, booking_count, created_at, updated_at, version, video_url, video_thumbnail)
VALUES (14, 3, 14, 'Phòng trọ ban công thoáng mát gần trường 20m2 cách IU 2.77km - Tân Lập', '**Vị trí thuận tiện và yên tĩnh**
- Địa chỉ: Tân Lập, Phường Tân Đông Hiệp, Dĩ An.
- Chỉ cách khuôn viên trường Trường Đại học Quốc tế - ĐHQG TP.HCM (IU) khoảng 2.77km. Việc đi học hàng ngày cực kỳ thuận tiện và nhanh chóng bằng xe máy, xe buýt hoặc đi bộ. Khu vực xung quanh cao ráo, không bị ngập nước, đường sá thông thoáng.

**Thiết kế căn phòng**
- Diện tích sử dụng: 20m2. Thiết kế tối ưu không gian, sạch sẽ, thoáng mát, thích hợp cho việc học tập lâu dài.
- Sở hữu cửa sổ lớn đón ánh sáng tự nhiên tốt, giữ phòng luôn khô ráo.
- Có ban công riêng đón gió mát mẻ, thuận tiện cho việc phơi đồ hoặc làm góc thư giãn.

**Các tiện ích lắp sẵn**
- Wifi internet tốc độ cao riêng biệt từng phòng
- Máy điều hòa nhiệt độ Inverter hoạt động êm ái, tiết kiệm điện
- Hệ thống nước nóng lạnh an toàn
- Chỗ để xe máy rộng rãi dưới tầng trệt, an ninh đảm bảo
- Tủ lạnh dung tích lớn tiện lợi lưu trữ đồ ăn
- Kệ bếp nấu ăn thoáng khí, tủ bếp sạch sẽ

**An ninh và quy định**
- Hệ thống cửa cổng kiểm soát bằng khóa vân tay bảo mật cao kết hợp camera giám sát 24/7.
- Giờ đóng cổng: 22:00 đêm nhằm đảm bảo trật tự chung.
- Môi trường sống văn minh, hàng xóm chủ yếu là sinh viên ngoan ngoãn và nhân viên văn phòng lịch sự.

**Thông tin chi phí thuê**
- Giá thuê hàng tháng: 2,500,000 đ/tháng.
- Tiền đặt cọc: 5,000,000 đ (cam kết hoàn trả đầy đủ khi kết thúc hợp đồng theo đúng thỏa thuận).
- Chỉ số điện nước tính theo đồng hồ riêng gắn trước cửa phòng, cam kết thu đúng chỉ số tiêu thụ thực tế.', 2500000.0, 5000000.0, 'MONTHLY', 'APPROVED', 1, NOW() - INTERVAL '3 days', NOW() + INTERVAL '27 days', false, NULL, 145, 73, 38, 12, NOW() - INTERVAL '5 days', NOW(), 0, '/posts/videos/phongtro_14/Phongtro14.mp4', '/rooms/images/phongtro_14/205a153a964154299770c4a551d22e40-2985849781988818751.jpg');
INSERT INTO post_images (post_id, image_order, image_url) VALUES (14, 0, '/rooms/images/phongtro_14/205a153a964154299770c4a551d22e40-2985849781988818751.jpg');
INSERT INTO post_images (post_id, image_order, image_url) VALUES (14, 1, '/rooms/images/phongtro_14/27a051df1bd31f3f0e587ee210e90de1-2985849784275223740.jpg');
INSERT INTO post_images (post_id, image_order, image_url) VALUES (14, 2, '/rooms/images/phongtro_14/40ad21bdb89a334971fa841be99b1d99-2985849736683272630.jpg');
INSERT INTO post_images (post_id, image_order, image_url) VALUES (14, 3, '/rooms/images/phongtro_14/78b752b01e93c1d4ae55937474fd9c8f-2985849788122741174.jpg');
INSERT INTO post_images (post_id, image_order, image_url) VALUES (14, 4, '/rooms/images/phongtro_14/d7b03503cf78be4f133732e864bea338-2985849738132651839.jpg');
INSERT INTO post_images (post_id, image_order, image_url) VALUES (14, 5, '/rooms/images/phongtro_14/dc8039e9b91f37d5824d051919a2afa4-2985849784943408331.jpg');

-- ==========================================
-- ROOM 15 near UEH - Dist: 2.99km - Price: 6,200,000
-- ==========================================
INSERT INTO rooms (id, landlord_id, room_number, address, province, district, ward, latitude, longitude, area, floor, max_occupancy, direction, has_windows, has_balcony, thumbnail_url, is_pet_friendly, is_parking_available, curfew, rules, view_count, favorite_count, created_at, updated_at, version, nearby_university_id, nearby_university_name, distance_to_university, nearest_bus_station)
VALUES (15, 4, 'P.379', 'Số 123 Điện Biên Phủ, Phường 5, Quận 3, TP Hồ Chí Minh', 'TP Hồ Chí Minh', 'Quận 3', 'Phường 5', 10.790048, 106.669776, 39.0, 7, 3, 'SOUTH', true, true, '/rooms/images/phongtro_15/1605cea7941dd77e9ab578a732033fbf-2985262841514720847.jpg', false, true, '22:00', 'Giữ trật tự chung sau 22h, dọn dẹp vệ sinh phòng sạch sẽ, phòng cháy chữa cháy an toàn.', 100, 34, NOW() - INTERVAL '9 days', NOW(), 0, 7, 'Trường Đại học Kinh tế TP.HCM (Cơ sở A)', 2.99, 0.4);
INSERT INTO room_amenities (room_id, amenity_id) VALUES (15, 1) ON CONFLICT DO NOTHING;
INSERT INTO room_amenities (room_id, amenity_id) VALUES (15, 2) ON CONFLICT DO NOTHING;
INSERT INTO room_amenities (room_id, amenity_id) VALUES (15, 3) ON CONFLICT DO NOTHING;
INSERT INTO room_amenities (room_id, amenity_id) VALUES (15, 4) ON CONFLICT DO NOTHING;
INSERT INTO room_amenities (room_id, amenity_id) VALUES (15, 5) ON CONFLICT DO NOTHING;
INSERT INTO room_amenities (room_id, amenity_id) VALUES (15, 6) ON CONFLICT DO NOTHING;
INSERT INTO room_amenities (room_id, amenity_id) VALUES (15, 7) ON CONFLICT DO NOTHING;
INSERT INTO room_amenities (room_id, amenity_id) VALUES (15, 8) ON CONFLICT DO NOTHING;
INSERT INTO room_amenities (room_id, amenity_id) VALUES (15, 9) ON CONFLICT DO NOTHING;
INSERT INTO room_amenities (room_id, amenity_id) VALUES (15, 10) ON CONFLICT DO NOTHING;
INSERT INTO room_amenities (room_id, amenity_id) VALUES (15, 11) ON CONFLICT DO NOTHING;
INSERT INTO room_amenities (room_id, amenity_id) VALUES (15, 12) ON CONFLICT DO NOTHING;
INSERT INTO room_images (room_id, image_url) VALUES (15, '/rooms/images/phongtro_15/1605cea7941dd77e9ab578a732033fbf-2985262841514720847.jpg');
INSERT INTO room_images (room_id, image_url) VALUES (15, '/rooms/images/phongtro_15/2d8b7f9f8d4653c298aa2ceb18a122e8-2985262841494333861.jpg');
INSERT INTO room_images (room_id, image_url) VALUES (15, '/rooms/images/phongtro_15/6604012ee4b7627b4112a5fc683529b1-2985262841313136446.jpg');
INSERT INTO room_images (room_id, image_url) VALUES (15, '/rooms/images/phongtro_15/81a382ca0461a2f2710bcb0542a1a98e-2985262841482134276.jpg');
INSERT INTO room_images (room_id, image_url) VALUES (15, '/rooms/images/phongtro_15/be6d40224494e2d29383baad4c7a8736-2985262841367055852.jpg');
INSERT INTO posts (id, landlord_id, room_id, title, description, price, deposit_amount, price_type, status, approved_by, approved_at, expires_at, is_boosted, boosted_until, view_count, favorite_count, contact_count, booking_count, created_at, updated_at, version, video_url, video_thumbnail)
VALUES (15, 4, 15, 'Căn hộ dịch vụ 1PN sang trọng, an ninh 39m2 cách UEH 2.99km - Điện Biên Phủ', '**Vị trí thuận tiện và yên tĩnh**
- Địa chỉ: Điện Biên Phủ, Phường 5, Quận 3.
- Chỉ cách khuôn viên trường Trường Đại học Kinh tế TP.HCM (Cơ sở A) (UEH) khoảng 2.99km. Việc đi học hàng ngày cực kỳ thuận tiện và nhanh chóng bằng xe máy, xe buýt hoặc đi bộ. Khu vực xung quanh cao ráo, không bị ngập nước, đường sá thông thoáng.

**Thiết kế căn phòng**
- Diện tích sử dụng: 39m2. Thiết kế tối ưu không gian, sạch sẽ, thoáng mát, thích hợp cho việc học tập lâu dài.
- Sở hữu cửa sổ lớn đón ánh sáng tự nhiên tốt, giữ phòng luôn khô ráo.
- Có ban công riêng đón gió mát mẻ, thuận tiện cho việc phơi đồ hoặc làm góc thư giãn.

**Các tiện ích lắp sẵn**
- Wifi internet tốc độ cao riêng biệt từng phòng
- Máy điều hòa nhiệt độ Inverter hoạt động êm ái, tiết kiệm điện
- Hệ thống nước nóng lạnh an toàn
- Chỗ để xe máy rộng rãi dưới tầng trệt, an ninh đảm bảo
- Tủ lạnh dung tích lớn tiện lợi lưu trữ đồ ăn
- Khu vực giặt sấy/máy giặt tiện nghi
- Kệ bếp nấu ăn thoáng khí, tủ bếp sạch sẽ

**An ninh và quy định**
- Hệ thống cửa cổng kiểm soát bằng khóa vân tay bảo mật cao kết hợp camera giám sát 24/7.
- Giờ đóng cổng: 22:00 đêm nhằm đảm bảo trật tự chung.
- Môi trường sống văn minh, hàng xóm chủ yếu là sinh viên ngoan ngoãn và nhân viên văn phòng lịch sự.

**Thông tin chi phí thuê**
- Giá thuê hàng tháng: 6,200,000 đ/tháng.
- Tiền đặt cọc: 12,400,000 đ (cam kết hoàn trả đầy đủ khi kết thúc hợp đồng theo đúng thỏa thuận).
- Chỉ số điện nước tính theo đồng hồ riêng gắn trước cửa phòng, cam kết thu đúng chỉ số tiêu thụ thực tế.', 6200000.0, 12400000.0, 'MONTHLY', 'APPROVED', 1, NOW() - INTERVAL '3 days', NOW() + INTERVAL '27 days', false, NULL, 240, 13, 36, 4, NOW() - INTERVAL '7 days', NOW(), 0, '/posts/videos/phongtro_15/Phongtro15.mp4', '/rooms/images/phongtro_15/1605cea7941dd77e9ab578a732033fbf-2985262841514720847.jpg');
INSERT INTO post_images (post_id, image_order, image_url) VALUES (15, 0, '/rooms/images/phongtro_15/1605cea7941dd77e9ab578a732033fbf-2985262841514720847.jpg');
INSERT INTO post_images (post_id, image_order, image_url) VALUES (15, 1, '/rooms/images/phongtro_15/2d8b7f9f8d4653c298aa2ceb18a122e8-2985262841494333861.jpg');
INSERT INTO post_images (post_id, image_order, image_url) VALUES (15, 2, '/rooms/images/phongtro_15/6604012ee4b7627b4112a5fc683529b1-2985262841313136446.jpg');
INSERT INTO post_images (post_id, image_order, image_url) VALUES (15, 3, '/rooms/images/phongtro_15/81a382ca0461a2f2710bcb0542a1a98e-2985262841482134276.jpg');
INSERT INTO post_images (post_id, image_order, image_url) VALUES (15, 4, '/rooms/images/phongtro_15/be6d40224494e2d29383baad4c7a8736-2985262841367055852.jpg');

-- ==========================================
-- ROOM 16 near FTU2 - Dist: 2.68km - Price: 1,600,000
-- ==========================================
INSERT INTO rooms (id, landlord_id, room_number, address, province, district, ward, latitude, longitude, area, floor, max_occupancy, direction, has_windows, has_balcony, thumbnail_url, is_pet_friendly, is_parking_available, curfew, rules, view_count, favorite_count, created_at, updated_at, version, nearby_university_id, nearby_university_name, distance_to_university, nearest_bus_station)
VALUES (16, 2, 'P.560', 'Số 37 Xô Viết Nghệ Tĩnh, Phường 25, Bình Thạnh, TP Hồ Chí Minh', 'TP Hồ Chí Minh', 'Bình Thạnh', 'Phường 25', 10.82557, 106.720402, 16.0, 2, 2, 'SOUTHWEST', true, false, '/rooms/images/phongtro_16/021be717f703b7fbc36481f9243aa9a6-2986120240527078603.jpg', true, true, '22:00', 'Giữ trật tự chung sau 22h, dọn dẹp vệ sinh phòng sạch sẽ, phòng cháy chữa cháy an toàn.', 175, 15, NOW() - INTERVAL '12 days', NOW(), 0, 8, 'Trường Đại học Ngoại thương - Cơ sở 2', 2.68, 0.25);
INSERT INTO room_amenities (room_id, amenity_id) VALUES (16, 1) ON CONFLICT DO NOTHING;
INSERT INTO room_amenities (room_id, amenity_id) VALUES (16, 3) ON CONFLICT DO NOTHING;
INSERT INTO room_amenities (room_id, amenity_id) VALUES (16, 4) ON CONFLICT DO NOTHING;
INSERT INTO room_amenities (room_id, amenity_id) VALUES (16, 9) ON CONFLICT DO NOTHING;
INSERT INTO room_images (room_id, image_url) VALUES (16, '/rooms/images/phongtro_16/021be717f703b7fbc36481f9243aa9a6-2986120240527078603.jpg');
INSERT INTO room_images (room_id, image_url) VALUES (16, '/rooms/images/phongtro_16/1dd5761706d72adc5c85a25e3feff822-2986120243228341451.jpg');
INSERT INTO room_images (room_id, image_url) VALUES (16, '/rooms/images/phongtro_16/333d72e7ea065fcbabc9d056f11da556-2986120239120563620.jpg');
INSERT INTO room_images (room_id, image_url) VALUES (16, '/rooms/images/phongtro_16/38a7197aa5a8409a5507da615848e739-2986120241869321419.jpg');
INSERT INTO room_images (room_id, image_url) VALUES (16, '/rooms/images/phongtro_16/8cad3fa7c371a51dd3ad33c6835bfe1a-2986120239304066236.jpg');
INSERT INTO room_images (room_id, image_url) VALUES (16, '/rooms/images/phongtro_16/9f4450155863609dae4a26bceda247eb-2986120237761456513.jpg');
INSERT INTO room_images (room_id, image_url) VALUES (16, '/rooms/images/phongtro_16/a0bf430ac8c68403269c99c4fa581405-2986120236266064637.jpg');
INSERT INTO room_images (room_id, image_url) VALUES (16, '/rooms/images/phongtro_16/f52717b9af8fbb1afbf862ee11df5226-2986120237731717971.jpg');
INSERT INTO room_images (room_id, image_url) VALUES (16, '/rooms/images/phongtro_16/fb7b6dc62f9dd739c5a163aec649c460-2986120236203240900.jpg');
INSERT INTO posts (id, landlord_id, room_id, title, description, price, deposit_amount, price_type, status, approved_by, approved_at, expires_at, is_boosted, boosted_until, view_count, favorite_count, contact_count, booking_count, created_at, updated_at, version, video_url, video_thumbnail)
VALUES (16, 2, 16, 'Phòng trọ mini giá rẻ sinh viên 16m2 cách FTU2 2.68km - Xô Viết Nghệ Tĩnh', '**Vị trí thuận tiện và yên tĩnh**
- Địa chỉ: Xô Viết Nghệ Tĩnh, Phường 25, Bình Thạnh.
- Chỉ cách khuôn viên trường Trường Đại học Ngoại thương - Cơ sở 2 (FTU2) khoảng 2.68km. Việc đi học hàng ngày cực kỳ thuận tiện và nhanh chóng bằng xe máy, xe buýt hoặc đi bộ. Khu vực xung quanh cao ráo, không bị ngập nước, đường sá thông thoáng.

**Thiết kế căn phòng**
- Diện tích sử dụng: 16m2. Thiết kế tối ưu không gian, sạch sẽ, thoáng mát, thích hợp cho việc học tập lâu dài.
- Sở hữu cửa sổ lớn đón ánh sáng tự nhiên tốt, giữ phòng luôn khô ráo.

**Các tiện ích lắp sẵn**
- Wifi internet tốc độ cao riêng biệt từng phòng
- Hệ thống nước nóng lạnh an toàn
- Chỗ để xe máy rộng rãi dưới tầng trệt, an ninh đảm bảo
- Kệ bếp nấu ăn thoáng khí, tủ bếp sạch sẽ

**An ninh và quy định**
- Hệ thống cửa cổng kiểm soát bằng khóa vân tay bảo mật cao kết hợp camera giám sát 24/7.
- Giờ đóng cổng: 22:00 đêm nhằm đảm bảo trật tự chung.
- Môi trường sống văn minh, hàng xóm chủ yếu là sinh viên ngoan ngoãn và nhân viên văn phòng lịch sự.

**Thông tin chi phí thuê**
- Giá thuê hàng tháng: 1,600,000 đ/tháng.
- Tiền đặt cọc: 3,200,000 đ (cam kết hoàn trả đầy đủ khi kết thúc hợp đồng theo đúng thỏa thuận).
- Chỉ số điện nước tính theo đồng hồ riêng gắn trước cửa phòng, cam kết thu đúng chỉ số tiêu thụ thực tế.', 1600000.0, 3200000.0, 'MONTHLY', 'APPROVED', 1, NOW() - INTERVAL '3 days', NOW() + INTERVAL '27 days', false, NULL, 493, 16, 23, 7, NOW() - INTERVAL '7 days', NOW(), 0, '/posts/videos/phongtro_16/Phongtro16.mp4', '/rooms/images/phongtro_16/021be717f703b7fbc36481f9243aa9a6-2986120240527078603.jpg');
INSERT INTO post_images (post_id, image_order, image_url) VALUES (16, 0, '/rooms/images/phongtro_16/021be717f703b7fbc36481f9243aa9a6-2986120240527078603.jpg');
INSERT INTO post_images (post_id, image_order, image_url) VALUES (16, 1, '/rooms/images/phongtro_16/1dd5761706d72adc5c85a25e3feff822-2986120243228341451.jpg');
INSERT INTO post_images (post_id, image_order, image_url) VALUES (16, 2, '/rooms/images/phongtro_16/333d72e7ea065fcbabc9d056f11da556-2986120239120563620.jpg');
INSERT INTO post_images (post_id, image_order, image_url) VALUES (16, 3, '/rooms/images/phongtro_16/38a7197aa5a8409a5507da615848e739-2986120241869321419.jpg');
INSERT INTO post_images (post_id, image_order, image_url) VALUES (16, 4, '/rooms/images/phongtro_16/8cad3fa7c371a51dd3ad33c6835bfe1a-2986120239304066236.jpg');
INSERT INTO post_images (post_id, image_order, image_url) VALUES (16, 5, '/rooms/images/phongtro_16/9f4450155863609dae4a26bceda247eb-2986120237761456513.jpg');
INSERT INTO post_images (post_id, image_order, image_url) VALUES (16, 6, '/rooms/images/phongtro_16/a0bf430ac8c68403269c99c4fa581405-2986120236266064637.jpg');
INSERT INTO post_images (post_id, image_order, image_url) VALUES (16, 7, '/rooms/images/phongtro_16/f52717b9af8fbb1afbf862ee11df5226-2986120237731717971.jpg');
INSERT INTO post_images (post_id, image_order, image_url) VALUES (16, 8, '/rooms/images/phongtro_16/fb7b6dc62f9dd739c5a163aec649c460-2986120236203240900.jpg');

-- ==========================================
-- ROOM 17 near NLU - Dist: 5.38km - Price: 2,900,000
-- ==========================================
INSERT INTO rooms (id, landlord_id, room_number, address, province, district, ward, latitude, longitude, area, floor, max_occupancy, direction, has_windows, has_balcony, thumbnail_url, is_pet_friendly, is_parking_available, curfew, rules, view_count, favorite_count, created_at, updated_at, version, nearby_university_id, nearby_university_name, distance_to_university, nearest_bus_station)
VALUES (17, 3, 'P.640', 'Số 40 Đường số 5, Phường Linh Chiểu, Thủ Đức, TP Hồ Chí Minh', 'TP Hồ Chí Minh', 'Thủ Đức', 'Linh Chiểu', 10.918285, 106.784706, 26.0, 4, 3, 'NORTHEAST', true, true, '/rooms/images/phongtro_17/00124d61916a8fc45d99b1aaccdc81c6-2984362370071304851.jpg', false, true, '23:00', 'Giữ trật tự chung sau 22h, dọn dẹp vệ sinh phòng sạch sẽ, phòng cháy chữa cháy an toàn.', 200, 7, NOW() - INTERVAL '8 days', NOW(), 0, 1, 'Trường Đại học Nông Lâm TP.HCM', 5.38, 0.19);
INSERT INTO room_amenities (room_id, amenity_id) VALUES (17, 1) ON CONFLICT DO NOTHING;
INSERT INTO room_amenities (room_id, amenity_id) VALUES (17, 2) ON CONFLICT DO NOTHING;
INSERT INTO room_amenities (room_id, amenity_id) VALUES (17, 3) ON CONFLICT DO NOTHING;
INSERT INTO room_amenities (room_id, amenity_id) VALUES (17, 4) ON CONFLICT DO NOTHING;
INSERT INTO room_amenities (room_id, amenity_id) VALUES (17, 5) ON CONFLICT DO NOTHING;
INSERT INTO room_amenities (room_id, amenity_id) VALUES (17, 6) ON CONFLICT DO NOTHING;
INSERT INTO room_amenities (room_id, amenity_id) VALUES (17, 7) ON CONFLICT DO NOTHING;
INSERT INTO room_amenities (room_id, amenity_id) VALUES (17, 9) ON CONFLICT DO NOTHING;
INSERT INTO room_amenities (room_id, amenity_id) VALUES (17, 12) ON CONFLICT DO NOTHING;
INSERT INTO room_images (room_id, image_url) VALUES (17, '/rooms/images/phongtro_17/00124d61916a8fc45d99b1aaccdc81c6-2984362370071304851.jpg');
INSERT INTO room_images (room_id, image_url) VALUES (17, '/rooms/images/phongtro_17/57cd306451deee45b0c8ac93e2fd4a75-2984362370166149223.jpg');
INSERT INTO room_images (room_id, image_url) VALUES (17, '/rooms/images/phongtro_17/5f989b3379ef6e3777f5c0e755a9fb34-2984362369863709905.jpg');
INSERT INTO room_images (room_id, image_url) VALUES (17, '/rooms/images/phongtro_17/82fe99e58f350640f45fa7ea9a7e52f0-2984362370690231649.jpg');
INSERT INTO room_images (room_id, image_url) VALUES (17, '/rooms/images/phongtro_17/868a89d6320fde9086ff8b32c8434ff8-2984362370035667669.jpg');
INSERT INTO room_images (room_id, image_url) VALUES (17, '/rooms/images/phongtro_17/bd7c8f322d0f3d801749ce3ecd87b5a2-2984362370673218071.jpg');
INSERT INTO room_images (room_id, image_url) VALUES (17, '/rooms/images/phongtro_17/c390b8bce2e539ca85e5d4e105565cba-2984362370744093042.jpg');
INSERT INTO posts (id, landlord_id, room_id, title, description, price, deposit_amount, price_type, status, approved_by, approved_at, expires_at, is_boosted, boosted_until, view_count, favorite_count, contact_count, booking_count, created_at, updated_at, version, video_url, video_thumbnail)
VALUES (17, 3, 17, 'Căn hộ Studio gác lửng full nội thất 26m2 cách NLU 5.38km - Đường số 5', '**Vị trí thuận tiện và yên tĩnh**
- Địa chỉ: Đường số 5, Phường Linh Chiểu, Thủ Đức.
- Chỉ cách khuôn viên trường Trường Đại học Nông Lâm TP.HCM (NLU) khoảng 5.38km. Việc đi học hàng ngày cực kỳ thuận tiện và nhanh chóng bằng xe máy, xe buýt hoặc đi bộ. Khu vực xung quanh cao ráo, không bị ngập nước, đường sá thông thoáng.

**Thiết kế căn phòng**
- Diện tích sử dụng: 26m2. Thiết kế tối ưu không gian, sạch sẽ, thoáng mát, thích hợp cho việc học tập lâu dài.
- Sở hữu cửa sổ lớn đón ánh sáng tự nhiên tốt, giữ phòng luôn khô ráo.
- Có ban công riêng đón gió mát mẻ, thuận tiện cho việc phơi đồ hoặc làm góc thư giãn.

**Các tiện ích lắp sẵn**
- Wifi internet tốc độ cao riêng biệt từng phòng
- Máy điều hòa nhiệt độ Inverter hoạt động êm ái, tiết kiệm điện
- Hệ thống nước nóng lạnh an toàn
- Chỗ để xe máy rộng rãi dưới tầng trệt, an ninh đảm bảo
- Tủ lạnh dung tích lớn tiện lợi lưu trữ đồ ăn
- Khu vực giặt sấy/máy giặt tiện nghi
- Kệ bếp nấu ăn thoáng khí, tủ bếp sạch sẽ

**An ninh và quy định**
- Hệ thống cửa cổng kiểm soát bằng khóa vân tay bảo mật cao kết hợp camera giám sát 24/7.
- Giờ đóng cổng: 23:00 đêm nhằm đảm bảo trật tự chung.
- Môi trường sống văn minh, hàng xóm chủ yếu là sinh viên ngoan ngoãn và nhân viên văn phòng lịch sự.

**Thông tin chi phí thuê**
- Giá thuê hàng tháng: 2,900,000 đ/tháng.
- Tiền đặt cọc: 5,800,000 đ (cam kết hoàn trả đầy đủ khi kết thúc hợp đồng theo đúng thỏa thuận).
- Chỉ số điện nước tính theo đồng hồ riêng gắn trước cửa phòng, cam kết thu đúng chỉ số tiêu thụ thực tế.', 2900000.0, 5800000.0, 'MONTHLY', 'APPROVED', 1, NOW() - INTERVAL '3 days', NOW() + INTERVAL '27 days', false, NULL, 434, 19, 38, 8, NOW() - INTERVAL '4 days', NOW(), 0, '/posts/videos/phongtro_17/Phongtro17.mp4', '/rooms/images/phongtro_17/00124d61916a8fc45d99b1aaccdc81c6-2984362370071304851.jpg');
INSERT INTO post_images (post_id, image_order, image_url) VALUES (17, 0, '/rooms/images/phongtro_17/00124d61916a8fc45d99b1aaccdc81c6-2984362370071304851.jpg');
INSERT INTO post_images (post_id, image_order, image_url) VALUES (17, 1, '/rooms/images/phongtro_17/57cd306451deee45b0c8ac93e2fd4a75-2984362370166149223.jpg');
INSERT INTO post_images (post_id, image_order, image_url) VALUES (17, 2, '/rooms/images/phongtro_17/5f989b3379ef6e3777f5c0e755a9fb34-2984362369863709905.jpg');
INSERT INTO post_images (post_id, image_order, image_url) VALUES (17, 3, '/rooms/images/phongtro_17/82fe99e58f350640f45fa7ea9a7e52f0-2984362370690231649.jpg');
INSERT INTO post_images (post_id, image_order, image_url) VALUES (17, 4, '/rooms/images/phongtro_17/868a89d6320fde9086ff8b32c8434ff8-2984362370035667669.jpg');
INSERT INTO post_images (post_id, image_order, image_url) VALUES (17, 5, '/rooms/images/phongtro_17/bd7c8f322d0f3d801749ce3ecd87b5a2-2984362370673218071.jpg');
INSERT INTO post_images (post_id, image_order, image_url) VALUES (17, 6, '/rooms/images/phongtro_17/c390b8bce2e539ca85e5d4e105565cba-2984362370744093042.jpg');

-- ==========================================
-- ROOM 18 near HCMUTE - Dist: 2.7km - Price: 1,600,000
-- ==========================================
INSERT INTO rooms (id, landlord_id, room_number, address, province, district, ward, latitude, longitude, area, floor, max_occupancy, direction, has_windows, has_balcony, thumbnail_url, is_pet_friendly, is_parking_available, curfew, rules, view_count, favorite_count, created_at, updated_at, version, nearby_university_id, nearby_university_name, distance_to_university, nearest_bus_station)
VALUES (18, 4, 'P.226', 'Số 100 Võ Văn Ngân, Phường Linh Trung, Thủ Đức, TP Hồ Chí Minh', 'TP Hồ Chí Minh', 'Thủ Đức', 'Linh Trung', 10.846606, 106.747712, 36.0, 3, 6, 'NORTHWEST', true, false, '/rooms/images/phongtro_18/30c019652c2b7ed2241dca0801aa11ff-2984097799781501314.jpg', false, false, NULL, 'Giữ trật tự chung sau 22h, dọn dẹp vệ sinh phòng sạch sẽ, phòng cháy chữa cháy an toàn.', 90, 11, NOW() - INTERVAL '11 days', NOW(), 0, 2, 'Trường Đại học Sư phạm Kỹ thuật TP.HCM', 2.7, 0.5);
INSERT INTO room_amenities (room_id, amenity_id) VALUES (18, 1) ON CONFLICT DO NOTHING;
INSERT INTO room_amenities (room_id, amenity_id) VALUES (18, 2) ON CONFLICT DO NOTHING;
INSERT INTO room_amenities (room_id, amenity_id) VALUES (18, 3) ON CONFLICT DO NOTHING;
INSERT INTO room_amenities (room_id, amenity_id) VALUES (18, 4) ON CONFLICT DO NOTHING;
INSERT INTO room_amenities (room_id, amenity_id) VALUES (18, 5) ON CONFLICT DO NOTHING;
INSERT INTO room_amenities (room_id, amenity_id) VALUES (18, 7) ON CONFLICT DO NOTHING;
INSERT INTO room_amenities (room_id, amenity_id) VALUES (18, 11) ON CONFLICT DO NOTHING;
INSERT INTO room_amenities (room_id, amenity_id) VALUES (18, 12) ON CONFLICT DO NOTHING;
INSERT INTO room_images (room_id, image_url) VALUES (18, '/rooms/images/phongtro_18/30c019652c2b7ed2241dca0801aa11ff-2984097799781501314.jpg');
INSERT INTO room_images (room_id, image_url) VALUES (18, '/rooms/images/phongtro_18/3de60b3f989e502b44c91b2851b4b681-2984097800273529395.jpg');
INSERT INTO room_images (room_id, image_url) VALUES (18, '/rooms/images/phongtro_18/87ff9a5c4ed18d223639c1a2bd0e139f-2984097801588540535.jpg');
INSERT INTO room_images (room_id, image_url) VALUES (18, '/rooms/images/phongtro_18/9707ca78fc96300a71f5595b4d2df651-2984097799239196949.jpg');
INSERT INTO room_images (room_id, image_url) VALUES (18, '/rooms/images/phongtro_18/9bc8d2dea46d9f4122f148b1a6294afd-2984097800819489351.jpg');
INSERT INTO room_images (room_id, image_url) VALUES (18, '/rooms/images/phongtro_18/b91a5660b5ec8aed8035727423a43cc8-2984097799438202065.jpg');
INSERT INTO room_images (room_id, image_url) VALUES (18, '/rooms/images/phongtro_18/e2e6102e30db637c6478f9eab543f60f-2984097800956402560.jpg');
INSERT INTO room_images (room_id, image_url) VALUES (18, '/rooms/images/phongtro_18/f106625738bc604be06bebf67b5d6405-2984097800859472991.jpg');
INSERT INTO posts (id, landlord_id, room_id, title, description, price, deposit_amount, price_type, status, approved_by, approved_at, expires_at, is_boosted, boosted_until, view_count, favorite_count, contact_count, booking_count, created_at, updated_at, version, video_url, video_thumbnail)
VALUES (18, 4, 18, 'Sleepbox cao cấp tiện nghi, bảo mật 36m2 cách HCMUTE 2.7km - Võ Văn Ngân', '**Vị trí thuận tiện và yên tĩnh**
- Địa chỉ: Võ Văn Ngân, Phường Linh Trung, Thủ Đức.
- Chỉ cách khuôn viên trường Trường Đại học Sư phạm Kỹ thuật TP.HCM (HCMUTE) khoảng 2.70km. Việc đi học hàng ngày cực kỳ thuận tiện và nhanh chóng bằng xe máy, xe buýt hoặc đi bộ. Khu vực xung quanh cao ráo, không bị ngập nước, đường sá thông thoáng.

**Thiết kế căn phòng**
- Diện tích sử dụng: 36m2. Thiết kế tối ưu không gian, sạch sẽ, thoáng mát, thích hợp cho việc học tập lâu dài.
- Sở hữu cửa sổ lớn đón ánh sáng tự nhiên tốt, giữ phòng luôn khô ráo.

**Các tiện ích lắp sẵn**
- Wifi internet tốc độ cao riêng biệt từng phòng
- Máy điều hòa nhiệt độ Inverter hoạt động êm ái, tiết kiệm điện
- Hệ thống nước nóng lạnh an toàn
- Chỗ để xe máy rộng rãi dưới tầng trệt, an ninh đảm bảo
- Khu vực giặt sấy/máy giặt tiện nghi

**An ninh và quy định**
- Hệ thống cửa cổng kiểm soát bằng khóa vân tay bảo mật cao kết hợp camera giám sát 24/7.
- Giờ giấc ra vào tự do thoải mái, không chung chủ.
- Môi trường sống văn minh, hàng xóm chủ yếu là sinh viên ngoan ngoãn và nhân viên văn phòng lịch sự.

**Thông tin chi phí thuê**
- Giá thuê hàng tháng: 1,600,000 đ/tháng.
- Tiền đặt cọc: 1,600,000 đ (cam kết hoàn trả đầy đủ khi kết thúc hợp đồng theo đúng thỏa thuận).
- Chỉ số điện nước tính theo đồng hồ riêng gắn trước cửa phòng, cam kết thu đúng chỉ số tiêu thụ thực tế.', 1600000.0, 1600000.0, 'MONTHLY', 'APPROVED', 1, NOW() - INTERVAL '3 days', NOW() + INTERVAL '27 days', false, NULL, 133, 50, 28, 5, NOW() - INTERVAL '1 days', NOW(), 0, '/posts/videos/phongtro_18/Phongtro18.mp4', '/rooms/images/phongtro_18/30c019652c2b7ed2241dca0801aa11ff-2984097799781501314.jpg');
INSERT INTO post_images (post_id, image_order, image_url) VALUES (18, 0, '/rooms/images/phongtro_18/30c019652c2b7ed2241dca0801aa11ff-2984097799781501314.jpg');
INSERT INTO post_images (post_id, image_order, image_url) VALUES (18, 1, '/rooms/images/phongtro_18/3de60b3f989e502b44c91b2851b4b681-2984097800273529395.jpg');
INSERT INTO post_images (post_id, image_order, image_url) VALUES (18, 2, '/rooms/images/phongtro_18/87ff9a5c4ed18d223639c1a2bd0e139f-2984097801588540535.jpg');
INSERT INTO post_images (post_id, image_order, image_url) VALUES (18, 3, '/rooms/images/phongtro_18/9707ca78fc96300a71f5595b4d2df651-2984097799239196949.jpg');
INSERT INTO post_images (post_id, image_order, image_url) VALUES (18, 4, '/rooms/images/phongtro_18/9bc8d2dea46d9f4122f148b1a6294afd-2984097800819489351.jpg');
INSERT INTO post_images (post_id, image_order, image_url) VALUES (18, 5, '/rooms/images/phongtro_18/b91a5660b5ec8aed8035727423a43cc8-2984097799438202065.jpg');
INSERT INTO post_images (post_id, image_order, image_url) VALUES (18, 6, '/rooms/images/phongtro_18/e2e6102e30db637c6478f9eab543f60f-2984097800956402560.jpg');
INSERT INTO post_images (post_id, image_order, image_url) VALUES (18, 7, '/rooms/images/phongtro_18/f106625738bc604be06bebf67b5d6405-2984097800859472991.jpg');

-- ==========================================
-- ROOM 19 near UIT - Dist: 0.47km - Price: 3,200,000
-- ==========================================
INSERT INTO rooms (id, landlord_id, room_number, address, province, district, ward, latitude, longitude, area, floor, max_occupancy, direction, has_windows, has_balcony, thumbnail_url, is_pet_friendly, is_parking_available, curfew, rules, view_count, favorite_count, created_at, updated_at, version, nearby_university_id, nearby_university_name, distance_to_university, nearest_bus_station)
VALUES (19, 2, 'P.222', 'Số 91 Lê Văn Chí, Phường Hiệp Phú, Thủ Đức, TP Hồ Chí Minh', 'TP Hồ Chí Minh', 'Thủ Đức', 'Hiệp Phú', 10.874252, 106.802651, 23.0, 4, 2, 'NORTH', true, true, '/rooms/images/phongtro_19/02878909b428659c431780589afaaea7-2979012387903198935.jpg', true, true, NULL, 'Giữ trật tự chung sau 22h, dọn dẹp vệ sinh phòng sạch sẽ, phòng cháy chữa cháy an toàn.', 162, 12, NOW() - INTERVAL '4 days', NOW(), 0, 3, 'Trường Đại học Công nghệ thông tin - ĐHQG TP.HCM', 0.47, 0.44);
INSERT INTO room_amenities (room_id, amenity_id) VALUES (19, 1) ON CONFLICT DO NOTHING;
INSERT INTO room_amenities (room_id, amenity_id) VALUES (19, 2) ON CONFLICT DO NOTHING;
INSERT INTO room_amenities (room_id, amenity_id) VALUES (19, 3) ON CONFLICT DO NOTHING;
INSERT INTO room_amenities (room_id, amenity_id) VALUES (19, 4) ON CONFLICT DO NOTHING;
INSERT INTO room_amenities (room_id, amenity_id) VALUES (19, 5) ON CONFLICT DO NOTHING;
INSERT INTO room_amenities (room_id, amenity_id) VALUES (19, 6) ON CONFLICT DO NOTHING;
INSERT INTO room_amenities (room_id, amenity_id) VALUES (19, 9) ON CONFLICT DO NOTHING;
INSERT INTO room_images (room_id, image_url) VALUES (19, '/rooms/images/phongtro_19/02878909b428659c431780589afaaea7-2979012387903198935.jpg');
INSERT INTO room_images (room_id, image_url) VALUES (19, '/rooms/images/phongtro_19/2998c642bba31ced96a4b6a2dd1b4eac-2979012387820833397.jpg');
INSERT INTO room_images (room_id, image_url) VALUES (19, '/rooms/images/phongtro_19/9df163353343e520e3e27c25ee90e49c-2979012387733972360.jpg');
INSERT INTO posts (id, landlord_id, room_id, title, description, price, deposit_amount, price_type, status, approved_by, approved_at, expires_at, is_boosted, boosted_until, view_count, favorite_count, contact_count, booking_count, created_at, updated_at, version, video_url, video_thumbnail)
VALUES (19, 2, 19, 'Phòng trọ ban công thoáng mát gần trường 23m2 cách UIT 0.47km - Lê Văn Chí', '**Vị trí thuận tiện và yên tĩnh**
- Địa chỉ: Lê Văn Chí, Phường Hiệp Phú, Thủ Đức.
- Chỉ cách khuôn viên trường Trường Đại học Công nghệ thông tin - ĐHQG TP.HCM (UIT) khoảng 0.47km. Việc đi học hàng ngày cực kỳ thuận tiện và nhanh chóng bằng xe máy, xe buýt hoặc đi bộ. Khu vực xung quanh cao ráo, không bị ngập nước, đường sá thông thoáng.

**Thiết kế căn phòng**
- Diện tích sử dụng: 23m2. Thiết kế tối ưu không gian, sạch sẽ, thoáng mát, thích hợp cho việc học tập lâu dài.
- Sở hữu cửa sổ lớn đón ánh sáng tự nhiên tốt, giữ phòng luôn khô ráo.
- Có ban công riêng đón gió mát mẻ, thuận tiện cho việc phơi đồ hoặc làm góc thư giãn.

**Các tiện ích lắp sẵn**
- Wifi internet tốc độ cao riêng biệt từng phòng
- Máy điều hòa nhiệt độ Inverter hoạt động êm ái, tiết kiệm điện
- Hệ thống nước nóng lạnh an toàn
- Chỗ để xe máy rộng rãi dưới tầng trệt, an ninh đảm bảo
- Tủ lạnh dung tích lớn tiện lợi lưu trữ đồ ăn
- Kệ bếp nấu ăn thoáng khí, tủ bếp sạch sẽ

**An ninh và quy định**
- Hệ thống cửa cổng kiểm soát bằng khóa vân tay bảo mật cao kết hợp camera giám sát 24/7.
- Giờ giấc ra vào tự do thoải mái, không chung chủ.
- Môi trường sống văn minh, hàng xóm chủ yếu là sinh viên ngoan ngoãn và nhân viên văn phòng lịch sự.

**Thông tin chi phí thuê**
- Giá thuê hàng tháng: 3,200,000 đ/tháng.
- Tiền đặt cọc: 3,200,000 đ (cam kết hoàn trả đầy đủ khi kết thúc hợp đồng theo đúng thỏa thuận).
- Chỉ số điện nước tính theo đồng hồ riêng gắn trước cửa phòng, cam kết thu đúng chỉ số tiêu thụ thực tế.', 3200000.0, 3200000.0, 'MONTHLY', 'APPROVED', 1, NOW() - INTERVAL '3 days', NOW() + INTERVAL '27 days', true, NOW() + INTERVAL '6 days', 251, 33, 44, 11, NOW() - INTERVAL '4 days', NOW(), 0, '/posts/videos/phongtro_19/Phongtro19.mp4', '/rooms/images/phongtro_19/02878909b428659c431780589afaaea7-2979012387903198935.jpg');
INSERT INTO post_images (post_id, image_order, image_url) VALUES (19, 0, '/rooms/images/phongtro_19/02878909b428659c431780589afaaea7-2979012387903198935.jpg');
INSERT INTO post_images (post_id, image_order, image_url) VALUES (19, 1, '/rooms/images/phongtro_19/2998c642bba31ced96a4b6a2dd1b4eac-2979012387820833397.jpg');
INSERT INTO post_images (post_id, image_order, image_url) VALUES (19, 2, '/rooms/images/phongtro_19/9df163353343e520e3e27c25ee90e49c-2979012387733972360.jpg');

-- ==========================================
-- ROOM 20 near HCMUT - Dist: 4.63km - Price: 5,000,000
-- ==========================================
INSERT INTO rooms (id, landlord_id, room_number, address, province, district, ward, latitude, longitude, area, floor, max_occupancy, direction, has_windows, has_balcony, thumbnail_url, is_pet_friendly, is_parking_available, curfew, rules, view_count, favorite_count, created_at, updated_at, version, nearby_university_id, nearby_university_name, distance_to_university, nearest_bus_station)
VALUES (20, 3, 'P.336', 'Số 51 Trần Hưng Đạo, Phường Tân Đông Hiệp, Dĩ An, Bình Dương', 'Bình Dương', 'Dĩ An', 'Tân Đông Hiệp', 10.886356, 106.764732, 44.0, 3, 3, 'SOUTHWEST', true, true, '/rooms/images/phongtro_20/3b6643aecd7e3dab3a4ad62b2a449052-2984984411008979669.jpg', true, true, '22:00', 'Giữ trật tự chung sau 22h, dọn dẹp vệ sinh phòng sạch sẽ, phòng cháy chữa cháy an toàn.', 141, 12, NOW() - INTERVAL '12 days', NOW(), 0, 4, 'Trường Đại học Bách Khoa - ĐHQG TP.HCM (Cơ sở Dĩ An)', 4.63, 0.44);
INSERT INTO room_amenities (room_id, amenity_id) VALUES (20, 1) ON CONFLICT DO NOTHING;
INSERT INTO room_amenities (room_id, amenity_id) VALUES (20, 2) ON CONFLICT DO NOTHING;
INSERT INTO room_amenities (room_id, amenity_id) VALUES (20, 3) ON CONFLICT DO NOTHING;
INSERT INTO room_amenities (room_id, amenity_id) VALUES (20, 4) ON CONFLICT DO NOTHING;
INSERT INTO room_amenities (room_id, amenity_id) VALUES (20, 5) ON CONFLICT DO NOTHING;
INSERT INTO room_amenities (room_id, amenity_id) VALUES (20, 6) ON CONFLICT DO NOTHING;
INSERT INTO room_amenities (room_id, amenity_id) VALUES (20, 7) ON CONFLICT DO NOTHING;
INSERT INTO room_amenities (room_id, amenity_id) VALUES (20, 8) ON CONFLICT DO NOTHING;
INSERT INTO room_amenities (room_id, amenity_id) VALUES (20, 9) ON CONFLICT DO NOTHING;
INSERT INTO room_amenities (room_id, amenity_id) VALUES (20, 10) ON CONFLICT DO NOTHING;
INSERT INTO room_amenities (room_id, amenity_id) VALUES (20, 11) ON CONFLICT DO NOTHING;
INSERT INTO room_amenities (room_id, amenity_id) VALUES (20, 12) ON CONFLICT DO NOTHING;
INSERT INTO room_images (room_id, image_url) VALUES (20, '/rooms/images/phongtro_20/3b6643aecd7e3dab3a4ad62b2a449052-2984984411008979669.jpg');
INSERT INTO room_images (room_id, image_url) VALUES (20, '/rooms/images/phongtro_20/4cc1c57ae41cb1ebc1025c77d7875cc8-2984984411897043856.jpg');
INSERT INTO room_images (room_id, image_url) VALUES (20, '/rooms/images/phongtro_20/86911d6ff50131ff6778338fd8951df3-2984984411159868833.jpg');
INSERT INTO room_images (room_id, image_url) VALUES (20, '/rooms/images/phongtro_20/ad44c81255e3139d4286471ebdd7fdfa-2984984410946139345.jpg');
INSERT INTO room_images (room_id, image_url) VALUES (20, '/rooms/images/phongtro_20/d18774db6431517fb68791df4ad73125-2984984410932410121.jpg');
INSERT INTO posts (id, landlord_id, room_id, title, description, price, deposit_amount, price_type, status, approved_by, approved_at, expires_at, is_boosted, boosted_until, view_count, favorite_count, contact_count, booking_count, created_at, updated_at, version, video_url, video_thumbnail)
VALUES (20, 3, 20, 'Căn hộ dịch vụ 1PN sang trọng, an ninh 44m2 cách HCMUT 4.63km - Trần Hưng Đạo', '**Vị trí thuận tiện và yên tĩnh**
- Địa chỉ: Trần Hưng Đạo, Phường Tân Đông Hiệp, Dĩ An.
- Chỉ cách khuôn viên trường Trường Đại học Bách Khoa - ĐHQG TP.HCM (Cơ sở Dĩ An) (HCMUT) khoảng 4.63km. Việc đi học hàng ngày cực kỳ thuận tiện và nhanh chóng bằng xe máy, xe buýt hoặc đi bộ. Khu vực xung quanh cao ráo, không bị ngập nước, đường sá thông thoáng.

**Thiết kế căn phòng**
- Diện tích sử dụng: 44m2. Thiết kế tối ưu không gian, sạch sẽ, thoáng mát, thích hợp cho việc học tập lâu dài.
- Sở hữu cửa sổ lớn đón ánh sáng tự nhiên tốt, giữ phòng luôn khô ráo.
- Có ban công riêng đón gió mát mẻ, thuận tiện cho việc phơi đồ hoặc làm góc thư giãn.

**Các tiện ích lắp sẵn**
- Wifi internet tốc độ cao riêng biệt từng phòng
- Máy điều hòa nhiệt độ Inverter hoạt động êm ái, tiết kiệm điện
- Hệ thống nước nóng lạnh an toàn
- Chỗ để xe máy rộng rãi dưới tầng trệt, an ninh đảm bảo
- Tủ lạnh dung tích lớn tiện lợi lưu trữ đồ ăn
- Khu vực giặt sấy/máy giặt tiện nghi
- Kệ bếp nấu ăn thoáng khí, tủ bếp sạch sẽ

**An ninh và quy định**
- Hệ thống cửa cổng kiểm soát bằng khóa vân tay bảo mật cao kết hợp camera giám sát 24/7.
- Giờ đóng cổng: 22:00 đêm nhằm đảm bảo trật tự chung.
- Môi trường sống văn minh, hàng xóm chủ yếu là sinh viên ngoan ngoãn và nhân viên văn phòng lịch sự.

**Thông tin chi phí thuê**
- Giá thuê hàng tháng: 5,000,000 đ/tháng.
- Tiền đặt cọc: 5,000,000 đ (cam kết hoàn trả đầy đủ khi kết thúc hợp đồng theo đúng thỏa thuận).
- Chỉ số điện nước tính theo đồng hồ riêng gắn trước cửa phòng, cam kết thu đúng chỉ số tiêu thụ thực tế.', 5000000.0, 5000000.0, 'MONTHLY', 'APPROVED', 1, NOW() - INTERVAL '3 days', NOW() + INTERVAL '27 days', false, NULL, 440, 57, 23, 9, NOW() - INTERVAL '5 days', NOW(), 0, '/posts/videos/phongtro_20/Phongtro20.mp4', '/rooms/images/phongtro_20/3b6643aecd7e3dab3a4ad62b2a449052-2984984411008979669.jpg');
INSERT INTO post_images (post_id, image_order, image_url) VALUES (20, 0, '/rooms/images/phongtro_20/3b6643aecd7e3dab3a4ad62b2a449052-2984984411008979669.jpg');
INSERT INTO post_images (post_id, image_order, image_url) VALUES (20, 1, '/rooms/images/phongtro_20/4cc1c57ae41cb1ebc1025c77d7875cc8-2984984411897043856.jpg');
INSERT INTO post_images (post_id, image_order, image_url) VALUES (20, 2, '/rooms/images/phongtro_20/86911d6ff50131ff6778338fd8951df3-2984984411159868833.jpg');
INSERT INTO post_images (post_id, image_order, image_url) VALUES (20, 3, '/rooms/images/phongtro_20/ad44c81255e3139d4286471ebdd7fdfa-2984984410946139345.jpg');
INSERT INTO post_images (post_id, image_order, image_url) VALUES (20, 4, '/rooms/images/phongtro_20/d18774db6431517fb68791df4ad73125-2984984410932410121.jpg');

-- ==========================================
-- ROOM 21 near HCMUS - Dist: 3.75km - Price: 1,400,000
-- ==========================================
INSERT INTO rooms (id, landlord_id, room_number, address, province, district, ward, latitude, longitude, area, floor, max_occupancy, direction, has_windows, has_balcony, thumbnail_url, is_pet_friendly, is_parking_available, curfew, rules, view_count, favorite_count, created_at, updated_at, version, nearby_university_id, nearby_university_name, distance_to_university, nearest_bus_station)
VALUES (21, 4, 'P.262', 'Số 98 Tân Lập, Phường An Bình, Dĩ An, Bình Dương', 'Bình Dương', 'Dĩ An', 'An Bình', 10.907746, 106.789253, 15.0, 5, 2, 'SOUTHEAST', true, false, '/rooms/images/room_1/image_01_1.jpg', false, true, '23:00', 'Giữ trật tự chung sau 22h, dọn dẹp vệ sinh phòng sạch sẽ, phòng cháy chữa cháy an toàn.', 137, 28, NOW() - INTERVAL '13 days', NOW(), 0, 5, 'Trường Đại học Khoa học Tự nhiên - ĐHQG TP.HCM (Cơ sở Dĩ An)', 3.75, 0.37);
INSERT INTO room_amenities (room_id, amenity_id) VALUES (21, 1) ON CONFLICT DO NOTHING;
INSERT INTO room_amenities (room_id, amenity_id) VALUES (21, 3) ON CONFLICT DO NOTHING;
INSERT INTO room_amenities (room_id, amenity_id) VALUES (21, 4) ON CONFLICT DO NOTHING;
INSERT INTO room_amenities (room_id, amenity_id) VALUES (21, 9) ON CONFLICT DO NOTHING;
INSERT INTO room_images (room_id, image_url) VALUES (21, '/rooms/images/room_1/image_01_1.jpg');
INSERT INTO room_images (room_id, image_url) VALUES (21, '/rooms/images/room_1/image_02_1.jpg');
INSERT INTO room_images (room_id, image_url) VALUES (21, '/rooms/images/room_1/image_03_1.jpg');
INSERT INTO room_images (room_id, image_url) VALUES (21, '/rooms/images/room_1/image_04_1.jpg');
INSERT INTO room_images (room_id, image_url) VALUES (21, '/rooms/images/room_1/image_05_1.jpg');
INSERT INTO room_images (room_id, image_url) VALUES (21, '/rooms/images/room_1/image_06_1.jpg');
INSERT INTO posts (id, landlord_id, room_id, title, description, price, deposit_amount, price_type, status, approved_by, approved_at, expires_at, is_boosted, boosted_until, view_count, favorite_count, contact_count, booking_count, created_at, updated_at, version, video_url, video_thumbnail)
VALUES (21, 4, 21, 'Phòng trọ mini giá rẻ sinh viên 15m2 cách HCMUS 3.75km - Tân Lập', '**Vị trí thuận tiện và yên tĩnh**
- Địa chỉ: Tân Lập, Phường An Bình, Dĩ An.
- Chỉ cách khuôn viên trường Trường Đại học Khoa học Tự nhiên - ĐHQG TP.HCM (Cơ sở Dĩ An) (HCMUS) khoảng 3.75km. Việc đi học hàng ngày cực kỳ thuận tiện và nhanh chóng bằng xe máy, xe buýt hoặc đi bộ. Khu vực xung quanh cao ráo, không bị ngập nước, đường sá thông thoáng.

**Thiết kế căn phòng**
- Diện tích sử dụng: 15m2. Thiết kế tối ưu không gian, sạch sẽ, thoáng mát, thích hợp cho việc học tập lâu dài.
- Sở hữu cửa sổ lớn đón ánh sáng tự nhiên tốt, giữ phòng luôn khô ráo.

**Các tiện ích lắp sẵn**
- Wifi internet tốc độ cao riêng biệt từng phòng
- Hệ thống nước nóng lạnh an toàn
- Chỗ để xe máy rộng rãi dưới tầng trệt, an ninh đảm bảo
- Kệ bếp nấu ăn thoáng khí, tủ bếp sạch sẽ

**An ninh và quy định**
- Hệ thống cửa cổng kiểm soát bằng khóa vân tay bảo mật cao kết hợp camera giám sát 24/7.
- Giờ đóng cổng: 23:00 đêm nhằm đảm bảo trật tự chung.
- Môi trường sống văn minh, hàng xóm chủ yếu là sinh viên ngoan ngoãn và nhân viên văn phòng lịch sự.

**Thông tin chi phí thuê**
- Giá thuê hàng tháng: 1,400,000 đ/tháng.
- Tiền đặt cọc: 1,400,000 đ (cam kết hoàn trả đầy đủ khi kết thúc hợp đồng theo đúng thỏa thuận).
- Chỉ số điện nước tính theo đồng hồ riêng gắn trước cửa phòng, cam kết thu đúng chỉ số tiêu thụ thực tế.', 1400000.0, 1400000.0, 'MONTHLY', 'APPROVED', 1, NOW() - INTERVAL '3 days', NOW() + INTERVAL '27 days', true, NOW() + INTERVAL '4 days', 136, 15, 42, 2, NOW() - INTERVAL '6 days', NOW(), 0, '/posts/videos/room_1/video_01_1.mp4', '/rooms/images/room_1/image_01_1.jpg');
INSERT INTO post_images (post_id, image_order, image_url) VALUES (21, 0, '/rooms/images/room_1/image_01_1.jpg');
INSERT INTO post_images (post_id, image_order, image_url) VALUES (21, 1, '/rooms/images/room_1/image_02_1.jpg');
INSERT INTO post_images (post_id, image_order, image_url) VALUES (21, 2, '/rooms/images/room_1/image_03_1.jpg');
INSERT INTO post_images (post_id, image_order, image_url) VALUES (21, 3, '/rooms/images/room_1/image_04_1.jpg');
INSERT INTO post_images (post_id, image_order, image_url) VALUES (21, 4, '/rooms/images/room_1/image_05_1.jpg');
INSERT INTO post_images (post_id, image_order, image_url) VALUES (21, 5, '/rooms/images/room_1/image_06_1.jpg');

-- ==========================================
-- ROOM 22 near IU - Dist: 1.31km - Price: 3,400,000
-- ==========================================
INSERT INTO rooms (id, landlord_id, room_number, address, province, district, ward, latitude, longitude, area, floor, max_occupancy, direction, has_windows, has_balcony, thumbnail_url, is_pet_friendly, is_parking_available, curfew, rules, view_count, favorite_count, created_at, updated_at, version, nearby_university_id, nearby_university_name, distance_to_university, nearest_bus_station)
VALUES (22, 2, 'P.112', 'Số 15 Trần Hưng Đạo, Phường Đông Hòa, Dĩ An, Bình Dương', 'Bình Dương', 'Dĩ An', 'Đông Hòa', 10.866157, 106.801468, 28.0, 6, 3, 'SOUTHEAST', true, true, '/rooms/images/room_2/image_01_1.jpg', true, true, '22:00', 'Giữ trật tự chung sau 22h, dọn dẹp vệ sinh phòng sạch sẽ, phòng cháy chữa cháy an toàn.', 284, 40, NOW() - INTERVAL '6 days', NOW(), 0, 6, 'Trường Đại học Quốc tế - ĐHQG TP.HCM', 1.31, 0.22);
INSERT INTO room_amenities (room_id, amenity_id) VALUES (22, 1) ON CONFLICT DO NOTHING;
INSERT INTO room_amenities (room_id, amenity_id) VALUES (22, 2) ON CONFLICT DO NOTHING;
INSERT INTO room_amenities (room_id, amenity_id) VALUES (22, 3) ON CONFLICT DO NOTHING;
INSERT INTO room_amenities (room_id, amenity_id) VALUES (22, 4) ON CONFLICT DO NOTHING;
INSERT INTO room_amenities (room_id, amenity_id) VALUES (22, 5) ON CONFLICT DO NOTHING;
INSERT INTO room_amenities (room_id, amenity_id) VALUES (22, 6) ON CONFLICT DO NOTHING;
INSERT INTO room_amenities (room_id, amenity_id) VALUES (22, 7) ON CONFLICT DO NOTHING;
INSERT INTO room_amenities (room_id, amenity_id) VALUES (22, 9) ON CONFLICT DO NOTHING;
INSERT INTO room_amenities (room_id, amenity_id) VALUES (22, 12) ON CONFLICT DO NOTHING;
INSERT INTO room_images (room_id, image_url) VALUES (22, '/rooms/images/room_2/image_01_1.jpg');
INSERT INTO room_images (room_id, image_url) VALUES (22, '/rooms/images/room_2/image_02_1.jpg');
INSERT INTO room_images (room_id, image_url) VALUES (22, '/rooms/images/room_2/image_03_1.jpg');
INSERT INTO posts (id, landlord_id, room_id, title, description, price, deposit_amount, price_type, status, approved_by, approved_at, expires_at, is_boosted, boosted_until, view_count, favorite_count, contact_count, booking_count, created_at, updated_at, version, video_url, video_thumbnail)
VALUES (22, 2, 22, 'Căn hộ Studio gác lửng full nội thất 28m2 cách IU 1.31km - Trần Hưng Đạo', '**Vị trí thuận tiện và yên tĩnh**
- Địa chỉ: Trần Hưng Đạo, Phường Đông Hòa, Dĩ An.
- Chỉ cách khuôn viên trường Trường Đại học Quốc tế - ĐHQG TP.HCM (IU) khoảng 1.31km. Việc đi học hàng ngày cực kỳ thuận tiện và nhanh chóng bằng xe máy, xe buýt hoặc đi bộ. Khu vực xung quanh cao ráo, không bị ngập nước, đường sá thông thoáng.

**Thiết kế căn phòng**
- Diện tích sử dụng: 28m2. Thiết kế tối ưu không gian, sạch sẽ, thoáng mát, thích hợp cho việc học tập lâu dài.
- Sở hữu cửa sổ lớn đón ánh sáng tự nhiên tốt, giữ phòng luôn khô ráo.
- Có ban công riêng đón gió mát mẻ, thuận tiện cho việc phơi đồ hoặc làm góc thư giãn.

**Các tiện ích lắp sẵn**
- Wifi internet tốc độ cao riêng biệt từng phòng
- Máy điều hòa nhiệt độ Inverter hoạt động êm ái, tiết kiệm điện
- Hệ thống nước nóng lạnh an toàn
- Chỗ để xe máy rộng rãi dưới tầng trệt, an ninh đảm bảo
- Tủ lạnh dung tích lớn tiện lợi lưu trữ đồ ăn
- Khu vực giặt sấy/máy giặt tiện nghi
- Kệ bếp nấu ăn thoáng khí, tủ bếp sạch sẽ

**An ninh và quy định**
- Hệ thống cửa cổng kiểm soát bằng khóa vân tay bảo mật cao kết hợp camera giám sát 24/7.
- Giờ đóng cổng: 22:00 đêm nhằm đảm bảo trật tự chung.
- Môi trường sống văn minh, hàng xóm chủ yếu là sinh viên ngoan ngoãn và nhân viên văn phòng lịch sự.

**Thông tin chi phí thuê**
- Giá thuê hàng tháng: 3,400,000 đ/tháng.
- Tiền đặt cọc: 3,400,000 đ (cam kết hoàn trả đầy đủ khi kết thúc hợp đồng theo đúng thỏa thuận).
- Chỉ số điện nước tính theo đồng hồ riêng gắn trước cửa phòng, cam kết thu đúng chỉ số tiêu thụ thực tế.', 3400000.0, 3400000.0, 'MONTHLY', 'APPROVED', 1, NOW() - INTERVAL '3 days', NOW() + INTERVAL '27 days', false, NULL, 241, 47, 28, 2, NOW() - INTERVAL '7 days', NOW(), 0, '/posts/videos/room_2/video_01_1.mp4', '/rooms/images/room_2/image_01_1.jpg');
INSERT INTO post_images (post_id, image_order, image_url) VALUES (22, 0, '/rooms/images/room_2/image_01_1.jpg');
INSERT INTO post_images (post_id, image_order, image_url) VALUES (22, 1, '/rooms/images/room_2/image_02_1.jpg');
INSERT INTO post_images (post_id, image_order, image_url) VALUES (22, 2, '/rooms/images/room_2/image_03_1.jpg');

-- ==========================================
-- ROOM 23 near UEH - Dist: 0.26km - Price: 1,800,000
-- ==========================================
INSERT INTO rooms (id, landlord_id, room_number, address, province, district, ward, latitude, longitude, area, floor, max_occupancy, direction, has_windows, has_balcony, thumbnail_url, is_pet_friendly, is_parking_available, curfew, rules, view_count, favorite_count, created_at, updated_at, version, nearby_university_id, nearby_university_name, distance_to_university, nearest_bus_station)
VALUES (23, 3, 'P.532', 'Số 49 Điện Biên Phủ, Phường 6, Quận 3, TP Hồ Chí Minh', 'TP Hồ Chí Minh', 'Quận 3', 'Phường 6', 10.783111, 106.693765, 34.0, 5, 6, 'SOUTHEAST', true, false, '/rooms/images/room_3/image_01_1.jpg', false, false, NULL, 'Giữ trật tự chung sau 22h, dọn dẹp vệ sinh phòng sạch sẽ, phòng cháy chữa cháy an toàn.', 56, 6, NOW() - INTERVAL '11 days', NOW(), 0, 7, 'Trường Đại học Kinh tế TP.HCM (Cơ sở A)', 0.26, 0.34);
INSERT INTO room_amenities (room_id, amenity_id) VALUES (23, 1) ON CONFLICT DO NOTHING;
INSERT INTO room_amenities (room_id, amenity_id) VALUES (23, 2) ON CONFLICT DO NOTHING;
INSERT INTO room_amenities (room_id, amenity_id) VALUES (23, 3) ON CONFLICT DO NOTHING;
INSERT INTO room_amenities (room_id, amenity_id) VALUES (23, 4) ON CONFLICT DO NOTHING;
INSERT INTO room_amenities (room_id, amenity_id) VALUES (23, 5) ON CONFLICT DO NOTHING;
INSERT INTO room_amenities (room_id, amenity_id) VALUES (23, 7) ON CONFLICT DO NOTHING;
INSERT INTO room_amenities (room_id, amenity_id) VALUES (23, 11) ON CONFLICT DO NOTHING;
INSERT INTO room_amenities (room_id, amenity_id) VALUES (23, 12) ON CONFLICT DO NOTHING;
INSERT INTO room_images (room_id, image_url) VALUES (23, '/rooms/images/room_3/image_01_1.jpg');
INSERT INTO room_images (room_id, image_url) VALUES (23, '/rooms/images/room_3/image_02_1.jpg');
INSERT INTO room_images (room_id, image_url) VALUES (23, '/rooms/images/room_3/image_03_1.jpg');
INSERT INTO room_images (room_id, image_url) VALUES (23, '/rooms/images/room_3/image_04_1.jpg');
INSERT INTO room_images (room_id, image_url) VALUES (23, '/rooms/images/room_3/image_05_1.jpg');
INSERT INTO room_images (room_id, image_url) VALUES (23, '/rooms/images/room_3/image_06_1.jpg');
INSERT INTO posts (id, landlord_id, room_id, title, description, price, deposit_amount, price_type, status, approved_by, approved_at, expires_at, is_boosted, boosted_until, view_count, favorite_count, contact_count, booking_count, created_at, updated_at, version, video_url, video_thumbnail)
VALUES (23, 3, 23, 'Sleepbox cao cấp tiện nghi, bảo mật 34m2 cách UEH 0.26km - Điện Biên Phủ', '**Vị trí thuận tiện và yên tĩnh**
- Địa chỉ: Điện Biên Phủ, Phường 6, Quận 3.
- Chỉ cách khuôn viên trường Trường Đại học Kinh tế TP.HCM (Cơ sở A) (UEH) khoảng 0.26km. Việc đi học hàng ngày cực kỳ thuận tiện và nhanh chóng bằng xe máy, xe buýt hoặc đi bộ. Khu vực xung quanh cao ráo, không bị ngập nước, đường sá thông thoáng.

**Thiết kế căn phòng**
- Diện tích sử dụng: 34m2. Thiết kế tối ưu không gian, sạch sẽ, thoáng mát, thích hợp cho việc học tập lâu dài.
- Sở hữu cửa sổ lớn đón ánh sáng tự nhiên tốt, giữ phòng luôn khô ráo.

**Các tiện ích lắp sẵn**
- Wifi internet tốc độ cao riêng biệt từng phòng
- Máy điều hòa nhiệt độ Inverter hoạt động êm ái, tiết kiệm điện
- Hệ thống nước nóng lạnh an toàn
- Chỗ để xe máy rộng rãi dưới tầng trệt, an ninh đảm bảo
- Khu vực giặt sấy/máy giặt tiện nghi

**An ninh và quy định**
- Hệ thống cửa cổng kiểm soát bằng khóa vân tay bảo mật cao kết hợp camera giám sát 24/7.
- Giờ giấc ra vào tự do thoải mái, không chung chủ.
- Môi trường sống văn minh, hàng xóm chủ yếu là sinh viên ngoan ngoãn và nhân viên văn phòng lịch sự.

**Thông tin chi phí thuê**
- Giá thuê hàng tháng: 1,800,000 đ/tháng.
- Tiền đặt cọc: 1,800,000 đ (cam kết hoàn trả đầy đủ khi kết thúc hợp đồng theo đúng thỏa thuận).
- Chỉ số điện nước tính theo đồng hồ riêng gắn trước cửa phòng, cam kết thu đúng chỉ số tiêu thụ thực tế.', 1800000.0, 1800000.0, 'MONTHLY', 'APPROVED', 1, NOW() - INTERVAL '3 days', NOW() + INTERVAL '27 days', false, NULL, 136, 12, 22, 4, NOW() - INTERVAL '10 days', NOW(), 0, '/posts/videos/room_3/video_01_1.mp4', '/rooms/images/room_3/image_01_1.jpg');
INSERT INTO post_images (post_id, image_order, image_url) VALUES (23, 0, '/rooms/images/room_3/image_01_1.jpg');
INSERT INTO post_images (post_id, image_order, image_url) VALUES (23, 1, '/rooms/images/room_3/image_02_1.jpg');
INSERT INTO post_images (post_id, image_order, image_url) VALUES (23, 2, '/rooms/images/room_3/image_03_1.jpg');
INSERT INTO post_images (post_id, image_order, image_url) VALUES (23, 3, '/rooms/images/room_3/image_04_1.jpg');
INSERT INTO post_images (post_id, image_order, image_url) VALUES (23, 4, '/rooms/images/room_3/image_05_1.jpg');
INSERT INTO post_images (post_id, image_order, image_url) VALUES (23, 5, '/rooms/images/room_3/image_06_1.jpg');

-- ==========================================
-- ROOM 24 near FTU2 - Dist: 1.6km - Price: 2,800,000
-- ==========================================
INSERT INTO rooms (id, landlord_id, room_number, address, province, district, ward, latitude, longitude, area, floor, max_occupancy, direction, has_windows, has_balcony, thumbnail_url, is_pet_friendly, is_parking_available, curfew, rules, view_count, favorite_count, created_at, updated_at, version, nearby_university_id, nearby_university_name, distance_to_university, nearest_bus_station)
VALUES (24, 4, 'P.627', 'Số 17 Điện Biên Phủ, Phường 25, Bình Thạnh, TP Hồ Chí Minh', 'TP Hồ Chí Minh', 'Bình Thạnh', 'Phường 25', 10.791587, 106.704621, 24.0, 4, 2, 'SOUTHWEST', true, true, '/rooms/images/room_4/image_01_1.jpg', false, true, NULL, 'Giữ trật tự chung sau 22h, dọn dẹp vệ sinh phòng sạch sẽ, phòng cháy chữa cháy an toàn.', 106, 17, NOW() - INTERVAL '6 days', NOW(), 0, 8, 'Trường Đại học Ngoại thương - Cơ sở 2', 1.6, 0.48);
INSERT INTO room_amenities (room_id, amenity_id) VALUES (24, 1) ON CONFLICT DO NOTHING;
INSERT INTO room_amenities (room_id, amenity_id) VALUES (24, 2) ON CONFLICT DO NOTHING;
INSERT INTO room_amenities (room_id, amenity_id) VALUES (24, 3) ON CONFLICT DO NOTHING;
INSERT INTO room_amenities (room_id, amenity_id) VALUES (24, 4) ON CONFLICT DO NOTHING;
INSERT INTO room_amenities (room_id, amenity_id) VALUES (24, 5) ON CONFLICT DO NOTHING;
INSERT INTO room_amenities (room_id, amenity_id) VALUES (24, 6) ON CONFLICT DO NOTHING;
INSERT INTO room_amenities (room_id, amenity_id) VALUES (24, 9) ON CONFLICT DO NOTHING;
INSERT INTO room_images (room_id, image_url) VALUES (24, '/rooms/images/room_4/image_01_1.jpg');
INSERT INTO room_images (room_id, image_url) VALUES (24, '/rooms/images/room_4/image_02_1.jpg');
INSERT INTO room_images (room_id, image_url) VALUES (24, '/rooms/images/room_4/image_03_1.jpg');
INSERT INTO room_images (room_id, image_url) VALUES (24, '/rooms/images/room_4/image_04_1.jpg');
INSERT INTO room_images (room_id, image_url) VALUES (24, '/rooms/images/room_4/image_05_1.jpg');
INSERT INTO room_images (room_id, image_url) VALUES (24, '/rooms/images/room_4/image_06_1.jpg');
INSERT INTO room_images (room_id, image_url) VALUES (24, '/rooms/images/room_4/image_07_1.jpg');
INSERT INTO room_images (room_id, image_url) VALUES (24, '/rooms/images/room_4/image_08_1.jpg');
INSERT INTO room_images (room_id, image_url) VALUES (24, '/rooms/images/room_4/image_09.jpg');
INSERT INTO posts (id, landlord_id, room_id, title, description, price, deposit_amount, price_type, status, approved_by, approved_at, expires_at, is_boosted, boosted_until, view_count, favorite_count, contact_count, booking_count, created_at, updated_at, version, video_url, video_thumbnail)
VALUES (24, 4, 24, 'Phòng trọ ban công thoáng mát gần trường 24m2 cách FTU2 1.6km - Điện Biên Phủ', '**Vị trí thuận tiện và yên tĩnh**
- Địa chỉ: Điện Biên Phủ, Phường 25, Bình Thạnh.
- Chỉ cách khuôn viên trường Trường Đại học Ngoại thương - Cơ sở 2 (FTU2) khoảng 1.60km. Việc đi học hàng ngày cực kỳ thuận tiện và nhanh chóng bằng xe máy, xe buýt hoặc đi bộ. Khu vực xung quanh cao ráo, không bị ngập nước, đường sá thông thoáng.

**Thiết kế căn phòng**
- Diện tích sử dụng: 24m2. Thiết kế tối ưu không gian, sạch sẽ, thoáng mát, thích hợp cho việc học tập lâu dài.
- Sở hữu cửa sổ lớn đón ánh sáng tự nhiên tốt, giữ phòng luôn khô ráo.
- Có ban công riêng đón gió mát mẻ, thuận tiện cho việc phơi đồ hoặc làm góc thư giãn.

**Các tiện ích lắp sẵn**
- Wifi internet tốc độ cao riêng biệt từng phòng
- Máy điều hòa nhiệt độ Inverter hoạt động êm ái, tiết kiệm điện
- Hệ thống nước nóng lạnh an toàn
- Chỗ để xe máy rộng rãi dưới tầng trệt, an ninh đảm bảo
- Tủ lạnh dung tích lớn tiện lợi lưu trữ đồ ăn
- Kệ bếp nấu ăn thoáng khí, tủ bếp sạch sẽ

**An ninh và quy định**
- Hệ thống cửa cổng kiểm soát bằng khóa vân tay bảo mật cao kết hợp camera giám sát 24/7.
- Giờ giấc ra vào tự do thoải mái, không chung chủ.
- Môi trường sống văn minh, hàng xóm chủ yếu là sinh viên ngoan ngoãn và nhân viên văn phòng lịch sự.

**Thông tin chi phí thuê**
- Giá thuê hàng tháng: 2,800,000 đ/tháng.
- Tiền đặt cọc: 2,800,000 đ (cam kết hoàn trả đầy đủ khi kết thúc hợp đồng theo đúng thỏa thuận).
- Chỉ số điện nước tính theo đồng hồ riêng gắn trước cửa phòng, cam kết thu đúng chỉ số tiêu thụ thực tế.', 2800000.0, 2800000.0, 'MONTHLY', 'APPROVED', 1, NOW() - INTERVAL '3 days', NOW() + INTERVAL '27 days', false, NULL, 287, 44, 28, 2, NOW() - INTERVAL '8 days', NOW(), 0, '/posts/videos/room_4/video_01_1.mp4', '/rooms/images/room_4/image_01_1.jpg');
INSERT INTO post_images (post_id, image_order, image_url) VALUES (24, 0, '/rooms/images/room_4/image_01_1.jpg');
INSERT INTO post_images (post_id, image_order, image_url) VALUES (24, 1, '/rooms/images/room_4/image_02_1.jpg');
INSERT INTO post_images (post_id, image_order, image_url) VALUES (24, 2, '/rooms/images/room_4/image_03_1.jpg');
INSERT INTO post_images (post_id, image_order, image_url) VALUES (24, 3, '/rooms/images/room_4/image_04_1.jpg');
INSERT INTO post_images (post_id, image_order, image_url) VALUES (24, 4, '/rooms/images/room_4/image_05_1.jpg');
INSERT INTO post_images (post_id, image_order, image_url) VALUES (24, 5, '/rooms/images/room_4/image_06_1.jpg');
INSERT INTO post_images (post_id, image_order, image_url) VALUES (24, 6, '/rooms/images/room_4/image_07_1.jpg');
INSERT INTO post_images (post_id, image_order, image_url) VALUES (24, 7, '/rooms/images/room_4/image_08_1.jpg');
INSERT INTO post_images (post_id, image_order, image_url) VALUES (24, 8, '/rooms/images/room_4/image_09.jpg');

-- ==========================================
-- ROOM 25 near NLU - Dist: 0.83km - Price: 5,800,000
-- ==========================================
INSERT INTO rooms (id, landlord_id, room_number, address, province, district, ward, latitude, longitude, area, floor, max_occupancy, direction, has_windows, has_balcony, thumbnail_url, is_pet_friendly, is_parking_available, curfew, rules, view_count, favorite_count, created_at, updated_at, version, nearby_university_id, nearby_university_name, distance_to_university, nearest_bus_station)
VALUES (25, 2, 'P.165', 'Số 54 Đường số 5, Phường Bình Thọ, Thủ Đức, TP Hồ Chí Minh', 'TP Hồ Chí Minh', 'Thủ Đức', 'Bình Thọ', 10.872588, 106.79484, 35.0, 7, 3, 'SOUTHEAST', true, true, '/rooms/images/room_5/image_01_1.jpg', false, true, NULL, 'Giữ trật tự chung sau 22h, dọn dẹp vệ sinh phòng sạch sẽ, phòng cháy chữa cháy an toàn.', 229, 17, NOW() - INTERVAL '3 days', NOW(), 0, 1, 'Trường Đại học Nông Lâm TP.HCM', 0.83, 0.14);
INSERT INTO room_amenities (room_id, amenity_id) VALUES (25, 1) ON CONFLICT DO NOTHING;
INSERT INTO room_amenities (room_id, amenity_id) VALUES (25, 2) ON CONFLICT DO NOTHING;
INSERT INTO room_amenities (room_id, amenity_id) VALUES (25, 3) ON CONFLICT DO NOTHING;
INSERT INTO room_amenities (room_id, amenity_id) VALUES (25, 4) ON CONFLICT DO NOTHING;
INSERT INTO room_amenities (room_id, amenity_id) VALUES (25, 5) ON CONFLICT DO NOTHING;
INSERT INTO room_amenities (room_id, amenity_id) VALUES (25, 6) ON CONFLICT DO NOTHING;
INSERT INTO room_amenities (room_id, amenity_id) VALUES (25, 7) ON CONFLICT DO NOTHING;
INSERT INTO room_amenities (room_id, amenity_id) VALUES (25, 8) ON CONFLICT DO NOTHING;
INSERT INTO room_amenities (room_id, amenity_id) VALUES (25, 9) ON CONFLICT DO NOTHING;
INSERT INTO room_amenities (room_id, amenity_id) VALUES (25, 10) ON CONFLICT DO NOTHING;
INSERT INTO room_amenities (room_id, amenity_id) VALUES (25, 11) ON CONFLICT DO NOTHING;
INSERT INTO room_amenities (room_id, amenity_id) VALUES (25, 12) ON CONFLICT DO NOTHING;
INSERT INTO room_images (room_id, image_url) VALUES (25, '/rooms/images/room_5/image_01_1.jpg');
INSERT INTO room_images (room_id, image_url) VALUES (25, '/rooms/images/room_5/image_02_1.jpg');
INSERT INTO room_images (room_id, image_url) VALUES (25, '/rooms/images/room_5/image_03_1.jpg');
INSERT INTO room_images (room_id, image_url) VALUES (25, '/rooms/images/room_5/image_04_1.jpg');
INSERT INTO room_images (room_id, image_url) VALUES (25, '/rooms/images/room_5/image_05_1.jpg');
INSERT INTO room_images (room_id, image_url) VALUES (25, '/rooms/images/room_5/image_06_1.jpg');
INSERT INTO room_images (room_id, image_url) VALUES (25, '/rooms/images/room_5/image_07_1.jpg');
INSERT INTO posts (id, landlord_id, room_id, title, description, price, deposit_amount, price_type, status, approved_by, approved_at, expires_at, is_boosted, boosted_until, view_count, favorite_count, contact_count, booking_count, created_at, updated_at, version, video_url, video_thumbnail)
VALUES (25, 2, 25, 'Căn hộ dịch vụ 1PN sang trọng, an ninh 35m2 cách NLU 0.83km - Đường số 5', '**Vị trí thuận tiện và yên tĩnh**
- Địa chỉ: Đường số 5, Phường Bình Thọ, Thủ Đức.
- Chỉ cách khuôn viên trường Trường Đại học Nông Lâm TP.HCM (NLU) khoảng 0.83km. Việc đi học hàng ngày cực kỳ thuận tiện và nhanh chóng bằng xe máy, xe buýt hoặc đi bộ. Khu vực xung quanh cao ráo, không bị ngập nước, đường sá thông thoáng.

**Thiết kế căn phòng**
- Diện tích sử dụng: 35m2. Thiết kế tối ưu không gian, sạch sẽ, thoáng mát, thích hợp cho việc học tập lâu dài.
- Sở hữu cửa sổ lớn đón ánh sáng tự nhiên tốt, giữ phòng luôn khô ráo.
- Có ban công riêng đón gió mát mẻ, thuận tiện cho việc phơi đồ hoặc làm góc thư giãn.

**Các tiện ích lắp sẵn**
- Wifi internet tốc độ cao riêng biệt từng phòng
- Máy điều hòa nhiệt độ Inverter hoạt động êm ái, tiết kiệm điện
- Hệ thống nước nóng lạnh an toàn
- Chỗ để xe máy rộng rãi dưới tầng trệt, an ninh đảm bảo
- Tủ lạnh dung tích lớn tiện lợi lưu trữ đồ ăn
- Khu vực giặt sấy/máy giặt tiện nghi
- Kệ bếp nấu ăn thoáng khí, tủ bếp sạch sẽ

**An ninh và quy định**
- Hệ thống cửa cổng kiểm soát bằng khóa vân tay bảo mật cao kết hợp camera giám sát 24/7.
- Giờ giấc ra vào tự do thoải mái, không chung chủ.
- Môi trường sống văn minh, hàng xóm chủ yếu là sinh viên ngoan ngoãn và nhân viên văn phòng lịch sự.

**Thông tin chi phí thuê**
- Giá thuê hàng tháng: 5,800,000 đ/tháng.
- Tiền đặt cọc: 11,600,000 đ (cam kết hoàn trả đầy đủ khi kết thúc hợp đồng theo đúng thỏa thuận).
- Chỉ số điện nước tính theo đồng hồ riêng gắn trước cửa phòng, cam kết thu đúng chỉ số tiêu thụ thực tế.', 5800000.0, 11600000.0, 'MONTHLY', 'APPROVED', 1, NOW() - INTERVAL '3 days', NOW() + INTERVAL '27 days', false, NULL, 296, 28, 17, 7, NOW() - INTERVAL '2 days', NOW(), 0, '/posts/videos/room_5/video_01_1.mp4', '/rooms/images/room_5/image_01_1.jpg');
INSERT INTO post_images (post_id, image_order, image_url) VALUES (25, 0, '/rooms/images/room_5/image_01_1.jpg');
INSERT INTO post_images (post_id, image_order, image_url) VALUES (25, 1, '/rooms/images/room_5/image_02_1.jpg');
INSERT INTO post_images (post_id, image_order, image_url) VALUES (25, 2, '/rooms/images/room_5/image_03_1.jpg');
INSERT INTO post_images (post_id, image_order, image_url) VALUES (25, 3, '/rooms/images/room_5/image_04_1.jpg');
INSERT INTO post_images (post_id, image_order, image_url) VALUES (25, 4, '/rooms/images/room_5/image_05_1.jpg');
INSERT INTO post_images (post_id, image_order, image_url) VALUES (25, 5, '/rooms/images/room_5/image_06_1.jpg');
INSERT INTO post_images (post_id, image_order, image_url) VALUES (25, 6, '/rooms/images/room_5/image_07_1.jpg');

-- ==========================================
-- ROOM 26 near HCMUTE - Dist: 3.03km - Price: 1,700,000
-- ==========================================
INSERT INTO rooms (id, landlord_id, room_number, address, province, district, ward, latitude, longitude, area, floor, max_occupancy, direction, has_windows, has_balcony, thumbnail_url, is_pet_friendly, is_parking_available, curfew, rules, view_count, favorite_count, created_at, updated_at, version, nearby_university_id, nearby_university_name, distance_to_university, nearest_bus_station)
VALUES (26, 3, 'P.490', 'Số 95 Đường số 5, Phường Bình Thọ, Thủ Đức, TP Hồ Chí Minh', 'TP Hồ Chí Minh', 'Thủ Đức', 'Bình Thọ', 10.847357, 106.74451, 17.0, 3, 2, 'NORTHWEST', true, false, '/rooms/images/room_6/image_01_1.jpg', true, true, '22:00', 'Giữ trật tự chung sau 22h, dọn dẹp vệ sinh phòng sạch sẽ, phòng cháy chữa cháy an toàn.', 81, 45, NOW() - INTERVAL '3 days', NOW(), 0, 2, 'Trường Đại học Sư phạm Kỹ thuật TP.HCM', 3.03, 0.44);
INSERT INTO room_amenities (room_id, amenity_id) VALUES (26, 1) ON CONFLICT DO NOTHING;
INSERT INTO room_amenities (room_id, amenity_id) VALUES (26, 3) ON CONFLICT DO NOTHING;
INSERT INTO room_amenities (room_id, amenity_id) VALUES (26, 4) ON CONFLICT DO NOTHING;
INSERT INTO room_amenities (room_id, amenity_id) VALUES (26, 9) ON CONFLICT DO NOTHING;
INSERT INTO room_images (room_id, image_url) VALUES (26, '/rooms/images/room_6/image_01_1.jpg');
INSERT INTO room_images (room_id, image_url) VALUES (26, '/rooms/images/room_6/image_02_1.jpg');
INSERT INTO room_images (room_id, image_url) VALUES (26, '/rooms/images/room_6/image_03_1.jpg');
INSERT INTO room_images (room_id, image_url) VALUES (26, '/rooms/images/room_6/image_04_1.jpg');
INSERT INTO room_images (room_id, image_url) VALUES (26, '/rooms/images/room_6/image_05_1.jpg');
INSERT INTO posts (id, landlord_id, room_id, title, description, price, deposit_amount, price_type, status, approved_by, approved_at, expires_at, is_boosted, boosted_until, view_count, favorite_count, contact_count, booking_count, created_at, updated_at, version, video_url, video_thumbnail)
VALUES (26, 3, 26, 'Phòng trọ mini giá rẻ sinh viên 17m2 cách HCMUTE 3.03km - Đường số 5', '**Vị trí thuận tiện và yên tĩnh**
- Địa chỉ: Đường số 5, Phường Bình Thọ, Thủ Đức.
- Chỉ cách khuôn viên trường Trường Đại học Sư phạm Kỹ thuật TP.HCM (HCMUTE) khoảng 3.03km. Việc đi học hàng ngày cực kỳ thuận tiện và nhanh chóng bằng xe máy, xe buýt hoặc đi bộ. Khu vực xung quanh cao ráo, không bị ngập nước, đường sá thông thoáng.

**Thiết kế căn phòng**
- Diện tích sử dụng: 17m2. Thiết kế tối ưu không gian, sạch sẽ, thoáng mát, thích hợp cho việc học tập lâu dài.
- Sở hữu cửa sổ lớn đón ánh sáng tự nhiên tốt, giữ phòng luôn khô ráo.

**Các tiện ích lắp sẵn**
- Wifi internet tốc độ cao riêng biệt từng phòng
- Hệ thống nước nóng lạnh an toàn
- Chỗ để xe máy rộng rãi dưới tầng trệt, an ninh đảm bảo
- Kệ bếp nấu ăn thoáng khí, tủ bếp sạch sẽ

**An ninh và quy định**
- Hệ thống cửa cổng kiểm soát bằng khóa vân tay bảo mật cao kết hợp camera giám sát 24/7.
- Giờ đóng cổng: 22:00 đêm nhằm đảm bảo trật tự chung.
- Môi trường sống văn minh, hàng xóm chủ yếu là sinh viên ngoan ngoãn và nhân viên văn phòng lịch sự.

**Thông tin chi phí thuê**
- Giá thuê hàng tháng: 1,700,000 đ/tháng.
- Tiền đặt cọc: 1,700,000 đ (cam kết hoàn trả đầy đủ khi kết thúc hợp đồng theo đúng thỏa thuận).
- Chỉ số điện nước tính theo đồng hồ riêng gắn trước cửa phòng, cam kết thu đúng chỉ số tiêu thụ thực tế.', 1700000.0, 1700000.0, 'MONTHLY', 'APPROVED', 1, NOW() - INTERVAL '3 days', NOW() + INTERVAL '27 days', false, NULL, 229, 54, 25, 6, NOW() - INTERVAL '10 days', NOW(), 0, '/posts/videos/room_6/video_01_1.mp4', '/rooms/images/room_6/image_01_1.jpg');
INSERT INTO post_images (post_id, image_order, image_url) VALUES (26, 0, '/rooms/images/room_6/image_01_1.jpg');
INSERT INTO post_images (post_id, image_order, image_url) VALUES (26, 1, '/rooms/images/room_6/image_02_1.jpg');
INSERT INTO post_images (post_id, image_order, image_url) VALUES (26, 2, '/rooms/images/room_6/image_03_1.jpg');
INSERT INTO post_images (post_id, image_order, image_url) VALUES (26, 3, '/rooms/images/room_6/image_04_1.jpg');
INSERT INTO post_images (post_id, image_order, image_url) VALUES (26, 4, '/rooms/images/room_6/image_05_1.jpg');

-- ==========================================
-- ROOM 27 near UIT - Dist: 2.04km - Price: 4,000,000
-- ==========================================
INSERT INTO rooms (id, landlord_id, room_number, address, province, district, ward, latitude, longitude, area, floor, max_occupancy, direction, has_windows, has_balcony, thumbnail_url, is_pet_friendly, is_parking_available, curfew, rules, view_count, favorite_count, created_at, updated_at, version, nearby_university_id, nearby_university_name, distance_to_university, nearest_bus_station)
VALUES (27, 4, 'P.583', 'Số 45 Song Hành, Phường Linh Tây, Thủ Đức, TP Hồ Chí Minh', 'TP Hồ Chí Minh', 'Thủ Đức', 'Linh Tây', 10.854805, 106.813463, 26.0, 6, 3, 'WEST', true, true, '/rooms/images/room_7/image_01_1.jpg', false, true, NULL, 'Giữ trật tự chung sau 22h, dọn dẹp vệ sinh phòng sạch sẽ, phòng cháy chữa cháy an toàn.', 73, 6, NOW() - INTERVAL '12 days', NOW(), 0, 3, 'Trường Đại học Công nghệ thông tin - ĐHQG TP.HCM', 2.04, 0.15);
INSERT INTO room_amenities (room_id, amenity_id) VALUES (27, 1) ON CONFLICT DO NOTHING;
INSERT INTO room_amenities (room_id, amenity_id) VALUES (27, 2) ON CONFLICT DO NOTHING;
INSERT INTO room_amenities (room_id, amenity_id) VALUES (27, 3) ON CONFLICT DO NOTHING;
INSERT INTO room_amenities (room_id, amenity_id) VALUES (27, 4) ON CONFLICT DO NOTHING;
INSERT INTO room_amenities (room_id, amenity_id) VALUES (27, 5) ON CONFLICT DO NOTHING;
INSERT INTO room_amenities (room_id, amenity_id) VALUES (27, 6) ON CONFLICT DO NOTHING;
INSERT INTO room_amenities (room_id, amenity_id) VALUES (27, 7) ON CONFLICT DO NOTHING;
INSERT INTO room_amenities (room_id, amenity_id) VALUES (27, 9) ON CONFLICT DO NOTHING;
INSERT INTO room_amenities (room_id, amenity_id) VALUES (27, 12) ON CONFLICT DO NOTHING;
INSERT INTO room_images (room_id, image_url) VALUES (27, '/rooms/images/room_7/image_01_1.jpg');
INSERT INTO room_images (room_id, image_url) VALUES (27, '/rooms/images/room_7/image_02_1.jpg');
INSERT INTO room_images (room_id, image_url) VALUES (27, '/rooms/images/room_7/image_03_1.jpg');
INSERT INTO room_images (room_id, image_url) VALUES (27, '/rooms/images/room_7/image_04_1.jpg');
INSERT INTO room_images (room_id, image_url) VALUES (27, '/rooms/images/room_7/image_05_1.jpg');
INSERT INTO posts (id, landlord_id, room_id, title, description, price, deposit_amount, price_type, status, approved_by, approved_at, expires_at, is_boosted, boosted_until, view_count, favorite_count, contact_count, booking_count, created_at, updated_at, version, video_url, video_thumbnail)
VALUES (27, 4, 27, 'Căn hộ Studio gác lửng full nội thất 26m2 cách UIT 2.04km - Song Hành', '**Vị trí thuận tiện và yên tĩnh**
- Địa chỉ: Song Hành, Phường Linh Tây, Thủ Đức.
- Chỉ cách khuôn viên trường Trường Đại học Công nghệ thông tin - ĐHQG TP.HCM (UIT) khoảng 2.04km. Việc đi học hàng ngày cực kỳ thuận tiện và nhanh chóng bằng xe máy, xe buýt hoặc đi bộ. Khu vực xung quanh cao ráo, không bị ngập nước, đường sá thông thoáng.

**Thiết kế căn phòng**
- Diện tích sử dụng: 26m2. Thiết kế tối ưu không gian, sạch sẽ, thoáng mát, thích hợp cho việc học tập lâu dài.
- Sở hữu cửa sổ lớn đón ánh sáng tự nhiên tốt, giữ phòng luôn khô ráo.
- Có ban công riêng đón gió mát mẻ, thuận tiện cho việc phơi đồ hoặc làm góc thư giãn.

**Các tiện ích lắp sẵn**
- Wifi internet tốc độ cao riêng biệt từng phòng
- Máy điều hòa nhiệt độ Inverter hoạt động êm ái, tiết kiệm điện
- Hệ thống nước nóng lạnh an toàn
- Chỗ để xe máy rộng rãi dưới tầng trệt, an ninh đảm bảo
- Tủ lạnh dung tích lớn tiện lợi lưu trữ đồ ăn
- Khu vực giặt sấy/máy giặt tiện nghi
- Kệ bếp nấu ăn thoáng khí, tủ bếp sạch sẽ

**An ninh và quy định**
- Hệ thống cửa cổng kiểm soát bằng khóa vân tay bảo mật cao kết hợp camera giám sát 24/7.
- Giờ giấc ra vào tự do thoải mái, không chung chủ.
- Môi trường sống văn minh, hàng xóm chủ yếu là sinh viên ngoan ngoãn và nhân viên văn phòng lịch sự.

**Thông tin chi phí thuê**
- Giá thuê hàng tháng: 4,000,000 đ/tháng.
- Tiền đặt cọc: 8,000,000 đ (cam kết hoàn trả đầy đủ khi kết thúc hợp đồng theo đúng thỏa thuận).
- Chỉ số điện nước tính theo đồng hồ riêng gắn trước cửa phòng, cam kết thu đúng chỉ số tiêu thụ thực tế.', 4000000.0, 8000000.0, 'MONTHLY', 'APPROVED', 1, NOW() - INTERVAL '3 days', NOW() + INTERVAL '27 days', false, NULL, 174, 29, 19, 10, NOW() - INTERVAL '10 days', NOW(), 0, '/posts/videos/room_7/video_01_1.mp4', '/rooms/images/room_7/image_01_1.jpg');
INSERT INTO post_images (post_id, image_order, image_url) VALUES (27, 0, '/rooms/images/room_7/image_01_1.jpg');
INSERT INTO post_images (post_id, image_order, image_url) VALUES (27, 1, '/rooms/images/room_7/image_02_1.jpg');
INSERT INTO post_images (post_id, image_order, image_url) VALUES (27, 2, '/rooms/images/room_7/image_03_1.jpg');
INSERT INTO post_images (post_id, image_order, image_url) VALUES (27, 3, '/rooms/images/room_7/image_04_1.jpg');
INSERT INTO post_images (post_id, image_order, image_url) VALUES (27, 4, '/rooms/images/room_7/image_05_1.jpg');

-- ==========================================
-- ROOM 28 near HCMUT - Dist: 3.04km - Price: 1,700,000
-- ==========================================
INSERT INTO rooms (id, landlord_id, room_number, address, province, district, ward, latitude, longitude, area, floor, max_occupancy, direction, has_windows, has_balcony, thumbnail_url, is_pet_friendly, is_parking_available, curfew, rules, view_count, favorite_count, created_at, updated_at, version, nearby_university_id, nearby_university_name, distance_to_university, nearest_bus_station)
VALUES (28, 2, 'P.349', 'Số 137 Tân Lập, Phường Đông Hòa, Dĩ An, Bình Dương', 'Bình Dương', 'Dĩ An', 'Đông Hòa', 10.872864, 106.779889, 33.0, 4, 6, 'SOUTH', true, false, '/rooms/images/room_8/image_01_1.jpg', true, false, '22:00', 'Giữ trật tự chung sau 22h, dọn dẹp vệ sinh phòng sạch sẽ, phòng cháy chữa cháy an toàn.', 172, 13, NOW() - INTERVAL '11 days', NOW(), 0, 4, 'Trường Đại học Bách Khoa - ĐHQG TP.HCM (Cơ sở Dĩ An)', 3.04, 0.4);
INSERT INTO room_amenities (room_id, amenity_id) VALUES (28, 1) ON CONFLICT DO NOTHING;
INSERT INTO room_amenities (room_id, amenity_id) VALUES (28, 2) ON CONFLICT DO NOTHING;
INSERT INTO room_amenities (room_id, amenity_id) VALUES (28, 3) ON CONFLICT DO NOTHING;
INSERT INTO room_amenities (room_id, amenity_id) VALUES (28, 4) ON CONFLICT DO NOTHING;
INSERT INTO room_amenities (room_id, amenity_id) VALUES (28, 5) ON CONFLICT DO NOTHING;
INSERT INTO room_amenities (room_id, amenity_id) VALUES (28, 7) ON CONFLICT DO NOTHING;
INSERT INTO room_amenities (room_id, amenity_id) VALUES (28, 11) ON CONFLICT DO NOTHING;
INSERT INTO room_amenities (room_id, amenity_id) VALUES (28, 12) ON CONFLICT DO NOTHING;
INSERT INTO room_images (room_id, image_url) VALUES (28, '/rooms/images/room_8/image_01_1.jpg');
INSERT INTO room_images (room_id, image_url) VALUES (28, '/rooms/images/room_8/image_02_1.jpg');
INSERT INTO room_images (room_id, image_url) VALUES (28, '/rooms/images/room_8/image_03_1.jpg');
INSERT INTO room_images (room_id, image_url) VALUES (28, '/rooms/images/room_8/image_04_1.jpg');
INSERT INTO room_images (room_id, image_url) VALUES (28, '/rooms/images/room_8/image_05.jpg');
INSERT INTO room_images (room_id, image_url) VALUES (28, '/rooms/images/room_8/image_06.jpg');
INSERT INTO room_images (room_id, image_url) VALUES (28, '/rooms/images/room_8/image_07.jpg');
INSERT INTO room_images (room_id, image_url) VALUES (28, '/rooms/images/room_8/image_08.jpg');
INSERT INTO posts (id, landlord_id, room_id, title, description, price, deposit_amount, price_type, status, approved_by, approved_at, expires_at, is_boosted, boosted_until, view_count, favorite_count, contact_count, booking_count, created_at, updated_at, version, video_url, video_thumbnail)
VALUES (28, 2, 28, 'Sleepbox cao cấp tiện nghi, bảo mật 33m2 cách HCMUT 3.04km - Tân Lập', '**Vị trí thuận tiện và yên tĩnh**
- Địa chỉ: Tân Lập, Phường Đông Hòa, Dĩ An.
- Chỉ cách khuôn viên trường Trường Đại học Bách Khoa - ĐHQG TP.HCM (Cơ sở Dĩ An) (HCMUT) khoảng 3.04km. Việc đi học hàng ngày cực kỳ thuận tiện và nhanh chóng bằng xe máy, xe buýt hoặc đi bộ. Khu vực xung quanh cao ráo, không bị ngập nước, đường sá thông thoáng.

**Thiết kế căn phòng**
- Diện tích sử dụng: 33m2. Thiết kế tối ưu không gian, sạch sẽ, thoáng mát, thích hợp cho việc học tập lâu dài.
- Sở hữu cửa sổ lớn đón ánh sáng tự nhiên tốt, giữ phòng luôn khô ráo.

**Các tiện ích lắp sẵn**
- Wifi internet tốc độ cao riêng biệt từng phòng
- Máy điều hòa nhiệt độ Inverter hoạt động êm ái, tiết kiệm điện
- Hệ thống nước nóng lạnh an toàn
- Chỗ để xe máy rộng rãi dưới tầng trệt, an ninh đảm bảo
- Khu vực giặt sấy/máy giặt tiện nghi

**An ninh và quy định**
- Hệ thống cửa cổng kiểm soát bằng khóa vân tay bảo mật cao kết hợp camera giám sát 24/7.
- Giờ đóng cổng: 22:00 đêm nhằm đảm bảo trật tự chung.
- Môi trường sống văn minh, hàng xóm chủ yếu là sinh viên ngoan ngoãn và nhân viên văn phòng lịch sự.

**Thông tin chi phí thuê**
- Giá thuê hàng tháng: 1,700,000 đ/tháng.
- Tiền đặt cọc: 1,700,000 đ (cam kết hoàn trả đầy đủ khi kết thúc hợp đồng theo đúng thỏa thuận).
- Chỉ số điện nước tính theo đồng hồ riêng gắn trước cửa phòng, cam kết thu đúng chỉ số tiêu thụ thực tế.', 1700000.0, 1700000.0, 'MONTHLY', 'APPROVED', 1, NOW() - INTERVAL '3 days', NOW() + INTERVAL '27 days', true, NOW() + INTERVAL '3 days', 408, 49, 9, 4, NOW() - INTERVAL '1 days', NOW(), 0, '/posts/videos/room_8/video_01_1.mp4', '/rooms/images/room_8/image_01_1.jpg');
INSERT INTO post_images (post_id, image_order, image_url) VALUES (28, 0, '/rooms/images/room_8/image_01_1.jpg');
INSERT INTO post_images (post_id, image_order, image_url) VALUES (28, 1, '/rooms/images/room_8/image_02_1.jpg');
INSERT INTO post_images (post_id, image_order, image_url) VALUES (28, 2, '/rooms/images/room_8/image_03_1.jpg');
INSERT INTO post_images (post_id, image_order, image_url) VALUES (28, 3, '/rooms/images/room_8/image_04_1.jpg');
INSERT INTO post_images (post_id, image_order, image_url) VALUES (28, 4, '/rooms/images/room_8/image_05.jpg');
INSERT INTO post_images (post_id, image_order, image_url) VALUES (28, 5, '/rooms/images/room_8/image_06.jpg');
INSERT INTO post_images (post_id, image_order, image_url) VALUES (28, 6, '/rooms/images/room_8/image_07.jpg');
INSERT INTO post_images (post_id, image_order, image_url) VALUES (28, 7, '/rooms/images/room_8/image_08.jpg');

-- ==========================================
-- ROOM 29 near HCMUS - Dist: 3.53km - Price: 2,200,000
-- ==========================================
INSERT INTO rooms (id, landlord_id, room_number, address, province, district, ward, latitude, longitude, area, floor, max_occupancy, direction, has_windows, has_balcony, thumbnail_url, is_pet_friendly, is_parking_available, curfew, rules, view_count, favorite_count, created_at, updated_at, version, nearby_university_id, nearby_university_name, distance_to_university, nearest_bus_station)
VALUES (29, 3, 'P.119', 'Số 118 Trần Hưng Đạo, Phường Tân Đông Hiệp, Dĩ An, Bình Dương', 'Bình Dương', 'Dĩ An', 'Tân Đông Hiệp', 10.845963, 106.811075, 19.0, 2, 2, 'WEST', true, true, '/rooms/images/room_9/image_01_1.jpg', true, true, '22:00', 'Giữ trật tự chung sau 22h, dọn dẹp vệ sinh phòng sạch sẽ, phòng cháy chữa cháy an toàn.', 182, 36, NOW() - INTERVAL '12 days', NOW(), 0, 5, 'Trường Đại học Khoa học Tự nhiên - ĐHQG TP.HCM (Cơ sở Dĩ An)', 3.53, 0.26);
INSERT INTO room_amenities (room_id, amenity_id) VALUES (29, 1) ON CONFLICT DO NOTHING;
INSERT INTO room_amenities (room_id, amenity_id) VALUES (29, 2) ON CONFLICT DO NOTHING;
INSERT INTO room_amenities (room_id, amenity_id) VALUES (29, 3) ON CONFLICT DO NOTHING;
INSERT INTO room_amenities (room_id, amenity_id) VALUES (29, 4) ON CONFLICT DO NOTHING;
INSERT INTO room_amenities (room_id, amenity_id) VALUES (29, 5) ON CONFLICT DO NOTHING;
INSERT INTO room_amenities (room_id, amenity_id) VALUES (29, 6) ON CONFLICT DO NOTHING;
INSERT INTO room_amenities (room_id, amenity_id) VALUES (29, 9) ON CONFLICT DO NOTHING;
INSERT INTO room_images (room_id, image_url) VALUES (29, '/rooms/images/room_9/image_01_1.jpg');
INSERT INTO room_images (room_id, image_url) VALUES (29, '/rooms/images/room_9/image_02_1.jpg');
INSERT INTO room_images (room_id, image_url) VALUES (29, '/rooms/images/room_9/image_03_1.jpg');
INSERT INTO room_images (room_id, image_url) VALUES (29, '/rooms/images/room_9/image_04_1.jpg');
INSERT INTO room_images (room_id, image_url) VALUES (29, '/rooms/images/room_9/image_05.jpg');
INSERT INTO room_images (room_id, image_url) VALUES (29, '/rooms/images/room_9/image_06.jpg');
INSERT INTO posts (id, landlord_id, room_id, title, description, price, deposit_amount, price_type, status, approved_by, approved_at, expires_at, is_boosted, boosted_until, view_count, favorite_count, contact_count, booking_count, created_at, updated_at, version, video_url, video_thumbnail)
VALUES (29, 3, 29, 'Phòng trọ ban công thoáng mát gần trường 19m2 cách HCMUS 3.53km - Trần Hưng Đạo', '**Vị trí thuận tiện và yên tĩnh**
- Địa chỉ: Trần Hưng Đạo, Phường Tân Đông Hiệp, Dĩ An.
- Chỉ cách khuôn viên trường Trường Đại học Khoa học Tự nhiên - ĐHQG TP.HCM (Cơ sở Dĩ An) (HCMUS) khoảng 3.53km. Việc đi học hàng ngày cực kỳ thuận tiện và nhanh chóng bằng xe máy, xe buýt hoặc đi bộ. Khu vực xung quanh cao ráo, không bị ngập nước, đường sá thông thoáng.

**Thiết kế căn phòng**
- Diện tích sử dụng: 19m2. Thiết kế tối ưu không gian, sạch sẽ, thoáng mát, thích hợp cho việc học tập lâu dài.
- Sở hữu cửa sổ lớn đón ánh sáng tự nhiên tốt, giữ phòng luôn khô ráo.
- Có ban công riêng đón gió mát mẻ, thuận tiện cho việc phơi đồ hoặc làm góc thư giãn.

**Các tiện ích lắp sẵn**
- Wifi internet tốc độ cao riêng biệt từng phòng
- Máy điều hòa nhiệt độ Inverter hoạt động êm ái, tiết kiệm điện
- Hệ thống nước nóng lạnh an toàn
- Chỗ để xe máy rộng rãi dưới tầng trệt, an ninh đảm bảo
- Tủ lạnh dung tích lớn tiện lợi lưu trữ đồ ăn
- Kệ bếp nấu ăn thoáng khí, tủ bếp sạch sẽ

**An ninh và quy định**
- Hệ thống cửa cổng kiểm soát bằng khóa vân tay bảo mật cao kết hợp camera giám sát 24/7.
- Giờ đóng cổng: 22:00 đêm nhằm đảm bảo trật tự chung.
- Môi trường sống văn minh, hàng xóm chủ yếu là sinh viên ngoan ngoãn và nhân viên văn phòng lịch sự.

**Thông tin chi phí thuê**
- Giá thuê hàng tháng: 2,200,000 đ/tháng.
- Tiền đặt cọc: 4,400,000 đ (cam kết hoàn trả đầy đủ khi kết thúc hợp đồng theo đúng thỏa thuận).
- Chỉ số điện nước tính theo đồng hồ riêng gắn trước cửa phòng, cam kết thu đúng chỉ số tiêu thụ thực tế.', 2200000.0, 4400000.0, 'MONTHLY', 'APPROVED', 1, NOW() - INTERVAL '3 days', NOW() + INTERVAL '27 days', false, NULL, 147, 28, 11, 8, NOW() - INTERVAL '2 days', NOW(), 0, '/posts/videos/room_9/video_01_1.mp4', '/rooms/images/room_9/image_01_1.jpg');
INSERT INTO post_images (post_id, image_order, image_url) VALUES (29, 0, '/rooms/images/room_9/image_01_1.jpg');
INSERT INTO post_images (post_id, image_order, image_url) VALUES (29, 1, '/rooms/images/room_9/image_02_1.jpg');
INSERT INTO post_images (post_id, image_order, image_url) VALUES (29, 2, '/rooms/images/room_9/image_03_1.jpg');
INSERT INTO post_images (post_id, image_order, image_url) VALUES (29, 3, '/rooms/images/room_9/image_04_1.jpg');
INSERT INTO post_images (post_id, image_order, image_url) VALUES (29, 4, '/rooms/images/room_9/image_05.jpg');
INSERT INTO post_images (post_id, image_order, image_url) VALUES (29, 5, '/rooms/images/room_9/image_06.jpg');

-- ==========================================
-- ROOM 30 near IU - Dist: 4.12km - Price: 4,400,000
-- ==========================================
INSERT INTO rooms (id, landlord_id, room_number, address, province, district, ward, latitude, longitude, area, floor, max_occupancy, direction, has_windows, has_balcony, thumbnail_url, is_pet_friendly, is_parking_available, curfew, rules, view_count, favorite_count, created_at, updated_at, version, nearby_university_id, nearby_university_name, distance_to_university, nearest_bus_station)
VALUES (30, 4, 'P.196', 'Số 141 KDC Him Lam Phú Đông, Phường An Bình, Dĩ An, Bình Dương', 'Bình Dương', 'Dĩ An', 'An Bình', 10.868723, 106.838213, 44.0, 4, 3, 'SOUTHWEST', true, true, '/rooms/images/room_10/image_01_1.jpg', false, true, '22:00', 'Giữ trật tự chung sau 22h, dọn dẹp vệ sinh phòng sạch sẽ, phòng cháy chữa cháy an toàn.', 229, 36, NOW() - INTERVAL '11 days', NOW(), 0, 6, 'Trường Đại học Quốc tế - ĐHQG TP.HCM', 4.12, 0.43);
INSERT INTO room_amenities (room_id, amenity_id) VALUES (30, 1) ON CONFLICT DO NOTHING;
INSERT INTO room_amenities (room_id, amenity_id) VALUES (30, 2) ON CONFLICT DO NOTHING;
INSERT INTO room_amenities (room_id, amenity_id) VALUES (30, 3) ON CONFLICT DO NOTHING;
INSERT INTO room_amenities (room_id, amenity_id) VALUES (30, 4) ON CONFLICT DO NOTHING;
INSERT INTO room_amenities (room_id, amenity_id) VALUES (30, 5) ON CONFLICT DO NOTHING;
INSERT INTO room_amenities (room_id, amenity_id) VALUES (30, 6) ON CONFLICT DO NOTHING;
INSERT INTO room_amenities (room_id, amenity_id) VALUES (30, 7) ON CONFLICT DO NOTHING;
INSERT INTO room_amenities (room_id, amenity_id) VALUES (30, 8) ON CONFLICT DO NOTHING;
INSERT INTO room_amenities (room_id, amenity_id) VALUES (30, 9) ON CONFLICT DO NOTHING;
INSERT INTO room_amenities (room_id, amenity_id) VALUES (30, 10) ON CONFLICT DO NOTHING;
INSERT INTO room_amenities (room_id, amenity_id) VALUES (30, 11) ON CONFLICT DO NOTHING;
INSERT INTO room_amenities (room_id, amenity_id) VALUES (30, 12) ON CONFLICT DO NOTHING;
INSERT INTO room_images (room_id, image_url) VALUES (30, '/rooms/images/room_10/image_01_1.jpg');
INSERT INTO room_images (room_id, image_url) VALUES (30, '/rooms/images/room_10/image_02_1.jpg');
INSERT INTO room_images (room_id, image_url) VALUES (30, '/rooms/images/room_10/image_03_1.jpg');
INSERT INTO room_images (room_id, image_url) VALUES (30, '/rooms/images/room_10/image_04_1.jpg');
INSERT INTO room_images (room_id, image_url) VALUES (30, '/rooms/images/room_10/image_05.jpg');
INSERT INTO room_images (room_id, image_url) VALUES (30, '/rooms/images/room_10/image_06.jpg');
INSERT INTO room_images (room_id, image_url) VALUES (30, '/rooms/images/room_10/image_07.jpg');
INSERT INTO room_images (room_id, image_url) VALUES (30, '/rooms/images/room_10/image_08.jpg');
INSERT INTO posts (id, landlord_id, room_id, title, description, price, deposit_amount, price_type, status, approved_by, approved_at, expires_at, is_boosted, boosted_until, view_count, favorite_count, contact_count, booking_count, created_at, updated_at, version, video_url, video_thumbnail)
VALUES (30, 4, 30, 'Căn hộ dịch vụ 1PN sang trọng, an ninh 44m2 cách IU 4.12km - KDC Him Lam Phú Đông', '**Vị trí thuận tiện và yên tĩnh**
- Địa chỉ: KDC Him Lam Phú Đông, Phường An Bình, Dĩ An.
- Chỉ cách khuôn viên trường Trường Đại học Quốc tế - ĐHQG TP.HCM (IU) khoảng 4.12km. Việc đi học hàng ngày cực kỳ thuận tiện và nhanh chóng bằng xe máy, xe buýt hoặc đi bộ. Khu vực xung quanh cao ráo, không bị ngập nước, đường sá thông thoáng.

**Thiết kế căn phòng**
- Diện tích sử dụng: 44m2. Thiết kế tối ưu không gian, sạch sẽ, thoáng mát, thích hợp cho việc học tập lâu dài.
- Sở hữu cửa sổ lớn đón ánh sáng tự nhiên tốt, giữ phòng luôn khô ráo.
- Có ban công riêng đón gió mát mẻ, thuận tiện cho việc phơi đồ hoặc làm góc thư giãn.

**Các tiện ích lắp sẵn**
- Wifi internet tốc độ cao riêng biệt từng phòng
- Máy điều hòa nhiệt độ Inverter hoạt động êm ái, tiết kiệm điện
- Hệ thống nước nóng lạnh an toàn
- Chỗ để xe máy rộng rãi dưới tầng trệt, an ninh đảm bảo
- Tủ lạnh dung tích lớn tiện lợi lưu trữ đồ ăn
- Khu vực giặt sấy/máy giặt tiện nghi
- Kệ bếp nấu ăn thoáng khí, tủ bếp sạch sẽ

**An ninh và quy định**
- Hệ thống cửa cổng kiểm soát bằng khóa vân tay bảo mật cao kết hợp camera giám sát 24/7.
- Giờ đóng cổng: 22:00 đêm nhằm đảm bảo trật tự chung.
- Môi trường sống văn minh, hàng xóm chủ yếu là sinh viên ngoan ngoãn và nhân viên văn phòng lịch sự.

**Thông tin chi phí thuê**
- Giá thuê hàng tháng: 4,400,000 đ/tháng.
- Tiền đặt cọc: 8,800,000 đ (cam kết hoàn trả đầy đủ khi kết thúc hợp đồng theo đúng thỏa thuận).
- Chỉ số điện nước tính theo đồng hồ riêng gắn trước cửa phòng, cam kết thu đúng chỉ số tiêu thụ thực tế.', 4400000.0, 8800000.0, 'MONTHLY', 'APPROVED', 1, NOW() - INTERVAL '3 days', NOW() + INTERVAL '27 days', false, NULL, 193, 62, 27, 3, NOW() - INTERVAL '7 days', NOW(), 0, '/posts/videos/room_10/video_01_1.mp4', '/rooms/images/room_10/image_01_1.jpg');
INSERT INTO post_images (post_id, image_order, image_url) VALUES (30, 0, '/rooms/images/room_10/image_01_1.jpg');
INSERT INTO post_images (post_id, image_order, image_url) VALUES (30, 1, '/rooms/images/room_10/image_02_1.jpg');
INSERT INTO post_images (post_id, image_order, image_url) VALUES (30, 2, '/rooms/images/room_10/image_03_1.jpg');
INSERT INTO post_images (post_id, image_order, image_url) VALUES (30, 3, '/rooms/images/room_10/image_04_1.jpg');
INSERT INTO post_images (post_id, image_order, image_url) VALUES (30, 4, '/rooms/images/room_10/image_05.jpg');
INSERT INTO post_images (post_id, image_order, image_url) VALUES (30, 5, '/rooms/images/room_10/image_06.jpg');
INSERT INTO post_images (post_id, image_order, image_url) VALUES (30, 6, '/rooms/images/room_10/image_07.jpg');
INSERT INTO post_images (post_id, image_order, image_url) VALUES (30, 7, '/rooms/images/room_10/image_08.jpg');

-- ==========================================
-- ROOM 31 near UEH - Dist: 4.82km - Price: 1,300,000
-- ==========================================
INSERT INTO rooms (id, landlord_id, room_number, address, province, district, ward, latitude, longitude, area, floor, max_occupancy, direction, has_windows, has_balcony, thumbnail_url, is_pet_friendly, is_parking_available, curfew, rules, view_count, favorite_count, created_at, updated_at, version, nearby_university_id, nearby_university_name, distance_to_university, nearest_bus_station)
VALUES (31, 2, 'P.199', 'Số 41 Nguyễn Đình Chiểu, Phường Võ Thị Sáu, Quận 3, TP Hồ Chí Minh', 'TP Hồ Chí Minh', 'Quận 3', 'Phường Võ Thị Sáu', 10.73955, 106.693077, 15.0, 3, 2, 'NORTH', true, false, '/rooms/images/room_11/image_01_1.jpg', true, true, NULL, 'Giữ trật tự chung sau 22h, dọn dẹp vệ sinh phòng sạch sẽ, phòng cháy chữa cháy an toàn.', 64, 14, NOW() - INTERVAL '4 days', NOW(), 0, 7, 'Trường Đại học Kinh tế TP.HCM (Cơ sở A)', 4.82, 0.31);
INSERT INTO room_amenities (room_id, amenity_id) VALUES (31, 1) ON CONFLICT DO NOTHING;
INSERT INTO room_amenities (room_id, amenity_id) VALUES (31, 3) ON CONFLICT DO NOTHING;
INSERT INTO room_amenities (room_id, amenity_id) VALUES (31, 4) ON CONFLICT DO NOTHING;
INSERT INTO room_amenities (room_id, amenity_id) VALUES (31, 9) ON CONFLICT DO NOTHING;
INSERT INTO room_images (room_id, image_url) VALUES (31, '/rooms/images/room_11/image_01_1.jpg');
INSERT INTO room_images (room_id, image_url) VALUES (31, '/rooms/images/room_11/image_02_1.jpg');
INSERT INTO room_images (room_id, image_url) VALUES (31, '/rooms/images/room_11/image_03_1.jpg');
INSERT INTO room_images (room_id, image_url) VALUES (31, '/rooms/images/room_11/image_04_1.jpg');
INSERT INTO room_images (room_id, image_url) VALUES (31, '/rooms/images/room_11/image_05.jpg');
INSERT INTO room_images (room_id, image_url) VALUES (31, '/rooms/images/room_11/image_06.jpg');
INSERT INTO posts (id, landlord_id, room_id, title, description, price, deposit_amount, price_type, status, approved_by, approved_at, expires_at, is_boosted, boosted_until, view_count, favorite_count, contact_count, booking_count, created_at, updated_at, version, video_url, video_thumbnail)
VALUES (31, 2, 31, 'Phòng trọ mini giá rẻ sinh viên 15m2 cách UEH 4.82km - Nguyễn Đình Chiểu', '**Vị trí thuận tiện và yên tĩnh**
- Địa chỉ: Nguyễn Đình Chiểu, Phường Võ Thị Sáu, Quận 3.
- Chỉ cách khuôn viên trường Trường Đại học Kinh tế TP.HCM (Cơ sở A) (UEH) khoảng 4.82km. Việc đi học hàng ngày cực kỳ thuận tiện và nhanh chóng bằng xe máy, xe buýt hoặc đi bộ. Khu vực xung quanh cao ráo, không bị ngập nước, đường sá thông thoáng.

**Thiết kế căn phòng**
- Diện tích sử dụng: 15m2. Thiết kế tối ưu không gian, sạch sẽ, thoáng mát, thích hợp cho việc học tập lâu dài.
- Sở hữu cửa sổ lớn đón ánh sáng tự nhiên tốt, giữ phòng luôn khô ráo.

**Các tiện ích lắp sẵn**
- Wifi internet tốc độ cao riêng biệt từng phòng
- Hệ thống nước nóng lạnh an toàn
- Chỗ để xe máy rộng rãi dưới tầng trệt, an ninh đảm bảo
- Kệ bếp nấu ăn thoáng khí, tủ bếp sạch sẽ

**An ninh và quy định**
- Hệ thống cửa cổng kiểm soát bằng khóa vân tay bảo mật cao kết hợp camera giám sát 24/7.
- Giờ giấc ra vào tự do thoải mái, không chung chủ.
- Môi trường sống văn minh, hàng xóm chủ yếu là sinh viên ngoan ngoãn và nhân viên văn phòng lịch sự.

**Thông tin chi phí thuê**
- Giá thuê hàng tháng: 1,300,000 đ/tháng.
- Tiền đặt cọc: 2,600,000 đ (cam kết hoàn trả đầy đủ khi kết thúc hợp đồng theo đúng thỏa thuận).
- Chỉ số điện nước tính theo đồng hồ riêng gắn trước cửa phòng, cam kết thu đúng chỉ số tiêu thụ thực tế.', 1300000.0, 2600000.0, 'MONTHLY', 'APPROVED', 1, NOW() - INTERVAL '3 days', NOW() + INTERVAL '27 days', true, NOW() + INTERVAL '6 days', 495, 38, 40, 7, NOW() - INTERVAL '2 days', NOW(), 0, '/posts/videos/room_11/video_01_1.mp4', '/rooms/images/room_11/image_01_1.jpg');
INSERT INTO post_images (post_id, image_order, image_url) VALUES (31, 0, '/rooms/images/room_11/image_01_1.jpg');
INSERT INTO post_images (post_id, image_order, image_url) VALUES (31, 1, '/rooms/images/room_11/image_02_1.jpg');
INSERT INTO post_images (post_id, image_order, image_url) VALUES (31, 2, '/rooms/images/room_11/image_03_1.jpg');
INSERT INTO post_images (post_id, image_order, image_url) VALUES (31, 3, '/rooms/images/room_11/image_04_1.jpg');
INSERT INTO post_images (post_id, image_order, image_url) VALUES (31, 4, '/rooms/images/room_11/image_05.jpg');
INSERT INTO post_images (post_id, image_order, image_url) VALUES (31, 5, '/rooms/images/room_11/image_06.jpg');

-- ==========================================
-- ROOM 32 near FTU2 - Dist: 3.92km - Price: 3,300,000
-- ==========================================
INSERT INTO rooms (id, landlord_id, room_number, address, province, district, ward, latitude, longitude, area, floor, max_occupancy, direction, has_windows, has_balcony, thumbnail_url, is_pet_friendly, is_parking_available, curfew, rules, view_count, favorite_count, created_at, updated_at, version, nearby_university_id, nearby_university_name, distance_to_university, nearest_bus_station)
VALUES (32, 3, 'P.452', 'Số 138 Xô Viết Nghệ Tĩnh, Phường 25, Bình Thạnh, TP Hồ Chí Minh', 'TP Hồ Chí Minh', 'Bình Thạnh', 'Phường 25', 10.775451, 106.737931, 28.0, 5, 3, 'NORTHWEST', true, true, '/rooms/images/room_12/image_01_1.jpg', false, true, '23:00', 'Giữ trật tự chung sau 22h, dọn dẹp vệ sinh phòng sạch sẽ, phòng cháy chữa cháy an toàn.', 146, 24, NOW() - INTERVAL '5 days', NOW(), 0, 8, 'Trường Đại học Ngoại thương - Cơ sở 2', 3.92, 0.22);
INSERT INTO room_amenities (room_id, amenity_id) VALUES (32, 1) ON CONFLICT DO NOTHING;
INSERT INTO room_amenities (room_id, amenity_id) VALUES (32, 2) ON CONFLICT DO NOTHING;
INSERT INTO room_amenities (room_id, amenity_id) VALUES (32, 3) ON CONFLICT DO NOTHING;
INSERT INTO room_amenities (room_id, amenity_id) VALUES (32, 4) ON CONFLICT DO NOTHING;
INSERT INTO room_amenities (room_id, amenity_id) VALUES (32, 5) ON CONFLICT DO NOTHING;
INSERT INTO room_amenities (room_id, amenity_id) VALUES (32, 6) ON CONFLICT DO NOTHING;
INSERT INTO room_amenities (room_id, amenity_id) VALUES (32, 7) ON CONFLICT DO NOTHING;
INSERT INTO room_amenities (room_id, amenity_id) VALUES (32, 9) ON CONFLICT DO NOTHING;
INSERT INTO room_amenities (room_id, amenity_id) VALUES (32, 12) ON CONFLICT DO NOTHING;
INSERT INTO room_images (room_id, image_url) VALUES (32, '/rooms/images/room_12/image_01_1.jpg');
INSERT INTO room_images (room_id, image_url) VALUES (32, '/rooms/images/room_12/image_02_1.jpg');
INSERT INTO room_images (room_id, image_url) VALUES (32, '/rooms/images/room_12/image_03_1.jpg');
INSERT INTO room_images (room_id, image_url) VALUES (32, '/rooms/images/room_12/image_04_1.jpg');
INSERT INTO room_images (room_id, image_url) VALUES (32, '/rooms/images/room_12/image_05.jpg');
INSERT INTO room_images (room_id, image_url) VALUES (32, '/rooms/images/room_12/image_06.jpg');
INSERT INTO posts (id, landlord_id, room_id, title, description, price, deposit_amount, price_type, status, approved_by, approved_at, expires_at, is_boosted, boosted_until, view_count, favorite_count, contact_count, booking_count, created_at, updated_at, version, video_url, video_thumbnail)
VALUES (32, 3, 32, 'Căn hộ Studio gác lửng full nội thất 28m2 cách FTU2 3.92km - Xô Viết Nghệ Tĩnh', '**Vị trí thuận tiện và yên tĩnh**
- Địa chỉ: Xô Viết Nghệ Tĩnh, Phường 25, Bình Thạnh.
- Chỉ cách khuôn viên trường Trường Đại học Ngoại thương - Cơ sở 2 (FTU2) khoảng 3.92km. Việc đi học hàng ngày cực kỳ thuận tiện và nhanh chóng bằng xe máy, xe buýt hoặc đi bộ. Khu vực xung quanh cao ráo, không bị ngập nước, đường sá thông thoáng.

**Thiết kế căn phòng**
- Diện tích sử dụng: 28m2. Thiết kế tối ưu không gian, sạch sẽ, thoáng mát, thích hợp cho việc học tập lâu dài.
- Sở hữu cửa sổ lớn đón ánh sáng tự nhiên tốt, giữ phòng luôn khô ráo.
- Có ban công riêng đón gió mát mẻ, thuận tiện cho việc phơi đồ hoặc làm góc thư giãn.

**Các tiện ích lắp sẵn**
- Wifi internet tốc độ cao riêng biệt từng phòng
- Máy điều hòa nhiệt độ Inverter hoạt động êm ái, tiết kiệm điện
- Hệ thống nước nóng lạnh an toàn
- Chỗ để xe máy rộng rãi dưới tầng trệt, an ninh đảm bảo
- Tủ lạnh dung tích lớn tiện lợi lưu trữ đồ ăn
- Khu vực giặt sấy/máy giặt tiện nghi
- Kệ bếp nấu ăn thoáng khí, tủ bếp sạch sẽ

**An ninh và quy định**
- Hệ thống cửa cổng kiểm soát bằng khóa vân tay bảo mật cao kết hợp camera giám sát 24/7.
- Giờ đóng cổng: 23:00 đêm nhằm đảm bảo trật tự chung.
- Môi trường sống văn minh, hàng xóm chủ yếu là sinh viên ngoan ngoãn và nhân viên văn phòng lịch sự.

**Thông tin chi phí thuê**
- Giá thuê hàng tháng: 3,300,000 đ/tháng.
- Tiền đặt cọc: 3,300,000 đ (cam kết hoàn trả đầy đủ khi kết thúc hợp đồng theo đúng thỏa thuận).
- Chỉ số điện nước tính theo đồng hồ riêng gắn trước cửa phòng, cam kết thu đúng chỉ số tiêu thụ thực tế.', 3300000.0, 3300000.0, 'MONTHLY', 'APPROVED', 1, NOW() - INTERVAL '3 days', NOW() + INTERVAL '27 days', true, NOW() + INTERVAL '9 days', 261, 51, 16, 5, NOW() - INTERVAL '9 days', NOW(), 0, '/posts/videos/room_12/video_01_1.mp4', '/rooms/images/room_12/image_01_1.jpg');
INSERT INTO post_images (post_id, image_order, image_url) VALUES (32, 0, '/rooms/images/room_12/image_01_1.jpg');
INSERT INTO post_images (post_id, image_order, image_url) VALUES (32, 1, '/rooms/images/room_12/image_02_1.jpg');
INSERT INTO post_images (post_id, image_order, image_url) VALUES (32, 2, '/rooms/images/room_12/image_03_1.jpg');
INSERT INTO post_images (post_id, image_order, image_url) VALUES (32, 3, '/rooms/images/room_12/image_04_1.jpg');
INSERT INTO post_images (post_id, image_order, image_url) VALUES (32, 4, '/rooms/images/room_12/image_05.jpg');
INSERT INTO post_images (post_id, image_order, image_url) VALUES (32, 5, '/rooms/images/room_12/image_06.jpg');

-- ==========================================
-- ROOM 33 near NLU - Dist: 3.74km - Price: 1,400,000
-- ==========================================
INSERT INTO rooms (id, landlord_id, room_number, address, province, district, ward, latitude, longitude, area, floor, max_occupancy, direction, has_windows, has_balcony, thumbnail_url, is_pet_friendly, is_parking_available, curfew, rules, view_count, favorite_count, created_at, updated_at, version, nearby_university_id, nearby_university_name, distance_to_university, nearest_bus_station)
VALUES (33, 4, 'P.614', 'Số 115 Lê Văn Chí, Phường Hiệp Phú, Thủ Đức, TP Hồ Chí Minh', 'TP Hồ Chí Minh', 'Thủ Đức', 'Hiệp Phú', 10.888284, 106.758912, 35.0, 5, 6, 'NORTH', true, false, '/rooms/images/room_13/image_01.jpg', false, false, '22:00', 'Giữ trật tự chung sau 22h, dọn dẹp vệ sinh phòng sạch sẽ, phòng cháy chữa cháy an toàn.', 185, 5, NOW() - INTERVAL '14 days', NOW(), 0, 1, 'Trường Đại học Nông Lâm TP.HCM', 3.74, 0.13);
INSERT INTO room_amenities (room_id, amenity_id) VALUES (33, 1) ON CONFLICT DO NOTHING;
INSERT INTO room_amenities (room_id, amenity_id) VALUES (33, 2) ON CONFLICT DO NOTHING;
INSERT INTO room_amenities (room_id, amenity_id) VALUES (33, 3) ON CONFLICT DO NOTHING;
INSERT INTO room_amenities (room_id, amenity_id) VALUES (33, 4) ON CONFLICT DO NOTHING;
INSERT INTO room_amenities (room_id, amenity_id) VALUES (33, 5) ON CONFLICT DO NOTHING;
INSERT INTO room_amenities (room_id, amenity_id) VALUES (33, 7) ON CONFLICT DO NOTHING;
INSERT INTO room_amenities (room_id, amenity_id) VALUES (33, 11) ON CONFLICT DO NOTHING;
INSERT INTO room_amenities (room_id, amenity_id) VALUES (33, 12) ON CONFLICT DO NOTHING;
INSERT INTO room_images (room_id, image_url) VALUES (33, '/rooms/images/room_13/image_01.jpg');
INSERT INTO room_images (room_id, image_url) VALUES (33, '/rooms/images/room_13/image_02.jpg');
INSERT INTO room_images (room_id, image_url) VALUES (33, '/rooms/images/room_13/image_03.jpg');
INSERT INTO posts (id, landlord_id, room_id, title, description, price, deposit_amount, price_type, status, approved_by, approved_at, expires_at, is_boosted, boosted_until, view_count, favorite_count, contact_count, booking_count, created_at, updated_at, version, video_url, video_thumbnail)
VALUES (33, 4, 33, 'Sleepbox cao cấp tiện nghi, bảo mật 35m2 cách NLU 3.74km - Lê Văn Chí', '**Vị trí thuận tiện và yên tĩnh**
- Địa chỉ: Lê Văn Chí, Phường Hiệp Phú, Thủ Đức.
- Chỉ cách khuôn viên trường Trường Đại học Nông Lâm TP.HCM (NLU) khoảng 3.74km. Việc đi học hàng ngày cực kỳ thuận tiện và nhanh chóng bằng xe máy, xe buýt hoặc đi bộ. Khu vực xung quanh cao ráo, không bị ngập nước, đường sá thông thoáng.

**Thiết kế căn phòng**
- Diện tích sử dụng: 35m2. Thiết kế tối ưu không gian, sạch sẽ, thoáng mát, thích hợp cho việc học tập lâu dài.
- Sở hữu cửa sổ lớn đón ánh sáng tự nhiên tốt, giữ phòng luôn khô ráo.

**Các tiện ích lắp sẵn**
- Wifi internet tốc độ cao riêng biệt từng phòng
- Máy điều hòa nhiệt độ Inverter hoạt động êm ái, tiết kiệm điện
- Hệ thống nước nóng lạnh an toàn
- Chỗ để xe máy rộng rãi dưới tầng trệt, an ninh đảm bảo
- Khu vực giặt sấy/máy giặt tiện nghi

**An ninh và quy định**
- Hệ thống cửa cổng kiểm soát bằng khóa vân tay bảo mật cao kết hợp camera giám sát 24/7.
- Giờ đóng cổng: 22:00 đêm nhằm đảm bảo trật tự chung.
- Môi trường sống văn minh, hàng xóm chủ yếu là sinh viên ngoan ngoãn và nhân viên văn phòng lịch sự.

**Thông tin chi phí thuê**
- Giá thuê hàng tháng: 1,400,000 đ/tháng.
- Tiền đặt cọc: 2,800,000 đ (cam kết hoàn trả đầy đủ khi kết thúc hợp đồng theo đúng thỏa thuận).
- Chỉ số điện nước tính theo đồng hồ riêng gắn trước cửa phòng, cam kết thu đúng chỉ số tiêu thụ thực tế.', 1400000.0, 2800000.0, 'MONTHLY', 'APPROVED', 1, NOW() - INTERVAL '3 days', NOW() + INTERVAL '27 days', false, NULL, 151, 56, 35, 7, NOW() - INTERVAL '7 days', NOW(), 0, '/posts/videos/room_13/video_01_1.mp4', '/rooms/images/room_13/image_01.jpg');
INSERT INTO post_images (post_id, image_order, image_url) VALUES (33, 0, '/rooms/images/room_13/image_01.jpg');
INSERT INTO post_images (post_id, image_order, image_url) VALUES (33, 1, '/rooms/images/room_13/image_02.jpg');
INSERT INTO post_images (post_id, image_order, image_url) VALUES (33, 2, '/rooms/images/room_13/image_03.jpg');

-- ==========================================
-- ROOM 34 near HCMUTE - Dist: 5.17km - Price: 2,300,000
-- ==========================================
INSERT INTO rooms (id, landlord_id, room_number, address, province, district, ward, latitude, longitude, area, floor, max_occupancy, direction, has_windows, has_balcony, thumbnail_url, is_pet_friendly, is_parking_available, curfew, rules, view_count, favorite_count, created_at, updated_at, version, nearby_university_id, nearby_university_name, distance_to_university, nearest_bus_station)
VALUES (34, 2, 'P.539', 'Số 143 Hoàng Diệu 2, Phường Linh Chiểu, Thủ Đức, TP Hồ Chí Minh', 'TP Hồ Chí Minh', 'Thủ Đức', 'Linh Chiểu', 10.878165, 106.810653, 21.0, 6, 2, 'SOUTH', true, true, '/rooms/images/room_14/image_01_1.jpg', false, true, '23:00', 'Giữ trật tự chung sau 22h, dọn dẹp vệ sinh phòng sạch sẽ, phòng cháy chữa cháy an toàn.', 188, 5, NOW() - INTERVAL '7 days', NOW(), 0, 2, 'Trường Đại học Sư phạm Kỹ thuật TP.HCM', 5.17, 0.3);
INSERT INTO room_amenities (room_id, amenity_id) VALUES (34, 1) ON CONFLICT DO NOTHING;
INSERT INTO room_amenities (room_id, amenity_id) VALUES (34, 2) ON CONFLICT DO NOTHING;
INSERT INTO room_amenities (room_id, amenity_id) VALUES (34, 3) ON CONFLICT DO NOTHING;
INSERT INTO room_amenities (room_id, amenity_id) VALUES (34, 4) ON CONFLICT DO NOTHING;
INSERT INTO room_amenities (room_id, amenity_id) VALUES (34, 5) ON CONFLICT DO NOTHING;
INSERT INTO room_amenities (room_id, amenity_id) VALUES (34, 6) ON CONFLICT DO NOTHING;
INSERT INTO room_amenities (room_id, amenity_id) VALUES (34, 9) ON CONFLICT DO NOTHING;
INSERT INTO room_images (room_id, image_url) VALUES (34, '/rooms/images/room_14/image_01_1.jpg');
INSERT INTO room_images (room_id, image_url) VALUES (34, '/rooms/images/room_14/image_02_1.jpg');
INSERT INTO room_images (room_id, image_url) VALUES (34, '/rooms/images/room_14/image_03_1.jpg');
INSERT INTO room_images (room_id, image_url) VALUES (34, '/rooms/images/room_14/image_04.jpg');
INSERT INTO room_images (room_id, image_url) VALUES (34, '/rooms/images/room_14/image_05.jpg');
INSERT INTO room_images (room_id, image_url) VALUES (34, '/rooms/images/room_14/image_06.jpg');
INSERT INTO posts (id, landlord_id, room_id, title, description, price, deposit_amount, price_type, status, approved_by, approved_at, expires_at, is_boosted, boosted_until, view_count, favorite_count, contact_count, booking_count, created_at, updated_at, version, video_url, video_thumbnail)
VALUES (34, 2, 34, 'Phòng trọ ban công thoáng mát gần trường 21m2 cách HCMUTE 5.17km - Hoàng Diệu 2', '**Vị trí thuận tiện và yên tĩnh**
- Địa chỉ: Hoàng Diệu 2, Phường Linh Chiểu, Thủ Đức.
- Chỉ cách khuôn viên trường Trường Đại học Sư phạm Kỹ thuật TP.HCM (HCMUTE) khoảng 5.17km. Việc đi học hàng ngày cực kỳ thuận tiện và nhanh chóng bằng xe máy, xe buýt hoặc đi bộ. Khu vực xung quanh cao ráo, không bị ngập nước, đường sá thông thoáng.

**Thiết kế căn phòng**
- Diện tích sử dụng: 21m2. Thiết kế tối ưu không gian, sạch sẽ, thoáng mát, thích hợp cho việc học tập lâu dài.
- Sở hữu cửa sổ lớn đón ánh sáng tự nhiên tốt, giữ phòng luôn khô ráo.
- Có ban công riêng đón gió mát mẻ, thuận tiện cho việc phơi đồ hoặc làm góc thư giãn.

**Các tiện ích lắp sẵn**
- Wifi internet tốc độ cao riêng biệt từng phòng
- Máy điều hòa nhiệt độ Inverter hoạt động êm ái, tiết kiệm điện
- Hệ thống nước nóng lạnh an toàn
- Chỗ để xe máy rộng rãi dưới tầng trệt, an ninh đảm bảo
- Tủ lạnh dung tích lớn tiện lợi lưu trữ đồ ăn
- Kệ bếp nấu ăn thoáng khí, tủ bếp sạch sẽ

**An ninh và quy định**
- Hệ thống cửa cổng kiểm soát bằng khóa vân tay bảo mật cao kết hợp camera giám sát 24/7.
- Giờ đóng cổng: 23:00 đêm nhằm đảm bảo trật tự chung.
- Môi trường sống văn minh, hàng xóm chủ yếu là sinh viên ngoan ngoãn và nhân viên văn phòng lịch sự.

**Thông tin chi phí thuê**
- Giá thuê hàng tháng: 2,300,000 đ/tháng.
- Tiền đặt cọc: 2,300,000 đ (cam kết hoàn trả đầy đủ khi kết thúc hợp đồng theo đúng thỏa thuận).
- Chỉ số điện nước tính theo đồng hồ riêng gắn trước cửa phòng, cam kết thu đúng chỉ số tiêu thụ thực tế.', 2300000.0, 2300000.0, 'MONTHLY', 'APPROVED', 1, NOW() - INTERVAL '3 days', NOW() + INTERVAL '27 days', false, NULL, 212, 42, 19, 3, NOW() - INTERVAL '10 days', NOW(), 0, '/posts/videos/room_14/video_01_1.mp4', '/rooms/images/room_14/image_01_1.jpg');
INSERT INTO post_images (post_id, image_order, image_url) VALUES (34, 0, '/rooms/images/room_14/image_01_1.jpg');
INSERT INTO post_images (post_id, image_order, image_url) VALUES (34, 1, '/rooms/images/room_14/image_02_1.jpg');
INSERT INTO post_images (post_id, image_order, image_url) VALUES (34, 2, '/rooms/images/room_14/image_03_1.jpg');
INSERT INTO post_images (post_id, image_order, image_url) VALUES (34, 3, '/rooms/images/room_14/image_04.jpg');
INSERT INTO post_images (post_id, image_order, image_url) VALUES (34, 4, '/rooms/images/room_14/image_05.jpg');
INSERT INTO post_images (post_id, image_order, image_url) VALUES (34, 5, '/rooms/images/room_14/image_06.jpg');

-- ==========================================
-- ROOM 35 near UIT - Dist: 4.47km - Price: 4,400,000
-- ==========================================
INSERT INTO rooms (id, landlord_id, room_number, address, province, district, ward, latitude, longitude, area, floor, max_occupancy, direction, has_windows, has_balcony, thumbnail_url, is_pet_friendly, is_parking_available, curfew, rules, view_count, favorite_count, created_at, updated_at, version, nearby_university_id, nearby_university_name, distance_to_university, nearest_bus_station)
VALUES (35, 3, 'P.577', 'Số 52 Võ Văn Ngân, Phường Linh Tây, Thủ Đức, TP Hồ Chí Minh', 'TP Hồ Chí Minh', 'Thủ Đức', 'Linh Tây', 10.842065, 106.832507, 38.0, 3, 3, 'NORTH', true, true, '/rooms/images/room_15/image_01_1.jpg', true, true, '22:00', 'Giữ trật tự chung sau 22h, dọn dẹp vệ sinh phòng sạch sẽ, phòng cháy chữa cháy an toàn.', 273, 30, NOW() - INTERVAL '5 days', NOW(), 0, 3, 'Trường Đại học Công nghệ thông tin - ĐHQG TP.HCM', 4.47, 0.45);
INSERT INTO room_amenities (room_id, amenity_id) VALUES (35, 1) ON CONFLICT DO NOTHING;
INSERT INTO room_amenities (room_id, amenity_id) VALUES (35, 2) ON CONFLICT DO NOTHING;
INSERT INTO room_amenities (room_id, amenity_id) VALUES (35, 3) ON CONFLICT DO NOTHING;
INSERT INTO room_amenities (room_id, amenity_id) VALUES (35, 4) ON CONFLICT DO NOTHING;
INSERT INTO room_amenities (room_id, amenity_id) VALUES (35, 5) ON CONFLICT DO NOTHING;
INSERT INTO room_amenities (room_id, amenity_id) VALUES (35, 6) ON CONFLICT DO NOTHING;
INSERT INTO room_amenities (room_id, amenity_id) VALUES (35, 7) ON CONFLICT DO NOTHING;
INSERT INTO room_amenities (room_id, amenity_id) VALUES (35, 8) ON CONFLICT DO NOTHING;
INSERT INTO room_amenities (room_id, amenity_id) VALUES (35, 9) ON CONFLICT DO NOTHING;
INSERT INTO room_amenities (room_id, amenity_id) VALUES (35, 10) ON CONFLICT DO NOTHING;
INSERT INTO room_amenities (room_id, amenity_id) VALUES (35, 11) ON CONFLICT DO NOTHING;
INSERT INTO room_amenities (room_id, amenity_id) VALUES (35, 12) ON CONFLICT DO NOTHING;
INSERT INTO room_images (room_id, image_url) VALUES (35, '/rooms/images/room_15/image_01_1.jpg');
INSERT INTO room_images (room_id, image_url) VALUES (35, '/rooms/images/room_15/image_02_1.jpg');
INSERT INTO room_images (room_id, image_url) VALUES (35, '/rooms/images/room_15/image_03_1.jpg');
INSERT INTO room_images (room_id, image_url) VALUES (35, '/rooms/images/room_15/image_04_1.jpg');
INSERT INTO room_images (room_id, image_url) VALUES (35, '/rooms/images/room_15/image_05.jpg');
INSERT INTO room_images (room_id, image_url) VALUES (35, '/rooms/images/room_15/image_06.jpg');
INSERT INTO room_images (room_id, image_url) VALUES (35, '/rooms/images/room_15/image_07.jpg');
INSERT INTO room_images (room_id, image_url) VALUES (35, '/rooms/images/room_15/image_08.jpg');
INSERT INTO room_images (room_id, image_url) VALUES (35, '/rooms/images/room_15/image_09.jpg');
INSERT INTO posts (id, landlord_id, room_id, title, description, price, deposit_amount, price_type, status, approved_by, approved_at, expires_at, is_boosted, boosted_until, view_count, favorite_count, contact_count, booking_count, created_at, updated_at, version, video_url, video_thumbnail)
VALUES (35, 3, 35, 'Căn hộ dịch vụ 1PN sang trọng, an ninh 38m2 cách UIT 4.47km - Võ Văn Ngân', '**Vị trí thuận tiện và yên tĩnh**
- Địa chỉ: Võ Văn Ngân, Phường Linh Tây, Thủ Đức.
- Chỉ cách khuôn viên trường Trường Đại học Công nghệ thông tin - ĐHQG TP.HCM (UIT) khoảng 4.47km. Việc đi học hàng ngày cực kỳ thuận tiện và nhanh chóng bằng xe máy, xe buýt hoặc đi bộ. Khu vực xung quanh cao ráo, không bị ngập nước, đường sá thông thoáng.

**Thiết kế căn phòng**
- Diện tích sử dụng: 38m2. Thiết kế tối ưu không gian, sạch sẽ, thoáng mát, thích hợp cho việc học tập lâu dài.
- Sở hữu cửa sổ lớn đón ánh sáng tự nhiên tốt, giữ phòng luôn khô ráo.
- Có ban công riêng đón gió mát mẻ, thuận tiện cho việc phơi đồ hoặc làm góc thư giãn.

**Các tiện ích lắp sẵn**
- Wifi internet tốc độ cao riêng biệt từng phòng
- Máy điều hòa nhiệt độ Inverter hoạt động êm ái, tiết kiệm điện
- Hệ thống nước nóng lạnh an toàn
- Chỗ để xe máy rộng rãi dưới tầng trệt, an ninh đảm bảo
- Tủ lạnh dung tích lớn tiện lợi lưu trữ đồ ăn
- Khu vực giặt sấy/máy giặt tiện nghi
- Kệ bếp nấu ăn thoáng khí, tủ bếp sạch sẽ

**An ninh và quy định**
- Hệ thống cửa cổng kiểm soát bằng khóa vân tay bảo mật cao kết hợp camera giám sát 24/7.
- Giờ đóng cổng: 22:00 đêm nhằm đảm bảo trật tự chung.
- Môi trường sống văn minh, hàng xóm chủ yếu là sinh viên ngoan ngoãn và nhân viên văn phòng lịch sự.

**Thông tin chi phí thuê**
- Giá thuê hàng tháng: 4,400,000 đ/tháng.
- Tiền đặt cọc: 4,400,000 đ (cam kết hoàn trả đầy đủ khi kết thúc hợp đồng theo đúng thỏa thuận).
- Chỉ số điện nước tính theo đồng hồ riêng gắn trước cửa phòng, cam kết thu đúng chỉ số tiêu thụ thực tế.', 4400000.0, 4400000.0, 'MONTHLY', 'APPROVED', 1, NOW() - INTERVAL '3 days', NOW() + INTERVAL '27 days', false, NULL, 406, 75, 11, 5, NOW() - INTERVAL '10 days', NOW(), 0, '/posts/videos/room_15/video_01_1.mp4', '/rooms/images/room_15/image_01_1.jpg');
INSERT INTO post_images (post_id, image_order, image_url) VALUES (35, 0, '/rooms/images/room_15/image_01_1.jpg');
INSERT INTO post_images (post_id, image_order, image_url) VALUES (35, 1, '/rooms/images/room_15/image_02_1.jpg');
INSERT INTO post_images (post_id, image_order, image_url) VALUES (35, 2, '/rooms/images/room_15/image_03_1.jpg');
INSERT INTO post_images (post_id, image_order, image_url) VALUES (35, 3, '/rooms/images/room_15/image_04_1.jpg');
INSERT INTO post_images (post_id, image_order, image_url) VALUES (35, 4, '/rooms/images/room_15/image_05.jpg');
INSERT INTO post_images (post_id, image_order, image_url) VALUES (35, 5, '/rooms/images/room_15/image_06.jpg');
INSERT INTO post_images (post_id, image_order, image_url) VALUES (35, 6, '/rooms/images/room_15/image_07.jpg');
INSERT INTO post_images (post_id, image_order, image_url) VALUES (35, 7, '/rooms/images/room_15/image_08.jpg');
INSERT INTO post_images (post_id, image_order, image_url) VALUES (35, 8, '/rooms/images/room_15/image_09.jpg');

-- ==========================================
-- ROOM 36 near HCMUT - Dist: 3.06km - Price: 1,200,000
-- ==========================================
INSERT INTO rooms (id, landlord_id, room_number, address, province, district, ward, latitude, longitude, area, floor, max_occupancy, direction, has_windows, has_balcony, thumbnail_url, is_pet_friendly, is_parking_available, curfew, rules, view_count, favorite_count, created_at, updated_at, version, nearby_university_id, nearby_university_name, distance_to_university, nearest_bus_station)
VALUES (36, 4, 'P.235', 'Số 9 Trần Hưng Đạo, Phường Tân Đông Hiệp, Dĩ An, Bình Dương', 'Bình Dương', 'Dĩ An', 'Tân Đông Hiệp', 10.854172, 106.81528, 17.0, 7, 2, 'NORTHWEST', true, false, '/rooms/images/room_16/image_01_1.jpg', false, true, NULL, 'Giữ trật tự chung sau 22h, dọn dẹp vệ sinh phòng sạch sẽ, phòng cháy chữa cháy an toàn.', 164, 41, NOW() - INTERVAL '5 days', NOW(), 0, 4, 'Trường Đại học Bách Khoa - ĐHQG TP.HCM (Cơ sở Dĩ An)', 3.06, 0.43);
INSERT INTO room_amenities (room_id, amenity_id) VALUES (36, 1) ON CONFLICT DO NOTHING;
INSERT INTO room_amenities (room_id, amenity_id) VALUES (36, 3) ON CONFLICT DO NOTHING;
INSERT INTO room_amenities (room_id, amenity_id) VALUES (36, 4) ON CONFLICT DO NOTHING;
INSERT INTO room_amenities (room_id, amenity_id) VALUES (36, 9) ON CONFLICT DO NOTHING;
INSERT INTO room_images (room_id, image_url) VALUES (36, '/rooms/images/room_16/image_01_1.jpg');
INSERT INTO room_images (room_id, image_url) VALUES (36, '/rooms/images/room_16/image_02_1.jpg');
INSERT INTO room_images (room_id, image_url) VALUES (36, '/rooms/images/room_16/image_03_1.jpg');
INSERT INTO room_images (room_id, image_url) VALUES (36, '/rooms/images/room_16/image_04_1.jpg');
INSERT INTO room_images (room_id, image_url) VALUES (36, '/rooms/images/room_16/image_05.jpg');
INSERT INTO room_images (room_id, image_url) VALUES (36, '/rooms/images/room_16/image_06.jpg');
INSERT INTO room_images (room_id, image_url) VALUES (36, '/rooms/images/room_16/image_07.jpg');
INSERT INTO posts (id, landlord_id, room_id, title, description, price, deposit_amount, price_type, status, approved_by, approved_at, expires_at, is_boosted, boosted_until, view_count, favorite_count, contact_count, booking_count, created_at, updated_at, version, video_url, video_thumbnail)
VALUES (36, 4, 36, 'Phòng trọ mini giá rẻ sinh viên 17m2 cách HCMUT 3.06km - Trần Hưng Đạo', '**Vị trí thuận tiện và yên tĩnh**
- Địa chỉ: Trần Hưng Đạo, Phường Tân Đông Hiệp, Dĩ An.
- Chỉ cách khuôn viên trường Trường Đại học Bách Khoa - ĐHQG TP.HCM (Cơ sở Dĩ An) (HCMUT) khoảng 3.06km. Việc đi học hàng ngày cực kỳ thuận tiện và nhanh chóng bằng xe máy, xe buýt hoặc đi bộ. Khu vực xung quanh cao ráo, không bị ngập nước, đường sá thông thoáng.

**Thiết kế căn phòng**
- Diện tích sử dụng: 17m2. Thiết kế tối ưu không gian, sạch sẽ, thoáng mát, thích hợp cho việc học tập lâu dài.
- Sở hữu cửa sổ lớn đón ánh sáng tự nhiên tốt, giữ phòng luôn khô ráo.

**Các tiện ích lắp sẵn**
- Wifi internet tốc độ cao riêng biệt từng phòng
- Hệ thống nước nóng lạnh an toàn
- Chỗ để xe máy rộng rãi dưới tầng trệt, an ninh đảm bảo
- Kệ bếp nấu ăn thoáng khí, tủ bếp sạch sẽ

**An ninh và quy định**
- Hệ thống cửa cổng kiểm soát bằng khóa vân tay bảo mật cao kết hợp camera giám sát 24/7.
- Giờ giấc ra vào tự do thoải mái, không chung chủ.
- Môi trường sống văn minh, hàng xóm chủ yếu là sinh viên ngoan ngoãn và nhân viên văn phòng lịch sự.

**Thông tin chi phí thuê**
- Giá thuê hàng tháng: 1,200,000 đ/tháng.
- Tiền đặt cọc: 2,400,000 đ (cam kết hoàn trả đầy đủ khi kết thúc hợp đồng theo đúng thỏa thuận).
- Chỉ số điện nước tính theo đồng hồ riêng gắn trước cửa phòng, cam kết thu đúng chỉ số tiêu thụ thực tế.', 1200000.0, 2400000.0, 'MONTHLY', 'APPROVED', 1, NOW() - INTERVAL '3 days', NOW() + INTERVAL '27 days', false, NULL, 292, 26, 30, 4, NOW() - INTERVAL '8 days', NOW(), 0, '/posts/videos/room_16/video_01_1.mp4', '/rooms/images/room_16/image_01_1.jpg');
INSERT INTO post_images (post_id, image_order, image_url) VALUES (36, 0, '/rooms/images/room_16/image_01_1.jpg');
INSERT INTO post_images (post_id, image_order, image_url) VALUES (36, 1, '/rooms/images/room_16/image_02_1.jpg');
INSERT INTO post_images (post_id, image_order, image_url) VALUES (36, 2, '/rooms/images/room_16/image_03_1.jpg');
INSERT INTO post_images (post_id, image_order, image_url) VALUES (36, 3, '/rooms/images/room_16/image_04_1.jpg');
INSERT INTO post_images (post_id, image_order, image_url) VALUES (36, 4, '/rooms/images/room_16/image_05.jpg');
INSERT INTO post_images (post_id, image_order, image_url) VALUES (36, 5, '/rooms/images/room_16/image_06.jpg');
INSERT INTO post_images (post_id, image_order, image_url) VALUES (36, 6, '/rooms/images/room_16/image_07.jpg');

-- ==========================================
-- ROOM 37 near HCMUS - Dist: 3.12km - Price: 3,900,000
-- ==========================================
INSERT INTO rooms (id, landlord_id, room_number, address, province, district, ward, latitude, longitude, area, floor, max_occupancy, direction, has_windows, has_balcony, thumbnail_url, is_pet_friendly, is_parking_available, curfew, rules, view_count, favorite_count, created_at, updated_at, version, nearby_university_id, nearby_university_name, distance_to_university, nearest_bus_station)
VALUES (37, 2, 'P.587', 'Số 70 Trần Hưng Đạo, Phường Đông Hòa, Dĩ An, Bình Dương', 'Bình Dương', 'Dĩ An', 'Đông Hòa', 10.900708, 106.81267, 25.0, 4, 3, 'NORTHEAST', true, true, '/rooms/images/room_17/image_01_1.jpg', false, true, '22:00', 'Giữ trật tự chung sau 22h, dọn dẹp vệ sinh phòng sạch sẽ, phòng cháy chữa cháy an toàn.', 160, 12, NOW() - INTERVAL '4 days', NOW(), 0, 5, 'Trường Đại học Khoa học Tự nhiên - ĐHQG TP.HCM (Cơ sở Dĩ An)', 3.12, 0.21);
INSERT INTO room_amenities (room_id, amenity_id) VALUES (37, 1) ON CONFLICT DO NOTHING;
INSERT INTO room_amenities (room_id, amenity_id) VALUES (37, 2) ON CONFLICT DO NOTHING;
INSERT INTO room_amenities (room_id, amenity_id) VALUES (37, 3) ON CONFLICT DO NOTHING;
INSERT INTO room_amenities (room_id, amenity_id) VALUES (37, 4) ON CONFLICT DO NOTHING;
INSERT INTO room_amenities (room_id, amenity_id) VALUES (37, 5) ON CONFLICT DO NOTHING;
INSERT INTO room_amenities (room_id, amenity_id) VALUES (37, 6) ON CONFLICT DO NOTHING;
INSERT INTO room_amenities (room_id, amenity_id) VALUES (37, 7) ON CONFLICT DO NOTHING;
INSERT INTO room_amenities (room_id, amenity_id) VALUES (37, 9) ON CONFLICT DO NOTHING;
INSERT INTO room_amenities (room_id, amenity_id) VALUES (37, 12) ON CONFLICT DO NOTHING;
INSERT INTO room_images (room_id, image_url) VALUES (37, '/rooms/images/room_17/image_01_1.jpg');
INSERT INTO room_images (room_id, image_url) VALUES (37, '/rooms/images/room_17/image_02_1.jpg');
INSERT INTO room_images (room_id, image_url) VALUES (37, '/rooms/images/room_17/image_03_1.jpg');
INSERT INTO room_images (room_id, image_url) VALUES (37, '/rooms/images/room_17/image_04_1.jpg');
INSERT INTO room_images (room_id, image_url) VALUES (37, '/rooms/images/room_17/image_05.jpg');
INSERT INTO posts (id, landlord_id, room_id, title, description, price, deposit_amount, price_type, status, approved_by, approved_at, expires_at, is_boosted, boosted_until, view_count, favorite_count, contact_count, booking_count, created_at, updated_at, version, video_url, video_thumbnail)
VALUES (37, 2, 37, 'Căn hộ Studio gác lửng full nội thất 25m2 cách HCMUS 3.12km - Trần Hưng Đạo', '**Vị trí thuận tiện và yên tĩnh**
- Địa chỉ: Trần Hưng Đạo, Phường Đông Hòa, Dĩ An.
- Chỉ cách khuôn viên trường Trường Đại học Khoa học Tự nhiên - ĐHQG TP.HCM (Cơ sở Dĩ An) (HCMUS) khoảng 3.12km. Việc đi học hàng ngày cực kỳ thuận tiện và nhanh chóng bằng xe máy, xe buýt hoặc đi bộ. Khu vực xung quanh cao ráo, không bị ngập nước, đường sá thông thoáng.

**Thiết kế căn phòng**
- Diện tích sử dụng: 25m2. Thiết kế tối ưu không gian, sạch sẽ, thoáng mát, thích hợp cho việc học tập lâu dài.
- Sở hữu cửa sổ lớn đón ánh sáng tự nhiên tốt, giữ phòng luôn khô ráo.
- Có ban công riêng đón gió mát mẻ, thuận tiện cho việc phơi đồ hoặc làm góc thư giãn.

**Các tiện ích lắp sẵn**
- Wifi internet tốc độ cao riêng biệt từng phòng
- Máy điều hòa nhiệt độ Inverter hoạt động êm ái, tiết kiệm điện
- Hệ thống nước nóng lạnh an toàn
- Chỗ để xe máy rộng rãi dưới tầng trệt, an ninh đảm bảo
- Tủ lạnh dung tích lớn tiện lợi lưu trữ đồ ăn
- Khu vực giặt sấy/máy giặt tiện nghi
- Kệ bếp nấu ăn thoáng khí, tủ bếp sạch sẽ

**An ninh và quy định**
- Hệ thống cửa cổng kiểm soát bằng khóa vân tay bảo mật cao kết hợp camera giám sát 24/7.
- Giờ đóng cổng: 22:00 đêm nhằm đảm bảo trật tự chung.
- Môi trường sống văn minh, hàng xóm chủ yếu là sinh viên ngoan ngoãn và nhân viên văn phòng lịch sự.

**Thông tin chi phí thuê**
- Giá thuê hàng tháng: 3,900,000 đ/tháng.
- Tiền đặt cọc: 7,800,000 đ (cam kết hoàn trả đầy đủ khi kết thúc hợp đồng theo đúng thỏa thuận).
- Chỉ số điện nước tính theo đồng hồ riêng gắn trước cửa phòng, cam kết thu đúng chỉ số tiêu thụ thực tế.', 3900000.0, 7800000.0, 'MONTHLY', 'APPROVED', 1, NOW() - INTERVAL '3 days', NOW() + INTERVAL '27 days', false, NULL, 128, 59, 11, 11, NOW() - INTERVAL '6 days', NOW(), 0, '/posts/videos/room_17/video_01_1.mp4', '/rooms/images/room_17/image_01_1.jpg');
INSERT INTO post_images (post_id, image_order, image_url) VALUES (37, 0, '/rooms/images/room_17/image_01_1.jpg');
INSERT INTO post_images (post_id, image_order, image_url) VALUES (37, 1, '/rooms/images/room_17/image_02_1.jpg');
INSERT INTO post_images (post_id, image_order, image_url) VALUES (37, 2, '/rooms/images/room_17/image_03_1.jpg');
INSERT INTO post_images (post_id, image_order, image_url) VALUES (37, 3, '/rooms/images/room_17/image_04_1.jpg');
INSERT INTO post_images (post_id, image_order, image_url) VALUES (37, 4, '/rooms/images/room_17/image_05.jpg');

-- ==========================================
-- ROOM 38 near IU - Dist: 3.18km - Price: 1,500,000
-- ==========================================
INSERT INTO rooms (id, landlord_id, room_number, address, province, district, ward, latitude, longitude, area, floor, max_occupancy, direction, has_windows, has_balcony, thumbnail_url, is_pet_friendly, is_parking_available, curfew, rules, view_count, favorite_count, created_at, updated_at, version, nearby_university_id, nearby_university_name, distance_to_university, nearest_bus_station)
VALUES (38, 3, 'P.380', 'Số 149 Bình Đường, Phường Tân Đông Hiệp, Dĩ An, Bình Dương', 'Bình Dương', 'Dĩ An', 'Tân Đông Hiệp', 10.899264, 106.782318, 37.0, 7, 6, 'NORTHWEST', true, false, '/rooms/images/room_18/image_01_1.jpg', true, false, NULL, 'Giữ trật tự chung sau 22h, dọn dẹp vệ sinh phòng sạch sẽ, phòng cháy chữa cháy an toàn.', 167, 24, NOW() - INTERVAL '8 days', NOW(), 0, 6, 'Trường Đại học Quốc tế - ĐHQG TP.HCM', 3.18, 0.48);
INSERT INTO room_amenities (room_id, amenity_id) VALUES (38, 1) ON CONFLICT DO NOTHING;
INSERT INTO room_amenities (room_id, amenity_id) VALUES (38, 2) ON CONFLICT DO NOTHING;
INSERT INTO room_amenities (room_id, amenity_id) VALUES (38, 3) ON CONFLICT DO NOTHING;
INSERT INTO room_amenities (room_id, amenity_id) VALUES (38, 4) ON CONFLICT DO NOTHING;
INSERT INTO room_amenities (room_id, amenity_id) VALUES (38, 5) ON CONFLICT DO NOTHING;
INSERT INTO room_amenities (room_id, amenity_id) VALUES (38, 7) ON CONFLICT DO NOTHING;
INSERT INTO room_amenities (room_id, amenity_id) VALUES (38, 11) ON CONFLICT DO NOTHING;
INSERT INTO room_amenities (room_id, amenity_id) VALUES (38, 12) ON CONFLICT DO NOTHING;
INSERT INTO room_images (room_id, image_url) VALUES (38, '/rooms/images/room_18/image_01_1.jpg');
INSERT INTO room_images (room_id, image_url) VALUES (38, '/rooms/images/room_18/image_02_1.jpg');
INSERT INTO room_images (room_id, image_url) VALUES (38, '/rooms/images/room_18/image_03_1.jpg');
INSERT INTO room_images (room_id, image_url) VALUES (38, '/rooms/images/room_18/image_04_1.jpg');
INSERT INTO room_images (room_id, image_url) VALUES (38, '/rooms/images/room_18/image_05.jpg');
INSERT INTO posts (id, landlord_id, room_id, title, description, price, deposit_amount, price_type, status, approved_by, approved_at, expires_at, is_boosted, boosted_until, view_count, favorite_count, contact_count, booking_count, created_at, updated_at, version, video_url, video_thumbnail)
VALUES (38, 3, 38, 'Sleepbox cao cấp tiện nghi, bảo mật 37m2 cách IU 3.18km - Bình Đường', '**Vị trí thuận tiện và yên tĩnh**
- Địa chỉ: Bình Đường, Phường Tân Đông Hiệp, Dĩ An.
- Chỉ cách khuôn viên trường Trường Đại học Quốc tế - ĐHQG TP.HCM (IU) khoảng 3.18km. Việc đi học hàng ngày cực kỳ thuận tiện và nhanh chóng bằng xe máy, xe buýt hoặc đi bộ. Khu vực xung quanh cao ráo, không bị ngập nước, đường sá thông thoáng.

**Thiết kế căn phòng**
- Diện tích sử dụng: 37m2. Thiết kế tối ưu không gian, sạch sẽ, thoáng mát, thích hợp cho việc học tập lâu dài.
- Sở hữu cửa sổ lớn đón ánh sáng tự nhiên tốt, giữ phòng luôn khô ráo.

**Các tiện ích lắp sẵn**
- Wifi internet tốc độ cao riêng biệt từng phòng
- Máy điều hòa nhiệt độ Inverter hoạt động êm ái, tiết kiệm điện
- Hệ thống nước nóng lạnh an toàn
- Chỗ để xe máy rộng rãi dưới tầng trệt, an ninh đảm bảo
- Khu vực giặt sấy/máy giặt tiện nghi

**An ninh và quy định**
- Hệ thống cửa cổng kiểm soát bằng khóa vân tay bảo mật cao kết hợp camera giám sát 24/7.
- Giờ giấc ra vào tự do thoải mái, không chung chủ.
- Môi trường sống văn minh, hàng xóm chủ yếu là sinh viên ngoan ngoãn và nhân viên văn phòng lịch sự.

**Thông tin chi phí thuê**
- Giá thuê hàng tháng: 1,500,000 đ/tháng.
- Tiền đặt cọc: 1,500,000 đ (cam kết hoàn trả đầy đủ khi kết thúc hợp đồng theo đúng thỏa thuận).
- Chỉ số điện nước tính theo đồng hồ riêng gắn trước cửa phòng, cam kết thu đúng chỉ số tiêu thụ thực tế.', 1500000.0, 1500000.0, 'MONTHLY', 'APPROVED', 1, NOW() - INTERVAL '3 days', NOW() + INTERVAL '27 days', false, NULL, 466, 13, 42, 5, NOW() - INTERVAL '5 days', NOW(), 0, '/posts/videos/room_18/video_01_1.mp4', '/rooms/images/room_18/image_01_1.jpg');
INSERT INTO post_images (post_id, image_order, image_url) VALUES (38, 0, '/rooms/images/room_18/image_01_1.jpg');
INSERT INTO post_images (post_id, image_order, image_url) VALUES (38, 1, '/rooms/images/room_18/image_02_1.jpg');
INSERT INTO post_images (post_id, image_order, image_url) VALUES (38, 2, '/rooms/images/room_18/image_03_1.jpg');
INSERT INTO post_images (post_id, image_order, image_url) VALUES (38, 3, '/rooms/images/room_18/image_04_1.jpg');
INSERT INTO post_images (post_id, image_order, image_url) VALUES (38, 4, '/rooms/images/room_18/image_05.jpg');

-- ==========================================
-- ROOM 39 near UEH - Dist: 5.94km - Price: 2,000,000
-- ==========================================
INSERT INTO rooms (id, landlord_id, room_number, address, province, district, ward, latitude, longitude, area, floor, max_occupancy, direction, has_windows, has_balcony, thumbnail_url, is_pet_friendly, is_parking_available, curfew, rules, view_count, favorite_count, created_at, updated_at, version, nearby_university_id, nearby_university_name, distance_to_university, nearest_bus_station)
VALUES (39, 4, 'P.689', 'Số 35 Cao Thắng, Phường 5, Quận 3, TP Hồ Chí Minh', 'TP Hồ Chí Minh', 'Quận 3', 'Phường 5', 10.737495, 106.667273, 20.0, 4, 2, 'EAST', true, true, '/rooms/images/room_19/image_01.jpg', true, true, '23:00', 'Giữ trật tự chung sau 22h, dọn dẹp vệ sinh phòng sạch sẽ, phòng cháy chữa cháy an toàn.', 259, 10, NOW() - INTERVAL '5 days', NOW(), 0, 7, 'Trường Đại học Kinh tế TP.HCM (Cơ sở A)', 5.94, 0.24);
INSERT INTO room_amenities (room_id, amenity_id) VALUES (39, 1) ON CONFLICT DO NOTHING;
INSERT INTO room_amenities (room_id, amenity_id) VALUES (39, 2) ON CONFLICT DO NOTHING;
INSERT INTO room_amenities (room_id, amenity_id) VALUES (39, 3) ON CONFLICT DO NOTHING;
INSERT INTO room_amenities (room_id, amenity_id) VALUES (39, 4) ON CONFLICT DO NOTHING;
INSERT INTO room_amenities (room_id, amenity_id) VALUES (39, 5) ON CONFLICT DO NOTHING;
INSERT INTO room_amenities (room_id, amenity_id) VALUES (39, 6) ON CONFLICT DO NOTHING;
INSERT INTO room_amenities (room_id, amenity_id) VALUES (39, 9) ON CONFLICT DO NOTHING;
INSERT INTO room_images (room_id, image_url) VALUES (39, '/rooms/images/room_19/image_01.jpg');
INSERT INTO room_images (room_id, image_url) VALUES (39, '/rooms/images/room_19/image_02.jpg');
INSERT INTO room_images (room_id, image_url) VALUES (39, '/rooms/images/room_19/image_03.jpg');
INSERT INTO room_images (room_id, image_url) VALUES (39, '/rooms/images/room_19/image_04.jpg');
INSERT INTO room_images (room_id, image_url) VALUES (39, '/rooms/images/room_19/image_05.jpg');
INSERT INTO room_images (room_id, image_url) VALUES (39, '/rooms/images/room_19/image_06.jpg');
INSERT INTO room_images (room_id, image_url) VALUES (39, '/rooms/images/room_19/image_07.jpg');
INSERT INTO room_images (room_id, image_url) VALUES (39, '/rooms/images/room_19/image_08.jpg');
INSERT INTO posts (id, landlord_id, room_id, title, description, price, deposit_amount, price_type, status, approved_by, approved_at, expires_at, is_boosted, boosted_until, view_count, favorite_count, contact_count, booking_count, created_at, updated_at, version, video_url, video_thumbnail)
VALUES (39, 4, 39, 'Phòng trọ ban công thoáng mát gần trường 20m2 cách UEH 5.94km - Cao Thắng', '**Vị trí thuận tiện và yên tĩnh**
- Địa chỉ: Cao Thắng, Phường 5, Quận 3.
- Chỉ cách khuôn viên trường Trường Đại học Kinh tế TP.HCM (Cơ sở A) (UEH) khoảng 5.94km. Việc đi học hàng ngày cực kỳ thuận tiện và nhanh chóng bằng xe máy, xe buýt hoặc đi bộ. Khu vực xung quanh cao ráo, không bị ngập nước, đường sá thông thoáng.

**Thiết kế căn phòng**
- Diện tích sử dụng: 20m2. Thiết kế tối ưu không gian, sạch sẽ, thoáng mát, thích hợp cho việc học tập lâu dài.
- Sở hữu cửa sổ lớn đón ánh sáng tự nhiên tốt, giữ phòng luôn khô ráo.
- Có ban công riêng đón gió mát mẻ, thuận tiện cho việc phơi đồ hoặc làm góc thư giãn.

**Các tiện ích lắp sẵn**
- Wifi internet tốc độ cao riêng biệt từng phòng
- Máy điều hòa nhiệt độ Inverter hoạt động êm ái, tiết kiệm điện
- Hệ thống nước nóng lạnh an toàn
- Chỗ để xe máy rộng rãi dưới tầng trệt, an ninh đảm bảo
- Tủ lạnh dung tích lớn tiện lợi lưu trữ đồ ăn
- Kệ bếp nấu ăn thoáng khí, tủ bếp sạch sẽ

**An ninh và quy định**
- Hệ thống cửa cổng kiểm soát bằng khóa vân tay bảo mật cao kết hợp camera giám sát 24/7.
- Giờ đóng cổng: 23:00 đêm nhằm đảm bảo trật tự chung.
- Môi trường sống văn minh, hàng xóm chủ yếu là sinh viên ngoan ngoãn và nhân viên văn phòng lịch sự.

**Thông tin chi phí thuê**
- Giá thuê hàng tháng: 2,000,000 đ/tháng.
- Tiền đặt cọc: 2,000,000 đ (cam kết hoàn trả đầy đủ khi kết thúc hợp đồng theo đúng thỏa thuận).
- Chỉ số điện nước tính theo đồng hồ riêng gắn trước cửa phòng, cam kết thu đúng chỉ số tiêu thụ thực tế.', 2000000.0, 2000000.0, 'MONTHLY', 'APPROVED', 1, NOW() - INTERVAL '3 days', NOW() + INTERVAL '27 days', false, NULL, 417, 18, 36, 3, NOW() - INTERVAL '6 days', NOW(), 0, '/posts/videos/room_19/video_01_1.mp4', '/rooms/images/room_19/image_01.jpg');
INSERT INTO post_images (post_id, image_order, image_url) VALUES (39, 0, '/rooms/images/room_19/image_01.jpg');
INSERT INTO post_images (post_id, image_order, image_url) VALUES (39, 1, '/rooms/images/room_19/image_02.jpg');
INSERT INTO post_images (post_id, image_order, image_url) VALUES (39, 2, '/rooms/images/room_19/image_03.jpg');
INSERT INTO post_images (post_id, image_order, image_url) VALUES (39, 3, '/rooms/images/room_19/image_04.jpg');
INSERT INTO post_images (post_id, image_order, image_url) VALUES (39, 4, '/rooms/images/room_19/image_05.jpg');
INSERT INTO post_images (post_id, image_order, image_url) VALUES (39, 5, '/rooms/images/room_19/image_06.jpg');
INSERT INTO post_images (post_id, image_order, image_url) VALUES (39, 6, '/rooms/images/room_19/image_07.jpg');
INSERT INTO post_images (post_id, image_order, image_url) VALUES (39, 7, '/rooms/images/room_19/image_08.jpg');

-- ==========================================
-- ROOM 40 near FTU2 - Dist: 4.74km - Price: 4,200,000
-- ==========================================
INSERT INTO rooms (id, landlord_id, room_number, address, province, district, ward, latitude, longitude, area, floor, max_occupancy, direction, has_windows, has_balcony, thumbnail_url, is_pet_friendly, is_parking_available, curfew, rules, view_count, favorite_count, created_at, updated_at, version, nearby_university_id, nearby_university_name, distance_to_university, nearest_bus_station)
VALUES (40, 2, 'P.201', 'Số 103 Đường D2 (Nguyễn Gia Trí), Phường 26, Bình Thạnh, TP Hồ Chí Minh', 'TP Hồ Chí Minh', 'Bình Thạnh', 'Phường 26', 10.841397, 106.731434, 41.0, 4, 3, 'WEST', true, true, '/rooms/images/room_20/image_01_1.jpg', true, true, NULL, 'Giữ trật tự chung sau 22h, dọn dẹp vệ sinh phòng sạch sẽ, phòng cháy chữa cháy an toàn.', 146, 22, NOW() - INTERVAL '10 days', NOW(), 0, 8, 'Trường Đại học Ngoại thương - Cơ sở 2', 4.74, 0.39);
INSERT INTO room_amenities (room_id, amenity_id) VALUES (40, 1) ON CONFLICT DO NOTHING;
INSERT INTO room_amenities (room_id, amenity_id) VALUES (40, 2) ON CONFLICT DO NOTHING;
INSERT INTO room_amenities (room_id, amenity_id) VALUES (40, 3) ON CONFLICT DO NOTHING;
INSERT INTO room_amenities (room_id, amenity_id) VALUES (40, 4) ON CONFLICT DO NOTHING;
INSERT INTO room_amenities (room_id, amenity_id) VALUES (40, 5) ON CONFLICT DO NOTHING;
INSERT INTO room_amenities (room_id, amenity_id) VALUES (40, 6) ON CONFLICT DO NOTHING;
INSERT INTO room_amenities (room_id, amenity_id) VALUES (40, 7) ON CONFLICT DO NOTHING;
INSERT INTO room_amenities (room_id, amenity_id) VALUES (40, 8) ON CONFLICT DO NOTHING;
INSERT INTO room_amenities (room_id, amenity_id) VALUES (40, 9) ON CONFLICT DO NOTHING;
INSERT INTO room_amenities (room_id, amenity_id) VALUES (40, 10) ON CONFLICT DO NOTHING;
INSERT INTO room_amenities (room_id, amenity_id) VALUES (40, 11) ON CONFLICT DO NOTHING;
INSERT INTO room_amenities (room_id, amenity_id) VALUES (40, 12) ON CONFLICT DO NOTHING;
INSERT INTO room_images (room_id, image_url) VALUES (40, '/rooms/images/room_20/image_01_1.jpg');
INSERT INTO room_images (room_id, image_url) VALUES (40, '/rooms/images/room_20/image_02_1.jpg');
INSERT INTO room_images (room_id, image_url) VALUES (40, '/rooms/images/room_20/image_03_1.jpg');
INSERT INTO room_images (room_id, image_url) VALUES (40, '/rooms/images/room_20/image_04_1.jpg');
INSERT INTO room_images (room_id, image_url) VALUES (40, '/rooms/images/room_20/image_05.jpg');
INSERT INTO room_images (room_id, image_url) VALUES (40, '/rooms/images/room_20/image_06.jpg');
INSERT INTO posts (id, landlord_id, room_id, title, description, price, deposit_amount, price_type, status, approved_by, approved_at, expires_at, is_boosted, boosted_until, view_count, favorite_count, contact_count, booking_count, created_at, updated_at, version, video_url, video_thumbnail)
VALUES (40, 2, 40, 'Căn hộ dịch vụ 1PN sang trọng, an ninh 41m2 cách FTU2 4.74km - Đường D2 (Nguyễn Gia Trí)', '**Vị trí thuận tiện và yên tĩnh**
- Địa chỉ: Đường D2 (Nguyễn Gia Trí), Phường 26, Bình Thạnh.
- Chỉ cách khuôn viên trường Trường Đại học Ngoại thương - Cơ sở 2 (FTU2) khoảng 4.74km. Việc đi học hàng ngày cực kỳ thuận tiện và nhanh chóng bằng xe máy, xe buýt hoặc đi bộ. Khu vực xung quanh cao ráo, không bị ngập nước, đường sá thông thoáng.

**Thiết kế căn phòng**
- Diện tích sử dụng: 41m2. Thiết kế tối ưu không gian, sạch sẽ, thoáng mát, thích hợp cho việc học tập lâu dài.
- Sở hữu cửa sổ lớn đón ánh sáng tự nhiên tốt, giữ phòng luôn khô ráo.
- Có ban công riêng đón gió mát mẻ, thuận tiện cho việc phơi đồ hoặc làm góc thư giãn.

**Các tiện ích lắp sẵn**
- Wifi internet tốc độ cao riêng biệt từng phòng
- Máy điều hòa nhiệt độ Inverter hoạt động êm ái, tiết kiệm điện
- Hệ thống nước nóng lạnh an toàn
- Chỗ để xe máy rộng rãi dưới tầng trệt, an ninh đảm bảo
- Tủ lạnh dung tích lớn tiện lợi lưu trữ đồ ăn
- Khu vực giặt sấy/máy giặt tiện nghi
- Kệ bếp nấu ăn thoáng khí, tủ bếp sạch sẽ

**An ninh và quy định**
- Hệ thống cửa cổng kiểm soát bằng khóa vân tay bảo mật cao kết hợp camera giám sát 24/7.
- Giờ giấc ra vào tự do thoải mái, không chung chủ.
- Môi trường sống văn minh, hàng xóm chủ yếu là sinh viên ngoan ngoãn và nhân viên văn phòng lịch sự.

**Thông tin chi phí thuê**
- Giá thuê hàng tháng: 4,200,000 đ/tháng.
- Tiền đặt cọc: 8,400,000 đ (cam kết hoàn trả đầy đủ khi kết thúc hợp đồng theo đúng thỏa thuận).
- Chỉ số điện nước tính theo đồng hồ riêng gắn trước cửa phòng, cam kết thu đúng chỉ số tiêu thụ thực tế.', 4200000.0, 8400000.0, 'MONTHLY', 'APPROVED', 1, NOW() - INTERVAL '3 days', NOW() + INTERVAL '27 days', false, NULL, 169, 56, 26, 12, NOW() - INTERVAL '4 days', NOW(), 0, '/posts/videos/room_20/video_01_1.mp4', '/rooms/images/room_20/image_01_1.jpg');
INSERT INTO post_images (post_id, image_order, image_url) VALUES (40, 0, '/rooms/images/room_20/image_01_1.jpg');
INSERT INTO post_images (post_id, image_order, image_url) VALUES (40, 1, '/rooms/images/room_20/image_02_1.jpg');
INSERT INTO post_images (post_id, image_order, image_url) VALUES (40, 2, '/rooms/images/room_20/image_03_1.jpg');
INSERT INTO post_images (post_id, image_order, image_url) VALUES (40, 3, '/rooms/images/room_20/image_04_1.jpg');
INSERT INTO post_images (post_id, image_order, image_url) VALUES (40, 4, '/rooms/images/room_20/image_05.jpg');
INSERT INTO post_images (post_id, image_order, image_url) VALUES (40, 5, '/rooms/images/room_20/image_06.jpg');

-- ==========================================
-- ROOM 41 near NLU - Dist: 3.04km - Price: 1,200,000
-- ==========================================
INSERT INTO rooms (id, landlord_id, room_number, address, province, district, ward, latitude, longitude, area, floor, max_occupancy, direction, has_windows, has_balcony, thumbnail_url, is_pet_friendly, is_parking_available, curfew, rules, view_count, favorite_count, created_at, updated_at, version, nearby_university_id, nearby_university_name, distance_to_university, nearest_bus_station)
VALUES (41, 3, 'P.371', 'Số 123 Song Hành, Phường Linh Trung, Thủ Đức, TP Hồ Chí Minh', 'TP Hồ Chí Minh', 'Thủ Đức', 'Linh Trung', 10.884012, 106.811584, 15.0, 7, 2, 'SOUTH', true, false, '/rooms/images/room_21/image_01.jpg', true, true, NULL, 'Giữ trật tự chung sau 22h, dọn dẹp vệ sinh phòng sạch sẽ, phòng cháy chữa cháy an toàn.', 82, 38, NOW() - INTERVAL '10 days', NOW(), 0, 1, 'Trường Đại học Nông Lâm TP.HCM', 3.04, 0.3);
INSERT INTO room_amenities (room_id, amenity_id) VALUES (41, 1) ON CONFLICT DO NOTHING;
INSERT INTO room_amenities (room_id, amenity_id) VALUES (41, 3) ON CONFLICT DO NOTHING;
INSERT INTO room_amenities (room_id, amenity_id) VALUES (41, 4) ON CONFLICT DO NOTHING;
INSERT INTO room_amenities (room_id, amenity_id) VALUES (41, 9) ON CONFLICT DO NOTHING;
INSERT INTO room_images (room_id, image_url) VALUES (41, '/rooms/images/room_21/image_01.jpg');
INSERT INTO room_images (room_id, image_url) VALUES (41, '/rooms/images/room_21/image_02.jpg');
INSERT INTO room_images (room_id, image_url) VALUES (41, '/rooms/images/room_21/image_03.jpg');
INSERT INTO room_images (room_id, image_url) VALUES (41, '/rooms/images/room_21/image_04.jpg');
INSERT INTO room_images (room_id, image_url) VALUES (41, '/rooms/images/room_21/image_05.jpg');
INSERT INTO room_images (room_id, image_url) VALUES (41, '/rooms/images/room_21/image_06.jpg');
INSERT INTO room_images (room_id, image_url) VALUES (41, '/rooms/images/room_21/image_07.jpg');
INSERT INTO room_images (room_id, image_url) VALUES (41, '/rooms/images/room_21/image_08.jpg');
INSERT INTO posts (id, landlord_id, room_id, title, description, price, deposit_amount, price_type, status, approved_by, approved_at, expires_at, is_boosted, boosted_until, view_count, favorite_count, contact_count, booking_count, created_at, updated_at, version, video_url, video_thumbnail)
VALUES (41, 3, 41, 'Phòng trọ mini giá rẻ sinh viên 15m2 cách NLU 3.04km - Song Hành', '**Vị trí thuận tiện và yên tĩnh**
- Địa chỉ: Song Hành, Phường Linh Trung, Thủ Đức.
- Chỉ cách khuôn viên trường Trường Đại học Nông Lâm TP.HCM (NLU) khoảng 3.04km. Việc đi học hàng ngày cực kỳ thuận tiện và nhanh chóng bằng xe máy, xe buýt hoặc đi bộ. Khu vực xung quanh cao ráo, không bị ngập nước, đường sá thông thoáng.

**Thiết kế căn phòng**
- Diện tích sử dụng: 15m2. Thiết kế tối ưu không gian, sạch sẽ, thoáng mát, thích hợp cho việc học tập lâu dài.
- Sở hữu cửa sổ lớn đón ánh sáng tự nhiên tốt, giữ phòng luôn khô ráo.

**Các tiện ích lắp sẵn**
- Wifi internet tốc độ cao riêng biệt từng phòng
- Hệ thống nước nóng lạnh an toàn
- Chỗ để xe máy rộng rãi dưới tầng trệt, an ninh đảm bảo
- Kệ bếp nấu ăn thoáng khí, tủ bếp sạch sẽ

**An ninh và quy định**
- Hệ thống cửa cổng kiểm soát bằng khóa vân tay bảo mật cao kết hợp camera giám sát 24/7.
- Giờ giấc ra vào tự do thoải mái, không chung chủ.
- Môi trường sống văn minh, hàng xóm chủ yếu là sinh viên ngoan ngoãn và nhân viên văn phòng lịch sự.

**Thông tin chi phí thuê**
- Giá thuê hàng tháng: 1,200,000 đ/tháng.
- Tiền đặt cọc: 1,200,000 đ (cam kết hoàn trả đầy đủ khi kết thúc hợp đồng theo đúng thỏa thuận).
- Chỉ số điện nước tính theo đồng hồ riêng gắn trước cửa phòng, cam kết thu đúng chỉ số tiêu thụ thực tế.', 1200000.0, 1200000.0, 'MONTHLY', 'APPROVED', 1, NOW() - INTERVAL '3 days', NOW() + INTERVAL '27 days', true, NOW() + INTERVAL '10 days', 315, 60, 26, 7, NOW() - INTERVAL '10 days', NOW(), 0, '/posts/videos/room_21/video_01_1.mp4', '/rooms/images/room_21/image_01.jpg');
INSERT INTO post_images (post_id, image_order, image_url) VALUES (41, 0, '/rooms/images/room_21/image_01.jpg');
INSERT INTO post_images (post_id, image_order, image_url) VALUES (41, 1, '/rooms/images/room_21/image_02.jpg');
INSERT INTO post_images (post_id, image_order, image_url) VALUES (41, 2, '/rooms/images/room_21/image_03.jpg');
INSERT INTO post_images (post_id, image_order, image_url) VALUES (41, 3, '/rooms/images/room_21/image_04.jpg');
INSERT INTO post_images (post_id, image_order, image_url) VALUES (41, 4, '/rooms/images/room_21/image_05.jpg');
INSERT INTO post_images (post_id, image_order, image_url) VALUES (41, 5, '/rooms/images/room_21/image_06.jpg');
INSERT INTO post_images (post_id, image_order, image_url) VALUES (41, 6, '/rooms/images/room_21/image_07.jpg');
INSERT INTO post_images (post_id, image_order, image_url) VALUES (41, 7, '/rooms/images/room_21/image_08.jpg');

-- ==========================================
-- ROOM 42 near HCMUTE - Dist: 2.86km - Price: 3,700,000
-- ==========================================
INSERT INTO rooms (id, landlord_id, room_number, address, province, district, ward, latitude, longitude, area, floor, max_occupancy, direction, has_windows, has_balcony, thumbnail_url, is_pet_friendly, is_parking_available, curfew, rules, view_count, favorite_count, created_at, updated_at, version, nearby_university_id, nearby_university_name, distance_to_university, nearest_bus_station)
VALUES (42, 4, 'P.149', 'Số 142 Võ Văn Ngân, Phường Bình Thọ, Thủ Đức, TP Hồ Chí Minh', 'TP Hồ Chí Minh', 'Thủ Đức', 'Bình Thọ', 10.848717, 106.798008, 27.0, 5, 3, 'EAST', true, true, '/rooms/images/room_22/image_01_1.jpg', true, true, '22:00', 'Giữ trật tự chung sau 22h, dọn dẹp vệ sinh phòng sạch sẽ, phòng cháy chữa cháy an toàn.', 258, 33, NOW() - INTERVAL '9 days', NOW(), 0, 2, 'Trường Đại học Sư phạm Kỹ thuật TP.HCM', 2.86, 0.41);
INSERT INTO room_amenities (room_id, amenity_id) VALUES (42, 1) ON CONFLICT DO NOTHING;
INSERT INTO room_amenities (room_id, amenity_id) VALUES (42, 2) ON CONFLICT DO NOTHING;
INSERT INTO room_amenities (room_id, amenity_id) VALUES (42, 3) ON CONFLICT DO NOTHING;
INSERT INTO room_amenities (room_id, amenity_id) VALUES (42, 4) ON CONFLICT DO NOTHING;
INSERT INTO room_amenities (room_id, amenity_id) VALUES (42, 5) ON CONFLICT DO NOTHING;
INSERT INTO room_amenities (room_id, amenity_id) VALUES (42, 6) ON CONFLICT DO NOTHING;
INSERT INTO room_amenities (room_id, amenity_id) VALUES (42, 7) ON CONFLICT DO NOTHING;
INSERT INTO room_amenities (room_id, amenity_id) VALUES (42, 9) ON CONFLICT DO NOTHING;
INSERT INTO room_amenities (room_id, amenity_id) VALUES (42, 12) ON CONFLICT DO NOTHING;
INSERT INTO room_images (room_id, image_url) VALUES (42, '/rooms/images/room_22/image_01_1.jpg');
INSERT INTO room_images (room_id, image_url) VALUES (42, '/rooms/images/room_22/image_02_1.jpg');
INSERT INTO room_images (room_id, image_url) VALUES (42, '/rooms/images/room_22/image_03_1.jpg');
INSERT INTO room_images (room_id, image_url) VALUES (42, '/rooms/images/room_22/image_04.jpg');
INSERT INTO posts (id, landlord_id, room_id, title, description, price, deposit_amount, price_type, status, approved_by, approved_at, expires_at, is_boosted, boosted_until, view_count, favorite_count, contact_count, booking_count, created_at, updated_at, version, video_url, video_thumbnail)
VALUES (42, 4, 42, 'Căn hộ Studio gác lửng full nội thất 27m2 cách HCMUTE 2.86km - Võ Văn Ngân', '**Vị trí thuận tiện và yên tĩnh**
- Địa chỉ: Võ Văn Ngân, Phường Bình Thọ, Thủ Đức.
- Chỉ cách khuôn viên trường Trường Đại học Sư phạm Kỹ thuật TP.HCM (HCMUTE) khoảng 2.86km. Việc đi học hàng ngày cực kỳ thuận tiện và nhanh chóng bằng xe máy, xe buýt hoặc đi bộ. Khu vực xung quanh cao ráo, không bị ngập nước, đường sá thông thoáng.

**Thiết kế căn phòng**
- Diện tích sử dụng: 27m2. Thiết kế tối ưu không gian, sạch sẽ, thoáng mát, thích hợp cho việc học tập lâu dài.
- Sở hữu cửa sổ lớn đón ánh sáng tự nhiên tốt, giữ phòng luôn khô ráo.
- Có ban công riêng đón gió mát mẻ, thuận tiện cho việc phơi đồ hoặc làm góc thư giãn.

**Các tiện ích lắp sẵn**
- Wifi internet tốc độ cao riêng biệt từng phòng
- Máy điều hòa nhiệt độ Inverter hoạt động êm ái, tiết kiệm điện
- Hệ thống nước nóng lạnh an toàn
- Chỗ để xe máy rộng rãi dưới tầng trệt, an ninh đảm bảo
- Tủ lạnh dung tích lớn tiện lợi lưu trữ đồ ăn
- Khu vực giặt sấy/máy giặt tiện nghi
- Kệ bếp nấu ăn thoáng khí, tủ bếp sạch sẽ

**An ninh và quy định**
- Hệ thống cửa cổng kiểm soát bằng khóa vân tay bảo mật cao kết hợp camera giám sát 24/7.
- Giờ đóng cổng: 22:00 đêm nhằm đảm bảo trật tự chung.
- Môi trường sống văn minh, hàng xóm chủ yếu là sinh viên ngoan ngoãn và nhân viên văn phòng lịch sự.

**Thông tin chi phí thuê**
- Giá thuê hàng tháng: 3,700,000 đ/tháng.
- Tiền đặt cọc: 3,700,000 đ (cam kết hoàn trả đầy đủ khi kết thúc hợp đồng theo đúng thỏa thuận).
- Chỉ số điện nước tính theo đồng hồ riêng gắn trước cửa phòng, cam kết thu đúng chỉ số tiêu thụ thực tế.', 3700000.0, 3700000.0, 'MONTHLY', 'APPROVED', 1, NOW() - INTERVAL '3 days', NOW() + INTERVAL '27 days', true, NOW() + INTERVAL '9 days', 430, 31, 33, 3, NOW() - INTERVAL '8 days', NOW(), 0, '/posts/videos/room_22/video_01_1.mp4', '/rooms/images/room_22/image_01_1.jpg');
INSERT INTO post_images (post_id, image_order, image_url) VALUES (42, 0, '/rooms/images/room_22/image_01_1.jpg');
INSERT INTO post_images (post_id, image_order, image_url) VALUES (42, 1, '/rooms/images/room_22/image_02_1.jpg');
INSERT INTO post_images (post_id, image_order, image_url) VALUES (42, 2, '/rooms/images/room_22/image_03_1.jpg');
INSERT INTO post_images (post_id, image_order, image_url) VALUES (42, 3, '/rooms/images/room_22/image_04.jpg');

-- ==========================================
-- ROOM 43 near UIT - Dist: 3.52km - Price: 1,100,000
-- ==========================================
INSERT INTO rooms (id, landlord_id, room_number, address, province, district, ward, latitude, longitude, area, floor, max_occupancy, direction, has_windows, has_balcony, thumbnail_url, is_pet_friendly, is_parking_available, curfew, rules, view_count, favorite_count, created_at, updated_at, version, nearby_university_id, nearby_university_name, distance_to_university, nearest_bus_station)
VALUES (43, 2, 'P.621', 'Số 144 Lê Văn Chí, Phường Linh Tây, Thủ Đức, TP Hồ Chí Minh', 'TP Hồ Chí Minh', 'Thủ Đức', 'Linh Tây', 10.864622, 106.771224, 38.0, 1, 6, 'WEST', true, false, '/rooms/images/room_23/image_01_1.jpg', false, false, NULL, 'Giữ trật tự chung sau 22h, dọn dẹp vệ sinh phòng sạch sẽ, phòng cháy chữa cháy an toàn.', 151, 36, NOW() - INTERVAL '2 days', NOW(), 0, 3, 'Trường Đại học Công nghệ thông tin - ĐHQG TP.HCM', 3.52, 0.15);
INSERT INTO room_amenities (room_id, amenity_id) VALUES (43, 1) ON CONFLICT DO NOTHING;
INSERT INTO room_amenities (room_id, amenity_id) VALUES (43, 2) ON CONFLICT DO NOTHING;
INSERT INTO room_amenities (room_id, amenity_id) VALUES (43, 3) ON CONFLICT DO NOTHING;
INSERT INTO room_amenities (room_id, amenity_id) VALUES (43, 4) ON CONFLICT DO NOTHING;
INSERT INTO room_amenities (room_id, amenity_id) VALUES (43, 5) ON CONFLICT DO NOTHING;
INSERT INTO room_amenities (room_id, amenity_id) VALUES (43, 7) ON CONFLICT DO NOTHING;
INSERT INTO room_amenities (room_id, amenity_id) VALUES (43, 11) ON CONFLICT DO NOTHING;
INSERT INTO room_amenities (room_id, amenity_id) VALUES (43, 12) ON CONFLICT DO NOTHING;
INSERT INTO room_images (room_id, image_url) VALUES (43, '/rooms/images/room_23/image_01_1.jpg');
INSERT INTO room_images (room_id, image_url) VALUES (43, '/rooms/images/room_23/image_02_1.jpg');
INSERT INTO room_images (room_id, image_url) VALUES (43, '/rooms/images/room_23/image_03_1.jpg');
INSERT INTO room_images (room_id, image_url) VALUES (43, '/rooms/images/room_23/image_04_1.jpg');
INSERT INTO room_images (room_id, image_url) VALUES (43, '/rooms/images/room_23/image_05.jpg');
INSERT INTO posts (id, landlord_id, room_id, title, description, price, deposit_amount, price_type, status, approved_by, approved_at, expires_at, is_boosted, boosted_until, view_count, favorite_count, contact_count, booking_count, created_at, updated_at, version, video_url, video_thumbnail)
VALUES (43, 2, 43, 'Sleepbox cao cấp tiện nghi, bảo mật 38m2 cách UIT 3.52km - Lê Văn Chí', '**Vị trí thuận tiện và yên tĩnh**
- Địa chỉ: Lê Văn Chí, Phường Linh Tây, Thủ Đức.
- Chỉ cách khuôn viên trường Trường Đại học Công nghệ thông tin - ĐHQG TP.HCM (UIT) khoảng 3.52km. Việc đi học hàng ngày cực kỳ thuận tiện và nhanh chóng bằng xe máy, xe buýt hoặc đi bộ. Khu vực xung quanh cao ráo, không bị ngập nước, đường sá thông thoáng.

**Thiết kế căn phòng**
- Diện tích sử dụng: 38m2. Thiết kế tối ưu không gian, sạch sẽ, thoáng mát, thích hợp cho việc học tập lâu dài.
- Sở hữu cửa sổ lớn đón ánh sáng tự nhiên tốt, giữ phòng luôn khô ráo.

**Các tiện ích lắp sẵn**
- Wifi internet tốc độ cao riêng biệt từng phòng
- Máy điều hòa nhiệt độ Inverter hoạt động êm ái, tiết kiệm điện
- Hệ thống nước nóng lạnh an toàn
- Chỗ để xe máy rộng rãi dưới tầng trệt, an ninh đảm bảo
- Khu vực giặt sấy/máy giặt tiện nghi

**An ninh và quy định**
- Hệ thống cửa cổng kiểm soát bằng khóa vân tay bảo mật cao kết hợp camera giám sát 24/7.
- Giờ giấc ra vào tự do thoải mái, không chung chủ.
- Môi trường sống văn minh, hàng xóm chủ yếu là sinh viên ngoan ngoãn và nhân viên văn phòng lịch sự.

**Thông tin chi phí thuê**
- Giá thuê hàng tháng: 1,100,000 đ/tháng.
- Tiền đặt cọc: 2,200,000 đ (cam kết hoàn trả đầy đủ khi kết thúc hợp đồng theo đúng thỏa thuận).
- Chỉ số điện nước tính theo đồng hồ riêng gắn trước cửa phòng, cam kết thu đúng chỉ số tiêu thụ thực tế.', 1100000.0, 2200000.0, 'MONTHLY', 'APPROVED', 1, NOW() - INTERVAL '3 days', NOW() + INTERVAL '27 days', true, NOW() + INTERVAL '9 days', 398, 13, 27, 9, NOW() - INTERVAL '10 days', NOW(), 0, '/posts/videos/room_23/video_01_1.mp4', '/rooms/images/room_23/image_01_1.jpg');
INSERT INTO post_images (post_id, image_order, image_url) VALUES (43, 0, '/rooms/images/room_23/image_01_1.jpg');
INSERT INTO post_images (post_id, image_order, image_url) VALUES (43, 1, '/rooms/images/room_23/image_02_1.jpg');
INSERT INTO post_images (post_id, image_order, image_url) VALUES (43, 2, '/rooms/images/room_23/image_03_1.jpg');
INSERT INTO post_images (post_id, image_order, image_url) VALUES (43, 3, '/rooms/images/room_23/image_04_1.jpg');
INSERT INTO post_images (post_id, image_order, image_url) VALUES (43, 4, '/rooms/images/room_23/image_05.jpg');

-- ==========================================
-- ROOM 44 near HCMUT - Dist: 1.39km - Price: 2,400,000
-- ==========================================
INSERT INTO rooms (id, landlord_id, room_number, address, province, district, ward, latitude, longitude, area, floor, max_occupancy, direction, has_windows, has_balcony, thumbnail_url, is_pet_friendly, is_parking_available, curfew, rules, view_count, favorite_count, created_at, updated_at, version, nearby_university_id, nearby_university_name, distance_to_university, nearest_bus_station)
VALUES (44, 3, 'P.313', 'Số 103 Trần Hưng Đạo, Phường Đông Hòa, Dĩ An, Bình Dương', 'Bình Dương', 'Dĩ An', 'Đông Hòa', 10.889374, 106.797836, 18.0, 1, 2, 'WEST', true, true, '/rooms/images/room_24/image_01.jpg', true, true, '22:00', 'Giữ trật tự chung sau 22h, dọn dẹp vệ sinh phòng sạch sẽ, phòng cháy chữa cháy an toàn.', 203, 45, NOW() - INTERVAL '9 days', NOW(), 0, 4, 'Trường Đại học Bách Khoa - ĐHQG TP.HCM (Cơ sở Dĩ An)', 1.39, 0.48);
INSERT INTO room_amenities (room_id, amenity_id) VALUES (44, 1) ON CONFLICT DO NOTHING;
INSERT INTO room_amenities (room_id, amenity_id) VALUES (44, 2) ON CONFLICT DO NOTHING;
INSERT INTO room_amenities (room_id, amenity_id) VALUES (44, 3) ON CONFLICT DO NOTHING;
INSERT INTO room_amenities (room_id, amenity_id) VALUES (44, 4) ON CONFLICT DO NOTHING;
INSERT INTO room_amenities (room_id, amenity_id) VALUES (44, 5) ON CONFLICT DO NOTHING;
INSERT INTO room_amenities (room_id, amenity_id) VALUES (44, 6) ON CONFLICT DO NOTHING;
INSERT INTO room_amenities (room_id, amenity_id) VALUES (44, 9) ON CONFLICT DO NOTHING;
INSERT INTO room_images (room_id, image_url) VALUES (44, '/rooms/images/room_24/image_01.jpg');
INSERT INTO room_images (room_id, image_url) VALUES (44, '/rooms/images/room_24/image_02.jpg');
INSERT INTO room_images (room_id, image_url) VALUES (44, '/rooms/images/room_24/image_03.jpg');
INSERT INTO room_images (room_id, image_url) VALUES (44, '/rooms/images/room_24/image_04.jpg');
INSERT INTO posts (id, landlord_id, room_id, title, description, price, deposit_amount, price_type, status, approved_by, approved_at, expires_at, is_boosted, boosted_until, view_count, favorite_count, contact_count, booking_count, created_at, updated_at, version, video_url, video_thumbnail)
VALUES (44, 3, 44, 'Phòng trọ ban công thoáng mát gần trường 18m2 cách HCMUT 1.39km - Trần Hưng Đạo', '**Vị trí thuận tiện và yên tĩnh**
- Địa chỉ: Trần Hưng Đạo, Phường Đông Hòa, Dĩ An.
- Chỉ cách khuôn viên trường Trường Đại học Bách Khoa - ĐHQG TP.HCM (Cơ sở Dĩ An) (HCMUT) khoảng 1.39km. Việc đi học hàng ngày cực kỳ thuận tiện và nhanh chóng bằng xe máy, xe buýt hoặc đi bộ. Khu vực xung quanh cao ráo, không bị ngập nước, đường sá thông thoáng.

**Thiết kế căn phòng**
- Diện tích sử dụng: 18m2. Thiết kế tối ưu không gian, sạch sẽ, thoáng mát, thích hợp cho việc học tập lâu dài.
- Sở hữu cửa sổ lớn đón ánh sáng tự nhiên tốt, giữ phòng luôn khô ráo.
- Có ban công riêng đón gió mát mẻ, thuận tiện cho việc phơi đồ hoặc làm góc thư giãn.

**Các tiện ích lắp sẵn**
- Wifi internet tốc độ cao riêng biệt từng phòng
- Máy điều hòa nhiệt độ Inverter hoạt động êm ái, tiết kiệm điện
- Hệ thống nước nóng lạnh an toàn
- Chỗ để xe máy rộng rãi dưới tầng trệt, an ninh đảm bảo
- Tủ lạnh dung tích lớn tiện lợi lưu trữ đồ ăn
- Kệ bếp nấu ăn thoáng khí, tủ bếp sạch sẽ

**An ninh và quy định**
- Hệ thống cửa cổng kiểm soát bằng khóa vân tay bảo mật cao kết hợp camera giám sát 24/7.
- Giờ đóng cổng: 22:00 đêm nhằm đảm bảo trật tự chung.
- Môi trường sống văn minh, hàng xóm chủ yếu là sinh viên ngoan ngoãn và nhân viên văn phòng lịch sự.

**Thông tin chi phí thuê**
- Giá thuê hàng tháng: 2,400,000 đ/tháng.
- Tiền đặt cọc: 4,800,000 đ (cam kết hoàn trả đầy đủ khi kết thúc hợp đồng theo đúng thỏa thuận).
- Chỉ số điện nước tính theo đồng hồ riêng gắn trước cửa phòng, cam kết thu đúng chỉ số tiêu thụ thực tế.', 2400000.0, 4800000.0, 'MONTHLY', 'APPROVED', 1, NOW() - INTERVAL '3 days', NOW() + INTERVAL '27 days', false, NULL, 289, 18, 15, 5, NOW() - INTERVAL '4 days', NOW(), 0, '/posts/videos/room_24/video_01_1.mp4', '/rooms/images/room_24/image_01.jpg');
INSERT INTO post_images (post_id, image_order, image_url) VALUES (44, 0, '/rooms/images/room_24/image_01.jpg');
INSERT INTO post_images (post_id, image_order, image_url) VALUES (44, 1, '/rooms/images/room_24/image_02.jpg');
INSERT INTO post_images (post_id, image_order, image_url) VALUES (44, 2, '/rooms/images/room_24/image_03.jpg');
INSERT INTO post_images (post_id, image_order, image_url) VALUES (44, 3, '/rooms/images/room_24/image_04.jpg');

-- ==========================================
-- ROOM 45 near HCMUS - Dist: 4.08km - Price: 4,300,000
-- ==========================================
INSERT INTO rooms (id, landlord_id, room_number, address, province, district, ward, latitude, longitude, area, floor, max_occupancy, direction, has_windows, has_balcony, thumbnail_url, is_pet_friendly, is_parking_available, curfew, rules, view_count, favorite_count, created_at, updated_at, version, nearby_university_id, nearby_university_name, distance_to_university, nearest_bus_station)
VALUES (45, 4, 'P.173', 'Số 69 Đường ĐHQG, Phường Đông Hòa, Dĩ An, Bình Dương', 'Bình Dương', 'Dĩ An', 'Đông Hòa', 10.901211, 106.826551, 44.0, 2, 3, 'SOUTHEAST', true, true, '/rooms/images/room_25/image_01_1.jpg', true, true, '22:00', 'Giữ trật tự chung sau 22h, dọn dẹp vệ sinh phòng sạch sẽ, phòng cháy chữa cháy an toàn.', 131, 38, NOW() - INTERVAL '8 days', NOW(), 0, 5, 'Trường Đại học Khoa học Tự nhiên - ĐHQG TP.HCM (Cơ sở Dĩ An)', 4.08, 0.39);
INSERT INTO room_amenities (room_id, amenity_id) VALUES (45, 1) ON CONFLICT DO NOTHING;
INSERT INTO room_amenities (room_id, amenity_id) VALUES (45, 2) ON CONFLICT DO NOTHING;
INSERT INTO room_amenities (room_id, amenity_id) VALUES (45, 3) ON CONFLICT DO NOTHING;
INSERT INTO room_amenities (room_id, amenity_id) VALUES (45, 4) ON CONFLICT DO NOTHING;
INSERT INTO room_amenities (room_id, amenity_id) VALUES (45, 5) ON CONFLICT DO NOTHING;
INSERT INTO room_amenities (room_id, amenity_id) VALUES (45, 6) ON CONFLICT DO NOTHING;
INSERT INTO room_amenities (room_id, amenity_id) VALUES (45, 7) ON CONFLICT DO NOTHING;
INSERT INTO room_amenities (room_id, amenity_id) VALUES (45, 8) ON CONFLICT DO NOTHING;
INSERT INTO room_amenities (room_id, amenity_id) VALUES (45, 9) ON CONFLICT DO NOTHING;
INSERT INTO room_amenities (room_id, amenity_id) VALUES (45, 10) ON CONFLICT DO NOTHING;
INSERT INTO room_amenities (room_id, amenity_id) VALUES (45, 11) ON CONFLICT DO NOTHING;
INSERT INTO room_amenities (room_id, amenity_id) VALUES (45, 12) ON CONFLICT DO NOTHING;
INSERT INTO room_images (room_id, image_url) VALUES (45, '/rooms/images/room_25/image_01_1.jpg');
INSERT INTO room_images (room_id, image_url) VALUES (45, '/rooms/images/room_25/image_02_1.jpg');
INSERT INTO room_images (room_id, image_url) VALUES (45, '/rooms/images/room_25/image_03_1.jpg');
INSERT INTO posts (id, landlord_id, room_id, title, description, price, deposit_amount, price_type, status, approved_by, approved_at, expires_at, is_boosted, boosted_until, view_count, favorite_count, contact_count, booking_count, created_at, updated_at, version, video_url, video_thumbnail)
VALUES (45, 4, 45, 'Căn hộ dịch vụ 1PN sang trọng, an ninh 44m2 cách HCMUS 4.08km - Đường ĐHQG', '**Vị trí thuận tiện và yên tĩnh**
- Địa chỉ: Đường ĐHQG, Phường Đông Hòa, Dĩ An.
- Chỉ cách khuôn viên trường Trường Đại học Khoa học Tự nhiên - ĐHQG TP.HCM (Cơ sở Dĩ An) (HCMUS) khoảng 4.08km. Việc đi học hàng ngày cực kỳ thuận tiện và nhanh chóng bằng xe máy, xe buýt hoặc đi bộ. Khu vực xung quanh cao ráo, không bị ngập nước, đường sá thông thoáng.

**Thiết kế căn phòng**
- Diện tích sử dụng: 44m2. Thiết kế tối ưu không gian, sạch sẽ, thoáng mát, thích hợp cho việc học tập lâu dài.
- Sở hữu cửa sổ lớn đón ánh sáng tự nhiên tốt, giữ phòng luôn khô ráo.
- Có ban công riêng đón gió mát mẻ, thuận tiện cho việc phơi đồ hoặc làm góc thư giãn.

**Các tiện ích lắp sẵn**
- Wifi internet tốc độ cao riêng biệt từng phòng
- Máy điều hòa nhiệt độ Inverter hoạt động êm ái, tiết kiệm điện
- Hệ thống nước nóng lạnh an toàn
- Chỗ để xe máy rộng rãi dưới tầng trệt, an ninh đảm bảo
- Tủ lạnh dung tích lớn tiện lợi lưu trữ đồ ăn
- Khu vực giặt sấy/máy giặt tiện nghi
- Kệ bếp nấu ăn thoáng khí, tủ bếp sạch sẽ

**An ninh và quy định**
- Hệ thống cửa cổng kiểm soát bằng khóa vân tay bảo mật cao kết hợp camera giám sát 24/7.
- Giờ đóng cổng: 22:00 đêm nhằm đảm bảo trật tự chung.
- Môi trường sống văn minh, hàng xóm chủ yếu là sinh viên ngoan ngoãn và nhân viên văn phòng lịch sự.

**Thông tin chi phí thuê**
- Giá thuê hàng tháng: 4,300,000 đ/tháng.
- Tiền đặt cọc: 8,600,000 đ (cam kết hoàn trả đầy đủ khi kết thúc hợp đồng theo đúng thỏa thuận).
- Chỉ số điện nước tính theo đồng hồ riêng gắn trước cửa phòng, cam kết thu đúng chỉ số tiêu thụ thực tế.', 4300000.0, 8600000.0, 'MONTHLY', 'APPROVED', 1, NOW() - INTERVAL '3 days', NOW() + INTERVAL '27 days', false, NULL, 163, 42, 36, 4, NOW() - INTERVAL '10 days', NOW(), 0, '/posts/videos/room_25/video_01_1.mp4', '/rooms/images/room_25/image_01_1.jpg');
INSERT INTO post_images (post_id, image_order, image_url) VALUES (45, 0, '/rooms/images/room_25/image_01_1.jpg');
INSERT INTO post_images (post_id, image_order, image_url) VALUES (45, 1, '/rooms/images/room_25/image_02_1.jpg');
INSERT INTO post_images (post_id, image_order, image_url) VALUES (45, 2, '/rooms/images/room_25/image_03_1.jpg');

-- ==========================================
-- ROOM 46 near IU - Dist: 4.99km - Price: 1,400,000
-- ==========================================
INSERT INTO rooms (id, landlord_id, room_number, address, province, district, ward, latitude, longitude, area, floor, max_occupancy, direction, has_windows, has_balcony, thumbnail_url, is_pet_friendly, is_parking_available, curfew, rules, view_count, favorite_count, created_at, updated_at, version, nearby_university_id, nearby_university_name, distance_to_university, nearest_bus_station)
VALUES (46, 2, 'P.217', 'Số 144 Bình Đường, Phường An Bình, Dĩ An, Bình Dương', 'Bình Dương', 'Dĩ An', 'An Bình', 10.85168, 106.83879, 15.0, 5, 2, 'EAST', true, false, '/rooms/images/room_26/image_01_1.jpg', false, true, '22:00', 'Giữ trật tự chung sau 22h, dọn dẹp vệ sinh phòng sạch sẽ, phòng cháy chữa cháy an toàn.', 238, 23, NOW() - INTERVAL '13 days', NOW(), 0, 6, 'Trường Đại học Quốc tế - ĐHQG TP.HCM', 4.99, 0.41);
INSERT INTO room_amenities (room_id, amenity_id) VALUES (46, 1) ON CONFLICT DO NOTHING;
INSERT INTO room_amenities (room_id, amenity_id) VALUES (46, 3) ON CONFLICT DO NOTHING;
INSERT INTO room_amenities (room_id, amenity_id) VALUES (46, 4) ON CONFLICT DO NOTHING;
INSERT INTO room_amenities (room_id, amenity_id) VALUES (46, 9) ON CONFLICT DO NOTHING;
INSERT INTO room_images (room_id, image_url) VALUES (46, '/rooms/images/room_26/image_01_1.jpg');
INSERT INTO room_images (room_id, image_url) VALUES (46, '/rooms/images/room_26/image_02_1.jpg');
INSERT INTO room_images (room_id, image_url) VALUES (46, '/rooms/images/room_26/image_03_1.jpg');
INSERT INTO room_images (room_id, image_url) VALUES (46, '/rooms/images/room_26/image_04_1.jpg');
INSERT INTO room_images (room_id, image_url) VALUES (46, '/rooms/images/room_26/image_05.jpg');
INSERT INTO room_images (room_id, image_url) VALUES (46, '/rooms/images/room_26/image_06.jpg');
INSERT INTO room_images (room_id, image_url) VALUES (46, '/rooms/images/room_26/image_07.jpg');
INSERT INTO room_images (room_id, image_url) VALUES (46, '/rooms/images/room_26/image_08.jpg');
INSERT INTO posts (id, landlord_id, room_id, title, description, price, deposit_amount, price_type, status, approved_by, approved_at, expires_at, is_boosted, boosted_until, view_count, favorite_count, contact_count, booking_count, created_at, updated_at, version, video_url, video_thumbnail)
VALUES (46, 2, 46, 'Phòng trọ mini giá rẻ sinh viên 15m2 cách IU 4.99km - Bình Đường', '**Vị trí thuận tiện và yên tĩnh**
- Địa chỉ: Bình Đường, Phường An Bình, Dĩ An.
- Chỉ cách khuôn viên trường Trường Đại học Quốc tế - ĐHQG TP.HCM (IU) khoảng 4.99km. Việc đi học hàng ngày cực kỳ thuận tiện và nhanh chóng bằng xe máy, xe buýt hoặc đi bộ. Khu vực xung quanh cao ráo, không bị ngập nước, đường sá thông thoáng.

**Thiết kế căn phòng**
- Diện tích sử dụng: 15m2. Thiết kế tối ưu không gian, sạch sẽ, thoáng mát, thích hợp cho việc học tập lâu dài.
- Sở hữu cửa sổ lớn đón ánh sáng tự nhiên tốt, giữ phòng luôn khô ráo.

**Các tiện ích lắp sẵn**
- Wifi internet tốc độ cao riêng biệt từng phòng
- Hệ thống nước nóng lạnh an toàn
- Chỗ để xe máy rộng rãi dưới tầng trệt, an ninh đảm bảo
- Kệ bếp nấu ăn thoáng khí, tủ bếp sạch sẽ

**An ninh và quy định**
- Hệ thống cửa cổng kiểm soát bằng khóa vân tay bảo mật cao kết hợp camera giám sát 24/7.
- Giờ đóng cổng: 22:00 đêm nhằm đảm bảo trật tự chung.
- Môi trường sống văn minh, hàng xóm chủ yếu là sinh viên ngoan ngoãn và nhân viên văn phòng lịch sự.

**Thông tin chi phí thuê**
- Giá thuê hàng tháng: 1,400,000 đ/tháng.
- Tiền đặt cọc: 1,400,000 đ (cam kết hoàn trả đầy đủ khi kết thúc hợp đồng theo đúng thỏa thuận).
- Chỉ số điện nước tính theo đồng hồ riêng gắn trước cửa phòng, cam kết thu đúng chỉ số tiêu thụ thực tế.', 1400000.0, 1400000.0, 'MONTHLY', 'APPROVED', 1, NOW() - INTERVAL '3 days', NOW() + INTERVAL '27 days', false, NULL, 401, 27, 45, 4, NOW() - INTERVAL '2 days', NOW(), 0, '/posts/videos/room_26/video_01_1.mp4', '/rooms/images/room_26/image_01_1.jpg');
INSERT INTO post_images (post_id, image_order, image_url) VALUES (46, 0, '/rooms/images/room_26/image_01_1.jpg');
INSERT INTO post_images (post_id, image_order, image_url) VALUES (46, 1, '/rooms/images/room_26/image_02_1.jpg');
INSERT INTO post_images (post_id, image_order, image_url) VALUES (46, 2, '/rooms/images/room_26/image_03_1.jpg');
INSERT INTO post_images (post_id, image_order, image_url) VALUES (46, 3, '/rooms/images/room_26/image_04_1.jpg');
INSERT INTO post_images (post_id, image_order, image_url) VALUES (46, 4, '/rooms/images/room_26/image_05.jpg');
INSERT INTO post_images (post_id, image_order, image_url) VALUES (46, 5, '/rooms/images/room_26/image_06.jpg');
INSERT INTO post_images (post_id, image_order, image_url) VALUES (46, 6, '/rooms/images/room_26/image_07.jpg');
INSERT INTO post_images (post_id, image_order, image_url) VALUES (46, 7, '/rooms/images/room_26/image_08.jpg');

-- ==========================================
-- ROOM 47 near UEH - Dist: 3.16km - Price: 2,800,000
-- ==========================================
INSERT INTO rooms (id, landlord_id, room_number, address, province, district, ward, latitude, longitude, area, floor, max_occupancy, direction, has_windows, has_balcony, thumbnail_url, is_pet_friendly, is_parking_available, curfew, rules, view_count, favorite_count, created_at, updated_at, version, nearby_university_id, nearby_university_name, distance_to_university, nearest_bus_station)
VALUES (47, 3, 'P.200', 'Số 25 Bàn Cờ, Phường 5, Quận 3, TP Hồ Chí Minh', 'TP Hồ Chí Minh', 'Quận 3', 'Phường 5', 10.763986, 106.674476, 30.0, 3, 3, 'NORTHEAST', true, true, '/rooms/images/room_27/image_01.jpg', false, true, '22:00', 'Giữ trật tự chung sau 22h, dọn dẹp vệ sinh phòng sạch sẽ, phòng cháy chữa cháy an toàn.', 186, 40, NOW() - INTERVAL '13 days', NOW(), 0, 7, 'Trường Đại học Kinh tế TP.HCM (Cơ sở A)', 3.16, 0.11);
INSERT INTO room_amenities (room_id, amenity_id) VALUES (47, 1) ON CONFLICT DO NOTHING;
INSERT INTO room_amenities (room_id, amenity_id) VALUES (47, 2) ON CONFLICT DO NOTHING;
INSERT INTO room_amenities (room_id, amenity_id) VALUES (47, 3) ON CONFLICT DO NOTHING;
INSERT INTO room_amenities (room_id, amenity_id) VALUES (47, 4) ON CONFLICT DO NOTHING;
INSERT INTO room_amenities (room_id, amenity_id) VALUES (47, 5) ON CONFLICT DO NOTHING;
INSERT INTO room_amenities (room_id, amenity_id) VALUES (47, 6) ON CONFLICT DO NOTHING;
INSERT INTO room_amenities (room_id, amenity_id) VALUES (47, 7) ON CONFLICT DO NOTHING;
INSERT INTO room_amenities (room_id, amenity_id) VALUES (47, 9) ON CONFLICT DO NOTHING;
INSERT INTO room_amenities (room_id, amenity_id) VALUES (47, 12) ON CONFLICT DO NOTHING;
INSERT INTO room_images (room_id, image_url) VALUES (47, '/rooms/images/room_27/image_01.jpg');
INSERT INTO room_images (room_id, image_url) VALUES (47, '/rooms/images/room_27/image_02.jpg');
INSERT INTO room_images (room_id, image_url) VALUES (47, '/rooms/images/room_27/image_03.jpg');
INSERT INTO room_images (room_id, image_url) VALUES (47, '/rooms/images/room_27/image_04.jpg');
INSERT INTO room_images (room_id, image_url) VALUES (47, '/rooms/images/room_27/image_05.jpg');
INSERT INTO room_images (room_id, image_url) VALUES (47, '/rooms/images/room_27/image_06.jpg');
INSERT INTO room_images (room_id, image_url) VALUES (47, '/rooms/images/room_27/image_07.jpg');
INSERT INTO room_images (room_id, image_url) VALUES (47, '/rooms/images/room_27/image_08.jpg');
INSERT INTO room_images (room_id, image_url) VALUES (47, '/rooms/images/room_27/image_09.jpg');
INSERT INTO room_images (room_id, image_url) VALUES (47, '/rooms/images/room_27/image_10.jpg');
INSERT INTO room_images (room_id, image_url) VALUES (47, '/rooms/images/room_27/image_11.jpg');
INSERT INTO room_images (room_id, image_url) VALUES (47, '/rooms/images/room_27/image_12.jpg');
INSERT INTO posts (id, landlord_id, room_id, title, description, price, deposit_amount, price_type, status, approved_by, approved_at, expires_at, is_boosted, boosted_until, view_count, favorite_count, contact_count, booking_count, created_at, updated_at, version, video_url, video_thumbnail)
VALUES (47, 3, 47, 'Căn hộ Studio gác lửng full nội thất 30m2 cách UEH 3.16km - Bàn Cờ', '**Vị trí thuận tiện và yên tĩnh**
- Địa chỉ: Bàn Cờ, Phường 5, Quận 3.
- Chỉ cách khuôn viên trường Trường Đại học Kinh tế TP.HCM (Cơ sở A) (UEH) khoảng 3.16km. Việc đi học hàng ngày cực kỳ thuận tiện và nhanh chóng bằng xe máy, xe buýt hoặc đi bộ. Khu vực xung quanh cao ráo, không bị ngập nước, đường sá thông thoáng.

**Thiết kế căn phòng**
- Diện tích sử dụng: 30m2. Thiết kế tối ưu không gian, sạch sẽ, thoáng mát, thích hợp cho việc học tập lâu dài.
- Sở hữu cửa sổ lớn đón ánh sáng tự nhiên tốt, giữ phòng luôn khô ráo.
- Có ban công riêng đón gió mát mẻ, thuận tiện cho việc phơi đồ hoặc làm góc thư giãn.

**Các tiện ích lắp sẵn**
- Wifi internet tốc độ cao riêng biệt từng phòng
- Máy điều hòa nhiệt độ Inverter hoạt động êm ái, tiết kiệm điện
- Hệ thống nước nóng lạnh an toàn
- Chỗ để xe máy rộng rãi dưới tầng trệt, an ninh đảm bảo
- Tủ lạnh dung tích lớn tiện lợi lưu trữ đồ ăn
- Khu vực giặt sấy/máy giặt tiện nghi
- Kệ bếp nấu ăn thoáng khí, tủ bếp sạch sẽ

**An ninh và quy định**
- Hệ thống cửa cổng kiểm soát bằng khóa vân tay bảo mật cao kết hợp camera giám sát 24/7.
- Giờ đóng cổng: 22:00 đêm nhằm đảm bảo trật tự chung.
- Môi trường sống văn minh, hàng xóm chủ yếu là sinh viên ngoan ngoãn và nhân viên văn phòng lịch sự.

**Thông tin chi phí thuê**
- Giá thuê hàng tháng: 2,800,000 đ/tháng.
- Tiền đặt cọc: 2,800,000 đ (cam kết hoàn trả đầy đủ khi kết thúc hợp đồng theo đúng thỏa thuận).
- Chỉ số điện nước tính theo đồng hồ riêng gắn trước cửa phòng, cam kết thu đúng chỉ số tiêu thụ thực tế.', 2800000.0, 2800000.0, 'MONTHLY', 'APPROVED', 1, NOW() - INTERVAL '3 days', NOW() + INTERVAL '27 days', true, NOW() + INTERVAL '9 days', 134, 70, 24, 8, NOW() - INTERVAL '5 days', NOW(), 0, '/posts/videos/room_27/video_01_1.mp4', '/rooms/images/room_27/image_01.jpg');
INSERT INTO post_images (post_id, image_order, image_url) VALUES (47, 0, '/rooms/images/room_27/image_01.jpg');
INSERT INTO post_images (post_id, image_order, image_url) VALUES (47, 1, '/rooms/images/room_27/image_02.jpg');
INSERT INTO post_images (post_id, image_order, image_url) VALUES (47, 2, '/rooms/images/room_27/image_03.jpg');
INSERT INTO post_images (post_id, image_order, image_url) VALUES (47, 3, '/rooms/images/room_27/image_04.jpg');
INSERT INTO post_images (post_id, image_order, image_url) VALUES (47, 4, '/rooms/images/room_27/image_05.jpg');
INSERT INTO post_images (post_id, image_order, image_url) VALUES (47, 5, '/rooms/images/room_27/image_06.jpg');
INSERT INTO post_images (post_id, image_order, image_url) VALUES (47, 6, '/rooms/images/room_27/image_07.jpg');
INSERT INTO post_images (post_id, image_order, image_url) VALUES (47, 7, '/rooms/images/room_27/image_08.jpg');
INSERT INTO post_images (post_id, image_order, image_url) VALUES (47, 8, '/rooms/images/room_27/image_09.jpg');
INSERT INTO post_images (post_id, image_order, image_url) VALUES (47, 9, '/rooms/images/room_27/image_10.jpg');
INSERT INTO post_images (post_id, image_order, image_url) VALUES (47, 10, '/rooms/images/room_27/image_11.jpg');
INSERT INTO post_images (post_id, image_order, image_url) VALUES (47, 11, '/rooms/images/room_27/image_12.jpg');

-- ==========================================
-- ROOM 48 near FTU2 - Dist: 1.59km - Price: 1,500,000
-- ==========================================
INSERT INTO rooms (id, landlord_id, room_number, address, province, district, ward, latitude, longitude, area, floor, max_occupancy, direction, has_windows, has_balcony, thumbnail_url, is_pet_friendly, is_parking_available, curfew, rules, view_count, favorite_count, created_at, updated_at, version, nearby_university_id, nearby_university_name, distance_to_university, nearest_bus_station)
VALUES (48, 4, 'P.108', 'Số 112 Đường D2 (Nguyễn Gia Trí), Phường 17, Bình Thạnh, TP Hồ Chí Minh', 'TP Hồ Chí Minh', 'Bình Thạnh', 'Phường 17', 10.80793, 106.701146, 37.0, 1, 6, 'EAST', true, false, '/rooms/images/room_28/image_01_1.jpg', true, false, '22:00', 'Giữ trật tự chung sau 22h, dọn dẹp vệ sinh phòng sạch sẽ, phòng cháy chữa cháy an toàn.', 155, 40, NOW() - INTERVAL '4 days', NOW(), 0, 8, 'Trường Đại học Ngoại thương - Cơ sở 2', 1.59, 0.16);
INSERT INTO room_amenities (room_id, amenity_id) VALUES (48, 1) ON CONFLICT DO NOTHING;
INSERT INTO room_amenities (room_id, amenity_id) VALUES (48, 2) ON CONFLICT DO NOTHING;
INSERT INTO room_amenities (room_id, amenity_id) VALUES (48, 3) ON CONFLICT DO NOTHING;
INSERT INTO room_amenities (room_id, amenity_id) VALUES (48, 4) ON CONFLICT DO NOTHING;
INSERT INTO room_amenities (room_id, amenity_id) VALUES (48, 5) ON CONFLICT DO NOTHING;
INSERT INTO room_amenities (room_id, amenity_id) VALUES (48, 7) ON CONFLICT DO NOTHING;
INSERT INTO room_amenities (room_id, amenity_id) VALUES (48, 11) ON CONFLICT DO NOTHING;
INSERT INTO room_amenities (room_id, amenity_id) VALUES (48, 12) ON CONFLICT DO NOTHING;
INSERT INTO room_images (room_id, image_url) VALUES (48, '/rooms/images/room_28/image_01_1.jpg');
INSERT INTO room_images (room_id, image_url) VALUES (48, '/rooms/images/room_28/image_02.jpg');
INSERT INTO room_images (room_id, image_url) VALUES (48, '/rooms/images/room_28/image_03.jpg');
INSERT INTO posts (id, landlord_id, room_id, title, description, price, deposit_amount, price_type, status, approved_by, approved_at, expires_at, is_boosted, boosted_until, view_count, favorite_count, contact_count, booking_count, created_at, updated_at, version, video_url, video_thumbnail)
VALUES (48, 4, 48, 'Sleepbox cao cấp tiện nghi, bảo mật 37m2 cách FTU2 1.59km - Đường D2 (Nguyễn Gia Trí)', '**Vị trí thuận tiện và yên tĩnh**
- Địa chỉ: Đường D2 (Nguyễn Gia Trí), Phường 17, Bình Thạnh.
- Chỉ cách khuôn viên trường Trường Đại học Ngoại thương - Cơ sở 2 (FTU2) khoảng 1.59km. Việc đi học hàng ngày cực kỳ thuận tiện và nhanh chóng bằng xe máy, xe buýt hoặc đi bộ. Khu vực xung quanh cao ráo, không bị ngập nước, đường sá thông thoáng.

**Thiết kế căn phòng**
- Diện tích sử dụng: 37m2. Thiết kế tối ưu không gian, sạch sẽ, thoáng mát, thích hợp cho việc học tập lâu dài.
- Sở hữu cửa sổ lớn đón ánh sáng tự nhiên tốt, giữ phòng luôn khô ráo.

**Các tiện ích lắp sẵn**
- Wifi internet tốc độ cao riêng biệt từng phòng
- Máy điều hòa nhiệt độ Inverter hoạt động êm ái, tiết kiệm điện
- Hệ thống nước nóng lạnh an toàn
- Chỗ để xe máy rộng rãi dưới tầng trệt, an ninh đảm bảo
- Khu vực giặt sấy/máy giặt tiện nghi

**An ninh và quy định**
- Hệ thống cửa cổng kiểm soát bằng khóa vân tay bảo mật cao kết hợp camera giám sát 24/7.
- Giờ đóng cổng: 22:00 đêm nhằm đảm bảo trật tự chung.
- Môi trường sống văn minh, hàng xóm chủ yếu là sinh viên ngoan ngoãn và nhân viên văn phòng lịch sự.

**Thông tin chi phí thuê**
- Giá thuê hàng tháng: 1,500,000 đ/tháng.
- Tiền đặt cọc: 1,500,000 đ (cam kết hoàn trả đầy đủ khi kết thúc hợp đồng theo đúng thỏa thuận).
- Chỉ số điện nước tính theo đồng hồ riêng gắn trước cửa phòng, cam kết thu đúng chỉ số tiêu thụ thực tế.', 1500000.0, 1500000.0, 'MONTHLY', 'APPROVED', 1, NOW() - INTERVAL '3 days', NOW() + INTERVAL '27 days', true, NOW() + INTERVAL '5 days', 201, 23, 44, 4, NOW() - INTERVAL '3 days', NOW(), 0, '/posts/videos/room_28/video_01_1.mp4', '/rooms/images/room_28/image_01_1.jpg');
INSERT INTO post_images (post_id, image_order, image_url) VALUES (48, 0, '/rooms/images/room_28/image_01_1.jpg');
INSERT INTO post_images (post_id, image_order, image_url) VALUES (48, 1, '/rooms/images/room_28/image_02.jpg');
INSERT INTO post_images (post_id, image_order, image_url) VALUES (48, 2, '/rooms/images/room_28/image_03.jpg');

-- ==========================================
-- ROOM 49 near NLU - Dist: 2.85km - Price: 2,800,000
-- ==========================================
INSERT INTO rooms (id, landlord_id, room_number, address, province, district, ward, latitude, longitude, area, floor, max_occupancy, direction, has_windows, has_balcony, thumbnail_url, is_pet_friendly, is_parking_available, curfew, rules, view_count, favorite_count, created_at, updated_at, version, nearby_university_id, nearby_university_name, distance_to_university, nearest_bus_station)
VALUES (49, 2, 'P.650', 'Số 6 Hoàng Diệu 2, Phường Linh Tây, Thủ Đức, TP Hồ Chí Minh', 'TP Hồ Chí Minh', 'Thủ Đức', 'Linh Tây', 10.884532, 106.766228, 19.0, 3, 2, 'EAST', true, true, '/rooms/images/room_29/image_01_1.jpg', false, true, '23:00', 'Giữ trật tự chung sau 22h, dọn dẹp vệ sinh phòng sạch sẽ, phòng cháy chữa cháy an toàn.', 130, 31, NOW() - INTERVAL '14 days', NOW(), 0, 1, 'Trường Đại học Nông Lâm TP.HCM', 2.85, 0.34);
INSERT INTO room_amenities (room_id, amenity_id) VALUES (49, 1) ON CONFLICT DO NOTHING;
INSERT INTO room_amenities (room_id, amenity_id) VALUES (49, 2) ON CONFLICT DO NOTHING;
INSERT INTO room_amenities (room_id, amenity_id) VALUES (49, 3) ON CONFLICT DO NOTHING;
INSERT INTO room_amenities (room_id, amenity_id) VALUES (49, 4) ON CONFLICT DO NOTHING;
INSERT INTO room_amenities (room_id, amenity_id) VALUES (49, 5) ON CONFLICT DO NOTHING;
INSERT INTO room_amenities (room_id, amenity_id) VALUES (49, 6) ON CONFLICT DO NOTHING;
INSERT INTO room_amenities (room_id, amenity_id) VALUES (49, 9) ON CONFLICT DO NOTHING;
INSERT INTO room_images (room_id, image_url) VALUES (49, '/rooms/images/room_29/image_01_1.jpg');
INSERT INTO room_images (room_id, image_url) VALUES (49, '/rooms/images/room_29/image_02_1.jpg');
INSERT INTO room_images (room_id, image_url) VALUES (49, '/rooms/images/room_29/image_03_1.jpg');
INSERT INTO room_images (room_id, image_url) VALUES (49, '/rooms/images/room_29/image_04_1.jpg');
INSERT INTO room_images (room_id, image_url) VALUES (49, '/rooms/images/room_29/image_05.jpg');
INSERT INTO posts (id, landlord_id, room_id, title, description, price, deposit_amount, price_type, status, approved_by, approved_at, expires_at, is_boosted, boosted_until, view_count, favorite_count, contact_count, booking_count, created_at, updated_at, version, video_url, video_thumbnail)
VALUES (49, 2, 49, 'Phòng trọ ban công thoáng mát gần trường 19m2 cách NLU 2.85km - Hoàng Diệu 2', '**Vị trí thuận tiện và yên tĩnh**
- Địa chỉ: Hoàng Diệu 2, Phường Linh Tây, Thủ Đức.
- Chỉ cách khuôn viên trường Trường Đại học Nông Lâm TP.HCM (NLU) khoảng 2.85km. Việc đi học hàng ngày cực kỳ thuận tiện và nhanh chóng bằng xe máy, xe buýt hoặc đi bộ. Khu vực xung quanh cao ráo, không bị ngập nước, đường sá thông thoáng.

**Thiết kế căn phòng**
- Diện tích sử dụng: 19m2. Thiết kế tối ưu không gian, sạch sẽ, thoáng mát, thích hợp cho việc học tập lâu dài.
- Sở hữu cửa sổ lớn đón ánh sáng tự nhiên tốt, giữ phòng luôn khô ráo.
- Có ban công riêng đón gió mát mẻ, thuận tiện cho việc phơi đồ hoặc làm góc thư giãn.

**Các tiện ích lắp sẵn**
- Wifi internet tốc độ cao riêng biệt từng phòng
- Máy điều hòa nhiệt độ Inverter hoạt động êm ái, tiết kiệm điện
- Hệ thống nước nóng lạnh an toàn
- Chỗ để xe máy rộng rãi dưới tầng trệt, an ninh đảm bảo
- Tủ lạnh dung tích lớn tiện lợi lưu trữ đồ ăn
- Kệ bếp nấu ăn thoáng khí, tủ bếp sạch sẽ

**An ninh và quy định**
- Hệ thống cửa cổng kiểm soát bằng khóa vân tay bảo mật cao kết hợp camera giám sát 24/7.
- Giờ đóng cổng: 23:00 đêm nhằm đảm bảo trật tự chung.
- Môi trường sống văn minh, hàng xóm chủ yếu là sinh viên ngoan ngoãn và nhân viên văn phòng lịch sự.

**Thông tin chi phí thuê**
- Giá thuê hàng tháng: 2,800,000 đ/tháng.
- Tiền đặt cọc: 5,600,000 đ (cam kết hoàn trả đầy đủ khi kết thúc hợp đồng theo đúng thỏa thuận).
- Chỉ số điện nước tính theo đồng hồ riêng gắn trước cửa phòng, cam kết thu đúng chỉ số tiêu thụ thực tế.', 2800000.0, 5600000.0, 'MONTHLY', 'APPROVED', 1, NOW() - INTERVAL '3 days', NOW() + INTERVAL '27 days', false, NULL, 168, 54, 23, 5, NOW() - INTERVAL '5 days', NOW(), 0, '/posts/videos/room_29/video_01_1.mp4', '/rooms/images/room_29/image_01_1.jpg');
INSERT INTO post_images (post_id, image_order, image_url) VALUES (49, 0, '/rooms/images/room_29/image_01_1.jpg');
INSERT INTO post_images (post_id, image_order, image_url) VALUES (49, 1, '/rooms/images/room_29/image_02_1.jpg');
INSERT INTO post_images (post_id, image_order, image_url) VALUES (49, 2, '/rooms/images/room_29/image_03_1.jpg');
INSERT INTO post_images (post_id, image_order, image_url) VALUES (49, 3, '/rooms/images/room_29/image_04_1.jpg');
INSERT INTO post_images (post_id, image_order, image_url) VALUES (49, 4, '/rooms/images/room_29/image_05.jpg');

-- ==========================================
-- ROOM 50 near HCMUTE - Dist: 2.96km - Price: 5,000,000
-- ==========================================
INSERT INTO rooms (id, landlord_id, room_number, address, province, district, ward, latitude, longitude, area, floor, max_occupancy, direction, has_windows, has_balcony, thumbnail_url, is_pet_friendly, is_parking_available, curfew, rules, view_count, favorite_count, created_at, updated_at, version, nearby_university_id, nearby_university_name, distance_to_university, nearest_bus_station)
VALUES (50, 3, 'P.523', 'Số 141 Hoàng Diệu 2, Phường Linh Chiểu, Thủ Đức, TP Hồ Chí Minh', 'TP Hồ Chí Minh', 'Thủ Đức', 'Linh Chiểu', 10.875313, 106.783991, 38.0, 3, 3, 'SOUTH', true, true, '/rooms/images/room_30/image_01.jpg', true, true, '23:00', 'Giữ trật tự chung sau 22h, dọn dẹp vệ sinh phòng sạch sẽ, phòng cháy chữa cháy an toàn.', 65, 29, NOW() - INTERVAL '8 days', NOW(), 0, 2, 'Trường Đại học Sư phạm Kỹ thuật TP.HCM', 2.96, 0.47);
INSERT INTO room_amenities (room_id, amenity_id) VALUES (50, 1) ON CONFLICT DO NOTHING;
INSERT INTO room_amenities (room_id, amenity_id) VALUES (50, 2) ON CONFLICT DO NOTHING;
INSERT INTO room_amenities (room_id, amenity_id) VALUES (50, 3) ON CONFLICT DO NOTHING;
INSERT INTO room_amenities (room_id, amenity_id) VALUES (50, 4) ON CONFLICT DO NOTHING;
INSERT INTO room_amenities (room_id, amenity_id) VALUES (50, 5) ON CONFLICT DO NOTHING;
INSERT INTO room_amenities (room_id, amenity_id) VALUES (50, 6) ON CONFLICT DO NOTHING;
INSERT INTO room_amenities (room_id, amenity_id) VALUES (50, 7) ON CONFLICT DO NOTHING;
INSERT INTO room_amenities (room_id, amenity_id) VALUES (50, 8) ON CONFLICT DO NOTHING;
INSERT INTO room_amenities (room_id, amenity_id) VALUES (50, 9) ON CONFLICT DO NOTHING;
INSERT INTO room_amenities (room_id, amenity_id) VALUES (50, 10) ON CONFLICT DO NOTHING;
INSERT INTO room_amenities (room_id, amenity_id) VALUES (50, 11) ON CONFLICT DO NOTHING;
INSERT INTO room_amenities (room_id, amenity_id) VALUES (50, 12) ON CONFLICT DO NOTHING;
INSERT INTO room_images (room_id, image_url) VALUES (50, '/rooms/images/room_30/image_01.jpg');
INSERT INTO room_images (room_id, image_url) VALUES (50, '/rooms/images/room_30/image_02.jpg');
INSERT INTO room_images (room_id, image_url) VALUES (50, '/rooms/images/room_30/image_03.jpg');
INSERT INTO room_images (room_id, image_url) VALUES (50, '/rooms/images/room_30/image_04.jpg');
INSERT INTO room_images (room_id, image_url) VALUES (50, '/rooms/images/room_30/image_05.jpg');
INSERT INTO posts (id, landlord_id, room_id, title, description, price, deposit_amount, price_type, status, approved_by, approved_at, expires_at, is_boosted, boosted_until, view_count, favorite_count, contact_count, booking_count, created_at, updated_at, version, video_url, video_thumbnail)
VALUES (50, 3, 50, 'Căn hộ dịch vụ 1PN sang trọng, an ninh 38m2 cách HCMUTE 2.96km - Hoàng Diệu 2', '**Vị trí thuận tiện và yên tĩnh**
- Địa chỉ: Hoàng Diệu 2, Phường Linh Chiểu, Thủ Đức.
- Chỉ cách khuôn viên trường Trường Đại học Sư phạm Kỹ thuật TP.HCM (HCMUTE) khoảng 2.96km. Việc đi học hàng ngày cực kỳ thuận tiện và nhanh chóng bằng xe máy, xe buýt hoặc đi bộ. Khu vực xung quanh cao ráo, không bị ngập nước, đường sá thông thoáng.

**Thiết kế căn phòng**
- Diện tích sử dụng: 38m2. Thiết kế tối ưu không gian, sạch sẽ, thoáng mát, thích hợp cho việc học tập lâu dài.
- Sở hữu cửa sổ lớn đón ánh sáng tự nhiên tốt, giữ phòng luôn khô ráo.
- Có ban công riêng đón gió mát mẻ, thuận tiện cho việc phơi đồ hoặc làm góc thư giãn.

**Các tiện ích lắp sẵn**
- Wifi internet tốc độ cao riêng biệt từng phòng
- Máy điều hòa nhiệt độ Inverter hoạt động êm ái, tiết kiệm điện
- Hệ thống nước nóng lạnh an toàn
- Chỗ để xe máy rộng rãi dưới tầng trệt, an ninh đảm bảo
- Tủ lạnh dung tích lớn tiện lợi lưu trữ đồ ăn
- Khu vực giặt sấy/máy giặt tiện nghi
- Kệ bếp nấu ăn thoáng khí, tủ bếp sạch sẽ

**An ninh và quy định**
- Hệ thống cửa cổng kiểm soát bằng khóa vân tay bảo mật cao kết hợp camera giám sát 24/7.
- Giờ đóng cổng: 23:00 đêm nhằm đảm bảo trật tự chung.
- Môi trường sống văn minh, hàng xóm chủ yếu là sinh viên ngoan ngoãn và nhân viên văn phòng lịch sự.

**Thông tin chi phí thuê**
- Giá thuê hàng tháng: 5,000,000 đ/tháng.
- Tiền đặt cọc: 10,000,000 đ (cam kết hoàn trả đầy đủ khi kết thúc hợp đồng theo đúng thỏa thuận).
- Chỉ số điện nước tính theo đồng hồ riêng gắn trước cửa phòng, cam kết thu đúng chỉ số tiêu thụ thực tế.', 5000000.0, 10000000.0, 'MONTHLY', 'APPROVED', 1, NOW() - INTERVAL '3 days', NOW() + INTERVAL '27 days', false, NULL, 148, 57, 33, 4, NOW() - INTERVAL '4 days', NOW(), 0, '/posts/videos/room_30/video_01_1.mp4', '/rooms/images/room_30/image_01.jpg');
INSERT INTO post_images (post_id, image_order, image_url) VALUES (50, 0, '/rooms/images/room_30/image_01.jpg');
INSERT INTO post_images (post_id, image_order, image_url) VALUES (50, 1, '/rooms/images/room_30/image_02.jpg');
INSERT INTO post_images (post_id, image_order, image_url) VALUES (50, 2, '/rooms/images/room_30/image_03.jpg');
INSERT INTO post_images (post_id, image_order, image_url) VALUES (50, 3, '/rooms/images/room_30/image_04.jpg');
INSERT INTO post_images (post_id, image_order, image_url) VALUES (50, 4, '/rooms/images/room_30/image_05.jpg');

-- ==========================================
-- ROOM 51 near UIT - Dist: 4.16km - Price: 1,400,000
-- ==========================================
INSERT INTO rooms (id, landlord_id, room_number, address, province, district, ward, latitude, longitude, area, floor, max_occupancy, direction, has_windows, has_balcony, thumbnail_url, is_pet_friendly, is_parking_available, curfew, rules, view_count, favorite_count, created_at, updated_at, version, nearby_university_id, nearby_university_name, distance_to_university, nearest_bus_station)
VALUES (51, 4, 'P.572', 'Số 15 Hoàng Diệu 2, Phường Linh Trung, Thủ Đức, TP Hồ Chí Minh', 'TP Hồ Chí Minh', 'Thủ Đức', 'Linh Trung', 10.88897, 106.770205, 17.0, 4, 2, 'EAST', true, false, '/rooms/images/room_31/image_01_1.jpg', false, true, '22:00', 'Giữ trật tự chung sau 22h, dọn dẹp vệ sinh phòng sạch sẽ, phòng cháy chữa cháy an toàn.', 164, 30, NOW() - INTERVAL '11 days', NOW(), 0, 3, 'Trường Đại học Công nghệ thông tin - ĐHQG TP.HCM', 4.16, 0.36);
INSERT INTO room_amenities (room_id, amenity_id) VALUES (51, 1) ON CONFLICT DO NOTHING;
INSERT INTO room_amenities (room_id, amenity_id) VALUES (51, 3) ON CONFLICT DO NOTHING;
INSERT INTO room_amenities (room_id, amenity_id) VALUES (51, 4) ON CONFLICT DO NOTHING;
INSERT INTO room_amenities (room_id, amenity_id) VALUES (51, 9) ON CONFLICT DO NOTHING;
INSERT INTO room_images (room_id, image_url) VALUES (51, '/rooms/images/room_31/image_01_1.jpg');
INSERT INTO room_images (room_id, image_url) VALUES (51, '/rooms/images/room_31/image_02_1.jpg');
INSERT INTO room_images (room_id, image_url) VALUES (51, '/rooms/images/room_31/image_03_1.jpg');
INSERT INTO room_images (room_id, image_url) VALUES (51, '/rooms/images/room_31/image_04_1.jpg');
INSERT INTO room_images (room_id, image_url) VALUES (51, '/rooms/images/room_31/image_05.jpg');
INSERT INTO room_images (room_id, image_url) VALUES (51, '/rooms/images/room_31/image_06.jpg');
INSERT INTO room_images (room_id, image_url) VALUES (51, '/rooms/images/room_31/image_07.jpg');
INSERT INTO room_images (room_id, image_url) VALUES (51, '/rooms/images/room_31/image_08.jpg');
INSERT INTO room_images (room_id, image_url) VALUES (51, '/rooms/images/room_31/image_09.jpg');
INSERT INTO posts (id, landlord_id, room_id, title, description, price, deposit_amount, price_type, status, approved_by, approved_at, expires_at, is_boosted, boosted_until, view_count, favorite_count, contact_count, booking_count, created_at, updated_at, version, video_url, video_thumbnail)
VALUES (51, 4, 51, 'Phòng trọ mini giá rẻ sinh viên 17m2 cách UIT 4.16km - Hoàng Diệu 2', '**Vị trí thuận tiện và yên tĩnh**
- Địa chỉ: Hoàng Diệu 2, Phường Linh Trung, Thủ Đức.
- Chỉ cách khuôn viên trường Trường Đại học Công nghệ thông tin - ĐHQG TP.HCM (UIT) khoảng 4.16km. Việc đi học hàng ngày cực kỳ thuận tiện và nhanh chóng bằng xe máy, xe buýt hoặc đi bộ. Khu vực xung quanh cao ráo, không bị ngập nước, đường sá thông thoáng.

**Thiết kế căn phòng**
- Diện tích sử dụng: 17m2. Thiết kế tối ưu không gian, sạch sẽ, thoáng mát, thích hợp cho việc học tập lâu dài.
- Sở hữu cửa sổ lớn đón ánh sáng tự nhiên tốt, giữ phòng luôn khô ráo.

**Các tiện ích lắp sẵn**
- Wifi internet tốc độ cao riêng biệt từng phòng
- Hệ thống nước nóng lạnh an toàn
- Chỗ để xe máy rộng rãi dưới tầng trệt, an ninh đảm bảo
- Kệ bếp nấu ăn thoáng khí, tủ bếp sạch sẽ

**An ninh và quy định**
- Hệ thống cửa cổng kiểm soát bằng khóa vân tay bảo mật cao kết hợp camera giám sát 24/7.
- Giờ đóng cổng: 22:00 đêm nhằm đảm bảo trật tự chung.
- Môi trường sống văn minh, hàng xóm chủ yếu là sinh viên ngoan ngoãn và nhân viên văn phòng lịch sự.

**Thông tin chi phí thuê**
- Giá thuê hàng tháng: 1,400,000 đ/tháng.
- Tiền đặt cọc: 2,800,000 đ (cam kết hoàn trả đầy đủ khi kết thúc hợp đồng theo đúng thỏa thuận).
- Chỉ số điện nước tính theo đồng hồ riêng gắn trước cửa phòng, cam kết thu đúng chỉ số tiêu thụ thực tế.', 1400000.0, 2800000.0, 'MONTHLY', 'APPROVED', 1, NOW() - INTERVAL '3 days', NOW() + INTERVAL '27 days', true, NOW() + INTERVAL '6 days', 150, 27, 12, 10, NOW() - INTERVAL '10 days', NOW(), 0, '/posts/videos/room_31/video_01_1.mp4', '/rooms/images/room_31/image_01_1.jpg');
INSERT INTO post_images (post_id, image_order, image_url) VALUES (51, 0, '/rooms/images/room_31/image_01_1.jpg');
INSERT INTO post_images (post_id, image_order, image_url) VALUES (51, 1, '/rooms/images/room_31/image_02_1.jpg');
INSERT INTO post_images (post_id, image_order, image_url) VALUES (51, 2, '/rooms/images/room_31/image_03_1.jpg');
INSERT INTO post_images (post_id, image_order, image_url) VALUES (51, 3, '/rooms/images/room_31/image_04_1.jpg');
INSERT INTO post_images (post_id, image_order, image_url) VALUES (51, 4, '/rooms/images/room_31/image_05.jpg');
INSERT INTO post_images (post_id, image_order, image_url) VALUES (51, 5, '/rooms/images/room_31/image_06.jpg');
INSERT INTO post_images (post_id, image_order, image_url) VALUES (51, 6, '/rooms/images/room_31/image_07.jpg');
INSERT INTO post_images (post_id, image_order, image_url) VALUES (51, 7, '/rooms/images/room_31/image_08.jpg');
INSERT INTO post_images (post_id, image_order, image_url) VALUES (51, 8, '/rooms/images/room_31/image_09.jpg');

-- ==========================================
-- ROOM 52 near HCMUT - Dist: 0.37km - Price: 4,000,000
-- ==========================================
INSERT INTO rooms (id, landlord_id, room_number, address, province, district, ward, latitude, longitude, area, floor, max_occupancy, direction, has_windows, has_balcony, thumbnail_url, is_pet_friendly, is_parking_available, curfew, rules, view_count, favorite_count, created_at, updated_at, version, nearby_university_id, nearby_university_name, distance_to_university, nearest_bus_station)
VALUES (52, 2, 'P.695', 'Số 53 Đường ĐHQG, Phường An Bình, Dĩ An, Bình Dương', 'Bình Dương', 'Dĩ An', 'An Bình', 10.883073, 106.804749, 24.0, 5, 3, 'SOUTH', true, true, '/rooms/images/room_32/image_01_1.jpg', false, true, NULL, 'Giữ trật tự chung sau 22h, dọn dẹp vệ sinh phòng sạch sẽ, phòng cháy chữa cháy an toàn.', 288, 18, NOW() - INTERVAL '9 days', NOW(), 0, 4, 'Trường Đại học Bách Khoa - ĐHQG TP.HCM (Cơ sở Dĩ An)', 0.37, 0.18);
INSERT INTO room_amenities (room_id, amenity_id) VALUES (52, 1) ON CONFLICT DO NOTHING;
INSERT INTO room_amenities (room_id, amenity_id) VALUES (52, 2) ON CONFLICT DO NOTHING;
INSERT INTO room_amenities (room_id, amenity_id) VALUES (52, 3) ON CONFLICT DO NOTHING;
INSERT INTO room_amenities (room_id, amenity_id) VALUES (52, 4) ON CONFLICT DO NOTHING;
INSERT INTO room_amenities (room_id, amenity_id) VALUES (52, 5) ON CONFLICT DO NOTHING;
INSERT INTO room_amenities (room_id, amenity_id) VALUES (52, 6) ON CONFLICT DO NOTHING;
INSERT INTO room_amenities (room_id, amenity_id) VALUES (52, 7) ON CONFLICT DO NOTHING;
INSERT INTO room_amenities (room_id, amenity_id) VALUES (52, 9) ON CONFLICT DO NOTHING;
INSERT INTO room_amenities (room_id, amenity_id) VALUES (52, 12) ON CONFLICT DO NOTHING;
INSERT INTO room_images (room_id, image_url) VALUES (52, '/rooms/images/room_32/image_01_1.jpg');
INSERT INTO room_images (room_id, image_url) VALUES (52, '/rooms/images/room_32/image_02_1.jpg');
INSERT INTO room_images (room_id, image_url) VALUES (52, '/rooms/images/room_32/image_03_1.jpg');
INSERT INTO room_images (room_id, image_url) VALUES (52, '/rooms/images/room_32/image_04.jpg');
INSERT INTO room_images (room_id, image_url) VALUES (52, '/rooms/images/room_32/image_05.jpg');
INSERT INTO posts (id, landlord_id, room_id, title, description, price, deposit_amount, price_type, status, approved_by, approved_at, expires_at, is_boosted, boosted_until, view_count, favorite_count, contact_count, booking_count, created_at, updated_at, version, video_url, video_thumbnail)
VALUES (52, 2, 52, 'Căn hộ Studio gác lửng full nội thất 24m2 cách HCMUT 0.37km - Đường ĐHQG', '**Vị trí thuận tiện và yên tĩnh**
- Địa chỉ: Đường ĐHQG, Phường An Bình, Dĩ An.
- Chỉ cách khuôn viên trường Trường Đại học Bách Khoa - ĐHQG TP.HCM (Cơ sở Dĩ An) (HCMUT) khoảng 0.37km. Việc đi học hàng ngày cực kỳ thuận tiện và nhanh chóng bằng xe máy, xe buýt hoặc đi bộ. Khu vực xung quanh cao ráo, không bị ngập nước, đường sá thông thoáng.

**Thiết kế căn phòng**
- Diện tích sử dụng: 24m2. Thiết kế tối ưu không gian, sạch sẽ, thoáng mát, thích hợp cho việc học tập lâu dài.
- Sở hữu cửa sổ lớn đón ánh sáng tự nhiên tốt, giữ phòng luôn khô ráo.
- Có ban công riêng đón gió mát mẻ, thuận tiện cho việc phơi đồ hoặc làm góc thư giãn.

**Các tiện ích lắp sẵn**
- Wifi internet tốc độ cao riêng biệt từng phòng
- Máy điều hòa nhiệt độ Inverter hoạt động êm ái, tiết kiệm điện
- Hệ thống nước nóng lạnh an toàn
- Chỗ để xe máy rộng rãi dưới tầng trệt, an ninh đảm bảo
- Tủ lạnh dung tích lớn tiện lợi lưu trữ đồ ăn
- Khu vực giặt sấy/máy giặt tiện nghi
- Kệ bếp nấu ăn thoáng khí, tủ bếp sạch sẽ

**An ninh và quy định**
- Hệ thống cửa cổng kiểm soát bằng khóa vân tay bảo mật cao kết hợp camera giám sát 24/7.
- Giờ giấc ra vào tự do thoải mái, không chung chủ.
- Môi trường sống văn minh, hàng xóm chủ yếu là sinh viên ngoan ngoãn và nhân viên văn phòng lịch sự.

**Thông tin chi phí thuê**
- Giá thuê hàng tháng: 4,000,000 đ/tháng.
- Tiền đặt cọc: 4,000,000 đ (cam kết hoàn trả đầy đủ khi kết thúc hợp đồng theo đúng thỏa thuận).
- Chỉ số điện nước tính theo đồng hồ riêng gắn trước cửa phòng, cam kết thu đúng chỉ số tiêu thụ thực tế.', 4000000.0, 4000000.0, 'MONTHLY', 'APPROVED', 1, NOW() - INTERVAL '3 days', NOW() + INTERVAL '27 days', false, NULL, 474, 63, 15, 8, NOW() - INTERVAL '6 days', NOW(), 0, '/posts/videos/room_32/video_01_1.mp4', '/rooms/images/room_32/image_01_1.jpg');
INSERT INTO post_images (post_id, image_order, image_url) VALUES (52, 0, '/rooms/images/room_32/image_01_1.jpg');
INSERT INTO post_images (post_id, image_order, image_url) VALUES (52, 1, '/rooms/images/room_32/image_02_1.jpg');
INSERT INTO post_images (post_id, image_order, image_url) VALUES (52, 2, '/rooms/images/room_32/image_03_1.jpg');
INSERT INTO post_images (post_id, image_order, image_url) VALUES (52, 3, '/rooms/images/room_32/image_04.jpg');
INSERT INTO post_images (post_id, image_order, image_url) VALUES (52, 4, '/rooms/images/room_32/image_05.jpg');

-- ==========================================
-- ROOM 53 near HCMUS - Dist: 1.65km - Price: 1,400,000
-- ==========================================
INSERT INTO rooms (id, landlord_id, room_number, address, province, district, ward, latitude, longitude, area, floor, max_occupancy, direction, has_windows, has_balcony, thumbnail_url, is_pet_friendly, is_parking_available, curfew, rules, view_count, favorite_count, created_at, updated_at, version, nearby_university_id, nearby_university_name, distance_to_university, nearest_bus_station)
VALUES (53, 3, 'P.281', 'Số 123 Tân Lập, Phường Tân Đông Hiệp, Dĩ An, Bình Dương', 'Bình Dương', 'Dĩ An', 'Tân Đông Hiệp', 10.867169, 106.812144, 32.0, 1, 6, 'EAST', true, false, '/rooms/images/room_33/image_01_1.jpg', false, false, NULL, 'Giữ trật tự chung sau 22h, dọn dẹp vệ sinh phòng sạch sẽ, phòng cháy chữa cháy an toàn.', 66, 28, NOW() - INTERVAL '4 days', NOW(), 0, 5, 'Trường Đại học Khoa học Tự nhiên - ĐHQG TP.HCM (Cơ sở Dĩ An)', 1.65, 0.44);
INSERT INTO room_amenities (room_id, amenity_id) VALUES (53, 1) ON CONFLICT DO NOTHING;
INSERT INTO room_amenities (room_id, amenity_id) VALUES (53, 2) ON CONFLICT DO NOTHING;
INSERT INTO room_amenities (room_id, amenity_id) VALUES (53, 3) ON CONFLICT DO NOTHING;
INSERT INTO room_amenities (room_id, amenity_id) VALUES (53, 4) ON CONFLICT DO NOTHING;
INSERT INTO room_amenities (room_id, amenity_id) VALUES (53, 5) ON CONFLICT DO NOTHING;
INSERT INTO room_amenities (room_id, amenity_id) VALUES (53, 7) ON CONFLICT DO NOTHING;
INSERT INTO room_amenities (room_id, amenity_id) VALUES (53, 11) ON CONFLICT DO NOTHING;
INSERT INTO room_amenities (room_id, amenity_id) VALUES (53, 12) ON CONFLICT DO NOTHING;
INSERT INTO room_images (room_id, image_url) VALUES (53, '/rooms/images/room_33/image_01_1.jpg');
INSERT INTO room_images (room_id, image_url) VALUES (53, '/rooms/images/room_33/image_02_1.jpg');
INSERT INTO room_images (room_id, image_url) VALUES (53, '/rooms/images/room_33/image_03_1.jpg');
INSERT INTO room_images (room_id, image_url) VALUES (53, '/rooms/images/room_33/image_04.jpg');
INSERT INTO room_images (room_id, image_url) VALUES (53, '/rooms/images/room_33/image_05.jpg');
INSERT INTO room_images (room_id, image_url) VALUES (53, '/rooms/images/room_33/image_06.jpg');
INSERT INTO posts (id, landlord_id, room_id, title, description, price, deposit_amount, price_type, status, approved_by, approved_at, expires_at, is_boosted, boosted_until, view_count, favorite_count, contact_count, booking_count, created_at, updated_at, version, video_url, video_thumbnail)
VALUES (53, 3, 53, 'Sleepbox cao cấp tiện nghi, bảo mật 32m2 cách HCMUS 1.65km - Tân Lập', '**Vị trí thuận tiện và yên tĩnh**
- Địa chỉ: Tân Lập, Phường Tân Đông Hiệp, Dĩ An.
- Chỉ cách khuôn viên trường Trường Đại học Khoa học Tự nhiên - ĐHQG TP.HCM (Cơ sở Dĩ An) (HCMUS) khoảng 1.65km. Việc đi học hàng ngày cực kỳ thuận tiện và nhanh chóng bằng xe máy, xe buýt hoặc đi bộ. Khu vực xung quanh cao ráo, không bị ngập nước, đường sá thông thoáng.

**Thiết kế căn phòng**
- Diện tích sử dụng: 32m2. Thiết kế tối ưu không gian, sạch sẽ, thoáng mát, thích hợp cho việc học tập lâu dài.
- Sở hữu cửa sổ lớn đón ánh sáng tự nhiên tốt, giữ phòng luôn khô ráo.

**Các tiện ích lắp sẵn**
- Wifi internet tốc độ cao riêng biệt từng phòng
- Máy điều hòa nhiệt độ Inverter hoạt động êm ái, tiết kiệm điện
- Hệ thống nước nóng lạnh an toàn
- Chỗ để xe máy rộng rãi dưới tầng trệt, an ninh đảm bảo
- Khu vực giặt sấy/máy giặt tiện nghi

**An ninh và quy định**
- Hệ thống cửa cổng kiểm soát bằng khóa vân tay bảo mật cao kết hợp camera giám sát 24/7.
- Giờ giấc ra vào tự do thoải mái, không chung chủ.
- Môi trường sống văn minh, hàng xóm chủ yếu là sinh viên ngoan ngoãn và nhân viên văn phòng lịch sự.

**Thông tin chi phí thuê**
- Giá thuê hàng tháng: 1,400,000 đ/tháng.
- Tiền đặt cọc: 1,400,000 đ (cam kết hoàn trả đầy đủ khi kết thúc hợp đồng theo đúng thỏa thuận).
- Chỉ số điện nước tính theo đồng hồ riêng gắn trước cửa phòng, cam kết thu đúng chỉ số tiêu thụ thực tế.', 1400000.0, 1400000.0, 'MONTHLY', 'APPROVED', 1, NOW() - INTERVAL '3 days', NOW() + INTERVAL '27 days', false, NULL, 240, 51, 45, 8, NOW() - INTERVAL '9 days', NOW(), 0, '/posts/videos/room_33/video_01_1.mp4', '/rooms/images/room_33/image_01_1.jpg');
INSERT INTO post_images (post_id, image_order, image_url) VALUES (53, 0, '/rooms/images/room_33/image_01_1.jpg');
INSERT INTO post_images (post_id, image_order, image_url) VALUES (53, 1, '/rooms/images/room_33/image_02_1.jpg');
INSERT INTO post_images (post_id, image_order, image_url) VALUES (53, 2, '/rooms/images/room_33/image_03_1.jpg');
INSERT INTO post_images (post_id, image_order, image_url) VALUES (53, 3, '/rooms/images/room_33/image_04.jpg');
INSERT INTO post_images (post_id, image_order, image_url) VALUES (53, 4, '/rooms/images/room_33/image_05.jpg');
INSERT INTO post_images (post_id, image_order, image_url) VALUES (53, 5, '/rooms/images/room_33/image_06.jpg');

-- ==========================================
-- ROOM 54 near IU - Dist: 3.54km - Price: 2,200,000
-- ==========================================
INSERT INTO rooms (id, landlord_id, room_number, address, province, district, ward, latitude, longitude, area, floor, max_occupancy, direction, has_windows, has_balcony, thumbnail_url, is_pet_friendly, is_parking_available, curfew, rules, view_count, favorite_count, created_at, updated_at, version, nearby_university_id, nearby_university_name, distance_to_university, nearest_bus_station)
VALUES (54, 4, 'P.572', 'Số 108 Đường ĐHQG, Phường An Bình, Dĩ An, Bình Dương', 'Bình Dương', 'Dĩ An', 'An Bình', 10.855978, 106.8251, 24.0, 2, 2, 'NORTHEAST', true, true, '/rooms/images/room_34/image_01.jpg', false, true, '22:00', 'Giữ trật tự chung sau 22h, dọn dẹp vệ sinh phòng sạch sẽ, phòng cháy chữa cháy an toàn.', 58, 5, NOW() - INTERVAL '5 days', NOW(), 0, 6, 'Trường Đại học Quốc tế - ĐHQG TP.HCM', 3.54, 0.39);
INSERT INTO room_amenities (room_id, amenity_id) VALUES (54, 1) ON CONFLICT DO NOTHING;
INSERT INTO room_amenities (room_id, amenity_id) VALUES (54, 2) ON CONFLICT DO NOTHING;
INSERT INTO room_amenities (room_id, amenity_id) VALUES (54, 3) ON CONFLICT DO NOTHING;
INSERT INTO room_amenities (room_id, amenity_id) VALUES (54, 4) ON CONFLICT DO NOTHING;
INSERT INTO room_amenities (room_id, amenity_id) VALUES (54, 5) ON CONFLICT DO NOTHING;
INSERT INTO room_amenities (room_id, amenity_id) VALUES (54, 6) ON CONFLICT DO NOTHING;
INSERT INTO room_amenities (room_id, amenity_id) VALUES (54, 9) ON CONFLICT DO NOTHING;
INSERT INTO room_images (room_id, image_url) VALUES (54, '/rooms/images/room_34/image_01.jpg');
INSERT INTO room_images (room_id, image_url) VALUES (54, '/rooms/images/room_34/image_02.jpg');
INSERT INTO room_images (room_id, image_url) VALUES (54, '/rooms/images/room_34/image_03.jpg');
INSERT INTO room_images (room_id, image_url) VALUES (54, '/rooms/images/room_34/image_04.jpg');
INSERT INTO room_images (room_id, image_url) VALUES (54, '/rooms/images/room_34/image_05.jpg');
INSERT INTO room_images (room_id, image_url) VALUES (54, '/rooms/images/room_34/image_06.jpg');
INSERT INTO room_images (room_id, image_url) VALUES (54, '/rooms/images/room_34/image_07.jpg');
INSERT INTO room_images (room_id, image_url) VALUES (54, '/rooms/images/room_34/image_08.jpg');
INSERT INTO room_images (room_id, image_url) VALUES (54, '/rooms/images/room_34/image_09.jpg');
INSERT INTO room_images (room_id, image_url) VALUES (54, '/rooms/images/room_34/image_10.jpg');
INSERT INTO room_images (room_id, image_url) VALUES (54, '/rooms/images/room_34/image_11.jpg');
INSERT INTO room_images (room_id, image_url) VALUES (54, '/rooms/images/room_34/image_12.jpg');
INSERT INTO posts (id, landlord_id, room_id, title, description, price, deposit_amount, price_type, status, approved_by, approved_at, expires_at, is_boosted, boosted_until, view_count, favorite_count, contact_count, booking_count, created_at, updated_at, version, video_url, video_thumbnail)
VALUES (54, 4, 54, 'Phòng trọ ban công thoáng mát gần trường 24m2 cách IU 3.54km - Đường ĐHQG', '**Vị trí thuận tiện và yên tĩnh**
- Địa chỉ: Đường ĐHQG, Phường An Bình, Dĩ An.
- Chỉ cách khuôn viên trường Trường Đại học Quốc tế - ĐHQG TP.HCM (IU) khoảng 3.54km. Việc đi học hàng ngày cực kỳ thuận tiện và nhanh chóng bằng xe máy, xe buýt hoặc đi bộ. Khu vực xung quanh cao ráo, không bị ngập nước, đường sá thông thoáng.

**Thiết kế căn phòng**
- Diện tích sử dụng: 24m2. Thiết kế tối ưu không gian, sạch sẽ, thoáng mát, thích hợp cho việc học tập lâu dài.
- Sở hữu cửa sổ lớn đón ánh sáng tự nhiên tốt, giữ phòng luôn khô ráo.
- Có ban công riêng đón gió mát mẻ, thuận tiện cho việc phơi đồ hoặc làm góc thư giãn.

**Các tiện ích lắp sẵn**
- Wifi internet tốc độ cao riêng biệt từng phòng
- Máy điều hòa nhiệt độ Inverter hoạt động êm ái, tiết kiệm điện
- Hệ thống nước nóng lạnh an toàn
- Chỗ để xe máy rộng rãi dưới tầng trệt, an ninh đảm bảo
- Tủ lạnh dung tích lớn tiện lợi lưu trữ đồ ăn
- Kệ bếp nấu ăn thoáng khí, tủ bếp sạch sẽ

**An ninh và quy định**
- Hệ thống cửa cổng kiểm soát bằng khóa vân tay bảo mật cao kết hợp camera giám sát 24/7.
- Giờ đóng cổng: 22:00 đêm nhằm đảm bảo trật tự chung.
- Môi trường sống văn minh, hàng xóm chủ yếu là sinh viên ngoan ngoãn và nhân viên văn phòng lịch sự.

**Thông tin chi phí thuê**
- Giá thuê hàng tháng: 2,200,000 đ/tháng.
- Tiền đặt cọc: 2,200,000 đ (cam kết hoàn trả đầy đủ khi kết thúc hợp đồng theo đúng thỏa thuận).
- Chỉ số điện nước tính theo đồng hồ riêng gắn trước cửa phòng, cam kết thu đúng chỉ số tiêu thụ thực tế.', 2200000.0, 2200000.0, 'MONTHLY', 'APPROVED', 1, NOW() - INTERVAL '3 days', NOW() + INTERVAL '27 days', false, NULL, 384, 26, 33, 10, NOW() - INTERVAL '5 days', NOW(), 0, '/posts/videos/room_34/video_01_1.mp4', '/rooms/images/room_34/image_01.jpg');
INSERT INTO post_images (post_id, image_order, image_url) VALUES (54, 0, '/rooms/images/room_34/image_01.jpg');
INSERT INTO post_images (post_id, image_order, image_url) VALUES (54, 1, '/rooms/images/room_34/image_02.jpg');
INSERT INTO post_images (post_id, image_order, image_url) VALUES (54, 2, '/rooms/images/room_34/image_03.jpg');
INSERT INTO post_images (post_id, image_order, image_url) VALUES (54, 3, '/rooms/images/room_34/image_04.jpg');
INSERT INTO post_images (post_id, image_order, image_url) VALUES (54, 4, '/rooms/images/room_34/image_05.jpg');
INSERT INTO post_images (post_id, image_order, image_url) VALUES (54, 5, '/rooms/images/room_34/image_06.jpg');
INSERT INTO post_images (post_id, image_order, image_url) VALUES (54, 6, '/rooms/images/room_34/image_07.jpg');
INSERT INTO post_images (post_id, image_order, image_url) VALUES (54, 7, '/rooms/images/room_34/image_08.jpg');
INSERT INTO post_images (post_id, image_order, image_url) VALUES (54, 8, '/rooms/images/room_34/image_09.jpg');
INSERT INTO post_images (post_id, image_order, image_url) VALUES (54, 9, '/rooms/images/room_34/image_10.jpg');
INSERT INTO post_images (post_id, image_order, image_url) VALUES (54, 10, '/rooms/images/room_34/image_11.jpg');
INSERT INTO post_images (post_id, image_order, image_url) VALUES (54, 11, '/rooms/images/room_34/image_12.jpg');

-- ==========================================
-- ROOM 55 near UEH - Dist: 2.06km - Price: 5,900,000
-- ==========================================
INSERT INTO rooms (id, landlord_id, room_number, address, province, district, ward, latitude, longitude, area, floor, max_occupancy, direction, has_windows, has_balcony, thumbnail_url, is_pet_friendly, is_parking_available, curfew, rules, view_count, favorite_count, created_at, updated_at, version, nearby_university_id, nearby_university_name, distance_to_university, nearest_bus_station)
VALUES (55, 2, 'P.135', 'Số 146 Nguyễn Đình Chiểu, Phường 5, Quận 3, TP Hồ Chí Minh', 'TP Hồ Chí Minh', 'Quận 3', 'Phường 5', 10.77379, 106.679598, 41.0, 3, 3, 'SOUTHWEST', true, true, '/rooms/images/room_35/image_01_1.jpg', true, true, '22:00', 'Giữ trật tự chung sau 22h, dọn dẹp vệ sinh phòng sạch sẽ, phòng cháy chữa cháy an toàn.', 102, 31, NOW() - INTERVAL '2 days', NOW(), 0, 7, 'Trường Đại học Kinh tế TP.HCM (Cơ sở A)', 2.06, 0.4);
INSERT INTO room_amenities (room_id, amenity_id) VALUES (55, 1) ON CONFLICT DO NOTHING;
INSERT INTO room_amenities (room_id, amenity_id) VALUES (55, 2) ON CONFLICT DO NOTHING;
INSERT INTO room_amenities (room_id, amenity_id) VALUES (55, 3) ON CONFLICT DO NOTHING;
INSERT INTO room_amenities (room_id, amenity_id) VALUES (55, 4) ON CONFLICT DO NOTHING;
INSERT INTO room_amenities (room_id, amenity_id) VALUES (55, 5) ON CONFLICT DO NOTHING;
INSERT INTO room_amenities (room_id, amenity_id) VALUES (55, 6) ON CONFLICT DO NOTHING;
INSERT INTO room_amenities (room_id, amenity_id) VALUES (55, 7) ON CONFLICT DO NOTHING;
INSERT INTO room_amenities (room_id, amenity_id) VALUES (55, 8) ON CONFLICT DO NOTHING;
INSERT INTO room_amenities (room_id, amenity_id) VALUES (55, 9) ON CONFLICT DO NOTHING;
INSERT INTO room_amenities (room_id, amenity_id) VALUES (55, 10) ON CONFLICT DO NOTHING;
INSERT INTO room_amenities (room_id, amenity_id) VALUES (55, 11) ON CONFLICT DO NOTHING;
INSERT INTO room_amenities (room_id, amenity_id) VALUES (55, 12) ON CONFLICT DO NOTHING;
INSERT INTO room_images (room_id, image_url) VALUES (55, '/rooms/images/room_35/image_01_1.jpg');
INSERT INTO room_images (room_id, image_url) VALUES (55, '/rooms/images/room_35/image_02_1.jpg');
INSERT INTO room_images (room_id, image_url) VALUES (55, '/rooms/images/room_35/image_03_1.jpg');
INSERT INTO room_images (room_id, image_url) VALUES (55, '/rooms/images/room_35/image_04_1.jpg');
INSERT INTO room_images (room_id, image_url) VALUES (55, '/rooms/images/room_35/image_05.jpg');
INSERT INTO room_images (room_id, image_url) VALUES (55, '/rooms/images/room_35/image_06.jpg');
INSERT INTO room_images (room_id, image_url) VALUES (55, '/rooms/images/room_35/image_07.jpg');
INSERT INTO posts (id, landlord_id, room_id, title, description, price, deposit_amount, price_type, status, approved_by, approved_at, expires_at, is_boosted, boosted_until, view_count, favorite_count, contact_count, booking_count, created_at, updated_at, version, video_url, video_thumbnail)
VALUES (55, 2, 55, 'Căn hộ dịch vụ 1PN sang trọng, an ninh 41m2 cách UEH 2.06km - Nguyễn Đình Chiểu', '**Vị trí thuận tiện và yên tĩnh**
- Địa chỉ: Nguyễn Đình Chiểu, Phường 5, Quận 3.
- Chỉ cách khuôn viên trường Trường Đại học Kinh tế TP.HCM (Cơ sở A) (UEH) khoảng 2.06km. Việc đi học hàng ngày cực kỳ thuận tiện và nhanh chóng bằng xe máy, xe buýt hoặc đi bộ. Khu vực xung quanh cao ráo, không bị ngập nước, đường sá thông thoáng.

**Thiết kế căn phòng**
- Diện tích sử dụng: 41m2. Thiết kế tối ưu không gian, sạch sẽ, thoáng mát, thích hợp cho việc học tập lâu dài.
- Sở hữu cửa sổ lớn đón ánh sáng tự nhiên tốt, giữ phòng luôn khô ráo.
- Có ban công riêng đón gió mát mẻ, thuận tiện cho việc phơi đồ hoặc làm góc thư giãn.

**Các tiện ích lắp sẵn**
- Wifi internet tốc độ cao riêng biệt từng phòng
- Máy điều hòa nhiệt độ Inverter hoạt động êm ái, tiết kiệm điện
- Hệ thống nước nóng lạnh an toàn
- Chỗ để xe máy rộng rãi dưới tầng trệt, an ninh đảm bảo
- Tủ lạnh dung tích lớn tiện lợi lưu trữ đồ ăn
- Khu vực giặt sấy/máy giặt tiện nghi
- Kệ bếp nấu ăn thoáng khí, tủ bếp sạch sẽ

**An ninh và quy định**
- Hệ thống cửa cổng kiểm soát bằng khóa vân tay bảo mật cao kết hợp camera giám sát 24/7.
- Giờ đóng cổng: 22:00 đêm nhằm đảm bảo trật tự chung.
- Môi trường sống văn minh, hàng xóm chủ yếu là sinh viên ngoan ngoãn và nhân viên văn phòng lịch sự.

**Thông tin chi phí thuê**
- Giá thuê hàng tháng: 5,900,000 đ/tháng.
- Tiền đặt cọc: 11,800,000 đ (cam kết hoàn trả đầy đủ khi kết thúc hợp đồng theo đúng thỏa thuận).
- Chỉ số điện nước tính theo đồng hồ riêng gắn trước cửa phòng, cam kết thu đúng chỉ số tiêu thụ thực tế.', 5900000.0, 11800000.0, 'MONTHLY', 'APPROVED', 1, NOW() - INTERVAL '3 days', NOW() + INTERVAL '27 days', false, NULL, 280, 58, 27, 4, NOW() - INTERVAL '3 days', NOW(), 0, '/posts/videos/room_35/video_01_1.mp4', '/rooms/images/room_35/image_01_1.jpg');
INSERT INTO post_images (post_id, image_order, image_url) VALUES (55, 0, '/rooms/images/room_35/image_01_1.jpg');
INSERT INTO post_images (post_id, image_order, image_url) VALUES (55, 1, '/rooms/images/room_35/image_02_1.jpg');
INSERT INTO post_images (post_id, image_order, image_url) VALUES (55, 2, '/rooms/images/room_35/image_03_1.jpg');
INSERT INTO post_images (post_id, image_order, image_url) VALUES (55, 3, '/rooms/images/room_35/image_04_1.jpg');
INSERT INTO post_images (post_id, image_order, image_url) VALUES (55, 4, '/rooms/images/room_35/image_05.jpg');
INSERT INTO post_images (post_id, image_order, image_url) VALUES (55, 5, '/rooms/images/room_35/image_06.jpg');
INSERT INTO post_images (post_id, image_order, image_url) VALUES (55, 6, '/rooms/images/room_35/image_07.jpg');

-- ==========================================
-- ROOM 56 near FTU2 - Dist: 1.15km - Price: 1,400,000
-- ==========================================
INSERT INTO rooms (id, landlord_id, room_number, address, province, district, ward, latitude, longitude, area, floor, max_occupancy, direction, has_windows, has_balcony, thumbnail_url, is_pet_friendly, is_parking_available, curfew, rules, view_count, favorite_count, created_at, updated_at, version, nearby_university_id, nearby_university_name, distance_to_university, nearest_bus_station)
VALUES (56, 3, 'P.101', 'Số 132 Đường D5, Phường 25, Bình Thạnh, TP Hồ Chí Minh', 'TP Hồ Chí Minh', 'Bình Thạnh', 'Phường 25', 10.802524, 106.703956, 15.0, 3, 2, 'EAST', true, false, '/rooms/images/room_36/image_01.jpg', true, true, NULL, 'Giữ trật tự chung sau 22h, dọn dẹp vệ sinh phòng sạch sẽ, phòng cháy chữa cháy an toàn.', 180, 22, NOW() - INTERVAL '5 days', NOW(), 0, 8, 'Trường Đại học Ngoại thương - Cơ sở 2', 1.15, 0.46);
INSERT INTO room_amenities (room_id, amenity_id) VALUES (56, 1) ON CONFLICT DO NOTHING;
INSERT INTO room_amenities (room_id, amenity_id) VALUES (56, 3) ON CONFLICT DO NOTHING;
INSERT INTO room_amenities (room_id, amenity_id) VALUES (56, 4) ON CONFLICT DO NOTHING;
INSERT INTO room_amenities (room_id, amenity_id) VALUES (56, 9) ON CONFLICT DO NOTHING;
INSERT INTO room_images (room_id, image_url) VALUES (56, '/rooms/images/room_36/image_01.jpg');
INSERT INTO room_images (room_id, image_url) VALUES (56, '/rooms/images/room_36/image_02.jpg');
INSERT INTO room_images (room_id, image_url) VALUES (56, '/rooms/images/room_36/image_03.jpg');
INSERT INTO room_images (room_id, image_url) VALUES (56, '/rooms/images/room_36/image_04.jpg');
INSERT INTO room_images (room_id, image_url) VALUES (56, '/rooms/images/room_36/image_05.jpg');
INSERT INTO posts (id, landlord_id, room_id, title, description, price, deposit_amount, price_type, status, approved_by, approved_at, expires_at, is_boosted, boosted_until, view_count, favorite_count, contact_count, booking_count, created_at, updated_at, version, video_url, video_thumbnail)
VALUES (56, 3, 56, 'Phòng trọ mini giá rẻ sinh viên 15m2 cách FTU2 1.15km - Đường D5', '**Vị trí thuận tiện và yên tĩnh**
- Địa chỉ: Đường D5, Phường 25, Bình Thạnh.
- Chỉ cách khuôn viên trường Trường Đại học Ngoại thương - Cơ sở 2 (FTU2) khoảng 1.15km. Việc đi học hàng ngày cực kỳ thuận tiện và nhanh chóng bằng xe máy, xe buýt hoặc đi bộ. Khu vực xung quanh cao ráo, không bị ngập nước, đường sá thông thoáng.

**Thiết kế căn phòng**
- Diện tích sử dụng: 15m2. Thiết kế tối ưu không gian, sạch sẽ, thoáng mát, thích hợp cho việc học tập lâu dài.
- Sở hữu cửa sổ lớn đón ánh sáng tự nhiên tốt, giữ phòng luôn khô ráo.

**Các tiện ích lắp sẵn**
- Wifi internet tốc độ cao riêng biệt từng phòng
- Hệ thống nước nóng lạnh an toàn
- Chỗ để xe máy rộng rãi dưới tầng trệt, an ninh đảm bảo
- Kệ bếp nấu ăn thoáng khí, tủ bếp sạch sẽ

**An ninh và quy định**
- Hệ thống cửa cổng kiểm soát bằng khóa vân tay bảo mật cao kết hợp camera giám sát 24/7.
- Giờ giấc ra vào tự do thoải mái, không chung chủ.
- Môi trường sống văn minh, hàng xóm chủ yếu là sinh viên ngoan ngoãn và nhân viên văn phòng lịch sự.

**Thông tin chi phí thuê**
- Giá thuê hàng tháng: 1,400,000 đ/tháng.
- Tiền đặt cọc: 1,400,000 đ (cam kết hoàn trả đầy đủ khi kết thúc hợp đồng theo đúng thỏa thuận).
- Chỉ số điện nước tính theo đồng hồ riêng gắn trước cửa phòng, cam kết thu đúng chỉ số tiêu thụ thực tế.', 1400000.0, 1400000.0, 'MONTHLY', 'APPROVED', 1, NOW() - INTERVAL '3 days', NOW() + INTERVAL '27 days', false, NULL, 223, 48, 12, 4, NOW() - INTERVAL '3 days', NOW(), 0, '/posts/videos/room_36/video_01_1.mp4', '/rooms/images/room_36/image_01.jpg');
INSERT INTO post_images (post_id, image_order, image_url) VALUES (56, 0, '/rooms/images/room_36/image_01.jpg');
INSERT INTO post_images (post_id, image_order, image_url) VALUES (56, 1, '/rooms/images/room_36/image_02.jpg');
INSERT INTO post_images (post_id, image_order, image_url) VALUES (56, 2, '/rooms/images/room_36/image_03.jpg');
INSERT INTO post_images (post_id, image_order, image_url) VALUES (56, 3, '/rooms/images/room_36/image_04.jpg');
INSERT INTO post_images (post_id, image_order, image_url) VALUES (56, 4, '/rooms/images/room_36/image_05.jpg');

-- ==========================================
-- ROOM 57 near NLU - Dist: 1.16km - Price: 3,400,000
-- ==========================================
INSERT INTO rooms (id, landlord_id, room_number, address, province, district, ward, latitude, longitude, area, floor, max_occupancy, direction, has_windows, has_balcony, thumbnail_url, is_pet_friendly, is_parking_available, curfew, rules, view_count, favorite_count, created_at, updated_at, version, nearby_university_id, nearby_university_name, distance_to_university, nearest_bus_station)
VALUES (57, 4, 'P.636', 'Số 68 Đường số 5, Phường Linh Tây, Thủ Đức, TP Hồ Chí Minh', 'TP Hồ Chí Minh', 'Thủ Đức', 'Linh Tây', 10.863815, 106.796271, 28.0, 3, 3, 'SOUTHWEST', true, true, '/rooms/images/room_37/image_01_1.jpg', true, true, NULL, 'Giữ trật tự chung sau 22h, dọn dẹp vệ sinh phòng sạch sẽ, phòng cháy chữa cháy an toàn.', 300, 21, NOW() - INTERVAL '4 days', NOW(), 0, 1, 'Trường Đại học Nông Lâm TP.HCM', 1.16, 0.3);
INSERT INTO room_amenities (room_id, amenity_id) VALUES (57, 1) ON CONFLICT DO NOTHING;
INSERT INTO room_amenities (room_id, amenity_id) VALUES (57, 2) ON CONFLICT DO NOTHING;
INSERT INTO room_amenities (room_id, amenity_id) VALUES (57, 3) ON CONFLICT DO NOTHING;
INSERT INTO room_amenities (room_id, amenity_id) VALUES (57, 4) ON CONFLICT DO NOTHING;
INSERT INTO room_amenities (room_id, amenity_id) VALUES (57, 5) ON CONFLICT DO NOTHING;
INSERT INTO room_amenities (room_id, amenity_id) VALUES (57, 6) ON CONFLICT DO NOTHING;
INSERT INTO room_amenities (room_id, amenity_id) VALUES (57, 7) ON CONFLICT DO NOTHING;
INSERT INTO room_amenities (room_id, amenity_id) VALUES (57, 9) ON CONFLICT DO NOTHING;
INSERT INTO room_amenities (room_id, amenity_id) VALUES (57, 12) ON CONFLICT DO NOTHING;
INSERT INTO room_images (room_id, image_url) VALUES (57, '/rooms/images/room_37/image_01_1.jpg');
INSERT INTO room_images (room_id, image_url) VALUES (57, '/rooms/images/room_37/image_02_1.jpg');
INSERT INTO room_images (room_id, image_url) VALUES (57, '/rooms/images/room_37/image_03_1.jpg');
INSERT INTO posts (id, landlord_id, room_id, title, description, price, deposit_amount, price_type, status, approved_by, approved_at, expires_at, is_boosted, boosted_until, view_count, favorite_count, contact_count, booking_count, created_at, updated_at, version, video_url, video_thumbnail)
VALUES (57, 4, 57, 'Căn hộ Studio gác lửng full nội thất 28m2 cách NLU 1.16km - Đường số 5', '**Vị trí thuận tiện và yên tĩnh**
- Địa chỉ: Đường số 5, Phường Linh Tây, Thủ Đức.
- Chỉ cách khuôn viên trường Trường Đại học Nông Lâm TP.HCM (NLU) khoảng 1.16km. Việc đi học hàng ngày cực kỳ thuận tiện và nhanh chóng bằng xe máy, xe buýt hoặc đi bộ. Khu vực xung quanh cao ráo, không bị ngập nước, đường sá thông thoáng.

**Thiết kế căn phòng**
- Diện tích sử dụng: 28m2. Thiết kế tối ưu không gian, sạch sẽ, thoáng mát, thích hợp cho việc học tập lâu dài.
- Sở hữu cửa sổ lớn đón ánh sáng tự nhiên tốt, giữ phòng luôn khô ráo.
- Có ban công riêng đón gió mát mẻ, thuận tiện cho việc phơi đồ hoặc làm góc thư giãn.

**Các tiện ích lắp sẵn**
- Wifi internet tốc độ cao riêng biệt từng phòng
- Máy điều hòa nhiệt độ Inverter hoạt động êm ái, tiết kiệm điện
- Hệ thống nước nóng lạnh an toàn
- Chỗ để xe máy rộng rãi dưới tầng trệt, an ninh đảm bảo
- Tủ lạnh dung tích lớn tiện lợi lưu trữ đồ ăn
- Khu vực giặt sấy/máy giặt tiện nghi
- Kệ bếp nấu ăn thoáng khí, tủ bếp sạch sẽ

**An ninh và quy định**
- Hệ thống cửa cổng kiểm soát bằng khóa vân tay bảo mật cao kết hợp camera giám sát 24/7.
- Giờ giấc ra vào tự do thoải mái, không chung chủ.
- Môi trường sống văn minh, hàng xóm chủ yếu là sinh viên ngoan ngoãn và nhân viên văn phòng lịch sự.

**Thông tin chi phí thuê**
- Giá thuê hàng tháng: 3,400,000 đ/tháng.
- Tiền đặt cọc: 6,800,000 đ (cam kết hoàn trả đầy đủ khi kết thúc hợp đồng theo đúng thỏa thuận).
- Chỉ số điện nước tính theo đồng hồ riêng gắn trước cửa phòng, cam kết thu đúng chỉ số tiêu thụ thực tế.', 3400000.0, 6800000.0, 'MONTHLY', 'APPROVED', 1, NOW() - INTERVAL '3 days', NOW() + INTERVAL '27 days', false, NULL, 450, 45, 37, 10, NOW() - INTERVAL '9 days', NOW(), 0, '/posts/videos/room_37/video_01_1.mp4', '/rooms/images/room_37/image_01_1.jpg');
INSERT INTO post_images (post_id, image_order, image_url) VALUES (57, 0, '/rooms/images/room_37/image_01_1.jpg');
INSERT INTO post_images (post_id, image_order, image_url) VALUES (57, 1, '/rooms/images/room_37/image_02_1.jpg');
INSERT INTO post_images (post_id, image_order, image_url) VALUES (57, 2, '/rooms/images/room_37/image_03_1.jpg');

-- ==========================================
-- ROOM 58 near HCMUTE - Dist: 2.36km - Price: 1,700,000
-- ==========================================
INSERT INTO rooms (id, landlord_id, room_number, address, province, district, ward, latitude, longitude, area, floor, max_occupancy, direction, has_windows, has_balcony, thumbnail_url, is_pet_friendly, is_parking_available, curfew, rules, view_count, favorite_count, created_at, updated_at, version, nearby_university_id, nearby_university_name, distance_to_university, nearest_bus_station)
VALUES (58, 2, 'P.302', 'Số 22 Hoàng Diệu 2, Phường Tăng Nhơn Phú A, Thủ Đức, TP Hồ Chí Minh', 'TP Hồ Chí Minh', 'Thủ Đức', 'Tăng Nhơn Phú A', 10.863423, 106.754191, 34.0, 6, 6, 'SOUTH', true, false, '/rooms/images/room_38/image_01.jpg', false, false, '23:00', 'Giữ trật tự chung sau 22h, dọn dẹp vệ sinh phòng sạch sẽ, phòng cháy chữa cháy an toàn.', 177, 31, NOW() - INTERVAL '12 days', NOW(), 0, 2, 'Trường Đại học Sư phạm Kỹ thuật TP.HCM', 2.36, 0.19);
INSERT INTO room_amenities (room_id, amenity_id) VALUES (58, 1) ON CONFLICT DO NOTHING;
INSERT INTO room_amenities (room_id, amenity_id) VALUES (58, 2) ON CONFLICT DO NOTHING;
INSERT INTO room_amenities (room_id, amenity_id) VALUES (58, 3) ON CONFLICT DO NOTHING;
INSERT INTO room_amenities (room_id, amenity_id) VALUES (58, 4) ON CONFLICT DO NOTHING;
INSERT INTO room_amenities (room_id, amenity_id) VALUES (58, 5) ON CONFLICT DO NOTHING;
INSERT INTO room_amenities (room_id, amenity_id) VALUES (58, 7) ON CONFLICT DO NOTHING;
INSERT INTO room_amenities (room_id, amenity_id) VALUES (58, 11) ON CONFLICT DO NOTHING;
INSERT INTO room_amenities (room_id, amenity_id) VALUES (58, 12) ON CONFLICT DO NOTHING;
INSERT INTO room_images (room_id, image_url) VALUES (58, '/rooms/images/room_38/image_01.jpg');
INSERT INTO room_images (room_id, image_url) VALUES (58, '/rooms/images/room_38/image_02.jpg');
INSERT INTO room_images (room_id, image_url) VALUES (58, '/rooms/images/room_38/image_03.jpg');
INSERT INTO room_images (room_id, image_url) VALUES (58, '/rooms/images/room_38/image_04.jpg');
INSERT INTO room_images (room_id, image_url) VALUES (58, '/rooms/images/room_38/image_05.jpg');
INSERT INTO room_images (room_id, image_url) VALUES (58, '/rooms/images/room_38/image_06.jpg');
INSERT INTO posts (id, landlord_id, room_id, title, description, price, deposit_amount, price_type, status, approved_by, approved_at, expires_at, is_boosted, boosted_until, view_count, favorite_count, contact_count, booking_count, created_at, updated_at, version, video_url, video_thumbnail)
VALUES (58, 2, 58, 'Sleepbox cao cấp tiện nghi, bảo mật 34m2 cách HCMUTE 2.36km - Hoàng Diệu 2', '**Vị trí thuận tiện và yên tĩnh**
- Địa chỉ: Hoàng Diệu 2, Phường Tăng Nhơn Phú A, Thủ Đức.
- Chỉ cách khuôn viên trường Trường Đại học Sư phạm Kỹ thuật TP.HCM (HCMUTE) khoảng 2.36km. Việc đi học hàng ngày cực kỳ thuận tiện và nhanh chóng bằng xe máy, xe buýt hoặc đi bộ. Khu vực xung quanh cao ráo, không bị ngập nước, đường sá thông thoáng.

**Thiết kế căn phòng**
- Diện tích sử dụng: 34m2. Thiết kế tối ưu không gian, sạch sẽ, thoáng mát, thích hợp cho việc học tập lâu dài.
- Sở hữu cửa sổ lớn đón ánh sáng tự nhiên tốt, giữ phòng luôn khô ráo.

**Các tiện ích lắp sẵn**
- Wifi internet tốc độ cao riêng biệt từng phòng
- Máy điều hòa nhiệt độ Inverter hoạt động êm ái, tiết kiệm điện
- Hệ thống nước nóng lạnh an toàn
- Chỗ để xe máy rộng rãi dưới tầng trệt, an ninh đảm bảo
- Khu vực giặt sấy/máy giặt tiện nghi

**An ninh và quy định**
- Hệ thống cửa cổng kiểm soát bằng khóa vân tay bảo mật cao kết hợp camera giám sát 24/7.
- Giờ đóng cổng: 23:00 đêm nhằm đảm bảo trật tự chung.
- Môi trường sống văn minh, hàng xóm chủ yếu là sinh viên ngoan ngoãn và nhân viên văn phòng lịch sự.

**Thông tin chi phí thuê**
- Giá thuê hàng tháng: 1,700,000 đ/tháng.
- Tiền đặt cọc: 1,700,000 đ (cam kết hoàn trả đầy đủ khi kết thúc hợp đồng theo đúng thỏa thuận).
- Chỉ số điện nước tính theo đồng hồ riêng gắn trước cửa phòng, cam kết thu đúng chỉ số tiêu thụ thực tế.', 1700000.0, 1700000.0, 'MONTHLY', 'APPROVED', 1, NOW() - INTERVAL '3 days', NOW() + INTERVAL '27 days', false, NULL, 160, 30, 34, 8, NOW() - INTERVAL '7 days', NOW(), 0, '/posts/videos/room_38/video_01_1.mp4', '/rooms/images/room_38/image_01.jpg');
INSERT INTO post_images (post_id, image_order, image_url) VALUES (58, 0, '/rooms/images/room_38/image_01.jpg');
INSERT INTO post_images (post_id, image_order, image_url) VALUES (58, 1, '/rooms/images/room_38/image_02.jpg');
INSERT INTO post_images (post_id, image_order, image_url) VALUES (58, 2, '/rooms/images/room_38/image_03.jpg');
INSERT INTO post_images (post_id, image_order, image_url) VALUES (58, 3, '/rooms/images/room_38/image_04.jpg');
INSERT INTO post_images (post_id, image_order, image_url) VALUES (58, 4, '/rooms/images/room_38/image_05.jpg');
INSERT INTO post_images (post_id, image_order, image_url) VALUES (58, 5, '/rooms/images/room_38/image_06.jpg');

-- ==========================================
-- ROOM 59 near UIT - Dist: 3.52km - Price: 2,100,000
-- ==========================================
INSERT INTO rooms (id, landlord_id, room_number, address, province, district, ward, latitude, longitude, area, floor, max_occupancy, direction, has_windows, has_balcony, thumbnail_url, is_pet_friendly, is_parking_available, curfew, rules, view_count, favorite_count, created_at, updated_at, version, nearby_university_id, nearby_university_name, distance_to_university, nearest_bus_station)
VALUES (59, 3, 'P.381', 'Số 21 Đường số 12, Phường Linh Tây, Thủ Đức, TP Hồ Chí Minh', 'TP Hồ Chí Minh', 'Thủ Đức', 'Linh Tây', 10.838955, 106.796693, 21.0, 2, 2, 'NORTHWEST', true, true, '/rooms/images/room_39/image_01.jpg', true, true, '22:00', 'Giữ trật tự chung sau 22h, dọn dẹp vệ sinh phòng sạch sẽ, phòng cháy chữa cháy an toàn.', 151, 10, NOW() - INTERVAL '12 days', NOW(), 0, 3, 'Trường Đại học Công nghệ thông tin - ĐHQG TP.HCM', 3.52, 0.17);
INSERT INTO room_amenities (room_id, amenity_id) VALUES (59, 1) ON CONFLICT DO NOTHING;
INSERT INTO room_amenities (room_id, amenity_id) VALUES (59, 2) ON CONFLICT DO NOTHING;
INSERT INTO room_amenities (room_id, amenity_id) VALUES (59, 3) ON CONFLICT DO NOTHING;
INSERT INTO room_amenities (room_id, amenity_id) VALUES (59, 4) ON CONFLICT DO NOTHING;
INSERT INTO room_amenities (room_id, amenity_id) VALUES (59, 5) ON CONFLICT DO NOTHING;
INSERT INTO room_amenities (room_id, amenity_id) VALUES (59, 6) ON CONFLICT DO NOTHING;
INSERT INTO room_amenities (room_id, amenity_id) VALUES (59, 9) ON CONFLICT DO NOTHING;
INSERT INTO room_images (room_id, image_url) VALUES (59, '/rooms/images/room_39/image_01.jpg');
INSERT INTO room_images (room_id, image_url) VALUES (59, '/rooms/images/room_39/image_02.jpg');
INSERT INTO room_images (room_id, image_url) VALUES (59, '/rooms/images/room_39/image_03.jpg');
INSERT INTO room_images (room_id, image_url) VALUES (59, '/rooms/images/room_39/image_04.jpg');
INSERT INTO room_images (room_id, image_url) VALUES (59, '/rooms/images/room_39/image_05.jpg');
INSERT INTO room_images (room_id, image_url) VALUES (59, '/rooms/images/room_39/image_06.jpg');
INSERT INTO posts (id, landlord_id, room_id, title, description, price, deposit_amount, price_type, status, approved_by, approved_at, expires_at, is_boosted, boosted_until, view_count, favorite_count, contact_count, booking_count, created_at, updated_at, version, video_url, video_thumbnail)
VALUES (59, 3, 59, 'Phòng trọ ban công thoáng mát gần trường 21m2 cách UIT 3.52km - Đường số 12', '**Vị trí thuận tiện và yên tĩnh**
- Địa chỉ: Đường số 12, Phường Linh Tây, Thủ Đức.
- Chỉ cách khuôn viên trường Trường Đại học Công nghệ thông tin - ĐHQG TP.HCM (UIT) khoảng 3.52km. Việc đi học hàng ngày cực kỳ thuận tiện và nhanh chóng bằng xe máy, xe buýt hoặc đi bộ. Khu vực xung quanh cao ráo, không bị ngập nước, đường sá thông thoáng.

**Thiết kế căn phòng**
- Diện tích sử dụng: 21m2. Thiết kế tối ưu không gian, sạch sẽ, thoáng mát, thích hợp cho việc học tập lâu dài.
- Sở hữu cửa sổ lớn đón ánh sáng tự nhiên tốt, giữ phòng luôn khô ráo.
- Có ban công riêng đón gió mát mẻ, thuận tiện cho việc phơi đồ hoặc làm góc thư giãn.

**Các tiện ích lắp sẵn**
- Wifi internet tốc độ cao riêng biệt từng phòng
- Máy điều hòa nhiệt độ Inverter hoạt động êm ái, tiết kiệm điện
- Hệ thống nước nóng lạnh an toàn
- Chỗ để xe máy rộng rãi dưới tầng trệt, an ninh đảm bảo
- Tủ lạnh dung tích lớn tiện lợi lưu trữ đồ ăn
- Kệ bếp nấu ăn thoáng khí, tủ bếp sạch sẽ

**An ninh và quy định**
- Hệ thống cửa cổng kiểm soát bằng khóa vân tay bảo mật cao kết hợp camera giám sát 24/7.
- Giờ đóng cổng: 22:00 đêm nhằm đảm bảo trật tự chung.
- Môi trường sống văn minh, hàng xóm chủ yếu là sinh viên ngoan ngoãn và nhân viên văn phòng lịch sự.

**Thông tin chi phí thuê**
- Giá thuê hàng tháng: 2,100,000 đ/tháng.
- Tiền đặt cọc: 4,200,000 đ (cam kết hoàn trả đầy đủ khi kết thúc hợp đồng theo đúng thỏa thuận).
- Chỉ số điện nước tính theo đồng hồ riêng gắn trước cửa phòng, cam kết thu đúng chỉ số tiêu thụ thực tế.', 2100000.0, 4200000.0, 'MONTHLY', 'APPROVED', 1, NOW() - INTERVAL '3 days', NOW() + INTERVAL '27 days', false, NULL, 323, 67, 37, 6, NOW() - INTERVAL '4 days', NOW(), 0, '/posts/videos/room_39/video_01_1.mp4', '/rooms/images/room_39/image_01.jpg');
INSERT INTO post_images (post_id, image_order, image_url) VALUES (59, 0, '/rooms/images/room_39/image_01.jpg');
INSERT INTO post_images (post_id, image_order, image_url) VALUES (59, 1, '/rooms/images/room_39/image_02.jpg');
INSERT INTO post_images (post_id, image_order, image_url) VALUES (59, 2, '/rooms/images/room_39/image_03.jpg');
INSERT INTO post_images (post_id, image_order, image_url) VALUES (59, 3, '/rooms/images/room_39/image_04.jpg');
INSERT INTO post_images (post_id, image_order, image_url) VALUES (59, 4, '/rooms/images/room_39/image_05.jpg');
INSERT INTO post_images (post_id, image_order, image_url) VALUES (59, 5, '/rooms/images/room_39/image_06.jpg');

-- ==========================================
-- ROOM 60 near HCMUT - Dist: 5.05km - Price: 4,600,000
-- ==========================================
INSERT INTO rooms (id, landlord_id, room_number, address, province, district, ward, latitude, longitude, area, floor, max_occupancy, direction, has_windows, has_balcony, thumbnail_url, is_pet_friendly, is_parking_available, curfew, rules, view_count, favorite_count, created_at, updated_at, version, nearby_university_id, nearby_university_name, distance_to_university, nearest_bus_station)
VALUES (60, 4, 'P.527', 'Số 65 Bình Đường, Phường An Bình, Dĩ An, Bình Dương', 'Bình Dương', 'Dĩ An', 'An Bình', 10.916722, 106.77905, 44.0, 6, 3, 'EAST', true, true, '/rooms/images/room_40/image_01.jpg', false, true, '23:00', 'Giữ trật tự chung sau 22h, dọn dẹp vệ sinh phòng sạch sẽ, phòng cháy chữa cháy an toàn.', 174, 44, NOW() - INTERVAL '11 days', NOW(), 0, 4, 'Trường Đại học Bách Khoa - ĐHQG TP.HCM (Cơ sở Dĩ An)', 5.05, 0.34);
INSERT INTO room_amenities (room_id, amenity_id) VALUES (60, 1) ON CONFLICT DO NOTHING;
INSERT INTO room_amenities (room_id, amenity_id) VALUES (60, 2) ON CONFLICT DO NOTHING;
INSERT INTO room_amenities (room_id, amenity_id) VALUES (60, 3) ON CONFLICT DO NOTHING;
INSERT INTO room_amenities (room_id, amenity_id) VALUES (60, 4) ON CONFLICT DO NOTHING;
INSERT INTO room_amenities (room_id, amenity_id) VALUES (60, 5) ON CONFLICT DO NOTHING;
INSERT INTO room_amenities (room_id, amenity_id) VALUES (60, 6) ON CONFLICT DO NOTHING;
INSERT INTO room_amenities (room_id, amenity_id) VALUES (60, 7) ON CONFLICT DO NOTHING;
INSERT INTO room_amenities (room_id, amenity_id) VALUES (60, 8) ON CONFLICT DO NOTHING;
INSERT INTO room_amenities (room_id, amenity_id) VALUES (60, 9) ON CONFLICT DO NOTHING;
INSERT INTO room_amenities (room_id, amenity_id) VALUES (60, 10) ON CONFLICT DO NOTHING;
INSERT INTO room_amenities (room_id, amenity_id) VALUES (60, 11) ON CONFLICT DO NOTHING;
INSERT INTO room_amenities (room_id, amenity_id) VALUES (60, 12) ON CONFLICT DO NOTHING;
INSERT INTO room_images (room_id, image_url) VALUES (60, '/rooms/images/room_40/image_01.jpg');
INSERT INTO room_images (room_id, image_url) VALUES (60, '/rooms/images/room_40/image_02.jpg');
INSERT INTO room_images (room_id, image_url) VALUES (60, '/rooms/images/room_40/image_03.jpg');
INSERT INTO room_images (room_id, image_url) VALUES (60, '/rooms/images/room_40/image_04.jpg');
INSERT INTO room_images (room_id, image_url) VALUES (60, '/rooms/images/room_40/image_05.jpg');
INSERT INTO room_images (room_id, image_url) VALUES (60, '/rooms/images/room_40/image_06.jpg');
INSERT INTO room_images (room_id, image_url) VALUES (60, '/rooms/images/room_40/image_07.jpg');
INSERT INTO room_images (room_id, image_url) VALUES (60, '/rooms/images/room_40/image_08.jpg');
INSERT INTO room_images (room_id, image_url) VALUES (60, '/rooms/images/room_40/image_09.jpg');
INSERT INTO posts (id, landlord_id, room_id, title, description, price, deposit_amount, price_type, status, approved_by, approved_at, expires_at, is_boosted, boosted_until, view_count, favorite_count, contact_count, booking_count, created_at, updated_at, version, video_url, video_thumbnail)
VALUES (60, 4, 60, 'Căn hộ dịch vụ 1PN sang trọng, an ninh 44m2 cách HCMUT 5.05km - Bình Đường', '**Vị trí thuận tiện và yên tĩnh**
- Địa chỉ: Bình Đường, Phường An Bình, Dĩ An.
- Chỉ cách khuôn viên trường Trường Đại học Bách Khoa - ĐHQG TP.HCM (Cơ sở Dĩ An) (HCMUT) khoảng 5.05km. Việc đi học hàng ngày cực kỳ thuận tiện và nhanh chóng bằng xe máy, xe buýt hoặc đi bộ. Khu vực xung quanh cao ráo, không bị ngập nước, đường sá thông thoáng.

**Thiết kế căn phòng**
- Diện tích sử dụng: 44m2. Thiết kế tối ưu không gian, sạch sẽ, thoáng mát, thích hợp cho việc học tập lâu dài.
- Sở hữu cửa sổ lớn đón ánh sáng tự nhiên tốt, giữ phòng luôn khô ráo.
- Có ban công riêng đón gió mát mẻ, thuận tiện cho việc phơi đồ hoặc làm góc thư giãn.

**Các tiện ích lắp sẵn**
- Wifi internet tốc độ cao riêng biệt từng phòng
- Máy điều hòa nhiệt độ Inverter hoạt động êm ái, tiết kiệm điện
- Hệ thống nước nóng lạnh an toàn
- Chỗ để xe máy rộng rãi dưới tầng trệt, an ninh đảm bảo
- Tủ lạnh dung tích lớn tiện lợi lưu trữ đồ ăn
- Khu vực giặt sấy/máy giặt tiện nghi
- Kệ bếp nấu ăn thoáng khí, tủ bếp sạch sẽ

**An ninh và quy định**
- Hệ thống cửa cổng kiểm soát bằng khóa vân tay bảo mật cao kết hợp camera giám sát 24/7.
- Giờ đóng cổng: 23:00 đêm nhằm đảm bảo trật tự chung.
- Môi trường sống văn minh, hàng xóm chủ yếu là sinh viên ngoan ngoãn và nhân viên văn phòng lịch sự.

**Thông tin chi phí thuê**
- Giá thuê hàng tháng: 4,600,000 đ/tháng.
- Tiền đặt cọc: 4,600,000 đ (cam kết hoàn trả đầy đủ khi kết thúc hợp đồng theo đúng thỏa thuận).
- Chỉ số điện nước tính theo đồng hồ riêng gắn trước cửa phòng, cam kết thu đúng chỉ số tiêu thụ thực tế.', 4600000.0, 4600000.0, 'MONTHLY', 'APPROVED', 1, NOW() - INTERVAL '3 days', NOW() + INTERVAL '27 days', false, NULL, 487, 43, 45, 12, NOW() - INTERVAL '2 days', NOW(), 0, '/posts/videos/room_40/video_01_1.mp4', '/rooms/images/room_40/image_01.jpg');
INSERT INTO post_images (post_id, image_order, image_url) VALUES (60, 0, '/rooms/images/room_40/image_01.jpg');
INSERT INTO post_images (post_id, image_order, image_url) VALUES (60, 1, '/rooms/images/room_40/image_02.jpg');
INSERT INTO post_images (post_id, image_order, image_url) VALUES (60, 2, '/rooms/images/room_40/image_03.jpg');
INSERT INTO post_images (post_id, image_order, image_url) VALUES (60, 3, '/rooms/images/room_40/image_04.jpg');
INSERT INTO post_images (post_id, image_order, image_url) VALUES (60, 4, '/rooms/images/room_40/image_05.jpg');
INSERT INTO post_images (post_id, image_order, image_url) VALUES (60, 5, '/rooms/images/room_40/image_06.jpg');
INSERT INTO post_images (post_id, image_order, image_url) VALUES (60, 6, '/rooms/images/room_40/image_07.jpg');
INSERT INTO post_images (post_id, image_order, image_url) VALUES (60, 7, '/rooms/images/room_40/image_08.jpg');
INSERT INTO post_images (post_id, image_order, image_url) VALUES (60, 8, '/rooms/images/room_40/image_09.jpg');

-- ==========================================
-- ROOM 61 near HCMUS - Dist: 5.24km - Price: 1,200,000
-- ==========================================
INSERT INTO rooms (id, landlord_id, room_number, address, province, district, ward, latitude, longitude, area, floor, max_occupancy, direction, has_windows, has_balcony, thumbnail_url, is_pet_friendly, is_parking_available, curfew, rules, view_count, favorite_count, created_at, updated_at, version, nearby_university_id, nearby_university_name, distance_to_university, nearest_bus_station)
VALUES (61, 2, 'P.599', 'Số 45 Trần Hưng Đạo, Phường Đông Hòa, Dĩ An, Bình Dương', 'Bình Dương', 'Dĩ An', 'Đông Hòa', 10.835535, 106.824907, 18.0, 7, 2, 'NORTH', true, false, '/rooms/images/room_41/image_01_1.jpg', true, true, '23:00', 'Giữ trật tự chung sau 22h, dọn dẹp vệ sinh phòng sạch sẽ, phòng cháy chữa cháy an toàn.', 240, 16, NOW() - INTERVAL '9 days', NOW(), 0, 5, 'Trường Đại học Khoa học Tự nhiên - ĐHQG TP.HCM (Cơ sở Dĩ An)', 5.24, 0.44);
INSERT INTO room_amenities (room_id, amenity_id) VALUES (61, 1) ON CONFLICT DO NOTHING;
INSERT INTO room_amenities (room_id, amenity_id) VALUES (61, 3) ON CONFLICT DO NOTHING;
INSERT INTO room_amenities (room_id, amenity_id) VALUES (61, 4) ON CONFLICT DO NOTHING;
INSERT INTO room_amenities (room_id, amenity_id) VALUES (61, 9) ON CONFLICT DO NOTHING;
INSERT INTO room_images (room_id, image_url) VALUES (61, '/rooms/images/room_41/image_01_1.jpg');
INSERT INTO room_images (room_id, image_url) VALUES (61, '/rooms/images/room_41/image_02_1.jpg');
INSERT INTO room_images (room_id, image_url) VALUES (61, '/rooms/images/room_41/image_03_1.jpg');
INSERT INTO posts (id, landlord_id, room_id, title, description, price, deposit_amount, price_type, status, approved_by, approved_at, expires_at, is_boosted, boosted_until, view_count, favorite_count, contact_count, booking_count, created_at, updated_at, version, video_url, video_thumbnail)
VALUES (61, 2, 61, 'Phòng trọ mini giá rẻ sinh viên 18m2 cách HCMUS 5.24km - Trần Hưng Đạo', '**Vị trí thuận tiện và yên tĩnh**
- Địa chỉ: Trần Hưng Đạo, Phường Đông Hòa, Dĩ An.
- Chỉ cách khuôn viên trường Trường Đại học Khoa học Tự nhiên - ĐHQG TP.HCM (Cơ sở Dĩ An) (HCMUS) khoảng 5.24km. Việc đi học hàng ngày cực kỳ thuận tiện và nhanh chóng bằng xe máy, xe buýt hoặc đi bộ. Khu vực xung quanh cao ráo, không bị ngập nước, đường sá thông thoáng.

**Thiết kế căn phòng**
- Diện tích sử dụng: 18m2. Thiết kế tối ưu không gian, sạch sẽ, thoáng mát, thích hợp cho việc học tập lâu dài.
- Sở hữu cửa sổ lớn đón ánh sáng tự nhiên tốt, giữ phòng luôn khô ráo.

**Các tiện ích lắp sẵn**
- Wifi internet tốc độ cao riêng biệt từng phòng
- Hệ thống nước nóng lạnh an toàn
- Chỗ để xe máy rộng rãi dưới tầng trệt, an ninh đảm bảo
- Kệ bếp nấu ăn thoáng khí, tủ bếp sạch sẽ

**An ninh và quy định**
- Hệ thống cửa cổng kiểm soát bằng khóa vân tay bảo mật cao kết hợp camera giám sát 24/7.
- Giờ đóng cổng: 23:00 đêm nhằm đảm bảo trật tự chung.
- Môi trường sống văn minh, hàng xóm chủ yếu là sinh viên ngoan ngoãn và nhân viên văn phòng lịch sự.

**Thông tin chi phí thuê**
- Giá thuê hàng tháng: 1,200,000 đ/tháng.
- Tiền đặt cọc: 1,200,000 đ (cam kết hoàn trả đầy đủ khi kết thúc hợp đồng theo đúng thỏa thuận).
- Chỉ số điện nước tính theo đồng hồ riêng gắn trước cửa phòng, cam kết thu đúng chỉ số tiêu thụ thực tế.', 1200000.0, 1200000.0, 'MONTHLY', 'APPROVED', 1, NOW() - INTERVAL '3 days', NOW() + INTERVAL '27 days', false, NULL, 303, 44, 19, 7, NOW() - INTERVAL '8 days', NOW(), 0, '/posts/videos/room_41/video_01_1.mp4', '/rooms/images/room_41/image_01_1.jpg');
INSERT INTO post_images (post_id, image_order, image_url) VALUES (61, 0, '/rooms/images/room_41/image_01_1.jpg');
INSERT INTO post_images (post_id, image_order, image_url) VALUES (61, 1, '/rooms/images/room_41/image_02_1.jpg');
INSERT INTO post_images (post_id, image_order, image_url) VALUES (61, 2, '/rooms/images/room_41/image_03_1.jpg');

-- ==========================================
-- ROOM 62 near IU - Dist: 1.96km - Price: 3,400,000
-- ==========================================
INSERT INTO rooms (id, landlord_id, room_number, address, province, district, ward, latitude, longitude, area, floor, max_occupancy, direction, has_windows, has_balcony, thumbnail_url, is_pet_friendly, is_parking_available, curfew, rules, view_count, favorite_count, created_at, updated_at, version, nearby_university_id, nearby_university_name, distance_to_university, nearest_bus_station)
VALUES (62, 3, 'P.142', 'Số 115 KDC Him Lam Phú Đông, Phường Đông Hòa, Dĩ An, Bình Dương', 'Bình Dương', 'Dĩ An', 'Đông Hòa', 10.86548, 106.788922, 29.0, 3, 3, 'NORTH', true, true, '/rooms/images/room_42/image_01_1.jpg', true, true, '22:00', 'Giữ trật tự chung sau 22h, dọn dẹp vệ sinh phòng sạch sẽ, phòng cháy chữa cháy an toàn.', 267, 14, NOW() - INTERVAL '14 days', NOW(), 0, 6, 'Trường Đại học Quốc tế - ĐHQG TP.HCM', 1.96, 0.26);
INSERT INTO room_amenities (room_id, amenity_id) VALUES (62, 1) ON CONFLICT DO NOTHING;
INSERT INTO room_amenities (room_id, amenity_id) VALUES (62, 2) ON CONFLICT DO NOTHING;
INSERT INTO room_amenities (room_id, amenity_id) VALUES (62, 3) ON CONFLICT DO NOTHING;
INSERT INTO room_amenities (room_id, amenity_id) VALUES (62, 4) ON CONFLICT DO NOTHING;
INSERT INTO room_amenities (room_id, amenity_id) VALUES (62, 5) ON CONFLICT DO NOTHING;
INSERT INTO room_amenities (room_id, amenity_id) VALUES (62, 6) ON CONFLICT DO NOTHING;
INSERT INTO room_amenities (room_id, amenity_id) VALUES (62, 7) ON CONFLICT DO NOTHING;
INSERT INTO room_amenities (room_id, amenity_id) VALUES (62, 9) ON CONFLICT DO NOTHING;
INSERT INTO room_amenities (room_id, amenity_id) VALUES (62, 12) ON CONFLICT DO NOTHING;
INSERT INTO room_images (room_id, image_url) VALUES (62, '/rooms/images/room_42/image_01_1.jpg');
INSERT INTO room_images (room_id, image_url) VALUES (62, '/rooms/images/room_42/image_02_1.jpg');
INSERT INTO room_images (room_id, image_url) VALUES (62, '/rooms/images/room_42/image_03_1.jpg');
INSERT INTO room_images (room_id, image_url) VALUES (62, '/rooms/images/room_42/image_04_1.jpg');
INSERT INTO room_images (room_id, image_url) VALUES (62, '/rooms/images/room_42/image_05.jpg');
INSERT INTO room_images (room_id, image_url) VALUES (62, '/rooms/images/room_42/image_06.jpg');
INSERT INTO room_images (room_id, image_url) VALUES (62, '/rooms/images/room_42/image_07.jpg');
INSERT INTO room_images (room_id, image_url) VALUES (62, '/rooms/images/room_42/image_08.jpg');
INSERT INTO posts (id, landlord_id, room_id, title, description, price, deposit_amount, price_type, status, approved_by, approved_at, expires_at, is_boosted, boosted_until, view_count, favorite_count, contact_count, booking_count, created_at, updated_at, version, video_url, video_thumbnail)
VALUES (62, 3, 62, 'Căn hộ Studio gác lửng full nội thất 29m2 cách IU 1.96km - KDC Him Lam Phú Đông', '**Vị trí thuận tiện và yên tĩnh**
- Địa chỉ: KDC Him Lam Phú Đông, Phường Đông Hòa, Dĩ An.
- Chỉ cách khuôn viên trường Trường Đại học Quốc tế - ĐHQG TP.HCM (IU) khoảng 1.96km. Việc đi học hàng ngày cực kỳ thuận tiện và nhanh chóng bằng xe máy, xe buýt hoặc đi bộ. Khu vực xung quanh cao ráo, không bị ngập nước, đường sá thông thoáng.

**Thiết kế căn phòng**
- Diện tích sử dụng: 29m2. Thiết kế tối ưu không gian, sạch sẽ, thoáng mát, thích hợp cho việc học tập lâu dài.
- Sở hữu cửa sổ lớn đón ánh sáng tự nhiên tốt, giữ phòng luôn khô ráo.
- Có ban công riêng đón gió mát mẻ, thuận tiện cho việc phơi đồ hoặc làm góc thư giãn.

**Các tiện ích lắp sẵn**
- Wifi internet tốc độ cao riêng biệt từng phòng
- Máy điều hòa nhiệt độ Inverter hoạt động êm ái, tiết kiệm điện
- Hệ thống nước nóng lạnh an toàn
- Chỗ để xe máy rộng rãi dưới tầng trệt, an ninh đảm bảo
- Tủ lạnh dung tích lớn tiện lợi lưu trữ đồ ăn
- Khu vực giặt sấy/máy giặt tiện nghi
- Kệ bếp nấu ăn thoáng khí, tủ bếp sạch sẽ

**An ninh và quy định**
- Hệ thống cửa cổng kiểm soát bằng khóa vân tay bảo mật cao kết hợp camera giám sát 24/7.
- Giờ đóng cổng: 22:00 đêm nhằm đảm bảo trật tự chung.
- Môi trường sống văn minh, hàng xóm chủ yếu là sinh viên ngoan ngoãn và nhân viên văn phòng lịch sự.

**Thông tin chi phí thuê**
- Giá thuê hàng tháng: 3,400,000 đ/tháng.
- Tiền đặt cọc: 3,400,000 đ (cam kết hoàn trả đầy đủ khi kết thúc hợp đồng theo đúng thỏa thuận).
- Chỉ số điện nước tính theo đồng hồ riêng gắn trước cửa phòng, cam kết thu đúng chỉ số tiêu thụ thực tế.', 3400000.0, 3400000.0, 'MONTHLY', 'APPROVED', 1, NOW() - INTERVAL '3 days', NOW() + INTERVAL '27 days', false, NULL, 320, 43, 44, 4, NOW() - INTERVAL '2 days', NOW(), 0, '/posts/videos/room_42/video_01_1.mp4', '/rooms/images/room_42/image_01_1.jpg');
INSERT INTO post_images (post_id, image_order, image_url) VALUES (62, 0, '/rooms/images/room_42/image_01_1.jpg');
INSERT INTO post_images (post_id, image_order, image_url) VALUES (62, 1, '/rooms/images/room_42/image_02_1.jpg');
INSERT INTO post_images (post_id, image_order, image_url) VALUES (62, 2, '/rooms/images/room_42/image_03_1.jpg');
INSERT INTO post_images (post_id, image_order, image_url) VALUES (62, 3, '/rooms/images/room_42/image_04_1.jpg');
INSERT INTO post_images (post_id, image_order, image_url) VALUES (62, 4, '/rooms/images/room_42/image_05.jpg');
INSERT INTO post_images (post_id, image_order, image_url) VALUES (62, 5, '/rooms/images/room_42/image_06.jpg');
INSERT INTO post_images (post_id, image_order, image_url) VALUES (62, 6, '/rooms/images/room_42/image_07.jpg');
INSERT INTO post_images (post_id, image_order, image_url) VALUES (62, 7, '/rooms/images/room_42/image_08.jpg');

-- ==========================================
-- ROOM 63 near UEH - Dist: 4.61km - Price: 1,100,000
-- ==========================================
INSERT INTO rooms (id, landlord_id, room_number, address, province, district, ward, latitude, longitude, area, floor, max_occupancy, direction, has_windows, has_balcony, thumbnail_url, is_pet_friendly, is_parking_available, curfew, rules, view_count, favorite_count, created_at, updated_at, version, nearby_university_id, nearby_university_name, distance_to_university, nearest_bus_station)
VALUES (63, 4, 'P.561', 'Số 32 Điện Biên Phủ, Phường 6, Quận 3, TP Hồ Chí Minh', 'TP Hồ Chí Minh', 'Quận 3', 'Phường 6', 10.778948, 106.654076, 25.0, 6, 6, 'SOUTHWEST', true, false, '/rooms/images/room_43/image_01_1.jpg', true, false, '22:00', 'Giữ trật tự chung sau 22h, dọn dẹp vệ sinh phòng sạch sẽ, phòng cháy chữa cháy an toàn.', 242, 40, NOW() - INTERVAL '14 days', NOW(), 0, 7, 'Trường Đại học Kinh tế TP.HCM (Cơ sở A)', 4.61, 0.34);
INSERT INTO room_amenities (room_id, amenity_id) VALUES (63, 1) ON CONFLICT DO NOTHING;
INSERT INTO room_amenities (room_id, amenity_id) VALUES (63, 2) ON CONFLICT DO NOTHING;
INSERT INTO room_amenities (room_id, amenity_id) VALUES (63, 3) ON CONFLICT DO NOTHING;
INSERT INTO room_amenities (room_id, amenity_id) VALUES (63, 4) ON CONFLICT DO NOTHING;
INSERT INTO room_amenities (room_id, amenity_id) VALUES (63, 5) ON CONFLICT DO NOTHING;
INSERT INTO room_amenities (room_id, amenity_id) VALUES (63, 7) ON CONFLICT DO NOTHING;
INSERT INTO room_amenities (room_id, amenity_id) VALUES (63, 11) ON CONFLICT DO NOTHING;
INSERT INTO room_amenities (room_id, amenity_id) VALUES (63, 12) ON CONFLICT DO NOTHING;
INSERT INTO room_images (room_id, image_url) VALUES (63, '/rooms/images/room_43/image_01_1.jpg');
INSERT INTO room_images (room_id, image_url) VALUES (63, '/rooms/images/room_43/image_02_1.jpg');
INSERT INTO room_images (room_id, image_url) VALUES (63, '/rooms/images/room_43/image_03_1.jpg');
INSERT INTO room_images (room_id, image_url) VALUES (63, '/rooms/images/room_43/image_04_1.jpg');
INSERT INTO room_images (room_id, image_url) VALUES (63, '/rooms/images/room_43/image_05.jpg');
INSERT INTO posts (id, landlord_id, room_id, title, description, price, deposit_amount, price_type, status, approved_by, approved_at, expires_at, is_boosted, boosted_until, view_count, favorite_count, contact_count, booking_count, created_at, updated_at, version, video_url, video_thumbnail)
VALUES (63, 4, 63, 'Sleepbox cao cấp tiện nghi, bảo mật 25m2 cách UEH 4.61km - Điện Biên Phủ', '**Vị trí thuận tiện và yên tĩnh**
- Địa chỉ: Điện Biên Phủ, Phường 6, Quận 3.
- Chỉ cách khuôn viên trường Trường Đại học Kinh tế TP.HCM (Cơ sở A) (UEH) khoảng 4.61km. Việc đi học hàng ngày cực kỳ thuận tiện và nhanh chóng bằng xe máy, xe buýt hoặc đi bộ. Khu vực xung quanh cao ráo, không bị ngập nước, đường sá thông thoáng.

**Thiết kế căn phòng**
- Diện tích sử dụng: 25m2. Thiết kế tối ưu không gian, sạch sẽ, thoáng mát, thích hợp cho việc học tập lâu dài.
- Sở hữu cửa sổ lớn đón ánh sáng tự nhiên tốt, giữ phòng luôn khô ráo.

**Các tiện ích lắp sẵn**
- Wifi internet tốc độ cao riêng biệt từng phòng
- Máy điều hòa nhiệt độ Inverter hoạt động êm ái, tiết kiệm điện
- Hệ thống nước nóng lạnh an toàn
- Chỗ để xe máy rộng rãi dưới tầng trệt, an ninh đảm bảo
- Khu vực giặt sấy/máy giặt tiện nghi

**An ninh và quy định**
- Hệ thống cửa cổng kiểm soát bằng khóa vân tay bảo mật cao kết hợp camera giám sát 24/7.
- Giờ đóng cổng: 22:00 đêm nhằm đảm bảo trật tự chung.
- Môi trường sống văn minh, hàng xóm chủ yếu là sinh viên ngoan ngoãn và nhân viên văn phòng lịch sự.

**Thông tin chi phí thuê**
- Giá thuê hàng tháng: 1,100,000 đ/tháng.
- Tiền đặt cọc: 1,100,000 đ (cam kết hoàn trả đầy đủ khi kết thúc hợp đồng theo đúng thỏa thuận).
- Chỉ số điện nước tính theo đồng hồ riêng gắn trước cửa phòng, cam kết thu đúng chỉ số tiêu thụ thực tế.', 1100000.0, 1100000.0, 'MONTHLY', 'APPROVED', 1, NOW() - INTERVAL '3 days', NOW() + INTERVAL '27 days', false, NULL, 363, 35, 27, 10, NOW() - INTERVAL '7 days', NOW(), 0, '/posts/videos/room_43/video_01_1.mp4', '/rooms/images/room_43/image_01_1.jpg');
INSERT INTO post_images (post_id, image_order, image_url) VALUES (63, 0, '/rooms/images/room_43/image_01_1.jpg');
INSERT INTO post_images (post_id, image_order, image_url) VALUES (63, 1, '/rooms/images/room_43/image_02_1.jpg');
INSERT INTO post_images (post_id, image_order, image_url) VALUES (63, 2, '/rooms/images/room_43/image_03_1.jpg');
INSERT INTO post_images (post_id, image_order, image_url) VALUES (63, 3, '/rooms/images/room_43/image_04_1.jpg');
INSERT INTO post_images (post_id, image_order, image_url) VALUES (63, 4, '/rooms/images/room_43/image_05.jpg');

-- ==========================================
-- ROOM 64 near FTU2 - Dist: 1.83km - Price: 2,800,000
-- ==========================================
INSERT INTO rooms (id, landlord_id, room_number, address, province, district, ward, latitude, longitude, area, floor, max_occupancy, direction, has_windows, has_balcony, thumbnail_url, is_pet_friendly, is_parking_available, curfew, rules, view_count, favorite_count, created_at, updated_at, version, nearby_university_id, nearby_university_name, distance_to_university, nearest_bus_station)
VALUES (64, 2, 'P.303', 'Số 93 Điện Biên Phủ, Phường 25, Bình Thạnh, TP Hồ Chí Minh', 'TP Hồ Chí Minh', 'Bình Thạnh', 'Phường 25', 10.817003, 106.707104, 21.0, 6, 2, 'SOUTH', true, true, '/rooms/images/room_44/image_01_1.jpg', false, true, NULL, 'Giữ trật tự chung sau 22h, dọn dẹp vệ sinh phòng sạch sẽ, phòng cháy chữa cháy an toàn.', 272, 37, NOW() - INTERVAL '4 days', NOW(), 0, 8, 'Trường Đại học Ngoại thương - Cơ sở 2', 1.83, 0.39);
INSERT INTO room_amenities (room_id, amenity_id) VALUES (64, 1) ON CONFLICT DO NOTHING;
INSERT INTO room_amenities (room_id, amenity_id) VALUES (64, 2) ON CONFLICT DO NOTHING;
INSERT INTO room_amenities (room_id, amenity_id) VALUES (64, 3) ON CONFLICT DO NOTHING;
INSERT INTO room_amenities (room_id, amenity_id) VALUES (64, 4) ON CONFLICT DO NOTHING;
INSERT INTO room_amenities (room_id, amenity_id) VALUES (64, 5) ON CONFLICT DO NOTHING;
INSERT INTO room_amenities (room_id, amenity_id) VALUES (64, 6) ON CONFLICT DO NOTHING;
INSERT INTO room_amenities (room_id, amenity_id) VALUES (64, 9) ON CONFLICT DO NOTHING;
INSERT INTO room_images (room_id, image_url) VALUES (64, '/rooms/images/room_44/image_01_1.jpg');
INSERT INTO room_images (room_id, image_url) VALUES (64, '/rooms/images/room_44/image_02_1.jpg');
INSERT INTO room_images (room_id, image_url) VALUES (64, '/rooms/images/room_44/image_03_1.jpg');
INSERT INTO room_images (room_id, image_url) VALUES (64, '/rooms/images/room_44/image_04_1.jpg');
INSERT INTO room_images (room_id, image_url) VALUES (64, '/rooms/images/room_44/image_05.jpg');
INSERT INTO room_images (room_id, image_url) VALUES (64, '/rooms/images/room_44/image_06.jpg');
INSERT INTO room_images (room_id, image_url) VALUES (64, '/rooms/images/room_44/image_07.jpg');
INSERT INTO room_images (room_id, image_url) VALUES (64, '/rooms/images/room_44/image_08.jpg');
INSERT INTO room_images (room_id, image_url) VALUES (64, '/rooms/images/room_44/image_09.jpg');
INSERT INTO room_images (room_id, image_url) VALUES (64, '/rooms/images/room_44/image_10.jpg');
INSERT INTO room_images (room_id, image_url) VALUES (64, '/rooms/images/room_44/image_11.jpg');
INSERT INTO posts (id, landlord_id, room_id, title, description, price, deposit_amount, price_type, status, approved_by, approved_at, expires_at, is_boosted, boosted_until, view_count, favorite_count, contact_count, booking_count, created_at, updated_at, version, video_url, video_thumbnail)
VALUES (64, 2, 64, 'Phòng trọ ban công thoáng mát gần trường 21m2 cách FTU2 1.83km - Điện Biên Phủ', '**Vị trí thuận tiện và yên tĩnh**
- Địa chỉ: Điện Biên Phủ, Phường 25, Bình Thạnh.
- Chỉ cách khuôn viên trường Trường Đại học Ngoại thương - Cơ sở 2 (FTU2) khoảng 1.83km. Việc đi học hàng ngày cực kỳ thuận tiện và nhanh chóng bằng xe máy, xe buýt hoặc đi bộ. Khu vực xung quanh cao ráo, không bị ngập nước, đường sá thông thoáng.

**Thiết kế căn phòng**
- Diện tích sử dụng: 21m2. Thiết kế tối ưu không gian, sạch sẽ, thoáng mát, thích hợp cho việc học tập lâu dài.
- Sở hữu cửa sổ lớn đón ánh sáng tự nhiên tốt, giữ phòng luôn khô ráo.
- Có ban công riêng đón gió mát mẻ, thuận tiện cho việc phơi đồ hoặc làm góc thư giãn.

**Các tiện ích lắp sẵn**
- Wifi internet tốc độ cao riêng biệt từng phòng
- Máy điều hòa nhiệt độ Inverter hoạt động êm ái, tiết kiệm điện
- Hệ thống nước nóng lạnh an toàn
- Chỗ để xe máy rộng rãi dưới tầng trệt, an ninh đảm bảo
- Tủ lạnh dung tích lớn tiện lợi lưu trữ đồ ăn
- Kệ bếp nấu ăn thoáng khí, tủ bếp sạch sẽ

**An ninh và quy định**
- Hệ thống cửa cổng kiểm soát bằng khóa vân tay bảo mật cao kết hợp camera giám sát 24/7.
- Giờ giấc ra vào tự do thoải mái, không chung chủ.
- Môi trường sống văn minh, hàng xóm chủ yếu là sinh viên ngoan ngoãn và nhân viên văn phòng lịch sự.

**Thông tin chi phí thuê**
- Giá thuê hàng tháng: 2,800,000 đ/tháng.
- Tiền đặt cọc: 5,600,000 đ (cam kết hoàn trả đầy đủ khi kết thúc hợp đồng theo đúng thỏa thuận).
- Chỉ số điện nước tính theo đồng hồ riêng gắn trước cửa phòng, cam kết thu đúng chỉ số tiêu thụ thực tế.', 2800000.0, 5600000.0, 'MONTHLY', 'APPROVED', 1, NOW() - INTERVAL '3 days', NOW() + INTERVAL '27 days', false, NULL, 316, 72, 29, 12, NOW() - INTERVAL '5 days', NOW(), 0, '/posts/videos/room_44/video_01_1.mp4', '/rooms/images/room_44/image_01_1.jpg');
INSERT INTO post_images (post_id, image_order, image_url) VALUES (64, 0, '/rooms/images/room_44/image_01_1.jpg');
INSERT INTO post_images (post_id, image_order, image_url) VALUES (64, 1, '/rooms/images/room_44/image_02_1.jpg');
INSERT INTO post_images (post_id, image_order, image_url) VALUES (64, 2, '/rooms/images/room_44/image_03_1.jpg');
INSERT INTO post_images (post_id, image_order, image_url) VALUES (64, 3, '/rooms/images/room_44/image_04_1.jpg');
INSERT INTO post_images (post_id, image_order, image_url) VALUES (64, 4, '/rooms/images/room_44/image_05.jpg');
INSERT INTO post_images (post_id, image_order, image_url) VALUES (64, 5, '/rooms/images/room_44/image_06.jpg');
INSERT INTO post_images (post_id, image_order, image_url) VALUES (64, 6, '/rooms/images/room_44/image_07.jpg');
INSERT INTO post_images (post_id, image_order, image_url) VALUES (64, 7, '/rooms/images/room_44/image_08.jpg');
INSERT INTO post_images (post_id, image_order, image_url) VALUES (64, 8, '/rooms/images/room_44/image_09.jpg');
INSERT INTO post_images (post_id, image_order, image_url) VALUES (64, 9, '/rooms/images/room_44/image_10.jpg');
INSERT INTO post_images (post_id, image_order, image_url) VALUES (64, 10, '/rooms/images/room_44/image_11.jpg');

-- ==========================================
-- ROOM 65 near NLU - Dist: 5.08km - Price: 4,900,000
-- ==========================================
INSERT INTO rooms (id, landlord_id, room_number, address, province, district, ward, latitude, longitude, area, floor, max_occupancy, direction, has_windows, has_balcony, thumbnail_url, is_pet_friendly, is_parking_available, curfew, rules, view_count, favorite_count, created_at, updated_at, version, nearby_university_id, nearby_university_name, distance_to_university, nearest_bus_station)
VALUES (65, 3, 'P.183', 'Số 126 Đường số 5, Phường Tăng Nhơn Phú A, Thủ Đức, TP Hồ Chí Minh', 'TP Hồ Chí Minh', 'Thủ Đức', 'Tăng Nhơn Phú A', 10.898728, 106.751496, 35.0, 6, 3, 'NORTHWEST', true, true, '/rooms/images/room_45/image_01_1.jpg', true, true, '22:00', 'Giữ trật tự chung sau 22h, dọn dẹp vệ sinh phòng sạch sẽ, phòng cháy chữa cháy an toàn.', 98, 32, NOW() - INTERVAL '11 days', NOW(), 0, 1, 'Trường Đại học Nông Lâm TP.HCM', 5.08, 0.19);
INSERT INTO room_amenities (room_id, amenity_id) VALUES (65, 1) ON CONFLICT DO NOTHING;
INSERT INTO room_amenities (room_id, amenity_id) VALUES (65, 2) ON CONFLICT DO NOTHING;
INSERT INTO room_amenities (room_id, amenity_id) VALUES (65, 3) ON CONFLICT DO NOTHING;
INSERT INTO room_amenities (room_id, amenity_id) VALUES (65, 4) ON CONFLICT DO NOTHING;
INSERT INTO room_amenities (room_id, amenity_id) VALUES (65, 5) ON CONFLICT DO NOTHING;
INSERT INTO room_amenities (room_id, amenity_id) VALUES (65, 6) ON CONFLICT DO NOTHING;
INSERT INTO room_amenities (room_id, amenity_id) VALUES (65, 7) ON CONFLICT DO NOTHING;
INSERT INTO room_amenities (room_id, amenity_id) VALUES (65, 8) ON CONFLICT DO NOTHING;
INSERT INTO room_amenities (room_id, amenity_id) VALUES (65, 9) ON CONFLICT DO NOTHING;
INSERT INTO room_amenities (room_id, amenity_id) VALUES (65, 10) ON CONFLICT DO NOTHING;
INSERT INTO room_amenities (room_id, amenity_id) VALUES (65, 11) ON CONFLICT DO NOTHING;
INSERT INTO room_amenities (room_id, amenity_id) VALUES (65, 12) ON CONFLICT DO NOTHING;
INSERT INTO room_images (room_id, image_url) VALUES (65, '/rooms/images/room_45/image_01_1.jpg');
INSERT INTO room_images (room_id, image_url) VALUES (65, '/rooms/images/room_45/image_02_1.jpg');
INSERT INTO room_images (room_id, image_url) VALUES (65, '/rooms/images/room_45/image_03_1.jpg');
INSERT INTO room_images (room_id, image_url) VALUES (65, '/rooms/images/room_45/image_04_1.jpg');
INSERT INTO room_images (room_id, image_url) VALUES (65, '/rooms/images/room_45/image_05.jpg');
INSERT INTO room_images (room_id, image_url) VALUES (65, '/rooms/images/room_45/image_06.jpg');
INSERT INTO room_images (room_id, image_url) VALUES (65, '/rooms/images/room_45/image_07.jpg');
INSERT INTO room_images (room_id, image_url) VALUES (65, '/rooms/images/room_45/image_08.jpg');
INSERT INTO posts (id, landlord_id, room_id, title, description, price, deposit_amount, price_type, status, approved_by, approved_at, expires_at, is_boosted, boosted_until, view_count, favorite_count, contact_count, booking_count, created_at, updated_at, version, video_url, video_thumbnail)
VALUES (65, 3, 65, 'Căn hộ dịch vụ 1PN sang trọng, an ninh 35m2 cách NLU 5.08km - Đường số 5', '**Vị trí thuận tiện và yên tĩnh**
- Địa chỉ: Đường số 5, Phường Tăng Nhơn Phú A, Thủ Đức.
- Chỉ cách khuôn viên trường Trường Đại học Nông Lâm TP.HCM (NLU) khoảng 5.08km. Việc đi học hàng ngày cực kỳ thuận tiện và nhanh chóng bằng xe máy, xe buýt hoặc đi bộ. Khu vực xung quanh cao ráo, không bị ngập nước, đường sá thông thoáng.

**Thiết kế căn phòng**
- Diện tích sử dụng: 35m2. Thiết kế tối ưu không gian, sạch sẽ, thoáng mát, thích hợp cho việc học tập lâu dài.
- Sở hữu cửa sổ lớn đón ánh sáng tự nhiên tốt, giữ phòng luôn khô ráo.
- Có ban công riêng đón gió mát mẻ, thuận tiện cho việc phơi đồ hoặc làm góc thư giãn.

**Các tiện ích lắp sẵn**
- Wifi internet tốc độ cao riêng biệt từng phòng
- Máy điều hòa nhiệt độ Inverter hoạt động êm ái, tiết kiệm điện
- Hệ thống nước nóng lạnh an toàn
- Chỗ để xe máy rộng rãi dưới tầng trệt, an ninh đảm bảo
- Tủ lạnh dung tích lớn tiện lợi lưu trữ đồ ăn
- Khu vực giặt sấy/máy giặt tiện nghi
- Kệ bếp nấu ăn thoáng khí, tủ bếp sạch sẽ

**An ninh và quy định**
- Hệ thống cửa cổng kiểm soát bằng khóa vân tay bảo mật cao kết hợp camera giám sát 24/7.
- Giờ đóng cổng: 22:00 đêm nhằm đảm bảo trật tự chung.
- Môi trường sống văn minh, hàng xóm chủ yếu là sinh viên ngoan ngoãn và nhân viên văn phòng lịch sự.

**Thông tin chi phí thuê**
- Giá thuê hàng tháng: 4,900,000 đ/tháng.
- Tiền đặt cọc: 4,900,000 đ (cam kết hoàn trả đầy đủ khi kết thúc hợp đồng theo đúng thỏa thuận).
- Chỉ số điện nước tính theo đồng hồ riêng gắn trước cửa phòng, cam kết thu đúng chỉ số tiêu thụ thực tế.', 4900000.0, 4900000.0, 'MONTHLY', 'APPROVED', 1, NOW() - INTERVAL '3 days', NOW() + INTERVAL '27 days', false, NULL, 429, 34, 40, 10, NOW() - INTERVAL '7 days', NOW(), 0, '/posts/videos/room_45/video_01_1.mp4', '/rooms/images/room_45/image_01_1.jpg');
INSERT INTO post_images (post_id, image_order, image_url) VALUES (65, 0, '/rooms/images/room_45/image_01_1.jpg');
INSERT INTO post_images (post_id, image_order, image_url) VALUES (65, 1, '/rooms/images/room_45/image_02_1.jpg');
INSERT INTO post_images (post_id, image_order, image_url) VALUES (65, 2, '/rooms/images/room_45/image_03_1.jpg');
INSERT INTO post_images (post_id, image_order, image_url) VALUES (65, 3, '/rooms/images/room_45/image_04_1.jpg');
INSERT INTO post_images (post_id, image_order, image_url) VALUES (65, 4, '/rooms/images/room_45/image_05.jpg');
INSERT INTO post_images (post_id, image_order, image_url) VALUES (65, 5, '/rooms/images/room_45/image_06.jpg');
INSERT INTO post_images (post_id, image_order, image_url) VALUES (65, 6, '/rooms/images/room_45/image_07.jpg');
INSERT INTO post_images (post_id, image_order, image_url) VALUES (65, 7, '/rooms/images/room_45/image_08.jpg');

-- ==========================================
-- ROOM 66 near HCMUTE - Dist: 4.82km - Price: 1,200,000
-- ==========================================
INSERT INTO rooms (id, landlord_id, room_number, address, province, district, ward, latitude, longitude, area, floor, max_occupancy, direction, has_windows, has_balcony, thumbnail_url, is_pet_friendly, is_parking_available, curfew, rules, view_count, favorite_count, created_at, updated_at, version, nearby_university_id, nearby_university_name, distance_to_university, nearest_bus_station)
VALUES (66, 4, 'P.376', 'Số 108 Đường số 5, Phường Linh Tây, Thủ Đức, TP Hồ Chí Minh', 'TP Hồ Chí Minh', 'Thủ Đức', 'Linh Tây', 10.894192, 106.778963, 15.0, 5, 2, 'NORTHEAST', true, false, '/rooms/images/room_46/image_01_1.jpg', true, true, '22:00', 'Giữ trật tự chung sau 22h, dọn dẹp vệ sinh phòng sạch sẽ, phòng cháy chữa cháy an toàn.', 158, 16, NOW() - INTERVAL '8 days', NOW(), 0, 2, 'Trường Đại học Sư phạm Kỹ thuật TP.HCM', 4.82, 0.29);
INSERT INTO room_amenities (room_id, amenity_id) VALUES (66, 1) ON CONFLICT DO NOTHING;
INSERT INTO room_amenities (room_id, amenity_id) VALUES (66, 3) ON CONFLICT DO NOTHING;
INSERT INTO room_amenities (room_id, amenity_id) VALUES (66, 4) ON CONFLICT DO NOTHING;
INSERT INTO room_amenities (room_id, amenity_id) VALUES (66, 9) ON CONFLICT DO NOTHING;
INSERT INTO room_images (room_id, image_url) VALUES (66, '/rooms/images/room_46/image_01_1.jpg');
INSERT INTO room_images (room_id, image_url) VALUES (66, '/rooms/images/room_46/image_02_1.jpg');
INSERT INTO room_images (room_id, image_url) VALUES (66, '/rooms/images/room_46/image_03_1.jpg');
INSERT INTO room_images (room_id, image_url) VALUES (66, '/rooms/images/room_46/image_04_1.jpg');
INSERT INTO room_images (room_id, image_url) VALUES (66, '/rooms/images/room_46/image_05.jpg');
INSERT INTO posts (id, landlord_id, room_id, title, description, price, deposit_amount, price_type, status, approved_by, approved_at, expires_at, is_boosted, boosted_until, view_count, favorite_count, contact_count, booking_count, created_at, updated_at, version, video_url, video_thumbnail)
VALUES (66, 4, 66, 'Phòng trọ mini giá rẻ sinh viên 15m2 cách HCMUTE 4.82km - Đường số 5', '**Vị trí thuận tiện và yên tĩnh**
- Địa chỉ: Đường số 5, Phường Linh Tây, Thủ Đức.
- Chỉ cách khuôn viên trường Trường Đại học Sư phạm Kỹ thuật TP.HCM (HCMUTE) khoảng 4.82km. Việc đi học hàng ngày cực kỳ thuận tiện và nhanh chóng bằng xe máy, xe buýt hoặc đi bộ. Khu vực xung quanh cao ráo, không bị ngập nước, đường sá thông thoáng.

**Thiết kế căn phòng**
- Diện tích sử dụng: 15m2. Thiết kế tối ưu không gian, sạch sẽ, thoáng mát, thích hợp cho việc học tập lâu dài.
- Sở hữu cửa sổ lớn đón ánh sáng tự nhiên tốt, giữ phòng luôn khô ráo.

**Các tiện ích lắp sẵn**
- Wifi internet tốc độ cao riêng biệt từng phòng
- Hệ thống nước nóng lạnh an toàn
- Chỗ để xe máy rộng rãi dưới tầng trệt, an ninh đảm bảo
- Kệ bếp nấu ăn thoáng khí, tủ bếp sạch sẽ

**An ninh và quy định**
- Hệ thống cửa cổng kiểm soát bằng khóa vân tay bảo mật cao kết hợp camera giám sát 24/7.
- Giờ đóng cổng: 22:00 đêm nhằm đảm bảo trật tự chung.
- Môi trường sống văn minh, hàng xóm chủ yếu là sinh viên ngoan ngoãn và nhân viên văn phòng lịch sự.

**Thông tin chi phí thuê**
- Giá thuê hàng tháng: 1,200,000 đ/tháng.
- Tiền đặt cọc: 1,200,000 đ (cam kết hoàn trả đầy đủ khi kết thúc hợp đồng theo đúng thỏa thuận).
- Chỉ số điện nước tính theo đồng hồ riêng gắn trước cửa phòng, cam kết thu đúng chỉ số tiêu thụ thực tế.', 1200000.0, 1200000.0, 'MONTHLY', 'APPROVED', 1, NOW() - INTERVAL '3 days', NOW() + INTERVAL '27 days', false, NULL, 197, 70, 12, 7, NOW() - INTERVAL '2 days', NOW(), 0, '/posts/videos/room_46/video_01_1.mp4', '/rooms/images/room_46/image_01_1.jpg');
INSERT INTO post_images (post_id, image_order, image_url) VALUES (66, 0, '/rooms/images/room_46/image_01_1.jpg');
INSERT INTO post_images (post_id, image_order, image_url) VALUES (66, 1, '/rooms/images/room_46/image_02_1.jpg');
INSERT INTO post_images (post_id, image_order, image_url) VALUES (66, 2, '/rooms/images/room_46/image_03_1.jpg');
INSERT INTO post_images (post_id, image_order, image_url) VALUES (66, 3, '/rooms/images/room_46/image_04_1.jpg');
INSERT INTO post_images (post_id, image_order, image_url) VALUES (66, 4, '/rooms/images/room_46/image_05.jpg');

-- ==========================================
-- ROOM 67 near UIT - Dist: 1.47km - Price: 3,700,000
-- ==========================================
INSERT INTO rooms (id, landlord_id, room_number, address, province, district, ward, latitude, longitude, area, floor, max_occupancy, direction, has_windows, has_balcony, thumbnail_url, is_pet_friendly, is_parking_available, curfew, rules, view_count, favorite_count, created_at, updated_at, version, nearby_university_id, nearby_university_name, distance_to_university, nearest_bus_station)
VALUES (67, 2, 'P.132', 'Số 20 Võ Văn Ngân, Phường Bình Thọ, Thủ Đức, TP Hồ Chí Minh', 'TP Hồ Chí Minh', 'Thủ Đức', 'Bình Thọ', 10.87007, 106.816491, 24.0, 2, 3, 'EAST', true, true, '/rooms/images/room_47/image_01.jpg', true, true, '22:00', 'Giữ trật tự chung sau 22h, dọn dẹp vệ sinh phòng sạch sẽ, phòng cháy chữa cháy an toàn.', 79, 38, NOW() - INTERVAL '9 days', NOW(), 0, 3, 'Trường Đại học Công nghệ thông tin - ĐHQG TP.HCM', 1.47, 0.28);
INSERT INTO room_amenities (room_id, amenity_id) VALUES (67, 1) ON CONFLICT DO NOTHING;
INSERT INTO room_amenities (room_id, amenity_id) VALUES (67, 2) ON CONFLICT DO NOTHING;
INSERT INTO room_amenities (room_id, amenity_id) VALUES (67, 3) ON CONFLICT DO NOTHING;
INSERT INTO room_amenities (room_id, amenity_id) VALUES (67, 4) ON CONFLICT DO NOTHING;
INSERT INTO room_amenities (room_id, amenity_id) VALUES (67, 5) ON CONFLICT DO NOTHING;
INSERT INTO room_amenities (room_id, amenity_id) VALUES (67, 6) ON CONFLICT DO NOTHING;
INSERT INTO room_amenities (room_id, amenity_id) VALUES (67, 7) ON CONFLICT DO NOTHING;
INSERT INTO room_amenities (room_id, amenity_id) VALUES (67, 9) ON CONFLICT DO NOTHING;
INSERT INTO room_amenities (room_id, amenity_id) VALUES (67, 12) ON CONFLICT DO NOTHING;
INSERT INTO room_images (room_id, image_url) VALUES (67, '/rooms/images/room_47/image_01.jpg');
INSERT INTO room_images (room_id, image_url) VALUES (67, '/rooms/images/room_47/image_02.jpg');
INSERT INTO room_images (room_id, image_url) VALUES (67, '/rooms/images/room_47/image_03.jpg');
INSERT INTO room_images (room_id, image_url) VALUES (67, '/rooms/images/room_47/image_04.jpg');
INSERT INTO room_images (room_id, image_url) VALUES (67, '/rooms/images/room_47/image_05.jpg');
INSERT INTO room_images (room_id, image_url) VALUES (67, '/rooms/images/room_47/image_06.jpg');
INSERT INTO posts (id, landlord_id, room_id, title, description, price, deposit_amount, price_type, status, approved_by, approved_at, expires_at, is_boosted, boosted_until, view_count, favorite_count, contact_count, booking_count, created_at, updated_at, version, video_url, video_thumbnail)
VALUES (67, 2, 67, 'Căn hộ Studio gác lửng full nội thất 24m2 cách UIT 1.47km - Võ Văn Ngân', '**Vị trí thuận tiện và yên tĩnh**
- Địa chỉ: Võ Văn Ngân, Phường Bình Thọ, Thủ Đức.
- Chỉ cách khuôn viên trường Trường Đại học Công nghệ thông tin - ĐHQG TP.HCM (UIT) khoảng 1.47km. Việc đi học hàng ngày cực kỳ thuận tiện và nhanh chóng bằng xe máy, xe buýt hoặc đi bộ. Khu vực xung quanh cao ráo, không bị ngập nước, đường sá thông thoáng.

**Thiết kế căn phòng**
- Diện tích sử dụng: 24m2. Thiết kế tối ưu không gian, sạch sẽ, thoáng mát, thích hợp cho việc học tập lâu dài.
- Sở hữu cửa sổ lớn đón ánh sáng tự nhiên tốt, giữ phòng luôn khô ráo.
- Có ban công riêng đón gió mát mẻ, thuận tiện cho việc phơi đồ hoặc làm góc thư giãn.

**Các tiện ích lắp sẵn**
- Wifi internet tốc độ cao riêng biệt từng phòng
- Máy điều hòa nhiệt độ Inverter hoạt động êm ái, tiết kiệm điện
- Hệ thống nước nóng lạnh an toàn
- Chỗ để xe máy rộng rãi dưới tầng trệt, an ninh đảm bảo
- Tủ lạnh dung tích lớn tiện lợi lưu trữ đồ ăn
- Khu vực giặt sấy/máy giặt tiện nghi
- Kệ bếp nấu ăn thoáng khí, tủ bếp sạch sẽ

**An ninh và quy định**
- Hệ thống cửa cổng kiểm soát bằng khóa vân tay bảo mật cao kết hợp camera giám sát 24/7.
- Giờ đóng cổng: 22:00 đêm nhằm đảm bảo trật tự chung.
- Môi trường sống văn minh, hàng xóm chủ yếu là sinh viên ngoan ngoãn và nhân viên văn phòng lịch sự.

**Thông tin chi phí thuê**
- Giá thuê hàng tháng: 3,700,000 đ/tháng.
- Tiền đặt cọc: 7,400,000 đ (cam kết hoàn trả đầy đủ khi kết thúc hợp đồng theo đúng thỏa thuận).
- Chỉ số điện nước tính theo đồng hồ riêng gắn trước cửa phòng, cam kết thu đúng chỉ số tiêu thụ thực tế.', 3700000.0, 7400000.0, 'MONTHLY', 'APPROVED', 1, NOW() - INTERVAL '3 days', NOW() + INTERVAL '27 days', false, NULL, 360, 59, 19, 2, NOW() - INTERVAL '10 days', NOW(), 0, '/posts/videos/room_47/video_01_1.mp4', '/rooms/images/room_47/image_01.jpg');
INSERT INTO post_images (post_id, image_order, image_url) VALUES (67, 0, '/rooms/images/room_47/image_01.jpg');
INSERT INTO post_images (post_id, image_order, image_url) VALUES (67, 1, '/rooms/images/room_47/image_02.jpg');
INSERT INTO post_images (post_id, image_order, image_url) VALUES (67, 2, '/rooms/images/room_47/image_03.jpg');
INSERT INTO post_images (post_id, image_order, image_url) VALUES (67, 3, '/rooms/images/room_47/image_04.jpg');
INSERT INTO post_images (post_id, image_order, image_url) VALUES (67, 4, '/rooms/images/room_47/image_05.jpg');
INSERT INTO post_images (post_id, image_order, image_url) VALUES (67, 5, '/rooms/images/room_47/image_06.jpg');

-- ==========================================
-- ROOM 68 near HCMUT - Dist: 2.96km - Price: 1,600,000
-- ==========================================
INSERT INTO rooms (id, landlord_id, room_number, address, province, district, ward, latitude, longitude, area, floor, max_occupancy, direction, has_windows, has_balcony, thumbnail_url, is_pet_friendly, is_parking_available, curfew, rules, view_count, favorite_count, created_at, updated_at, version, nearby_university_id, nearby_university_name, distance_to_university, nearest_bus_station)
VALUES (68, 3, 'P.401', 'Số 142 Đường ĐHQG, Phường An Bình, Dĩ An, Bình Dương', 'Bình Dương', 'Dĩ An', 'An Bình', 10.906568, 106.802403, 25.0, 6, 6, 'NORTH', true, false, '/rooms/images/room_48/image_01_1.jpg', true, false, '22:00', 'Giữ trật tự chung sau 22h, dọn dẹp vệ sinh phòng sạch sẽ, phòng cháy chữa cháy an toàn.', 168, 40, NOW() - INTERVAL '11 days', NOW(), 0, 4, 'Trường Đại học Bách Khoa - ĐHQG TP.HCM (Cơ sở Dĩ An)', 2.96, 0.23);
INSERT INTO room_amenities (room_id, amenity_id) VALUES (68, 1) ON CONFLICT DO NOTHING;
INSERT INTO room_amenities (room_id, amenity_id) VALUES (68, 2) ON CONFLICT DO NOTHING;
INSERT INTO room_amenities (room_id, amenity_id) VALUES (68, 3) ON CONFLICT DO NOTHING;
INSERT INTO room_amenities (room_id, amenity_id) VALUES (68, 4) ON CONFLICT DO NOTHING;
INSERT INTO room_amenities (room_id, amenity_id) VALUES (68, 5) ON CONFLICT DO NOTHING;
INSERT INTO room_amenities (room_id, amenity_id) VALUES (68, 7) ON CONFLICT DO NOTHING;
INSERT INTO room_amenities (room_id, amenity_id) VALUES (68, 11) ON CONFLICT DO NOTHING;
INSERT INTO room_amenities (room_id, amenity_id) VALUES (68, 12) ON CONFLICT DO NOTHING;
INSERT INTO room_images (room_id, image_url) VALUES (68, '/rooms/images/room_48/image_01_1.jpg');
INSERT INTO room_images (room_id, image_url) VALUES (68, '/rooms/images/room_48/image_02_1.jpg');
INSERT INTO room_images (room_id, image_url) VALUES (68, '/rooms/images/room_48/image_03_1.jpg');
INSERT INTO room_images (room_id, image_url) VALUES (68, '/rooms/images/room_48/image_04_1.jpg');
INSERT INTO room_images (room_id, image_url) VALUES (68, '/rooms/images/room_48/image_05.jpg');
INSERT INTO posts (id, landlord_id, room_id, title, description, price, deposit_amount, price_type, status, approved_by, approved_at, expires_at, is_boosted, boosted_until, view_count, favorite_count, contact_count, booking_count, created_at, updated_at, version, video_url, video_thumbnail)
VALUES (68, 3, 68, 'Sleepbox cao cấp tiện nghi, bảo mật 25m2 cách HCMUT 2.96km - Đường ĐHQG', '**Vị trí thuận tiện và yên tĩnh**
- Địa chỉ: Đường ĐHQG, Phường An Bình, Dĩ An.
- Chỉ cách khuôn viên trường Trường Đại học Bách Khoa - ĐHQG TP.HCM (Cơ sở Dĩ An) (HCMUT) khoảng 2.96km. Việc đi học hàng ngày cực kỳ thuận tiện và nhanh chóng bằng xe máy, xe buýt hoặc đi bộ. Khu vực xung quanh cao ráo, không bị ngập nước, đường sá thông thoáng.

**Thiết kế căn phòng**
- Diện tích sử dụng: 25m2. Thiết kế tối ưu không gian, sạch sẽ, thoáng mát, thích hợp cho việc học tập lâu dài.
- Sở hữu cửa sổ lớn đón ánh sáng tự nhiên tốt, giữ phòng luôn khô ráo.

**Các tiện ích lắp sẵn**
- Wifi internet tốc độ cao riêng biệt từng phòng
- Máy điều hòa nhiệt độ Inverter hoạt động êm ái, tiết kiệm điện
- Hệ thống nước nóng lạnh an toàn
- Chỗ để xe máy rộng rãi dưới tầng trệt, an ninh đảm bảo
- Khu vực giặt sấy/máy giặt tiện nghi

**An ninh và quy định**
- Hệ thống cửa cổng kiểm soát bằng khóa vân tay bảo mật cao kết hợp camera giám sát 24/7.
- Giờ đóng cổng: 22:00 đêm nhằm đảm bảo trật tự chung.
- Môi trường sống văn minh, hàng xóm chủ yếu là sinh viên ngoan ngoãn và nhân viên văn phòng lịch sự.

**Thông tin chi phí thuê**
- Giá thuê hàng tháng: 1,600,000 đ/tháng.
- Tiền đặt cọc: 3,200,000 đ (cam kết hoàn trả đầy đủ khi kết thúc hợp đồng theo đúng thỏa thuận).
- Chỉ số điện nước tính theo đồng hồ riêng gắn trước cửa phòng, cam kết thu đúng chỉ số tiêu thụ thực tế.', 1600000.0, 3200000.0, 'MONTHLY', 'APPROVED', 1, NOW() - INTERVAL '3 days', NOW() + INTERVAL '27 days', false, NULL, 418, 26, 36, 4, NOW() - INTERVAL '3 days', NOW(), 0, '/posts/videos/room_48/video_01_1.mp4', '/rooms/images/room_48/image_01_1.jpg');
INSERT INTO post_images (post_id, image_order, image_url) VALUES (68, 0, '/rooms/images/room_48/image_01_1.jpg');
INSERT INTO post_images (post_id, image_order, image_url) VALUES (68, 1, '/rooms/images/room_48/image_02_1.jpg');
INSERT INTO post_images (post_id, image_order, image_url) VALUES (68, 2, '/rooms/images/room_48/image_03_1.jpg');
INSERT INTO post_images (post_id, image_order, image_url) VALUES (68, 3, '/rooms/images/room_48/image_04_1.jpg');
INSERT INTO post_images (post_id, image_order, image_url) VALUES (68, 4, '/rooms/images/room_48/image_05.jpg');

-- ==========================================
-- ROOM 69 near HCMUS - Dist: 1.99km - Price: 2,600,000
-- ==========================================
INSERT INTO rooms (id, landlord_id, room_number, address, province, district, ward, latitude, longitude, area, floor, max_occupancy, direction, has_windows, has_balcony, thumbnail_url, is_pet_friendly, is_parking_available, curfew, rules, view_count, favorite_count, created_at, updated_at, version, nearby_university_id, nearby_university_name, distance_to_university, nearest_bus_station)
VALUES (69, 4, 'P.274', 'Số 19 Trần Hưng Đạo, Phường Đông Hòa, Dĩ An, Bình Dương', 'Bình Dương', 'Dĩ An', 'Đông Hòa', 10.885044, 106.815285, 22.0, 6, 2, 'NORTHEAST', true, true, '/rooms/images/room_49/image_01_1.jpg', true, true, NULL, 'Giữ trật tự chung sau 22h, dọn dẹp vệ sinh phòng sạch sẽ, phòng cháy chữa cháy an toàn.', 54, 32, NOW() - INTERVAL '12 days', NOW(), 0, 5, 'Trường Đại học Khoa học Tự nhiên - ĐHQG TP.HCM (Cơ sở Dĩ An)', 1.99, 0.12);
INSERT INTO room_amenities (room_id, amenity_id) VALUES (69, 1) ON CONFLICT DO NOTHING;
INSERT INTO room_amenities (room_id, amenity_id) VALUES (69, 2) ON CONFLICT DO NOTHING;
INSERT INTO room_amenities (room_id, amenity_id) VALUES (69, 3) ON CONFLICT DO NOTHING;
INSERT INTO room_amenities (room_id, amenity_id) VALUES (69, 4) ON CONFLICT DO NOTHING;
INSERT INTO room_amenities (room_id, amenity_id) VALUES (69, 5) ON CONFLICT DO NOTHING;
INSERT INTO room_amenities (room_id, amenity_id) VALUES (69, 6) ON CONFLICT DO NOTHING;
INSERT INTO room_amenities (room_id, amenity_id) VALUES (69, 9) ON CONFLICT DO NOTHING;
INSERT INTO room_images (room_id, image_url) VALUES (69, '/rooms/images/room_49/image_01_1.jpg');
INSERT INTO room_images (room_id, image_url) VALUES (69, '/rooms/images/room_49/image_02_1.jpg');
INSERT INTO room_images (room_id, image_url) VALUES (69, '/rooms/images/room_49/image_03_1.jpg');
INSERT INTO room_images (room_id, image_url) VALUES (69, '/rooms/images/room_49/image_04_1.jpg');
INSERT INTO room_images (room_id, image_url) VALUES (69, '/rooms/images/room_49/image_05.jpg');
INSERT INTO room_images (room_id, image_url) VALUES (69, '/rooms/images/room_49/image_06.jpg');
INSERT INTO posts (id, landlord_id, room_id, title, description, price, deposit_amount, price_type, status, approved_by, approved_at, expires_at, is_boosted, boosted_until, view_count, favorite_count, contact_count, booking_count, created_at, updated_at, version, video_url, video_thumbnail)
VALUES (69, 4, 69, 'Phòng trọ ban công thoáng mát gần trường 22m2 cách HCMUS 1.99km - Trần Hưng Đạo', '**Vị trí thuận tiện và yên tĩnh**
- Địa chỉ: Trần Hưng Đạo, Phường Đông Hòa, Dĩ An.
- Chỉ cách khuôn viên trường Trường Đại học Khoa học Tự nhiên - ĐHQG TP.HCM (Cơ sở Dĩ An) (HCMUS) khoảng 1.99km. Việc đi học hàng ngày cực kỳ thuận tiện và nhanh chóng bằng xe máy, xe buýt hoặc đi bộ. Khu vực xung quanh cao ráo, không bị ngập nước, đường sá thông thoáng.

**Thiết kế căn phòng**
- Diện tích sử dụng: 22m2. Thiết kế tối ưu không gian, sạch sẽ, thoáng mát, thích hợp cho việc học tập lâu dài.
- Sở hữu cửa sổ lớn đón ánh sáng tự nhiên tốt, giữ phòng luôn khô ráo.
- Có ban công riêng đón gió mát mẻ, thuận tiện cho việc phơi đồ hoặc làm góc thư giãn.

**Các tiện ích lắp sẵn**
- Wifi internet tốc độ cao riêng biệt từng phòng
- Máy điều hòa nhiệt độ Inverter hoạt động êm ái, tiết kiệm điện
- Hệ thống nước nóng lạnh an toàn
- Chỗ để xe máy rộng rãi dưới tầng trệt, an ninh đảm bảo
- Tủ lạnh dung tích lớn tiện lợi lưu trữ đồ ăn
- Kệ bếp nấu ăn thoáng khí, tủ bếp sạch sẽ

**An ninh và quy định**
- Hệ thống cửa cổng kiểm soát bằng khóa vân tay bảo mật cao kết hợp camera giám sát 24/7.
- Giờ giấc ra vào tự do thoải mái, không chung chủ.
- Môi trường sống văn minh, hàng xóm chủ yếu là sinh viên ngoan ngoãn và nhân viên văn phòng lịch sự.

**Thông tin chi phí thuê**
- Giá thuê hàng tháng: 2,600,000 đ/tháng.
- Tiền đặt cọc: 5,200,000 đ (cam kết hoàn trả đầy đủ khi kết thúc hợp đồng theo đúng thỏa thuận).
- Chỉ số điện nước tính theo đồng hồ riêng gắn trước cửa phòng, cam kết thu đúng chỉ số tiêu thụ thực tế.', 2600000.0, 5200000.0, 'MONTHLY', 'APPROVED', 1, NOW() - INTERVAL '3 days', NOW() + INTERVAL '27 days', false, NULL, 408, 73, 20, 6, NOW() - INTERVAL '8 days', NOW(), 0, '/posts/videos/room_49/video_01_1.mp4', '/rooms/images/room_49/image_01_1.jpg');
INSERT INTO post_images (post_id, image_order, image_url) VALUES (69, 0, '/rooms/images/room_49/image_01_1.jpg');
INSERT INTO post_images (post_id, image_order, image_url) VALUES (69, 1, '/rooms/images/room_49/image_02_1.jpg');
INSERT INTO post_images (post_id, image_order, image_url) VALUES (69, 2, '/rooms/images/room_49/image_03_1.jpg');
INSERT INTO post_images (post_id, image_order, image_url) VALUES (69, 3, '/rooms/images/room_49/image_04_1.jpg');
INSERT INTO post_images (post_id, image_order, image_url) VALUES (69, 4, '/rooms/images/room_49/image_05.jpg');
INSERT INTO post_images (post_id, image_order, image_url) VALUES (69, 5, '/rooms/images/room_49/image_06.jpg');

-- ==========================================
-- ROOM 70 near IU - Dist: 3.34km - Price: 5,100,000
-- ==========================================
INSERT INTO rooms (id, landlord_id, room_number, address, province, district, ward, latitude, longitude, area, floor, max_occupancy, direction, has_windows, has_balcony, thumbnail_url, is_pet_friendly, is_parking_available, curfew, rules, view_count, favorite_count, created_at, updated_at, version, nearby_university_id, nearby_university_name, distance_to_university, nearest_bus_station)
VALUES (70, 2, 'P.275', 'Số 37 Bình Đường, Phường An Bình, Dĩ An, Bình Dương', 'Bình Dương', 'Dĩ An', 'An Bình', 10.898214, 106.82421, 36.0, 5, 3, 'NORTHEAST', true, true, '/rooms/images/room_50/image_01_1.jpg', true, true, '22:00', 'Giữ trật tự chung sau 22h, dọn dẹp vệ sinh phòng sạch sẽ, phòng cháy chữa cháy an toàn.', 62, 11, NOW() - INTERVAL '11 days', NOW(), 0, 6, 'Trường Đại học Quốc tế - ĐHQG TP.HCM', 3.34, 0.3);
INSERT INTO room_amenities (room_id, amenity_id) VALUES (70, 1) ON CONFLICT DO NOTHING;
INSERT INTO room_amenities (room_id, amenity_id) VALUES (70, 2) ON CONFLICT DO NOTHING;
INSERT INTO room_amenities (room_id, amenity_id) VALUES (70, 3) ON CONFLICT DO NOTHING;
INSERT INTO room_amenities (room_id, amenity_id) VALUES (70, 4) ON CONFLICT DO NOTHING;
INSERT INTO room_amenities (room_id, amenity_id) VALUES (70, 5) ON CONFLICT DO NOTHING;
INSERT INTO room_amenities (room_id, amenity_id) VALUES (70, 6) ON CONFLICT DO NOTHING;
INSERT INTO room_amenities (room_id, amenity_id) VALUES (70, 7) ON CONFLICT DO NOTHING;
INSERT INTO room_amenities (room_id, amenity_id) VALUES (70, 8) ON CONFLICT DO NOTHING;
INSERT INTO room_amenities (room_id, amenity_id) VALUES (70, 9) ON CONFLICT DO NOTHING;
INSERT INTO room_amenities (room_id, amenity_id) VALUES (70, 10) ON CONFLICT DO NOTHING;
INSERT INTO room_amenities (room_id, amenity_id) VALUES (70, 11) ON CONFLICT DO NOTHING;
INSERT INTO room_amenities (room_id, amenity_id) VALUES (70, 12) ON CONFLICT DO NOTHING;
INSERT INTO room_images (room_id, image_url) VALUES (70, '/rooms/images/room_50/image_01_1.jpg');
INSERT INTO room_images (room_id, image_url) VALUES (70, '/rooms/images/room_50/image_02_1.jpg');
INSERT INTO room_images (room_id, image_url) VALUES (70, '/rooms/images/room_50/image_03_1.jpg');
INSERT INTO room_images (room_id, image_url) VALUES (70, '/rooms/images/room_50/image_04_1.jpg');
INSERT INTO room_images (room_id, image_url) VALUES (70, '/rooms/images/room_50/image_05.jpg');
INSERT INTO room_images (room_id, image_url) VALUES (70, '/rooms/images/room_50/image_06.jpg');
INSERT INTO posts (id, landlord_id, room_id, title, description, price, deposit_amount, price_type, status, approved_by, approved_at, expires_at, is_boosted, boosted_until, view_count, favorite_count, contact_count, booking_count, created_at, updated_at, version, video_url, video_thumbnail)
VALUES (70, 2, 70, 'Căn hộ dịch vụ 1PN sang trọng, an ninh 36m2 cách IU 3.34km - Bình Đường', '**Vị trí thuận tiện và yên tĩnh**
- Địa chỉ: Bình Đường, Phường An Bình, Dĩ An.
- Chỉ cách khuôn viên trường Trường Đại học Quốc tế - ĐHQG TP.HCM (IU) khoảng 3.34km. Việc đi học hàng ngày cực kỳ thuận tiện và nhanh chóng bằng xe máy, xe buýt hoặc đi bộ. Khu vực xung quanh cao ráo, không bị ngập nước, đường sá thông thoáng.

**Thiết kế căn phòng**
- Diện tích sử dụng: 36m2. Thiết kế tối ưu không gian, sạch sẽ, thoáng mát, thích hợp cho việc học tập lâu dài.
- Sở hữu cửa sổ lớn đón ánh sáng tự nhiên tốt, giữ phòng luôn khô ráo.
- Có ban công riêng đón gió mát mẻ, thuận tiện cho việc phơi đồ hoặc làm góc thư giãn.

**Các tiện ích lắp sẵn**
- Wifi internet tốc độ cao riêng biệt từng phòng
- Máy điều hòa nhiệt độ Inverter hoạt động êm ái, tiết kiệm điện
- Hệ thống nước nóng lạnh an toàn
- Chỗ để xe máy rộng rãi dưới tầng trệt, an ninh đảm bảo
- Tủ lạnh dung tích lớn tiện lợi lưu trữ đồ ăn
- Khu vực giặt sấy/máy giặt tiện nghi
- Kệ bếp nấu ăn thoáng khí, tủ bếp sạch sẽ

**An ninh và quy định**
- Hệ thống cửa cổng kiểm soát bằng khóa vân tay bảo mật cao kết hợp camera giám sát 24/7.
- Giờ đóng cổng: 22:00 đêm nhằm đảm bảo trật tự chung.
- Môi trường sống văn minh, hàng xóm chủ yếu là sinh viên ngoan ngoãn và nhân viên văn phòng lịch sự.

**Thông tin chi phí thuê**
- Giá thuê hàng tháng: 5,100,000 đ/tháng.
- Tiền đặt cọc: 5,100,000 đ (cam kết hoàn trả đầy đủ khi kết thúc hợp đồng theo đúng thỏa thuận).
- Chỉ số điện nước tính theo đồng hồ riêng gắn trước cửa phòng, cam kết thu đúng chỉ số tiêu thụ thực tế.', 5100000.0, 5100000.0, 'MONTHLY', 'APPROVED', 1, NOW() - INTERVAL '3 days', NOW() + INTERVAL '27 days', false, NULL, 306, 60, 41, 7, NOW() - INTERVAL '8 days', NOW(), 0, '/posts/videos/room_50/video_01_1.mp4', '/rooms/images/room_50/image_01_1.jpg');
INSERT INTO post_images (post_id, image_order, image_url) VALUES (70, 0, '/rooms/images/room_50/image_01_1.jpg');
INSERT INTO post_images (post_id, image_order, image_url) VALUES (70, 1, '/rooms/images/room_50/image_02_1.jpg');
INSERT INTO post_images (post_id, image_order, image_url) VALUES (70, 2, '/rooms/images/room_50/image_03_1.jpg');
INSERT INTO post_images (post_id, image_order, image_url) VALUES (70, 3, '/rooms/images/room_50/image_04_1.jpg');
INSERT INTO post_images (post_id, image_order, image_url) VALUES (70, 4, '/rooms/images/room_50/image_05.jpg');
INSERT INTO post_images (post_id, image_order, image_url) VALUES (70, 5, '/rooms/images/room_50/image_06.jpg');

-- ==========================================
-- ROOM 71 near UEH - Dist: 0.89km - Price: 1,400,000
-- ==========================================
INSERT INTO rooms (id, landlord_id, room_number, address, province, district, ward, latitude, longitude, area, floor, max_occupancy, direction, has_windows, has_balcony, thumbnail_url, is_pet_friendly, is_parking_available, curfew, rules, view_count, favorite_count, created_at, updated_at, version, nearby_university_id, nearby_university_name, distance_to_university, nearest_bus_station)
VALUES (71, 3, 'P.576', 'Số 78 Cao Thắng, Phường 5, Quận 3, TP Hồ Chí Minh', 'TP Hồ Chí Minh', 'Quận 3', 'Phường 5', 10.790052, 106.699645, 16.0, 1, 2, 'SOUTH', true, false, '/rooms/images/room_51/image_01_1.jpg', false, true, '23:00', 'Giữ trật tự chung sau 22h, dọn dẹp vệ sinh phòng sạch sẽ, phòng cháy chữa cháy an toàn.', 254, 35, NOW() - INTERVAL '10 days', NOW(), 0, 7, 'Trường Đại học Kinh tế TP.HCM (Cơ sở A)', 0.89, 0.36);
INSERT INTO room_amenities (room_id, amenity_id) VALUES (71, 1) ON CONFLICT DO NOTHING;
INSERT INTO room_amenities (room_id, amenity_id) VALUES (71, 3) ON CONFLICT DO NOTHING;
INSERT INTO room_amenities (room_id, amenity_id) VALUES (71, 4) ON CONFLICT DO NOTHING;
INSERT INTO room_amenities (room_id, amenity_id) VALUES (71, 9) ON CONFLICT DO NOTHING;
INSERT INTO room_images (room_id, image_url) VALUES (71, '/rooms/images/room_51/image_01_1.jpg');
INSERT INTO room_images (room_id, image_url) VALUES (71, '/rooms/images/room_51/image_02_1.jpg');
INSERT INTO room_images (room_id, image_url) VALUES (71, '/rooms/images/room_51/image_03_1.jpg');
INSERT INTO posts (id, landlord_id, room_id, title, description, price, deposit_amount, price_type, status, approved_by, approved_at, expires_at, is_boosted, boosted_until, view_count, favorite_count, contact_count, booking_count, created_at, updated_at, version, video_url, video_thumbnail)
VALUES (71, 3, 71, 'Phòng trọ mini giá rẻ sinh viên 16m2 cách UEH 0.89km - Cao Thắng', '**Vị trí thuận tiện và yên tĩnh**
- Địa chỉ: Cao Thắng, Phường 5, Quận 3.
- Chỉ cách khuôn viên trường Trường Đại học Kinh tế TP.HCM (Cơ sở A) (UEH) khoảng 0.89km. Việc đi học hàng ngày cực kỳ thuận tiện và nhanh chóng bằng xe máy, xe buýt hoặc đi bộ. Khu vực xung quanh cao ráo, không bị ngập nước, đường sá thông thoáng.

**Thiết kế căn phòng**
- Diện tích sử dụng: 16m2. Thiết kế tối ưu không gian, sạch sẽ, thoáng mát, thích hợp cho việc học tập lâu dài.
- Sở hữu cửa sổ lớn đón ánh sáng tự nhiên tốt, giữ phòng luôn khô ráo.

**Các tiện ích lắp sẵn**
- Wifi internet tốc độ cao riêng biệt từng phòng
- Hệ thống nước nóng lạnh an toàn
- Chỗ để xe máy rộng rãi dưới tầng trệt, an ninh đảm bảo
- Kệ bếp nấu ăn thoáng khí, tủ bếp sạch sẽ

**An ninh và quy định**
- Hệ thống cửa cổng kiểm soát bằng khóa vân tay bảo mật cao kết hợp camera giám sát 24/7.
- Giờ đóng cổng: 23:00 đêm nhằm đảm bảo trật tự chung.
- Môi trường sống văn minh, hàng xóm chủ yếu là sinh viên ngoan ngoãn và nhân viên văn phòng lịch sự.

**Thông tin chi phí thuê**
- Giá thuê hàng tháng: 1,400,000 đ/tháng.
- Tiền đặt cọc: 2,800,000 đ (cam kết hoàn trả đầy đủ khi kết thúc hợp đồng theo đúng thỏa thuận).
- Chỉ số điện nước tính theo đồng hồ riêng gắn trước cửa phòng, cam kết thu đúng chỉ số tiêu thụ thực tế.', 1400000.0, 2800000.0, 'MONTHLY', 'APPROVED', 1, NOW() - INTERVAL '3 days', NOW() + INTERVAL '27 days', false, NULL, 421, 29, 20, 11, NOW() - INTERVAL '9 days', NOW(), 0, '/posts/videos/room_51/video_01_1.mp4', '/rooms/images/room_51/image_01_1.jpg');
INSERT INTO post_images (post_id, image_order, image_url) VALUES (71, 0, '/rooms/images/room_51/image_01_1.jpg');
INSERT INTO post_images (post_id, image_order, image_url) VALUES (71, 1, '/rooms/images/room_51/image_02_1.jpg');
INSERT INTO post_images (post_id, image_order, image_url) VALUES (71, 2, '/rooms/images/room_51/image_03_1.jpg');

-- ==========================================
-- ROOM 72 near FTU2 - Dist: 3.0km - Price: 3,500,000
-- ==========================================
INSERT INTO rooms (id, landlord_id, room_number, address, province, district, ward, latitude, longitude, area, floor, max_occupancy, direction, has_windows, has_balcony, thumbnail_url, is_pet_friendly, is_parking_available, curfew, rules, view_count, favorite_count, created_at, updated_at, version, nearby_university_id, nearby_university_name, distance_to_university, nearest_bus_station)
VALUES (72, 4, 'P.583', 'Số 38 Đường D5, Phường 25, Bình Thạnh, TP Hồ Chí Minh', 'TP Hồ Chí Minh', 'Bình Thạnh', 'Phường 25', 10.824439, 106.730001, 30.0, 5, 3, 'WEST', true, true, '/rooms/images/room_52/image_01_1.jpg', false, true, '22:00', 'Giữ trật tự chung sau 22h, dọn dẹp vệ sinh phòng sạch sẽ, phòng cháy chữa cháy an toàn.', 171, 8, NOW() - INTERVAL '5 days', NOW(), 0, 8, 'Trường Đại học Ngoại thương - Cơ sở 2', 3.0, 0.12);
INSERT INTO room_amenities (room_id, amenity_id) VALUES (72, 1) ON CONFLICT DO NOTHING;
INSERT INTO room_amenities (room_id, amenity_id) VALUES (72, 2) ON CONFLICT DO NOTHING;
INSERT INTO room_amenities (room_id, amenity_id) VALUES (72, 3) ON CONFLICT DO NOTHING;
INSERT INTO room_amenities (room_id, amenity_id) VALUES (72, 4) ON CONFLICT DO NOTHING;
INSERT INTO room_amenities (room_id, amenity_id) VALUES (72, 5) ON CONFLICT DO NOTHING;
INSERT INTO room_amenities (room_id, amenity_id) VALUES (72, 6) ON CONFLICT DO NOTHING;
INSERT INTO room_amenities (room_id, amenity_id) VALUES (72, 7) ON CONFLICT DO NOTHING;
INSERT INTO room_amenities (room_id, amenity_id) VALUES (72, 9) ON CONFLICT DO NOTHING;
INSERT INTO room_amenities (room_id, amenity_id) VALUES (72, 12) ON CONFLICT DO NOTHING;
INSERT INTO room_images (room_id, image_url) VALUES (72, '/rooms/images/room_52/image_01_1.jpg');
INSERT INTO room_images (room_id, image_url) VALUES (72, '/rooms/images/room_52/image_02_1.jpg');
INSERT INTO room_images (room_id, image_url) VALUES (72, '/rooms/images/room_52/image_03_1.jpg');
INSERT INTO room_images (room_id, image_url) VALUES (72, '/rooms/images/room_52/image_04_1.jpg');
INSERT INTO room_images (room_id, image_url) VALUES (72, '/rooms/images/room_52/image_05.jpg');
INSERT INTO room_images (room_id, image_url) VALUES (72, '/rooms/images/room_52/image_06.jpg');
INSERT INTO posts (id, landlord_id, room_id, title, description, price, deposit_amount, price_type, status, approved_by, approved_at, expires_at, is_boosted, boosted_until, view_count, favorite_count, contact_count, booking_count, created_at, updated_at, version, video_url, video_thumbnail)
VALUES (72, 4, 72, 'Căn hộ Studio gác lửng full nội thất 30m2 cách FTU2 3.0km - Đường D5', '**Vị trí thuận tiện và yên tĩnh**
- Địa chỉ: Đường D5, Phường 25, Bình Thạnh.
- Chỉ cách khuôn viên trường Trường Đại học Ngoại thương - Cơ sở 2 (FTU2) khoảng 3.00km. Việc đi học hàng ngày cực kỳ thuận tiện và nhanh chóng bằng xe máy, xe buýt hoặc đi bộ. Khu vực xung quanh cao ráo, không bị ngập nước, đường sá thông thoáng.

**Thiết kế căn phòng**
- Diện tích sử dụng: 30m2. Thiết kế tối ưu không gian, sạch sẽ, thoáng mát, thích hợp cho việc học tập lâu dài.
- Sở hữu cửa sổ lớn đón ánh sáng tự nhiên tốt, giữ phòng luôn khô ráo.
- Có ban công riêng đón gió mát mẻ, thuận tiện cho việc phơi đồ hoặc làm góc thư giãn.

**Các tiện ích lắp sẵn**
- Wifi internet tốc độ cao riêng biệt từng phòng
- Máy điều hòa nhiệt độ Inverter hoạt động êm ái, tiết kiệm điện
- Hệ thống nước nóng lạnh an toàn
- Chỗ để xe máy rộng rãi dưới tầng trệt, an ninh đảm bảo
- Tủ lạnh dung tích lớn tiện lợi lưu trữ đồ ăn
- Khu vực giặt sấy/máy giặt tiện nghi
- Kệ bếp nấu ăn thoáng khí, tủ bếp sạch sẽ

**An ninh và quy định**
- Hệ thống cửa cổng kiểm soát bằng khóa vân tay bảo mật cao kết hợp camera giám sát 24/7.
- Giờ đóng cổng: 22:00 đêm nhằm đảm bảo trật tự chung.
- Môi trường sống văn minh, hàng xóm chủ yếu là sinh viên ngoan ngoãn và nhân viên văn phòng lịch sự.

**Thông tin chi phí thuê**
- Giá thuê hàng tháng: 3,500,000 đ/tháng.
- Tiền đặt cọc: 7,000,000 đ (cam kết hoàn trả đầy đủ khi kết thúc hợp đồng theo đúng thỏa thuận).
- Chỉ số điện nước tính theo đồng hồ riêng gắn trước cửa phòng, cam kết thu đúng chỉ số tiêu thụ thực tế.', 3500000.0, 7000000.0, 'MONTHLY', 'APPROVED', 1, NOW() - INTERVAL '3 days', NOW() + INTERVAL '27 days', false, NULL, 395, 17, 24, 2, NOW() - INTERVAL '9 days', NOW(), 0, '/posts/videos/room_52/video_01_1.mp4', '/rooms/images/room_52/image_01_1.jpg');
INSERT INTO post_images (post_id, image_order, image_url) VALUES (72, 0, '/rooms/images/room_52/image_01_1.jpg');
INSERT INTO post_images (post_id, image_order, image_url) VALUES (72, 1, '/rooms/images/room_52/image_02_1.jpg');
INSERT INTO post_images (post_id, image_order, image_url) VALUES (72, 2, '/rooms/images/room_52/image_03_1.jpg');
INSERT INTO post_images (post_id, image_order, image_url) VALUES (72, 3, '/rooms/images/room_52/image_04_1.jpg');
INSERT INTO post_images (post_id, image_order, image_url) VALUES (72, 4, '/rooms/images/room_52/image_05.jpg');
INSERT INTO post_images (post_id, image_order, image_url) VALUES (72, 5, '/rooms/images/room_52/image_06.jpg');

-- ==========================================
-- ROOM 73 near NLU - Dist: 0.64km - Price: 1,700,000
-- ==========================================
INSERT INTO rooms (id, landlord_id, room_number, address, province, district, ward, latitude, longitude, area, floor, max_occupancy, direction, has_windows, has_balcony, thumbnail_url, is_pet_friendly, is_parking_available, curfew, rules, view_count, favorite_count, created_at, updated_at, version, nearby_university_id, nearby_university_name, distance_to_university, nearest_bus_station)
VALUES (73, 2, 'P.377', 'Số 52 Lê Văn Chí, Phường Hiệp Phú, Thủ Đức, TP Hồ Chí Minh', 'TP Hồ Chí Minh', 'Thủ Đức', 'Hiệp Phú', 10.871058, 106.781922, 26.0, 2, 6, 'SOUTHWEST', true, false, '/rooms/images/room_53/image_01_1.jpg', false, false, '23:00', 'Giữ trật tự chung sau 22h, dọn dẹp vệ sinh phòng sạch sẽ, phòng cháy chữa cháy an toàn.', 231, 7, NOW() - INTERVAL '5 days', NOW(), 0, 1, 'Trường Đại học Nông Lâm TP.HCM', 0.64, 0.28);
INSERT INTO room_amenities (room_id, amenity_id) VALUES (73, 1) ON CONFLICT DO NOTHING;
INSERT INTO room_amenities (room_id, amenity_id) VALUES (73, 2) ON CONFLICT DO NOTHING;
INSERT INTO room_amenities (room_id, amenity_id) VALUES (73, 3) ON CONFLICT DO NOTHING;
INSERT INTO room_amenities (room_id, amenity_id) VALUES (73, 4) ON CONFLICT DO NOTHING;
INSERT INTO room_amenities (room_id, amenity_id) VALUES (73, 5) ON CONFLICT DO NOTHING;
INSERT INTO room_amenities (room_id, amenity_id) VALUES (73, 7) ON CONFLICT DO NOTHING;
INSERT INTO room_amenities (room_id, amenity_id) VALUES (73, 11) ON CONFLICT DO NOTHING;
INSERT INTO room_amenities (room_id, amenity_id) VALUES (73, 12) ON CONFLICT DO NOTHING;
INSERT INTO room_images (room_id, image_url) VALUES (73, '/rooms/images/room_53/image_01_1.jpg');
INSERT INTO room_images (room_id, image_url) VALUES (73, '/rooms/images/room_53/image_02_1.jpg');
INSERT INTO room_images (room_id, image_url) VALUES (73, '/rooms/images/room_53/image_03_1.jpg');
INSERT INTO room_images (room_id, image_url) VALUES (73, '/rooms/images/room_53/image_04_1.jpg');
INSERT INTO room_images (room_id, image_url) VALUES (73, '/rooms/images/room_53/image_05.jpg');
INSERT INTO room_images (room_id, image_url) VALUES (73, '/rooms/images/room_53/image_06.jpg');
INSERT INTO room_images (room_id, image_url) VALUES (73, '/rooms/images/room_53/image_07.jpg');
INSERT INTO room_images (room_id, image_url) VALUES (73, '/rooms/images/room_53/image_08.jpg');
INSERT INTO room_images (room_id, image_url) VALUES (73, '/rooms/images/room_53/image_09.jpg');
INSERT INTO posts (id, landlord_id, room_id, title, description, price, deposit_amount, price_type, status, approved_by, approved_at, expires_at, is_boosted, boosted_until, view_count, favorite_count, contact_count, booking_count, created_at, updated_at, version, video_url, video_thumbnail)
VALUES (73, 2, 73, 'Sleepbox cao cấp tiện nghi, bảo mật 26m2 cách NLU 0.64km - Lê Văn Chí', '**Vị trí thuận tiện và yên tĩnh**
- Địa chỉ: Lê Văn Chí, Phường Hiệp Phú, Thủ Đức.
- Chỉ cách khuôn viên trường Trường Đại học Nông Lâm TP.HCM (NLU) khoảng 0.64km. Việc đi học hàng ngày cực kỳ thuận tiện và nhanh chóng bằng xe máy, xe buýt hoặc đi bộ. Khu vực xung quanh cao ráo, không bị ngập nước, đường sá thông thoáng.

**Thiết kế căn phòng**
- Diện tích sử dụng: 26m2. Thiết kế tối ưu không gian, sạch sẽ, thoáng mát, thích hợp cho việc học tập lâu dài.
- Sở hữu cửa sổ lớn đón ánh sáng tự nhiên tốt, giữ phòng luôn khô ráo.

**Các tiện ích lắp sẵn**
- Wifi internet tốc độ cao riêng biệt từng phòng
- Máy điều hòa nhiệt độ Inverter hoạt động êm ái, tiết kiệm điện
- Hệ thống nước nóng lạnh an toàn
- Chỗ để xe máy rộng rãi dưới tầng trệt, an ninh đảm bảo
- Khu vực giặt sấy/máy giặt tiện nghi

**An ninh và quy định**
- Hệ thống cửa cổng kiểm soát bằng khóa vân tay bảo mật cao kết hợp camera giám sát 24/7.
- Giờ đóng cổng: 23:00 đêm nhằm đảm bảo trật tự chung.
- Môi trường sống văn minh, hàng xóm chủ yếu là sinh viên ngoan ngoãn và nhân viên văn phòng lịch sự.

**Thông tin chi phí thuê**
- Giá thuê hàng tháng: 1,700,000 đ/tháng.
- Tiền đặt cọc: 1,700,000 đ (cam kết hoàn trả đầy đủ khi kết thúc hợp đồng theo đúng thỏa thuận).
- Chỉ số điện nước tính theo đồng hồ riêng gắn trước cửa phòng, cam kết thu đúng chỉ số tiêu thụ thực tế.', 1700000.0, 1700000.0, 'MONTHLY', 'APPROVED', 1, NOW() - INTERVAL '3 days', NOW() + INTERVAL '27 days', false, NULL, 416, 54, 26, 4, NOW() - INTERVAL '10 days', NOW(), 0, '/posts/videos/room_53/video_01_1.mp4', '/rooms/images/room_53/image_01_1.jpg');
INSERT INTO post_images (post_id, image_order, image_url) VALUES (73, 0, '/rooms/images/room_53/image_01_1.jpg');
INSERT INTO post_images (post_id, image_order, image_url) VALUES (73, 1, '/rooms/images/room_53/image_02_1.jpg');
INSERT INTO post_images (post_id, image_order, image_url) VALUES (73, 2, '/rooms/images/room_53/image_03_1.jpg');
INSERT INTO post_images (post_id, image_order, image_url) VALUES (73, 3, '/rooms/images/room_53/image_04_1.jpg');
INSERT INTO post_images (post_id, image_order, image_url) VALUES (73, 4, '/rooms/images/room_53/image_05.jpg');
INSERT INTO post_images (post_id, image_order, image_url) VALUES (73, 5, '/rooms/images/room_53/image_06.jpg');
INSERT INTO post_images (post_id, image_order, image_url) VALUES (73, 6, '/rooms/images/room_53/image_07.jpg');
INSERT INTO post_images (post_id, image_order, image_url) VALUES (73, 7, '/rooms/images/room_53/image_08.jpg');
INSERT INTO post_images (post_id, image_order, image_url) VALUES (73, 8, '/rooms/images/room_53/image_09.jpg');

-- ==========================================
-- ROOM 74 near HCMUTE - Dist: 4.24km - Price: 2,200,000
-- ==========================================
INSERT INTO rooms (id, landlord_id, room_number, address, province, district, ward, latitude, longitude, area, floor, max_occupancy, direction, has_windows, has_balcony, thumbnail_url, is_pet_friendly, is_parking_available, curfew, rules, view_count, favorite_count, created_at, updated_at, version, nearby_university_id, nearby_university_name, distance_to_university, nearest_bus_station)
VALUES (74, 3, 'P.486', 'Số 39 Đường số 12, Phường Linh Chiểu, Thủ Đức, TP Hồ Chí Minh', 'TP Hồ Chí Minh', 'Thủ Đức', 'Linh Chiểu', 10.813565, 106.767462, 21.0, 4, 2, 'EAST', true, true, '/rooms/images/room_54/image_01_1.jpg', true, true, NULL, 'Giữ trật tự chung sau 22h, dọn dẹp vệ sinh phòng sạch sẽ, phòng cháy chữa cháy an toàn.', 103, 33, NOW() - INTERVAL '13 days', NOW(), 0, 2, 'Trường Đại học Sư phạm Kỹ thuật TP.HCM', 4.24, 0.44);
INSERT INTO room_amenities (room_id, amenity_id) VALUES (74, 1) ON CONFLICT DO NOTHING;
INSERT INTO room_amenities (room_id, amenity_id) VALUES (74, 2) ON CONFLICT DO NOTHING;
INSERT INTO room_amenities (room_id, amenity_id) VALUES (74, 3) ON CONFLICT DO NOTHING;
INSERT INTO room_amenities (room_id, amenity_id) VALUES (74, 4) ON CONFLICT DO NOTHING;
INSERT INTO room_amenities (room_id, amenity_id) VALUES (74, 5) ON CONFLICT DO NOTHING;
INSERT INTO room_amenities (room_id, amenity_id) VALUES (74, 6) ON CONFLICT DO NOTHING;
INSERT INTO room_amenities (room_id, amenity_id) VALUES (74, 9) ON CONFLICT DO NOTHING;
INSERT INTO room_images (room_id, image_url) VALUES (74, '/rooms/images/room_54/image_01_1.jpg');
INSERT INTO room_images (room_id, image_url) VALUES (74, '/rooms/images/room_54/image_02_1.jpg');
INSERT INTO room_images (room_id, image_url) VALUES (74, '/rooms/images/room_54/image_03_1.jpg');
INSERT INTO room_images (room_id, image_url) VALUES (74, '/rooms/images/room_54/image_04_1.jpg');
INSERT INTO room_images (room_id, image_url) VALUES (74, '/rooms/images/room_54/image_05.jpg');
INSERT INTO room_images (room_id, image_url) VALUES (74, '/rooms/images/room_54/image_06.jpg');
INSERT INTO room_images (room_id, image_url) VALUES (74, '/rooms/images/room_54/image_07.jpg');
INSERT INTO posts (id, landlord_id, room_id, title, description, price, deposit_amount, price_type, status, approved_by, approved_at, expires_at, is_boosted, boosted_until, view_count, favorite_count, contact_count, booking_count, created_at, updated_at, version, video_url, video_thumbnail)
VALUES (74, 3, 74, 'Phòng trọ ban công thoáng mát gần trường 21m2 cách HCMUTE 4.24km - Đường số 12', '**Vị trí thuận tiện và yên tĩnh**
- Địa chỉ: Đường số 12, Phường Linh Chiểu, Thủ Đức.
- Chỉ cách khuôn viên trường Trường Đại học Sư phạm Kỹ thuật TP.HCM (HCMUTE) khoảng 4.24km. Việc đi học hàng ngày cực kỳ thuận tiện và nhanh chóng bằng xe máy, xe buýt hoặc đi bộ. Khu vực xung quanh cao ráo, không bị ngập nước, đường sá thông thoáng.

**Thiết kế căn phòng**
- Diện tích sử dụng: 21m2. Thiết kế tối ưu không gian, sạch sẽ, thoáng mát, thích hợp cho việc học tập lâu dài.
- Sở hữu cửa sổ lớn đón ánh sáng tự nhiên tốt, giữ phòng luôn khô ráo.
- Có ban công riêng đón gió mát mẻ, thuận tiện cho việc phơi đồ hoặc làm góc thư giãn.

**Các tiện ích lắp sẵn**
- Wifi internet tốc độ cao riêng biệt từng phòng
- Máy điều hòa nhiệt độ Inverter hoạt động êm ái, tiết kiệm điện
- Hệ thống nước nóng lạnh an toàn
- Chỗ để xe máy rộng rãi dưới tầng trệt, an ninh đảm bảo
- Tủ lạnh dung tích lớn tiện lợi lưu trữ đồ ăn
- Kệ bếp nấu ăn thoáng khí, tủ bếp sạch sẽ

**An ninh và quy định**
- Hệ thống cửa cổng kiểm soát bằng khóa vân tay bảo mật cao kết hợp camera giám sát 24/7.
- Giờ giấc ra vào tự do thoải mái, không chung chủ.
- Môi trường sống văn minh, hàng xóm chủ yếu là sinh viên ngoan ngoãn và nhân viên văn phòng lịch sự.

**Thông tin chi phí thuê**
- Giá thuê hàng tháng: 2,200,000 đ/tháng.
- Tiền đặt cọc: 2,200,000 đ (cam kết hoàn trả đầy đủ khi kết thúc hợp đồng theo đúng thỏa thuận).
- Chỉ số điện nước tính theo đồng hồ riêng gắn trước cửa phòng, cam kết thu đúng chỉ số tiêu thụ thực tế.', 2200000.0, 2200000.0, 'MONTHLY', 'APPROVED', 1, NOW() - INTERVAL '3 days', NOW() + INTERVAL '27 days', false, NULL, 344, 15, 18, 3, NOW() - INTERVAL '5 days', NOW(), 0, '/posts/videos/room_54/video_01_1.mp4', '/rooms/images/room_54/image_01_1.jpg');
INSERT INTO post_images (post_id, image_order, image_url) VALUES (74, 0, '/rooms/images/room_54/image_01_1.jpg');
INSERT INTO post_images (post_id, image_order, image_url) VALUES (74, 1, '/rooms/images/room_54/image_02_1.jpg');
INSERT INTO post_images (post_id, image_order, image_url) VALUES (74, 2, '/rooms/images/room_54/image_03_1.jpg');
INSERT INTO post_images (post_id, image_order, image_url) VALUES (74, 3, '/rooms/images/room_54/image_04_1.jpg');
INSERT INTO post_images (post_id, image_order, image_url) VALUES (74, 4, '/rooms/images/room_54/image_05.jpg');
INSERT INTO post_images (post_id, image_order, image_url) VALUES (74, 5, '/rooms/images/room_54/image_06.jpg');
INSERT INTO post_images (post_id, image_order, image_url) VALUES (74, 6, '/rooms/images/room_54/image_07.jpg');

-- ==========================================
-- ROOM 75 near UIT - Dist: 3.2km - Price: 4,800,000
-- ==========================================
INSERT INTO rooms (id, landlord_id, room_number, address, province, district, ward, latitude, longitude, area, floor, max_occupancy, direction, has_windows, has_balcony, thumbnail_url, is_pet_friendly, is_parking_available, curfew, rules, view_count, favorite_count, created_at, updated_at, version, nearby_university_id, nearby_university_name, distance_to_university, nearest_bus_station)
VALUES (75, 4, 'P.219', 'Số 144 Song Hành, Phường Tăng Nhơn Phú A, Thủ Đức, TP Hồ Chí Minh', 'TP Hồ Chí Minh', 'Thủ Đức', 'Tăng Nhơn Phú A', 10.859114, 106.775889, 43.0, 4, 3, 'NORTH', true, true, '/rooms/images/room_55/image_01.jpg', true, true, '22:00', 'Giữ trật tự chung sau 22h, dọn dẹp vệ sinh phòng sạch sẽ, phòng cháy chữa cháy an toàn.', 287, 19, NOW() - INTERVAL '3 days', NOW(), 0, 3, 'Trường Đại học Công nghệ thông tin - ĐHQG TP.HCM', 3.2, 0.38);
INSERT INTO room_amenities (room_id, amenity_id) VALUES (75, 1) ON CONFLICT DO NOTHING;
INSERT INTO room_amenities (room_id, amenity_id) VALUES (75, 2) ON CONFLICT DO NOTHING;
INSERT INTO room_amenities (room_id, amenity_id) VALUES (75, 3) ON CONFLICT DO NOTHING;
INSERT INTO room_amenities (room_id, amenity_id) VALUES (75, 4) ON CONFLICT DO NOTHING;
INSERT INTO room_amenities (room_id, amenity_id) VALUES (75, 5) ON CONFLICT DO NOTHING;
INSERT INTO room_amenities (room_id, amenity_id) VALUES (75, 6) ON CONFLICT DO NOTHING;
INSERT INTO room_amenities (room_id, amenity_id) VALUES (75, 7) ON CONFLICT DO NOTHING;
INSERT INTO room_amenities (room_id, amenity_id) VALUES (75, 8) ON CONFLICT DO NOTHING;
INSERT INTO room_amenities (room_id, amenity_id) VALUES (75, 9) ON CONFLICT DO NOTHING;
INSERT INTO room_amenities (room_id, amenity_id) VALUES (75, 10) ON CONFLICT DO NOTHING;
INSERT INTO room_amenities (room_id, amenity_id) VALUES (75, 11) ON CONFLICT DO NOTHING;
INSERT INTO room_amenities (room_id, amenity_id) VALUES (75, 12) ON CONFLICT DO NOTHING;
INSERT INTO room_images (room_id, image_url) VALUES (75, '/rooms/images/room_55/image_01.jpg');
INSERT INTO room_images (room_id, image_url) VALUES (75, '/rooms/images/room_55/image_02.jpg');
INSERT INTO room_images (room_id, image_url) VALUES (75, '/rooms/images/room_55/image_03.jpg');
INSERT INTO room_images (room_id, image_url) VALUES (75, '/rooms/images/room_55/image_04.jpg');
INSERT INTO room_images (room_id, image_url) VALUES (75, '/rooms/images/room_55/image_05.jpg');
INSERT INTO posts (id, landlord_id, room_id, title, description, price, deposit_amount, price_type, status, approved_by, approved_at, expires_at, is_boosted, boosted_until, view_count, favorite_count, contact_count, booking_count, created_at, updated_at, version, video_url, video_thumbnail)
VALUES (75, 4, 75, 'Căn hộ dịch vụ 1PN sang trọng, an ninh 43m2 cách UIT 3.2km - Song Hành', '**Vị trí thuận tiện và yên tĩnh**
- Địa chỉ: Song Hành, Phường Tăng Nhơn Phú A, Thủ Đức.
- Chỉ cách khuôn viên trường Trường Đại học Công nghệ thông tin - ĐHQG TP.HCM (UIT) khoảng 3.20km. Việc đi học hàng ngày cực kỳ thuận tiện và nhanh chóng bằng xe máy, xe buýt hoặc đi bộ. Khu vực xung quanh cao ráo, không bị ngập nước, đường sá thông thoáng.

**Thiết kế căn phòng**
- Diện tích sử dụng: 43m2. Thiết kế tối ưu không gian, sạch sẽ, thoáng mát, thích hợp cho việc học tập lâu dài.
- Sở hữu cửa sổ lớn đón ánh sáng tự nhiên tốt, giữ phòng luôn khô ráo.
- Có ban công riêng đón gió mát mẻ, thuận tiện cho việc phơi đồ hoặc làm góc thư giãn.

**Các tiện ích lắp sẵn**
- Wifi internet tốc độ cao riêng biệt từng phòng
- Máy điều hòa nhiệt độ Inverter hoạt động êm ái, tiết kiệm điện
- Hệ thống nước nóng lạnh an toàn
- Chỗ để xe máy rộng rãi dưới tầng trệt, an ninh đảm bảo
- Tủ lạnh dung tích lớn tiện lợi lưu trữ đồ ăn
- Khu vực giặt sấy/máy giặt tiện nghi
- Kệ bếp nấu ăn thoáng khí, tủ bếp sạch sẽ

**An ninh và quy định**
- Hệ thống cửa cổng kiểm soát bằng khóa vân tay bảo mật cao kết hợp camera giám sát 24/7.
- Giờ đóng cổng: 22:00 đêm nhằm đảm bảo trật tự chung.
- Môi trường sống văn minh, hàng xóm chủ yếu là sinh viên ngoan ngoãn và nhân viên văn phòng lịch sự.

**Thông tin chi phí thuê**
- Giá thuê hàng tháng: 4,800,000 đ/tháng.
- Tiền đặt cọc: 9,600,000 đ (cam kết hoàn trả đầy đủ khi kết thúc hợp đồng theo đúng thỏa thuận).
- Chỉ số điện nước tính theo đồng hồ riêng gắn trước cửa phòng, cam kết thu đúng chỉ số tiêu thụ thực tế.', 4800000.0, 9600000.0, 'MONTHLY', 'APPROVED', 1, NOW() - INTERVAL '3 days', NOW() + INTERVAL '27 days', false, NULL, 130, 13, 20, 9, NOW() - INTERVAL '9 days', NOW(), 0, '/posts/videos/room_55/video_01_1.mp4', '/rooms/images/room_55/image_01.jpg');
INSERT INTO post_images (post_id, image_order, image_url) VALUES (75, 0, '/rooms/images/room_55/image_01.jpg');
INSERT INTO post_images (post_id, image_order, image_url) VALUES (75, 1, '/rooms/images/room_55/image_02.jpg');
INSERT INTO post_images (post_id, image_order, image_url) VALUES (75, 2, '/rooms/images/room_55/image_03.jpg');
INSERT INTO post_images (post_id, image_order, image_url) VALUES (75, 3, '/rooms/images/room_55/image_04.jpg');
INSERT INTO post_images (post_id, image_order, image_url) VALUES (75, 4, '/rooms/images/room_55/image_05.jpg');

-- ==========================================
-- ROOM 76 near HCMUT - Dist: 5.45km - Price: 1,200,000
-- ==========================================
INSERT INTO rooms (id, landlord_id, room_number, address, province, district, ward, latitude, longitude, area, floor, max_occupancy, direction, has_windows, has_balcony, thumbnail_url, is_pet_friendly, is_parking_available, curfew, rules, view_count, favorite_count, created_at, updated_at, version, nearby_university_id, nearby_university_name, distance_to_university, nearest_bus_station)
VALUES (76, 2, 'P.307', 'Số 144 KDC Him Lam Phú Đông, Phường Đông Hòa, Dĩ An, Bình Dương', 'Bình Dương', 'Dĩ An', 'Đông Hòa', 10.850445, 106.846228, 14.0, 7, 2, 'WEST', true, false, '/rooms/images/room_56/image_01.jpg', true, true, '22:00', 'Giữ trật tự chung sau 22h, dọn dẹp vệ sinh phòng sạch sẽ, phòng cháy chữa cháy an toàn.', 206, 41, NOW() - INTERVAL '6 days', NOW(), 0, 4, 'Trường Đại học Bách Khoa - ĐHQG TP.HCM (Cơ sở Dĩ An)', 5.45, 0.22);
INSERT INTO room_amenities (room_id, amenity_id) VALUES (76, 1) ON CONFLICT DO NOTHING;
INSERT INTO room_amenities (room_id, amenity_id) VALUES (76, 3) ON CONFLICT DO NOTHING;
INSERT INTO room_amenities (room_id, amenity_id) VALUES (76, 4) ON CONFLICT DO NOTHING;
INSERT INTO room_amenities (room_id, amenity_id) VALUES (76, 9) ON CONFLICT DO NOTHING;
INSERT INTO room_images (room_id, image_url) VALUES (76, '/rooms/images/room_56/image_01.jpg');
INSERT INTO room_images (room_id, image_url) VALUES (76, '/rooms/images/room_56/image_02.jpg');
INSERT INTO room_images (room_id, image_url) VALUES (76, '/rooms/images/room_56/image_03.jpg');
INSERT INTO room_images (room_id, image_url) VALUES (76, '/rooms/images/room_56/image_04.jpg');
INSERT INTO room_images (room_id, image_url) VALUES (76, '/rooms/images/room_56/image_05.jpg');
INSERT INTO posts (id, landlord_id, room_id, title, description, price, deposit_amount, price_type, status, approved_by, approved_at, expires_at, is_boosted, boosted_until, view_count, favorite_count, contact_count, booking_count, created_at, updated_at, version, video_url, video_thumbnail)
VALUES (76, 2, 76, 'Phòng trọ mini giá rẻ sinh viên 14m2 cách HCMUT 5.45km - KDC Him Lam Phú Đông', '**Vị trí thuận tiện và yên tĩnh**
- Địa chỉ: KDC Him Lam Phú Đông, Phường Đông Hòa, Dĩ An.
- Chỉ cách khuôn viên trường Trường Đại học Bách Khoa - ĐHQG TP.HCM (Cơ sở Dĩ An) (HCMUT) khoảng 5.45km. Việc đi học hàng ngày cực kỳ thuận tiện và nhanh chóng bằng xe máy, xe buýt hoặc đi bộ. Khu vực xung quanh cao ráo, không bị ngập nước, đường sá thông thoáng.

**Thiết kế căn phòng**
- Diện tích sử dụng: 14m2. Thiết kế tối ưu không gian, sạch sẽ, thoáng mát, thích hợp cho việc học tập lâu dài.
- Sở hữu cửa sổ lớn đón ánh sáng tự nhiên tốt, giữ phòng luôn khô ráo.

**Các tiện ích lắp sẵn**
- Wifi internet tốc độ cao riêng biệt từng phòng
- Hệ thống nước nóng lạnh an toàn
- Chỗ để xe máy rộng rãi dưới tầng trệt, an ninh đảm bảo
- Kệ bếp nấu ăn thoáng khí, tủ bếp sạch sẽ

**An ninh và quy định**
- Hệ thống cửa cổng kiểm soát bằng khóa vân tay bảo mật cao kết hợp camera giám sát 24/7.
- Giờ đóng cổng: 22:00 đêm nhằm đảm bảo trật tự chung.
- Môi trường sống văn minh, hàng xóm chủ yếu là sinh viên ngoan ngoãn và nhân viên văn phòng lịch sự.

**Thông tin chi phí thuê**
- Giá thuê hàng tháng: 1,200,000 đ/tháng.
- Tiền đặt cọc: 2,400,000 đ (cam kết hoàn trả đầy đủ khi kết thúc hợp đồng theo đúng thỏa thuận).
- Chỉ số điện nước tính theo đồng hồ riêng gắn trước cửa phòng, cam kết thu đúng chỉ số tiêu thụ thực tế.', 1200000.0, 2400000.0, 'MONTHLY', 'APPROVED', 1, NOW() - INTERVAL '3 days', NOW() + INTERVAL '27 days', false, NULL, 341, 75, 11, 7, NOW() - INTERVAL '5 days', NOW(), 0, '/posts/videos/room_56/video_01.mp4', '/rooms/images/room_56/image_01.jpg');
INSERT INTO post_images (post_id, image_order, image_url) VALUES (76, 0, '/rooms/images/room_56/image_01.jpg');
INSERT INTO post_images (post_id, image_order, image_url) VALUES (76, 1, '/rooms/images/room_56/image_02.jpg');
INSERT INTO post_images (post_id, image_order, image_url) VALUES (76, 2, '/rooms/images/room_56/image_03.jpg');
INSERT INTO post_images (post_id, image_order, image_url) VALUES (76, 3, '/rooms/images/room_56/image_04.jpg');
INSERT INTO post_images (post_id, image_order, image_url) VALUES (76, 4, '/rooms/images/room_56/image_05.jpg');

-- ==========================================
-- ROOM 77 near HCMUS - Dist: 2.62km - Price: 3,400,000
-- ==========================================
INSERT INTO rooms (id, landlord_id, room_number, address, province, district, ward, latitude, longitude, area, floor, max_occupancy, direction, has_windows, has_balcony, thumbnail_url, is_pet_friendly, is_parking_available, curfew, rules, view_count, favorite_count, created_at, updated_at, version, nearby_university_id, nearby_university_name, distance_to_university, nearest_bus_station)
VALUES (77, 3, 'P.644', 'Số 121 KDC Him Lam Phú Đông, Phường Đông Hòa, Dĩ An, Bình Dương', 'Bình Dương', 'Dĩ An', 'Đông Hòa', 10.852471, 106.795406, 25.0, 2, 3, 'SOUTH', true, true, '/rooms/images/room_57/image_01.jpg', false, true, NULL, 'Giữ trật tự chung sau 22h, dọn dẹp vệ sinh phòng sạch sẽ, phòng cháy chữa cháy an toàn.', 296, 9, NOW() - INTERVAL '3 days', NOW(), 0, 5, 'Trường Đại học Khoa học Tự nhiên - ĐHQG TP.HCM (Cơ sở Dĩ An)', 2.62, 0.3);
INSERT INTO room_amenities (room_id, amenity_id) VALUES (77, 1) ON CONFLICT DO NOTHING;
INSERT INTO room_amenities (room_id, amenity_id) VALUES (77, 2) ON CONFLICT DO NOTHING;
INSERT INTO room_amenities (room_id, amenity_id) VALUES (77, 3) ON CONFLICT DO NOTHING;
INSERT INTO room_amenities (room_id, amenity_id) VALUES (77, 4) ON CONFLICT DO NOTHING;
INSERT INTO room_amenities (room_id, amenity_id) VALUES (77, 5) ON CONFLICT DO NOTHING;
INSERT INTO room_amenities (room_id, amenity_id) VALUES (77, 6) ON CONFLICT DO NOTHING;
INSERT INTO room_amenities (room_id, amenity_id) VALUES (77, 7) ON CONFLICT DO NOTHING;
INSERT INTO room_amenities (room_id, amenity_id) VALUES (77, 9) ON CONFLICT DO NOTHING;
INSERT INTO room_amenities (room_id, amenity_id) VALUES (77, 12) ON CONFLICT DO NOTHING;
INSERT INTO room_images (room_id, image_url) VALUES (77, '/rooms/images/room_57/image_01.jpg');
INSERT INTO room_images (room_id, image_url) VALUES (77, '/rooms/images/room_57/image_02.jpg');
INSERT INTO room_images (room_id, image_url) VALUES (77, '/rooms/images/room_57/image_03.jpg');
INSERT INTO room_images (room_id, image_url) VALUES (77, '/rooms/images/room_57/image_04.jpg');
INSERT INTO room_images (room_id, image_url) VALUES (77, '/rooms/images/room_57/image_05.jpg');
INSERT INTO room_images (room_id, image_url) VALUES (77, '/rooms/images/room_57/image_06.jpg');
INSERT INTO room_images (room_id, image_url) VALUES (77, '/rooms/images/room_57/image_07.jpg');
INSERT INTO room_images (room_id, image_url) VALUES (77, '/rooms/images/room_57/image_08.jpg');
INSERT INTO posts (id, landlord_id, room_id, title, description, price, deposit_amount, price_type, status, approved_by, approved_at, expires_at, is_boosted, boosted_until, view_count, favorite_count, contact_count, booking_count, created_at, updated_at, version, video_url, video_thumbnail)
VALUES (77, 3, 77, 'Căn hộ Studio gác lửng full nội thất 25m2 cách HCMUS 2.62km - KDC Him Lam Phú Đông', '**Vị trí thuận tiện và yên tĩnh**
- Địa chỉ: KDC Him Lam Phú Đông, Phường Đông Hòa, Dĩ An.
- Chỉ cách khuôn viên trường Trường Đại học Khoa học Tự nhiên - ĐHQG TP.HCM (Cơ sở Dĩ An) (HCMUS) khoảng 2.62km. Việc đi học hàng ngày cực kỳ thuận tiện và nhanh chóng bằng xe máy, xe buýt hoặc đi bộ. Khu vực xung quanh cao ráo, không bị ngập nước, đường sá thông thoáng.

**Thiết kế căn phòng**
- Diện tích sử dụng: 25m2. Thiết kế tối ưu không gian, sạch sẽ, thoáng mát, thích hợp cho việc học tập lâu dài.
- Sở hữu cửa sổ lớn đón ánh sáng tự nhiên tốt, giữ phòng luôn khô ráo.
- Có ban công riêng đón gió mát mẻ, thuận tiện cho việc phơi đồ hoặc làm góc thư giãn.

**Các tiện ích lắp sẵn**
- Wifi internet tốc độ cao riêng biệt từng phòng
- Máy điều hòa nhiệt độ Inverter hoạt động êm ái, tiết kiệm điện
- Hệ thống nước nóng lạnh an toàn
- Chỗ để xe máy rộng rãi dưới tầng trệt, an ninh đảm bảo
- Tủ lạnh dung tích lớn tiện lợi lưu trữ đồ ăn
- Khu vực giặt sấy/máy giặt tiện nghi
- Kệ bếp nấu ăn thoáng khí, tủ bếp sạch sẽ

**An ninh và quy định**
- Hệ thống cửa cổng kiểm soát bằng khóa vân tay bảo mật cao kết hợp camera giám sát 24/7.
- Giờ giấc ra vào tự do thoải mái, không chung chủ.
- Môi trường sống văn minh, hàng xóm chủ yếu là sinh viên ngoan ngoãn và nhân viên văn phòng lịch sự.

**Thông tin chi phí thuê**
- Giá thuê hàng tháng: 3,400,000 đ/tháng.
- Tiền đặt cọc: 3,400,000 đ (cam kết hoàn trả đầy đủ khi kết thúc hợp đồng theo đúng thỏa thuận).
- Chỉ số điện nước tính theo đồng hồ riêng gắn trước cửa phòng, cam kết thu đúng chỉ số tiêu thụ thực tế.', 3400000.0, 3400000.0, 'MONTHLY', 'APPROVED', 1, NOW() - INTERVAL '3 days', NOW() + INTERVAL '27 days', false, NULL, 236, 72, 35, 11, NOW() - INTERVAL '7 days', NOW(), 0, '/posts/videos/room_57/video_01.mp4', '/rooms/images/room_57/image_01.jpg');
INSERT INTO post_images (post_id, image_order, image_url) VALUES (77, 0, '/rooms/images/room_57/image_01.jpg');
INSERT INTO post_images (post_id, image_order, image_url) VALUES (77, 1, '/rooms/images/room_57/image_02.jpg');
INSERT INTO post_images (post_id, image_order, image_url) VALUES (77, 2, '/rooms/images/room_57/image_03.jpg');
INSERT INTO post_images (post_id, image_order, image_url) VALUES (77, 3, '/rooms/images/room_57/image_04.jpg');
INSERT INTO post_images (post_id, image_order, image_url) VALUES (77, 4, '/rooms/images/room_57/image_05.jpg');
INSERT INTO post_images (post_id, image_order, image_url) VALUES (77, 5, '/rooms/images/room_57/image_06.jpg');
INSERT INTO post_images (post_id, image_order, image_url) VALUES (77, 6, '/rooms/images/room_57/image_07.jpg');
INSERT INTO post_images (post_id, image_order, image_url) VALUES (77, 7, '/rooms/images/room_57/image_08.jpg');

-- ==========================================
-- ROOM 78 near IU - Dist: 1.22km - Price: 1,600,000
-- ==========================================
INSERT INTO rooms (id, landlord_id, room_number, address, province, district, ward, latitude, longitude, area, floor, max_occupancy, direction, has_windows, has_balcony, thumbnail_url, is_pet_friendly, is_parking_available, curfew, rules, view_count, favorite_count, created_at, updated_at, version, nearby_university_id, nearby_university_name, distance_to_university, nearest_bus_station)
VALUES (78, 4, 'P.627', 'Số 47 Tân Lập, Phường Tân Đông Hiệp, Dĩ An, Bình Dương', 'Bình Dương', 'Dĩ An', 'Tân Đông Hiệp', 10.876938, 106.790498, 27.0, 5, 6, 'SOUTH', true, false, '/rooms/images/room_58/image_01.jpg', true, false, NULL, 'Giữ trật tự chung sau 22h, dọn dẹp vệ sinh phòng sạch sẽ, phòng cháy chữa cháy an toàn.', 293, 20, NOW() - INTERVAL '15 days', NOW(), 0, 6, 'Trường Đại học Quốc tế - ĐHQG TP.HCM', 1.22, 0.33);
INSERT INTO room_amenities (room_id, amenity_id) VALUES (78, 1) ON CONFLICT DO NOTHING;
INSERT INTO room_amenities (room_id, amenity_id) VALUES (78, 2) ON CONFLICT DO NOTHING;
INSERT INTO room_amenities (room_id, amenity_id) VALUES (78, 3) ON CONFLICT DO NOTHING;
INSERT INTO room_amenities (room_id, amenity_id) VALUES (78, 4) ON CONFLICT DO NOTHING;
INSERT INTO room_amenities (room_id, amenity_id) VALUES (78, 5) ON CONFLICT DO NOTHING;
INSERT INTO room_amenities (room_id, amenity_id) VALUES (78, 7) ON CONFLICT DO NOTHING;
INSERT INTO room_amenities (room_id, amenity_id) VALUES (78, 11) ON CONFLICT DO NOTHING;
INSERT INTO room_amenities (room_id, amenity_id) VALUES (78, 12) ON CONFLICT DO NOTHING;
INSERT INTO room_images (room_id, image_url) VALUES (78, '/rooms/images/room_58/image_01.jpg');
INSERT INTO room_images (room_id, image_url) VALUES (78, '/rooms/images/room_58/image_02.jpg');
INSERT INTO room_images (room_id, image_url) VALUES (78, '/rooms/images/room_58/image_03.jpg');
INSERT INTO room_images (room_id, image_url) VALUES (78, '/rooms/images/room_58/image_04.jpg');
INSERT INTO room_images (room_id, image_url) VALUES (78, '/rooms/images/room_58/image_05.jpg');
INSERT INTO room_images (room_id, image_url) VALUES (78, '/rooms/images/room_58/image_06.jpg');
INSERT INTO posts (id, landlord_id, room_id, title, description, price, deposit_amount, price_type, status, approved_by, approved_at, expires_at, is_boosted, boosted_until, view_count, favorite_count, contact_count, booking_count, created_at, updated_at, version, video_url, video_thumbnail)
VALUES (78, 4, 78, 'Sleepbox cao cấp tiện nghi, bảo mật 27m2 cách IU 1.22km - Tân Lập', '**Vị trí thuận tiện và yên tĩnh**
- Địa chỉ: Tân Lập, Phường Tân Đông Hiệp, Dĩ An.
- Chỉ cách khuôn viên trường Trường Đại học Quốc tế - ĐHQG TP.HCM (IU) khoảng 1.22km. Việc đi học hàng ngày cực kỳ thuận tiện và nhanh chóng bằng xe máy, xe buýt hoặc đi bộ. Khu vực xung quanh cao ráo, không bị ngập nước, đường sá thông thoáng.

**Thiết kế căn phòng**
- Diện tích sử dụng: 27m2. Thiết kế tối ưu không gian, sạch sẽ, thoáng mát, thích hợp cho việc học tập lâu dài.
- Sở hữu cửa sổ lớn đón ánh sáng tự nhiên tốt, giữ phòng luôn khô ráo.

**Các tiện ích lắp sẵn**
- Wifi internet tốc độ cao riêng biệt từng phòng
- Máy điều hòa nhiệt độ Inverter hoạt động êm ái, tiết kiệm điện
- Hệ thống nước nóng lạnh an toàn
- Chỗ để xe máy rộng rãi dưới tầng trệt, an ninh đảm bảo
- Khu vực giặt sấy/máy giặt tiện nghi

**An ninh và quy định**
- Hệ thống cửa cổng kiểm soát bằng khóa vân tay bảo mật cao kết hợp camera giám sát 24/7.
- Giờ giấc ra vào tự do thoải mái, không chung chủ.
- Môi trường sống văn minh, hàng xóm chủ yếu là sinh viên ngoan ngoãn và nhân viên văn phòng lịch sự.

**Thông tin chi phí thuê**
- Giá thuê hàng tháng: 1,600,000 đ/tháng.
- Tiền đặt cọc: 1,600,000 đ (cam kết hoàn trả đầy đủ khi kết thúc hợp đồng theo đúng thỏa thuận).
- Chỉ số điện nước tính theo đồng hồ riêng gắn trước cửa phòng, cam kết thu đúng chỉ số tiêu thụ thực tế.', 1600000.0, 1600000.0, 'MONTHLY', 'APPROVED', 1, NOW() - INTERVAL '3 days', NOW() + INTERVAL '27 days', false, NULL, 162, 72, 13, 5, NOW() - INTERVAL '4 days', NOW(), 0, '/posts/videos/room_58/video_01.mp4', '/rooms/images/room_58/image_01.jpg');
INSERT INTO post_images (post_id, image_order, image_url) VALUES (78, 0, '/rooms/images/room_58/image_01.jpg');
INSERT INTO post_images (post_id, image_order, image_url) VALUES (78, 1, '/rooms/images/room_58/image_02.jpg');
INSERT INTO post_images (post_id, image_order, image_url) VALUES (78, 2, '/rooms/images/room_58/image_03.jpg');
INSERT INTO post_images (post_id, image_order, image_url) VALUES (78, 3, '/rooms/images/room_58/image_04.jpg');
INSERT INTO post_images (post_id, image_order, image_url) VALUES (78, 4, '/rooms/images/room_58/image_05.jpg');
INSERT INTO post_images (post_id, image_order, image_url) VALUES (78, 5, '/rooms/images/room_58/image_06.jpg');

-- ==========================================
-- ROOM 79 near UEH - Dist: 2.55km - Price: 2,900,000
-- ==========================================
INSERT INTO rooms (id, landlord_id, room_number, address, province, district, ward, latitude, longitude, area, floor, max_occupancy, direction, has_windows, has_balcony, thumbnail_url, is_pet_friendly, is_parking_available, curfew, rules, view_count, favorite_count, created_at, updated_at, version, nearby_university_id, nearby_university_name, distance_to_university, nearest_bus_station)
VALUES (79, 2, 'P.398', 'Số 142 Cao Thắng, Phường 6, Quận 3, TP Hồ Chí Minh', 'TP Hồ Chí Minh', 'Quận 3', 'Phường 6', 10.777698, 106.718921, 24.0, 2, 2, 'SOUTH', true, true, '/rooms/images/room_59/image_01.jpg', true, true, '23:00', 'Giữ trật tự chung sau 22h, dọn dẹp vệ sinh phòng sạch sẽ, phòng cháy chữa cháy an toàn.', 238, 17, NOW() - INTERVAL '4 days', NOW(), 0, 7, 'Trường Đại học Kinh tế TP.HCM (Cơ sở A)', 2.55, 0.18);
INSERT INTO room_amenities (room_id, amenity_id) VALUES (79, 1) ON CONFLICT DO NOTHING;
INSERT INTO room_amenities (room_id, amenity_id) VALUES (79, 2) ON CONFLICT DO NOTHING;
INSERT INTO room_amenities (room_id, amenity_id) VALUES (79, 3) ON CONFLICT DO NOTHING;
INSERT INTO room_amenities (room_id, amenity_id) VALUES (79, 4) ON CONFLICT DO NOTHING;
INSERT INTO room_amenities (room_id, amenity_id) VALUES (79, 5) ON CONFLICT DO NOTHING;
INSERT INTO room_amenities (room_id, amenity_id) VALUES (79, 6) ON CONFLICT DO NOTHING;
INSERT INTO room_amenities (room_id, amenity_id) VALUES (79, 9) ON CONFLICT DO NOTHING;
INSERT INTO room_images (room_id, image_url) VALUES (79, '/rooms/images/room_59/image_01.jpg');
INSERT INTO room_images (room_id, image_url) VALUES (79, '/rooms/images/room_59/image_02.jpg');
INSERT INTO room_images (room_id, image_url) VALUES (79, '/rooms/images/room_59/image_03.jpg');
INSERT INTO room_images (room_id, image_url) VALUES (79, '/rooms/images/room_59/image_04.jpg');
INSERT INTO room_images (room_id, image_url) VALUES (79, '/rooms/images/room_59/image_05.jpg');
INSERT INTO room_images (room_id, image_url) VALUES (79, '/rooms/images/room_59/image_06.jpg');
INSERT INTO room_images (room_id, image_url) VALUES (79, '/rooms/images/room_59/image_07.jpg');
INSERT INTO room_images (room_id, image_url) VALUES (79, '/rooms/images/room_59/image_08.jpg');
INSERT INTO posts (id, landlord_id, room_id, title, description, price, deposit_amount, price_type, status, approved_by, approved_at, expires_at, is_boosted, boosted_until, view_count, favorite_count, contact_count, booking_count, created_at, updated_at, version, video_url, video_thumbnail)
VALUES (79, 2, 79, 'Phòng trọ ban công thoáng mát gần trường 24m2 cách UEH 2.55km - Cao Thắng', '**Vị trí thuận tiện và yên tĩnh**
- Địa chỉ: Cao Thắng, Phường 6, Quận 3.
- Chỉ cách khuôn viên trường Trường Đại học Kinh tế TP.HCM (Cơ sở A) (UEH) khoảng 2.55km. Việc đi học hàng ngày cực kỳ thuận tiện và nhanh chóng bằng xe máy, xe buýt hoặc đi bộ. Khu vực xung quanh cao ráo, không bị ngập nước, đường sá thông thoáng.

**Thiết kế căn phòng**
- Diện tích sử dụng: 24m2. Thiết kế tối ưu không gian, sạch sẽ, thoáng mát, thích hợp cho việc học tập lâu dài.
- Sở hữu cửa sổ lớn đón ánh sáng tự nhiên tốt, giữ phòng luôn khô ráo.
- Có ban công riêng đón gió mát mẻ, thuận tiện cho việc phơi đồ hoặc làm góc thư giãn.

**Các tiện ích lắp sẵn**
- Wifi internet tốc độ cao riêng biệt từng phòng
- Máy điều hòa nhiệt độ Inverter hoạt động êm ái, tiết kiệm điện
- Hệ thống nước nóng lạnh an toàn
- Chỗ để xe máy rộng rãi dưới tầng trệt, an ninh đảm bảo
- Tủ lạnh dung tích lớn tiện lợi lưu trữ đồ ăn
- Kệ bếp nấu ăn thoáng khí, tủ bếp sạch sẽ

**An ninh và quy định**
- Hệ thống cửa cổng kiểm soát bằng khóa vân tay bảo mật cao kết hợp camera giám sát 24/7.
- Giờ đóng cổng: 23:00 đêm nhằm đảm bảo trật tự chung.
- Môi trường sống văn minh, hàng xóm chủ yếu là sinh viên ngoan ngoãn và nhân viên văn phòng lịch sự.

**Thông tin chi phí thuê**
- Giá thuê hàng tháng: 2,900,000 đ/tháng.
- Tiền đặt cọc: 5,800,000 đ (cam kết hoàn trả đầy đủ khi kết thúc hợp đồng theo đúng thỏa thuận).
- Chỉ số điện nước tính theo đồng hồ riêng gắn trước cửa phòng, cam kết thu đúng chỉ số tiêu thụ thực tế.', 2900000.0, 5800000.0, 'MONTHLY', 'APPROVED', 1, NOW() - INTERVAL '3 days', NOW() + INTERVAL '27 days', false, NULL, 454, 24, 36, 8, NOW() - INTERVAL '5 days', NOW(), 0, '/posts/videos/room_59/video_01.mp4', '/rooms/images/room_59/image_01.jpg');
INSERT INTO post_images (post_id, image_order, image_url) VALUES (79, 0, '/rooms/images/room_59/image_01.jpg');
INSERT INTO post_images (post_id, image_order, image_url) VALUES (79, 1, '/rooms/images/room_59/image_02.jpg');
INSERT INTO post_images (post_id, image_order, image_url) VALUES (79, 2, '/rooms/images/room_59/image_03.jpg');
INSERT INTO post_images (post_id, image_order, image_url) VALUES (79, 3, '/rooms/images/room_59/image_04.jpg');
INSERT INTO post_images (post_id, image_order, image_url) VALUES (79, 4, '/rooms/images/room_59/image_05.jpg');
INSERT INTO post_images (post_id, image_order, image_url) VALUES (79, 5, '/rooms/images/room_59/image_06.jpg');
INSERT INTO post_images (post_id, image_order, image_url) VALUES (79, 6, '/rooms/images/room_59/image_07.jpg');
INSERT INTO post_images (post_id, image_order, image_url) VALUES (79, 7, '/rooms/images/room_59/image_08.jpg');

-- ==========================================
-- ROOM 80 near FTU2 - Dist: 4.52km - Price: 5,100,000
-- ==========================================
INSERT INTO rooms (id, landlord_id, room_number, address, province, district, ward, latitude, longitude, area, floor, max_occupancy, direction, has_windows, has_balcony, thumbnail_url, is_pet_friendly, is_parking_available, curfew, rules, view_count, favorite_count, created_at, updated_at, version, nearby_university_id, nearby_university_name, distance_to_university, nearest_bus_station)
VALUES (80, 3, 'P.239', 'Số 55 Đường D5, Phường 25, Bình Thạnh, TP Hồ Chí Minh', 'TP Hồ Chí Minh', 'Bình Thạnh', 'Phường 25', 10.799325, 106.673246, 45.0, 6, 3, 'WEST', true, true, '/rooms/images/room_60/image_01.jpg', false, true, NULL, 'Giữ trật tự chung sau 22h, dọn dẹp vệ sinh phòng sạch sẽ, phòng cháy chữa cháy an toàn.', 217, 23, NOW() - INTERVAL '14 days', NOW(), 0, 8, 'Trường Đại học Ngoại thương - Cơ sở 2', 4.52, 0.32);
INSERT INTO room_amenities (room_id, amenity_id) VALUES (80, 1) ON CONFLICT DO NOTHING;
INSERT INTO room_amenities (room_id, amenity_id) VALUES (80, 2) ON CONFLICT DO NOTHING;
INSERT INTO room_amenities (room_id, amenity_id) VALUES (80, 3) ON CONFLICT DO NOTHING;
INSERT INTO room_amenities (room_id, amenity_id) VALUES (80, 4) ON CONFLICT DO NOTHING;
INSERT INTO room_amenities (room_id, amenity_id) VALUES (80, 5) ON CONFLICT DO NOTHING;
INSERT INTO room_amenities (room_id, amenity_id) VALUES (80, 6) ON CONFLICT DO NOTHING;
INSERT INTO room_amenities (room_id, amenity_id) VALUES (80, 7) ON CONFLICT DO NOTHING;
INSERT INTO room_amenities (room_id, amenity_id) VALUES (80, 8) ON CONFLICT DO NOTHING;
INSERT INTO room_amenities (room_id, amenity_id) VALUES (80, 9) ON CONFLICT DO NOTHING;
INSERT INTO room_amenities (room_id, amenity_id) VALUES (80, 10) ON CONFLICT DO NOTHING;
INSERT INTO room_amenities (room_id, amenity_id) VALUES (80, 11) ON CONFLICT DO NOTHING;
INSERT INTO room_amenities (room_id, amenity_id) VALUES (80, 12) ON CONFLICT DO NOTHING;
INSERT INTO room_images (room_id, image_url) VALUES (80, '/rooms/images/room_60/image_01.jpg');
INSERT INTO room_images (room_id, image_url) VALUES (80, '/rooms/images/room_60/image_02.jpg');
INSERT INTO room_images (room_id, image_url) VALUES (80, '/rooms/images/room_60/image_03.jpg');
INSERT INTO room_images (room_id, image_url) VALUES (80, '/rooms/images/room_60/image_04.jpg');
INSERT INTO posts (id, landlord_id, room_id, title, description, price, deposit_amount, price_type, status, approved_by, approved_at, expires_at, is_boosted, boosted_until, view_count, favorite_count, contact_count, booking_count, created_at, updated_at, version, video_url, video_thumbnail)
VALUES (80, 3, 80, 'Căn hộ dịch vụ 1PN sang trọng, an ninh 45m2 cách FTU2 4.52km - Đường D5', '**Vị trí thuận tiện và yên tĩnh**
- Địa chỉ: Đường D5, Phường 25, Bình Thạnh.
- Chỉ cách khuôn viên trường Trường Đại học Ngoại thương - Cơ sở 2 (FTU2) khoảng 4.52km. Việc đi học hàng ngày cực kỳ thuận tiện và nhanh chóng bằng xe máy, xe buýt hoặc đi bộ. Khu vực xung quanh cao ráo, không bị ngập nước, đường sá thông thoáng.

**Thiết kế căn phòng**
- Diện tích sử dụng: 45m2. Thiết kế tối ưu không gian, sạch sẽ, thoáng mát, thích hợp cho việc học tập lâu dài.
- Sở hữu cửa sổ lớn đón ánh sáng tự nhiên tốt, giữ phòng luôn khô ráo.
- Có ban công riêng đón gió mát mẻ, thuận tiện cho việc phơi đồ hoặc làm góc thư giãn.

**Các tiện ích lắp sẵn**
- Wifi internet tốc độ cao riêng biệt từng phòng
- Máy điều hòa nhiệt độ Inverter hoạt động êm ái, tiết kiệm điện
- Hệ thống nước nóng lạnh an toàn
- Chỗ để xe máy rộng rãi dưới tầng trệt, an ninh đảm bảo
- Tủ lạnh dung tích lớn tiện lợi lưu trữ đồ ăn
- Khu vực giặt sấy/máy giặt tiện nghi
- Kệ bếp nấu ăn thoáng khí, tủ bếp sạch sẽ

**An ninh và quy định**
- Hệ thống cửa cổng kiểm soát bằng khóa vân tay bảo mật cao kết hợp camera giám sát 24/7.
- Giờ giấc ra vào tự do thoải mái, không chung chủ.
- Môi trường sống văn minh, hàng xóm chủ yếu là sinh viên ngoan ngoãn và nhân viên văn phòng lịch sự.

**Thông tin chi phí thuê**
- Giá thuê hàng tháng: 5,100,000 đ/tháng.
- Tiền đặt cọc: 10,200,000 đ (cam kết hoàn trả đầy đủ khi kết thúc hợp đồng theo đúng thỏa thuận).
- Chỉ số điện nước tính theo đồng hồ riêng gắn trước cửa phòng, cam kết thu đúng chỉ số tiêu thụ thực tế.', 5100000.0, 10200000.0, 'MONTHLY', 'APPROVED', 1, NOW() - INTERVAL '3 days', NOW() + INTERVAL '27 days', false, NULL, 323, 55, 33, 9, NOW() - INTERVAL '8 days', NOW(), 0, '/posts/videos/room_60/video_01.mp4', '/rooms/images/room_60/image_01.jpg');
INSERT INTO post_images (post_id, image_order, image_url) VALUES (80, 0, '/rooms/images/room_60/image_01.jpg');
INSERT INTO post_images (post_id, image_order, image_url) VALUES (80, 1, '/rooms/images/room_60/image_02.jpg');
INSERT INTO post_images (post_id, image_order, image_url) VALUES (80, 2, '/rooms/images/room_60/image_03.jpg');
INSERT INTO post_images (post_id, image_order, image_url) VALUES (80, 3, '/rooms/images/room_60/image_04.jpg');

-- ==========================================
-- ROOM 81 near NLU - Dist: 5.74km - Price: 1,400,000
-- ==========================================
INSERT INTO rooms (id, landlord_id, room_number, address, province, district, ward, latitude, longitude, area, floor, max_occupancy, direction, has_windows, has_balcony, thumbnail_url, is_pet_friendly, is_parking_available, curfew, rules, view_count, favorite_count, created_at, updated_at, version, nearby_university_id, nearby_university_name, distance_to_university, nearest_bus_station)
VALUES (81, 4, 'P.289', 'Số 81 Hoàng Diệu 2, Phường Hiệp Phú, Thủ Đức, TP Hồ Chí Minh', 'TP Hồ Chí Minh', 'Thủ Đức', 'Hiệp Phú', 10.915925, 106.763561, 15.0, 4, 2, 'SOUTH', true, false, '/rooms/images/room_61/image_01.jpg', false, true, '23:00', 'Giữ trật tự chung sau 22h, dọn dẹp vệ sinh phòng sạch sẽ, phòng cháy chữa cháy an toàn.', 119, 38, NOW() - INTERVAL '10 days', NOW(), 0, 1, 'Trường Đại học Nông Lâm TP.HCM', 5.74, 0.18);
INSERT INTO room_amenities (room_id, amenity_id) VALUES (81, 1) ON CONFLICT DO NOTHING;
INSERT INTO room_amenities (room_id, amenity_id) VALUES (81, 3) ON CONFLICT DO NOTHING;
INSERT INTO room_amenities (room_id, amenity_id) VALUES (81, 4) ON CONFLICT DO NOTHING;
INSERT INTO room_amenities (room_id, amenity_id) VALUES (81, 9) ON CONFLICT DO NOTHING;
INSERT INTO room_images (room_id, image_url) VALUES (81, '/rooms/images/room_61/image_01.jpg');
INSERT INTO room_images (room_id, image_url) VALUES (81, '/rooms/images/room_61/image_02.jpg');
INSERT INTO room_images (room_id, image_url) VALUES (81, '/rooms/images/room_61/image_03.jpg');
INSERT INTO room_images (room_id, image_url) VALUES (81, '/rooms/images/room_61/image_04.jpg');
INSERT INTO room_images (room_id, image_url) VALUES (81, '/rooms/images/room_61/image_05.jpg');
INSERT INTO posts (id, landlord_id, room_id, title, description, price, deposit_amount, price_type, status, approved_by, approved_at, expires_at, is_boosted, boosted_until, view_count, favorite_count, contact_count, booking_count, created_at, updated_at, version, video_url, video_thumbnail)
VALUES (81, 4, 81, 'Phòng trọ mini giá rẻ sinh viên 15m2 cách NLU 5.74km - Hoàng Diệu 2', '**Vị trí thuận tiện và yên tĩnh**
- Địa chỉ: Hoàng Diệu 2, Phường Hiệp Phú, Thủ Đức.
- Chỉ cách khuôn viên trường Trường Đại học Nông Lâm TP.HCM (NLU) khoảng 5.74km. Việc đi học hàng ngày cực kỳ thuận tiện và nhanh chóng bằng xe máy, xe buýt hoặc đi bộ. Khu vực xung quanh cao ráo, không bị ngập nước, đường sá thông thoáng.

**Thiết kế căn phòng**
- Diện tích sử dụng: 15m2. Thiết kế tối ưu không gian, sạch sẽ, thoáng mát, thích hợp cho việc học tập lâu dài.
- Sở hữu cửa sổ lớn đón ánh sáng tự nhiên tốt, giữ phòng luôn khô ráo.

**Các tiện ích lắp sẵn**
- Wifi internet tốc độ cao riêng biệt từng phòng
- Hệ thống nước nóng lạnh an toàn
- Chỗ để xe máy rộng rãi dưới tầng trệt, an ninh đảm bảo
- Kệ bếp nấu ăn thoáng khí, tủ bếp sạch sẽ

**An ninh và quy định**
- Hệ thống cửa cổng kiểm soát bằng khóa vân tay bảo mật cao kết hợp camera giám sát 24/7.
- Giờ đóng cổng: 23:00 đêm nhằm đảm bảo trật tự chung.
- Môi trường sống văn minh, hàng xóm chủ yếu là sinh viên ngoan ngoãn và nhân viên văn phòng lịch sự.

**Thông tin chi phí thuê**
- Giá thuê hàng tháng: 1,400,000 đ/tháng.
- Tiền đặt cọc: 2,800,000 đ (cam kết hoàn trả đầy đủ khi kết thúc hợp đồng theo đúng thỏa thuận).
- Chỉ số điện nước tính theo đồng hồ riêng gắn trước cửa phòng, cam kết thu đúng chỉ số tiêu thụ thực tế.', 1400000.0, 2800000.0, 'MONTHLY', 'APPROVED', 1, NOW() - INTERVAL '3 days', NOW() + INTERVAL '27 days', false, NULL, 252, 24, 9, 5, NOW() - INTERVAL '9 days', NOW(), 0, '/posts/videos/room_61/video_01.mp4', '/rooms/images/room_61/image_01.jpg');
INSERT INTO post_images (post_id, image_order, image_url) VALUES (81, 0, '/rooms/images/room_61/image_01.jpg');
INSERT INTO post_images (post_id, image_order, image_url) VALUES (81, 1, '/rooms/images/room_61/image_02.jpg');
INSERT INTO post_images (post_id, image_order, image_url) VALUES (81, 2, '/rooms/images/room_61/image_03.jpg');
INSERT INTO post_images (post_id, image_order, image_url) VALUES (81, 3, '/rooms/images/room_61/image_04.jpg');
INSERT INTO post_images (post_id, image_order, image_url) VALUES (81, 4, '/rooms/images/room_61/image_05.jpg');

-- ==========================================
-- ROOM 82 near HCMUTE - Dist: 3.58km - Price: 2,900,000
-- ==========================================
INSERT INTO rooms (id, landlord_id, room_number, address, province, district, ward, latitude, longitude, area, floor, max_occupancy, direction, has_windows, has_balcony, thumbnail_url, is_pet_friendly, is_parking_available, curfew, rules, view_count, favorite_count, created_at, updated_at, version, nearby_university_id, nearby_university_name, distance_to_university, nearest_bus_station)
VALUES (82, 2, 'P.341', 'Số 79 Đường số 5, Phường Linh Tây, Thủ Đức, TP Hồ Chí Minh', 'TP Hồ Chí Minh', 'Thủ Đức', 'Linh Tây', 10.838246, 106.801883, 24.0, 7, 3, 'SOUTHEAST', true, true, '/rooms/images/room_62/image_01.jpg', false, true, '22:00', 'Giữ trật tự chung sau 22h, dọn dẹp vệ sinh phòng sạch sẽ, phòng cháy chữa cháy an toàn.', 152, 22, NOW() - INTERVAL '3 days', NOW(), 0, 2, 'Trường Đại học Sư phạm Kỹ thuật TP.HCM', 3.58, 0.2);
INSERT INTO room_amenities (room_id, amenity_id) VALUES (82, 1) ON CONFLICT DO NOTHING;
INSERT INTO room_amenities (room_id, amenity_id) VALUES (82, 2) ON CONFLICT DO NOTHING;
INSERT INTO room_amenities (room_id, amenity_id) VALUES (82, 3) ON CONFLICT DO NOTHING;
INSERT INTO room_amenities (room_id, amenity_id) VALUES (82, 4) ON CONFLICT DO NOTHING;
INSERT INTO room_amenities (room_id, amenity_id) VALUES (82, 5) ON CONFLICT DO NOTHING;
INSERT INTO room_amenities (room_id, amenity_id) VALUES (82, 6) ON CONFLICT DO NOTHING;
INSERT INTO room_amenities (room_id, amenity_id) VALUES (82, 7) ON CONFLICT DO NOTHING;
INSERT INTO room_amenities (room_id, amenity_id) VALUES (82, 9) ON CONFLICT DO NOTHING;
INSERT INTO room_amenities (room_id, amenity_id) VALUES (82, 12) ON CONFLICT DO NOTHING;
INSERT INTO room_images (room_id, image_url) VALUES (82, '/rooms/images/room_62/image_01.jpg');
INSERT INTO room_images (room_id, image_url) VALUES (82, '/rooms/images/room_62/image_02.jpg');
INSERT INTO room_images (room_id, image_url) VALUES (82, '/rooms/images/room_62/image_03.jpg');
INSERT INTO room_images (room_id, image_url) VALUES (82, '/rooms/images/room_62/image_04.jpg');
INSERT INTO posts (id, landlord_id, room_id, title, description, price, deposit_amount, price_type, status, approved_by, approved_at, expires_at, is_boosted, boosted_until, view_count, favorite_count, contact_count, booking_count, created_at, updated_at, version, video_url, video_thumbnail)
VALUES (82, 2, 82, 'Căn hộ Studio gác lửng full nội thất 24m2 cách HCMUTE 3.58km - Đường số 5', '**Vị trí thuận tiện và yên tĩnh**
- Địa chỉ: Đường số 5, Phường Linh Tây, Thủ Đức.
- Chỉ cách khuôn viên trường Trường Đại học Sư phạm Kỹ thuật TP.HCM (HCMUTE) khoảng 3.58km. Việc đi học hàng ngày cực kỳ thuận tiện và nhanh chóng bằng xe máy, xe buýt hoặc đi bộ. Khu vực xung quanh cao ráo, không bị ngập nước, đường sá thông thoáng.

**Thiết kế căn phòng**
- Diện tích sử dụng: 24m2. Thiết kế tối ưu không gian, sạch sẽ, thoáng mát, thích hợp cho việc học tập lâu dài.
- Sở hữu cửa sổ lớn đón ánh sáng tự nhiên tốt, giữ phòng luôn khô ráo.
- Có ban công riêng đón gió mát mẻ, thuận tiện cho việc phơi đồ hoặc làm góc thư giãn.

**Các tiện ích lắp sẵn**
- Wifi internet tốc độ cao riêng biệt từng phòng
- Máy điều hòa nhiệt độ Inverter hoạt động êm ái, tiết kiệm điện
- Hệ thống nước nóng lạnh an toàn
- Chỗ để xe máy rộng rãi dưới tầng trệt, an ninh đảm bảo
- Tủ lạnh dung tích lớn tiện lợi lưu trữ đồ ăn
- Khu vực giặt sấy/máy giặt tiện nghi
- Kệ bếp nấu ăn thoáng khí, tủ bếp sạch sẽ

**An ninh và quy định**
- Hệ thống cửa cổng kiểm soát bằng khóa vân tay bảo mật cao kết hợp camera giám sát 24/7.
- Giờ đóng cổng: 22:00 đêm nhằm đảm bảo trật tự chung.
- Môi trường sống văn minh, hàng xóm chủ yếu là sinh viên ngoan ngoãn và nhân viên văn phòng lịch sự.

**Thông tin chi phí thuê**
- Giá thuê hàng tháng: 2,900,000 đ/tháng.
- Tiền đặt cọc: 2,900,000 đ (cam kết hoàn trả đầy đủ khi kết thúc hợp đồng theo đúng thỏa thuận).
- Chỉ số điện nước tính theo đồng hồ riêng gắn trước cửa phòng, cam kết thu đúng chỉ số tiêu thụ thực tế.', 2900000.0, 2900000.0, 'MONTHLY', 'APPROVED', 1, NOW() - INTERVAL '3 days', NOW() + INTERVAL '27 days', false, NULL, 473, 50, 13, 7, NOW() - INTERVAL '6 days', NOW(), 0, '/posts/videos/room_62/video_01.mp4', '/rooms/images/room_62/image_01.jpg');
INSERT INTO post_images (post_id, image_order, image_url) VALUES (82, 0, '/rooms/images/room_62/image_01.jpg');
INSERT INTO post_images (post_id, image_order, image_url) VALUES (82, 1, '/rooms/images/room_62/image_02.jpg');
INSERT INTO post_images (post_id, image_order, image_url) VALUES (82, 2, '/rooms/images/room_62/image_03.jpg');
INSERT INTO post_images (post_id, image_order, image_url) VALUES (82, 3, '/rooms/images/room_62/image_04.jpg');

-- ==========================================
-- ROOM 83 near UIT - Dist: 2.99km - Price: 1,300,000
-- ==========================================
INSERT INTO rooms (id, landlord_id, room_number, address, province, district, ward, latitude, longitude, area, floor, max_occupancy, direction, has_windows, has_balcony, thumbnail_url, is_pet_friendly, is_parking_available, curfew, rules, view_count, favorite_count, created_at, updated_at, version, nearby_university_id, nearby_university_name, distance_to_university, nearest_bus_station)
VALUES (83, 3, 'P.559', 'Số 87 Lê Văn Chí, Phường Linh Tây, Thủ Đức, TP Hồ Chí Minh', 'TP Hồ Chí Minh', 'Thủ Đức', 'Linh Tây', 10.849805, 106.784971, 28.0, 3, 6, 'EAST', true, false, '/rooms/images/room_63/image_01.jpg', false, false, NULL, 'Giữ trật tự chung sau 22h, dọn dẹp vệ sinh phòng sạch sẽ, phòng cháy chữa cháy an toàn.', 184, 21, NOW() - INTERVAL '3 days', NOW(), 0, 3, 'Trường Đại học Công nghệ thông tin - ĐHQG TP.HCM', 2.99, 0.13);
INSERT INTO room_amenities (room_id, amenity_id) VALUES (83, 1) ON CONFLICT DO NOTHING;
INSERT INTO room_amenities (room_id, amenity_id) VALUES (83, 2) ON CONFLICT DO NOTHING;
INSERT INTO room_amenities (room_id, amenity_id) VALUES (83, 3) ON CONFLICT DO NOTHING;
INSERT INTO room_amenities (room_id, amenity_id) VALUES (83, 4) ON CONFLICT DO NOTHING;
INSERT INTO room_amenities (room_id, amenity_id) VALUES (83, 5) ON CONFLICT DO NOTHING;
INSERT INTO room_amenities (room_id, amenity_id) VALUES (83, 7) ON CONFLICT DO NOTHING;
INSERT INTO room_amenities (room_id, amenity_id) VALUES (83, 11) ON CONFLICT DO NOTHING;
INSERT INTO room_amenities (room_id, amenity_id) VALUES (83, 12) ON CONFLICT DO NOTHING;
INSERT INTO room_images (room_id, image_url) VALUES (83, '/rooms/images/room_63/image_01.jpg');
INSERT INTO room_images (room_id, image_url) VALUES (83, '/rooms/images/room_63/image_02.jpg');
INSERT INTO room_images (room_id, image_url) VALUES (83, '/rooms/images/room_63/image_03.jpg');
INSERT INTO posts (id, landlord_id, room_id, title, description, price, deposit_amount, price_type, status, approved_by, approved_at, expires_at, is_boosted, boosted_until, view_count, favorite_count, contact_count, booking_count, created_at, updated_at, version, video_url, video_thumbnail)
VALUES (83, 3, 83, 'Sleepbox cao cấp tiện nghi, bảo mật 28m2 cách UIT 2.99km - Lê Văn Chí', '**Vị trí thuận tiện và yên tĩnh**
- Địa chỉ: Lê Văn Chí, Phường Linh Tây, Thủ Đức.
- Chỉ cách khuôn viên trường Trường Đại học Công nghệ thông tin - ĐHQG TP.HCM (UIT) khoảng 2.99km. Việc đi học hàng ngày cực kỳ thuận tiện và nhanh chóng bằng xe máy, xe buýt hoặc đi bộ. Khu vực xung quanh cao ráo, không bị ngập nước, đường sá thông thoáng.

**Thiết kế căn phòng**
- Diện tích sử dụng: 28m2. Thiết kế tối ưu không gian, sạch sẽ, thoáng mát, thích hợp cho việc học tập lâu dài.
- Sở hữu cửa sổ lớn đón ánh sáng tự nhiên tốt, giữ phòng luôn khô ráo.

**Các tiện ích lắp sẵn**
- Wifi internet tốc độ cao riêng biệt từng phòng
- Máy điều hòa nhiệt độ Inverter hoạt động êm ái, tiết kiệm điện
- Hệ thống nước nóng lạnh an toàn
- Chỗ để xe máy rộng rãi dưới tầng trệt, an ninh đảm bảo
- Khu vực giặt sấy/máy giặt tiện nghi

**An ninh và quy định**
- Hệ thống cửa cổng kiểm soát bằng khóa vân tay bảo mật cao kết hợp camera giám sát 24/7.
- Giờ giấc ra vào tự do thoải mái, không chung chủ.
- Môi trường sống văn minh, hàng xóm chủ yếu là sinh viên ngoan ngoãn và nhân viên văn phòng lịch sự.

**Thông tin chi phí thuê**
- Giá thuê hàng tháng: 1,300,000 đ/tháng.
- Tiền đặt cọc: 2,600,000 đ (cam kết hoàn trả đầy đủ khi kết thúc hợp đồng theo đúng thỏa thuận).
- Chỉ số điện nước tính theo đồng hồ riêng gắn trước cửa phòng, cam kết thu đúng chỉ số tiêu thụ thực tế.', 1300000.0, 2600000.0, 'MONTHLY', 'APPROVED', 1, NOW() - INTERVAL '3 days', NOW() + INTERVAL '27 days', true, NOW() + INTERVAL '5 days', 149, 50, 24, 6, NOW() - INTERVAL '7 days', NOW(), 0, '/posts/videos/room_63/video_01.mp4', '/rooms/images/room_63/image_01.jpg');
INSERT INTO post_images (post_id, image_order, image_url) VALUES (83, 0, '/rooms/images/room_63/image_01.jpg');
INSERT INTO post_images (post_id, image_order, image_url) VALUES (83, 1, '/rooms/images/room_63/image_02.jpg');
INSERT INTO post_images (post_id, image_order, image_url) VALUES (83, 2, '/rooms/images/room_63/image_03.jpg');

-- ==========================================
-- ROOM 84 near HCMUT - Dist: 3.76km - Price: 2,200,000
-- ==========================================
INSERT INTO rooms (id, landlord_id, room_number, address, province, district, ward, latitude, longitude, area, floor, max_occupancy, direction, has_windows, has_balcony, thumbnail_url, is_pet_friendly, is_parking_available, curfew, rules, view_count, favorite_count, created_at, updated_at, version, nearby_university_id, nearby_university_name, distance_to_university, nearest_bus_station)
VALUES (84, 4, 'P.584', 'Số 117 Trần Hưng Đạo, Phường An Bình, Dĩ An, Bình Dương', 'Bình Dương', 'Dĩ An', 'An Bình', 10.907837, 106.826661, 20.0, 1, 2, 'SOUTHEAST', true, true, '/rooms/images/room_64/image_01.jpg', false, true, NULL, 'Giữ trật tự chung sau 22h, dọn dẹp vệ sinh phòng sạch sẽ, phòng cháy chữa cháy an toàn.', 179, 44, NOW() - INTERVAL '14 days', NOW(), 0, 4, 'Trường Đại học Bách Khoa - ĐHQG TP.HCM (Cơ sở Dĩ An)', 3.76, 0.41);
INSERT INTO room_amenities (room_id, amenity_id) VALUES (84, 1) ON CONFLICT DO NOTHING;
INSERT INTO room_amenities (room_id, amenity_id) VALUES (84, 2) ON CONFLICT DO NOTHING;
INSERT INTO room_amenities (room_id, amenity_id) VALUES (84, 3) ON CONFLICT DO NOTHING;
INSERT INTO room_amenities (room_id, amenity_id) VALUES (84, 4) ON CONFLICT DO NOTHING;
INSERT INTO room_amenities (room_id, amenity_id) VALUES (84, 5) ON CONFLICT DO NOTHING;
INSERT INTO room_amenities (room_id, amenity_id) VALUES (84, 6) ON CONFLICT DO NOTHING;
INSERT INTO room_amenities (room_id, amenity_id) VALUES (84, 9) ON CONFLICT DO NOTHING;
INSERT INTO room_images (room_id, image_url) VALUES (84, '/rooms/images/room_64/image_01.jpg');
INSERT INTO room_images (room_id, image_url) VALUES (84, '/rooms/images/room_64/image_02.jpg');
INSERT INTO room_images (room_id, image_url) VALUES (84, '/rooms/images/room_64/image_03.jpg');
INSERT INTO room_images (room_id, image_url) VALUES (84, '/rooms/images/room_64/image_04.jpg');
INSERT INTO room_images (room_id, image_url) VALUES (84, '/rooms/images/room_64/image_05.jpg');
INSERT INTO room_images (room_id, image_url) VALUES (84, '/rooms/images/room_64/image_06.jpg');
INSERT INTO room_images (room_id, image_url) VALUES (84, '/rooms/images/room_64/image_07.jpg');
INSERT INTO room_images (room_id, image_url) VALUES (84, '/rooms/images/room_64/image_08.jpg');
INSERT INTO posts (id, landlord_id, room_id, title, description, price, deposit_amount, price_type, status, approved_by, approved_at, expires_at, is_boosted, boosted_until, view_count, favorite_count, contact_count, booking_count, created_at, updated_at, version, video_url, video_thumbnail)
VALUES (84, 4, 84, 'Phòng trọ ban công thoáng mát gần trường 20m2 cách HCMUT 3.76km - Trần Hưng Đạo', '**Vị trí thuận tiện và yên tĩnh**
- Địa chỉ: Trần Hưng Đạo, Phường An Bình, Dĩ An.
- Chỉ cách khuôn viên trường Trường Đại học Bách Khoa - ĐHQG TP.HCM (Cơ sở Dĩ An) (HCMUT) khoảng 3.76km. Việc đi học hàng ngày cực kỳ thuận tiện và nhanh chóng bằng xe máy, xe buýt hoặc đi bộ. Khu vực xung quanh cao ráo, không bị ngập nước, đường sá thông thoáng.

**Thiết kế căn phòng**
- Diện tích sử dụng: 20m2. Thiết kế tối ưu không gian, sạch sẽ, thoáng mát, thích hợp cho việc học tập lâu dài.
- Sở hữu cửa sổ lớn đón ánh sáng tự nhiên tốt, giữ phòng luôn khô ráo.
- Có ban công riêng đón gió mát mẻ, thuận tiện cho việc phơi đồ hoặc làm góc thư giãn.

**Các tiện ích lắp sẵn**
- Wifi internet tốc độ cao riêng biệt từng phòng
- Máy điều hòa nhiệt độ Inverter hoạt động êm ái, tiết kiệm điện
- Hệ thống nước nóng lạnh an toàn
- Chỗ để xe máy rộng rãi dưới tầng trệt, an ninh đảm bảo
- Tủ lạnh dung tích lớn tiện lợi lưu trữ đồ ăn
- Kệ bếp nấu ăn thoáng khí, tủ bếp sạch sẽ

**An ninh và quy định**
- Hệ thống cửa cổng kiểm soát bằng khóa vân tay bảo mật cao kết hợp camera giám sát 24/7.
- Giờ giấc ra vào tự do thoải mái, không chung chủ.
- Môi trường sống văn minh, hàng xóm chủ yếu là sinh viên ngoan ngoãn và nhân viên văn phòng lịch sự.

**Thông tin chi phí thuê**
- Giá thuê hàng tháng: 2,200,000 đ/tháng.
- Tiền đặt cọc: 4,400,000 đ (cam kết hoàn trả đầy đủ khi kết thúc hợp đồng theo đúng thỏa thuận).
- Chỉ số điện nước tính theo đồng hồ riêng gắn trước cửa phòng, cam kết thu đúng chỉ số tiêu thụ thực tế.', 2200000.0, 4400000.0, 'MONTHLY', 'APPROVED', 1, NOW() - INTERVAL '3 days', NOW() + INTERVAL '27 days', false, NULL, 338, 47, 33, 7, NOW() - INTERVAL '7 days', NOW(), 0, '/posts/videos/room_64/video_01.mp4', '/rooms/images/room_64/image_01.jpg');
INSERT INTO post_images (post_id, image_order, image_url) VALUES (84, 0, '/rooms/images/room_64/image_01.jpg');
INSERT INTO post_images (post_id, image_order, image_url) VALUES (84, 1, '/rooms/images/room_64/image_02.jpg');
INSERT INTO post_images (post_id, image_order, image_url) VALUES (84, 2, '/rooms/images/room_64/image_03.jpg');
INSERT INTO post_images (post_id, image_order, image_url) VALUES (84, 3, '/rooms/images/room_64/image_04.jpg');
INSERT INTO post_images (post_id, image_order, image_url) VALUES (84, 4, '/rooms/images/room_64/image_05.jpg');
INSERT INTO post_images (post_id, image_order, image_url) VALUES (84, 5, '/rooms/images/room_64/image_06.jpg');
INSERT INTO post_images (post_id, image_order, image_url) VALUES (84, 6, '/rooms/images/room_64/image_07.jpg');
INSERT INTO post_images (post_id, image_order, image_url) VALUES (84, 7, '/rooms/images/room_64/image_08.jpg');

-- ==========================================
-- ROOM 85 near HCMUS - Dist: 3.72km - Price: 5,000,000
-- ==========================================
INSERT INTO rooms (id, landlord_id, room_number, address, province, district, ward, latitude, longitude, area, floor, max_occupancy, direction, has_windows, has_balcony, thumbnail_url, is_pet_friendly, is_parking_available, curfew, rules, view_count, favorite_count, created_at, updated_at, version, nearby_university_id, nearby_university_name, distance_to_university, nearest_bus_station)
VALUES (85, 2, 'P.334', 'Số 133 Bình Đường, Phường Tân Đông Hiệp, Dĩ An, Bình Dương', 'Bình Dương', 'Dĩ An', 'Tân Đông Hiệp', 10.893311, 106.828648, 44.0, 3, 3, 'NORTHEAST', true, true, '/rooms/images/room_65/image_01.jpg', true, true, '22:00', 'Giữ trật tự chung sau 22h, dọn dẹp vệ sinh phòng sạch sẽ, phòng cháy chữa cháy an toàn.', 170, 17, NOW() - INTERVAL '7 days', NOW(), 0, 5, 'Trường Đại học Khoa học Tự nhiên - ĐHQG TP.HCM (Cơ sở Dĩ An)', 3.72, 0.21);
INSERT INTO room_amenities (room_id, amenity_id) VALUES (85, 1) ON CONFLICT DO NOTHING;
INSERT INTO room_amenities (room_id, amenity_id) VALUES (85, 2) ON CONFLICT DO NOTHING;
INSERT INTO room_amenities (room_id, amenity_id) VALUES (85, 3) ON CONFLICT DO NOTHING;
INSERT INTO room_amenities (room_id, amenity_id) VALUES (85, 4) ON CONFLICT DO NOTHING;
INSERT INTO room_amenities (room_id, amenity_id) VALUES (85, 5) ON CONFLICT DO NOTHING;
INSERT INTO room_amenities (room_id, amenity_id) VALUES (85, 6) ON CONFLICT DO NOTHING;
INSERT INTO room_amenities (room_id, amenity_id) VALUES (85, 7) ON CONFLICT DO NOTHING;
INSERT INTO room_amenities (room_id, amenity_id) VALUES (85, 8) ON CONFLICT DO NOTHING;
INSERT INTO room_amenities (room_id, amenity_id) VALUES (85, 9) ON CONFLICT DO NOTHING;
INSERT INTO room_amenities (room_id, amenity_id) VALUES (85, 10) ON CONFLICT DO NOTHING;
INSERT INTO room_amenities (room_id, amenity_id) VALUES (85, 11) ON CONFLICT DO NOTHING;
INSERT INTO room_amenities (room_id, amenity_id) VALUES (85, 12) ON CONFLICT DO NOTHING;
INSERT INTO room_images (room_id, image_url) VALUES (85, '/rooms/images/room_65/image_01.jpg');
INSERT INTO room_images (room_id, image_url) VALUES (85, '/rooms/images/room_65/image_02.jpg');
INSERT INTO room_images (room_id, image_url) VALUES (85, '/rooms/images/room_65/image_03.jpg');
INSERT INTO room_images (room_id, image_url) VALUES (85, '/rooms/images/room_65/image_04.jpg');
INSERT INTO room_images (room_id, image_url) VALUES (85, '/rooms/images/room_65/image_05.jpg');
INSERT INTO room_images (room_id, image_url) VALUES (85, '/rooms/images/room_65/image_06.jpg');
INSERT INTO room_images (room_id, image_url) VALUES (85, '/rooms/images/room_65/image_07.jpg');
INSERT INTO room_images (room_id, image_url) VALUES (85, '/rooms/images/room_65/image_08.jpg');
INSERT INTO room_images (room_id, image_url) VALUES (85, '/rooms/images/room_65/image_09.jpg');
INSERT INTO room_images (room_id, image_url) VALUES (85, '/rooms/images/room_65/image_10.jpg');
INSERT INTO room_images (room_id, image_url) VALUES (85, '/rooms/images/room_65/image_11.jpg');
INSERT INTO room_images (room_id, image_url) VALUES (85, '/rooms/images/room_65/image_12.jpg');
INSERT INTO posts (id, landlord_id, room_id, title, description, price, deposit_amount, price_type, status, approved_by, approved_at, expires_at, is_boosted, boosted_until, view_count, favorite_count, contact_count, booking_count, created_at, updated_at, version, video_url, video_thumbnail)
VALUES (85, 2, 85, 'Căn hộ dịch vụ 1PN sang trọng, an ninh 44m2 cách HCMUS 3.72km - Bình Đường', '**Vị trí thuận tiện và yên tĩnh**
- Địa chỉ: Bình Đường, Phường Tân Đông Hiệp, Dĩ An.
- Chỉ cách khuôn viên trường Trường Đại học Khoa học Tự nhiên - ĐHQG TP.HCM (Cơ sở Dĩ An) (HCMUS) khoảng 3.72km. Việc đi học hàng ngày cực kỳ thuận tiện và nhanh chóng bằng xe máy, xe buýt hoặc đi bộ. Khu vực xung quanh cao ráo, không bị ngập nước, đường sá thông thoáng.

**Thiết kế căn phòng**
- Diện tích sử dụng: 44m2. Thiết kế tối ưu không gian, sạch sẽ, thoáng mát, thích hợp cho việc học tập lâu dài.
- Sở hữu cửa sổ lớn đón ánh sáng tự nhiên tốt, giữ phòng luôn khô ráo.
- Có ban công riêng đón gió mát mẻ, thuận tiện cho việc phơi đồ hoặc làm góc thư giãn.

**Các tiện ích lắp sẵn**
- Wifi internet tốc độ cao riêng biệt từng phòng
- Máy điều hòa nhiệt độ Inverter hoạt động êm ái, tiết kiệm điện
- Hệ thống nước nóng lạnh an toàn
- Chỗ để xe máy rộng rãi dưới tầng trệt, an ninh đảm bảo
- Tủ lạnh dung tích lớn tiện lợi lưu trữ đồ ăn
- Khu vực giặt sấy/máy giặt tiện nghi
- Kệ bếp nấu ăn thoáng khí, tủ bếp sạch sẽ

**An ninh và quy định**
- Hệ thống cửa cổng kiểm soát bằng khóa vân tay bảo mật cao kết hợp camera giám sát 24/7.
- Giờ đóng cổng: 22:00 đêm nhằm đảm bảo trật tự chung.
- Môi trường sống văn minh, hàng xóm chủ yếu là sinh viên ngoan ngoãn và nhân viên văn phòng lịch sự.

**Thông tin chi phí thuê**
- Giá thuê hàng tháng: 5,000,000 đ/tháng.
- Tiền đặt cọc: 5,000,000 đ (cam kết hoàn trả đầy đủ khi kết thúc hợp đồng theo đúng thỏa thuận).
- Chỉ số điện nước tính theo đồng hồ riêng gắn trước cửa phòng, cam kết thu đúng chỉ số tiêu thụ thực tế.', 5000000.0, 5000000.0, 'MONTHLY', 'APPROVED', 1, NOW() - INTERVAL '3 days', NOW() + INTERVAL '27 days', false, NULL, 279, 32, 38, 9, NOW() - INTERVAL '9 days', NOW(), 0, '/posts/videos/room_65/video_01.mp4', '/rooms/images/room_65/image_01.jpg');
INSERT INTO post_images (post_id, image_order, image_url) VALUES (85, 0, '/rooms/images/room_65/image_01.jpg');
INSERT INTO post_images (post_id, image_order, image_url) VALUES (85, 1, '/rooms/images/room_65/image_02.jpg');
INSERT INTO post_images (post_id, image_order, image_url) VALUES (85, 2, '/rooms/images/room_65/image_03.jpg');
INSERT INTO post_images (post_id, image_order, image_url) VALUES (85, 3, '/rooms/images/room_65/image_04.jpg');
INSERT INTO post_images (post_id, image_order, image_url) VALUES (85, 4, '/rooms/images/room_65/image_05.jpg');
INSERT INTO post_images (post_id, image_order, image_url) VALUES (85, 5, '/rooms/images/room_65/image_06.jpg');
INSERT INTO post_images (post_id, image_order, image_url) VALUES (85, 6, '/rooms/images/room_65/image_07.jpg');
INSERT INTO post_images (post_id, image_order, image_url) VALUES (85, 7, '/rooms/images/room_65/image_08.jpg');
INSERT INTO post_images (post_id, image_order, image_url) VALUES (85, 8, '/rooms/images/room_65/image_09.jpg');
INSERT INTO post_images (post_id, image_order, image_url) VALUES (85, 9, '/rooms/images/room_65/image_10.jpg');
INSERT INTO post_images (post_id, image_order, image_url) VALUES (85, 10, '/rooms/images/room_65/image_11.jpg');
INSERT INTO post_images (post_id, image_order, image_url) VALUES (85, 11, '/rooms/images/room_65/image_12.jpg');

-- ==========================================
-- ROOM 86 near IU - Dist: 1.84km - Price: 1,700,000
-- ==========================================
INSERT INTO rooms (id, landlord_id, room_number, address, province, district, ward, latitude, longitude, area, floor, max_occupancy, direction, has_windows, has_balcony, thumbnail_url, is_pet_friendly, is_parking_available, curfew, rules, view_count, favorite_count, created_at, updated_at, version, nearby_university_id, nearby_university_name, distance_to_university, nearest_bus_station)
VALUES (86, 3, 'P.363', 'Số 90 KDC Him Lam Phú Đông, Phường An Bình, Dĩ An, Bình Dương', 'Bình Dương', 'Dĩ An', 'An Bình', 10.889881, 106.813197, 16.0, 4, 2, 'NORTHEAST', true, false, '/rooms/images/room_66/image_01.jpg', false, true, '22:00', 'Giữ trật tự chung sau 22h, dọn dẹp vệ sinh phòng sạch sẽ, phòng cháy chữa cháy an toàn.', 173, 22, NOW() - INTERVAL '3 days', NOW(), 0, 6, 'Trường Đại học Quốc tế - ĐHQG TP.HCM', 1.84, 0.11);
INSERT INTO room_amenities (room_id, amenity_id) VALUES (86, 1) ON CONFLICT DO NOTHING;
INSERT INTO room_amenities (room_id, amenity_id) VALUES (86, 3) ON CONFLICT DO NOTHING;
INSERT INTO room_amenities (room_id, amenity_id) VALUES (86, 4) ON CONFLICT DO NOTHING;
INSERT INTO room_amenities (room_id, amenity_id) VALUES (86, 9) ON CONFLICT DO NOTHING;
INSERT INTO room_images (room_id, image_url) VALUES (86, '/rooms/images/room_66/image_01.jpg');
INSERT INTO room_images (room_id, image_url) VALUES (86, '/rooms/images/room_66/image_02.jpg');
INSERT INTO room_images (room_id, image_url) VALUES (86, '/rooms/images/room_66/image_03.jpg');
INSERT INTO posts (id, landlord_id, room_id, title, description, price, deposit_amount, price_type, status, approved_by, approved_at, expires_at, is_boosted, boosted_until, view_count, favorite_count, contact_count, booking_count, created_at, updated_at, version, video_url, video_thumbnail)
VALUES (86, 3, 86, 'Phòng trọ mini giá rẻ sinh viên 16m2 cách IU 1.84km - KDC Him Lam Phú Đông', '**Vị trí thuận tiện và yên tĩnh**
- Địa chỉ: KDC Him Lam Phú Đông, Phường An Bình, Dĩ An.
- Chỉ cách khuôn viên trường Trường Đại học Quốc tế - ĐHQG TP.HCM (IU) khoảng 1.84km. Việc đi học hàng ngày cực kỳ thuận tiện và nhanh chóng bằng xe máy, xe buýt hoặc đi bộ. Khu vực xung quanh cao ráo, không bị ngập nước, đường sá thông thoáng.

**Thiết kế căn phòng**
- Diện tích sử dụng: 16m2. Thiết kế tối ưu không gian, sạch sẽ, thoáng mát, thích hợp cho việc học tập lâu dài.
- Sở hữu cửa sổ lớn đón ánh sáng tự nhiên tốt, giữ phòng luôn khô ráo.

**Các tiện ích lắp sẵn**
- Wifi internet tốc độ cao riêng biệt từng phòng
- Hệ thống nước nóng lạnh an toàn
- Chỗ để xe máy rộng rãi dưới tầng trệt, an ninh đảm bảo
- Kệ bếp nấu ăn thoáng khí, tủ bếp sạch sẽ

**An ninh và quy định**
- Hệ thống cửa cổng kiểm soát bằng khóa vân tay bảo mật cao kết hợp camera giám sát 24/7.
- Giờ đóng cổng: 22:00 đêm nhằm đảm bảo trật tự chung.
- Môi trường sống văn minh, hàng xóm chủ yếu là sinh viên ngoan ngoãn và nhân viên văn phòng lịch sự.

**Thông tin chi phí thuê**
- Giá thuê hàng tháng: 1,700,000 đ/tháng.
- Tiền đặt cọc: 1,700,000 đ (cam kết hoàn trả đầy đủ khi kết thúc hợp đồng theo đúng thỏa thuận).
- Chỉ số điện nước tính theo đồng hồ riêng gắn trước cửa phòng, cam kết thu đúng chỉ số tiêu thụ thực tế.', 1700000.0, 1700000.0, 'MONTHLY', 'APPROVED', 1, NOW() - INTERVAL '3 days', NOW() + INTERVAL '27 days', false, NULL, 237, 58, 9, 12, NOW() - INTERVAL '3 days', NOW(), 0, '/posts/videos/room_66/video_01.mp4', '/rooms/images/room_66/image_01.jpg');
INSERT INTO post_images (post_id, image_order, image_url) VALUES (86, 0, '/rooms/images/room_66/image_01.jpg');
INSERT INTO post_images (post_id, image_order, image_url) VALUES (86, 1, '/rooms/images/room_66/image_02.jpg');
INSERT INTO post_images (post_id, image_order, image_url) VALUES (86, 2, '/rooms/images/room_66/image_03.jpg');

-- ==========================================
-- ROOM 87 near UEH - Dist: 4.55km - Price: 3,200,000
-- ==========================================
INSERT INTO rooms (id, landlord_id, room_number, address, province, district, ward, latitude, longitude, area, floor, max_occupancy, direction, has_windows, has_balcony, thumbnail_url, is_pet_friendly, is_parking_available, curfew, rules, view_count, favorite_count, created_at, updated_at, version, nearby_university_id, nearby_university_name, distance_to_university, nearest_bus_station)
VALUES (87, 4, 'P.371', 'Số 79 Nguyễn Đình Chiểu, Phường 5, Quận 3, TP Hồ Chí Minh', 'TP Hồ Chí Minh', 'Quận 3', 'Phường 5', 10.747274, 106.716781, 25.0, 1, 3, 'SOUTH', true, true, '/rooms/images/room_67/image_01.jpg', false, true, NULL, 'Giữ trật tự chung sau 22h, dọn dẹp vệ sinh phòng sạch sẽ, phòng cháy chữa cháy an toàn.', 111, 32, NOW() - INTERVAL '9 days', NOW(), 0, 7, 'Trường Đại học Kinh tế TP.HCM (Cơ sở A)', 4.55, 0.44);
INSERT INTO room_amenities (room_id, amenity_id) VALUES (87, 1) ON CONFLICT DO NOTHING;
INSERT INTO room_amenities (room_id, amenity_id) VALUES (87, 2) ON CONFLICT DO NOTHING;
INSERT INTO room_amenities (room_id, amenity_id) VALUES (87, 3) ON CONFLICT DO NOTHING;
INSERT INTO room_amenities (room_id, amenity_id) VALUES (87, 4) ON CONFLICT DO NOTHING;
INSERT INTO room_amenities (room_id, amenity_id) VALUES (87, 5) ON CONFLICT DO NOTHING;
INSERT INTO room_amenities (room_id, amenity_id) VALUES (87, 6) ON CONFLICT DO NOTHING;
INSERT INTO room_amenities (room_id, amenity_id) VALUES (87, 7) ON CONFLICT DO NOTHING;
INSERT INTO room_amenities (room_id, amenity_id) VALUES (87, 9) ON CONFLICT DO NOTHING;
INSERT INTO room_amenities (room_id, amenity_id) VALUES (87, 12) ON CONFLICT DO NOTHING;
INSERT INTO room_images (room_id, image_url) VALUES (87, '/rooms/images/room_67/image_01.jpg');
INSERT INTO room_images (room_id, image_url) VALUES (87, '/rooms/images/room_67/image_02.jpg');
INSERT INTO room_images (room_id, image_url) VALUES (87, '/rooms/images/room_67/image_03.jpg');
INSERT INTO room_images (room_id, image_url) VALUES (87, '/rooms/images/room_67/image_04.jpg');
INSERT INTO room_images (room_id, image_url) VALUES (87, '/rooms/images/room_67/image_05.jpg');
INSERT INTO posts (id, landlord_id, room_id, title, description, price, deposit_amount, price_type, status, approved_by, approved_at, expires_at, is_boosted, boosted_until, view_count, favorite_count, contact_count, booking_count, created_at, updated_at, version, video_url, video_thumbnail)
VALUES (87, 4, 87, 'Căn hộ Studio gác lửng full nội thất 25m2 cách UEH 4.55km - Nguyễn Đình Chiểu', '**Vị trí thuận tiện và yên tĩnh**
- Địa chỉ: Nguyễn Đình Chiểu, Phường 5, Quận 3.
- Chỉ cách khuôn viên trường Trường Đại học Kinh tế TP.HCM (Cơ sở A) (UEH) khoảng 4.55km. Việc đi học hàng ngày cực kỳ thuận tiện và nhanh chóng bằng xe máy, xe buýt hoặc đi bộ. Khu vực xung quanh cao ráo, không bị ngập nước, đường sá thông thoáng.

**Thiết kế căn phòng**
- Diện tích sử dụng: 25m2. Thiết kế tối ưu không gian, sạch sẽ, thoáng mát, thích hợp cho việc học tập lâu dài.
- Sở hữu cửa sổ lớn đón ánh sáng tự nhiên tốt, giữ phòng luôn khô ráo.
- Có ban công riêng đón gió mát mẻ, thuận tiện cho việc phơi đồ hoặc làm góc thư giãn.

**Các tiện ích lắp sẵn**
- Wifi internet tốc độ cao riêng biệt từng phòng
- Máy điều hòa nhiệt độ Inverter hoạt động êm ái, tiết kiệm điện
- Hệ thống nước nóng lạnh an toàn
- Chỗ để xe máy rộng rãi dưới tầng trệt, an ninh đảm bảo
- Tủ lạnh dung tích lớn tiện lợi lưu trữ đồ ăn
- Khu vực giặt sấy/máy giặt tiện nghi
- Kệ bếp nấu ăn thoáng khí, tủ bếp sạch sẽ

**An ninh và quy định**
- Hệ thống cửa cổng kiểm soát bằng khóa vân tay bảo mật cao kết hợp camera giám sát 24/7.
- Giờ giấc ra vào tự do thoải mái, không chung chủ.
- Môi trường sống văn minh, hàng xóm chủ yếu là sinh viên ngoan ngoãn và nhân viên văn phòng lịch sự.

**Thông tin chi phí thuê**
- Giá thuê hàng tháng: 3,200,000 đ/tháng.
- Tiền đặt cọc: 3,200,000 đ (cam kết hoàn trả đầy đủ khi kết thúc hợp đồng theo đúng thỏa thuận).
- Chỉ số điện nước tính theo đồng hồ riêng gắn trước cửa phòng, cam kết thu đúng chỉ số tiêu thụ thực tế.', 3200000.0, 3200000.0, 'MONTHLY', 'APPROVED', 1, NOW() - INTERVAL '3 days', NOW() + INTERVAL '27 days', false, NULL, 129, 43, 35, 6, NOW() - INTERVAL '7 days', NOW(), 0, '/posts/videos/room_67/video_01.mp4', '/rooms/images/room_67/image_01.jpg');
INSERT INTO post_images (post_id, image_order, image_url) VALUES (87, 0, '/rooms/images/room_67/image_01.jpg');
INSERT INTO post_images (post_id, image_order, image_url) VALUES (87, 1, '/rooms/images/room_67/image_02.jpg');
INSERT INTO post_images (post_id, image_order, image_url) VALUES (87, 2, '/rooms/images/room_67/image_03.jpg');
INSERT INTO post_images (post_id, image_order, image_url) VALUES (87, 3, '/rooms/images/room_67/image_04.jpg');
INSERT INTO post_images (post_id, image_order, image_url) VALUES (87, 4, '/rooms/images/room_67/image_05.jpg');

-- ==========================================
-- ROOM 88 near FTU2 - Dist: 4.55km - Price: 1,200,000
-- ==========================================
INSERT INTO rooms (id, landlord_id, room_number, address, province, district, ward, latitude, longitude, area, floor, max_occupancy, direction, has_windows, has_balcony, thumbnail_url, is_pet_friendly, is_parking_available, curfew, rules, view_count, favorite_count, created_at, updated_at, version, nearby_university_id, nearby_university_name, distance_to_university, nearest_bus_station)
VALUES (88, 2, 'P.101', 'Số 20 Xô Viết Nghệ Tĩnh, Phường 17, Bình Thạnh, TP Hồ Chí Minh', 'TP Hồ Chí Minh', 'Bình Thạnh', 'Phường 17', 10.842573, 106.70757, 29.0, 2, 6, 'EAST', true, false, '/rooms/images/room_68/image_01.jpg', false, false, '23:00', 'Giữ trật tự chung sau 22h, dọn dẹp vệ sinh phòng sạch sẽ, phòng cháy chữa cháy an toàn.', 164, 27, NOW() - INTERVAL '10 days', NOW(), 0, 8, 'Trường Đại học Ngoại thương - Cơ sở 2', 4.55, 0.29);
INSERT INTO room_amenities (room_id, amenity_id) VALUES (88, 1) ON CONFLICT DO NOTHING;
INSERT INTO room_amenities (room_id, amenity_id) VALUES (88, 2) ON CONFLICT DO NOTHING;
INSERT INTO room_amenities (room_id, amenity_id) VALUES (88, 3) ON CONFLICT DO NOTHING;
INSERT INTO room_amenities (room_id, amenity_id) VALUES (88, 4) ON CONFLICT DO NOTHING;
INSERT INTO room_amenities (room_id, amenity_id) VALUES (88, 5) ON CONFLICT DO NOTHING;
INSERT INTO room_amenities (room_id, amenity_id) VALUES (88, 7) ON CONFLICT DO NOTHING;
INSERT INTO room_amenities (room_id, amenity_id) VALUES (88, 11) ON CONFLICT DO NOTHING;
INSERT INTO room_amenities (room_id, amenity_id) VALUES (88, 12) ON CONFLICT DO NOTHING;
INSERT INTO room_images (room_id, image_url) VALUES (88, '/rooms/images/room_68/image_01.jpg');
INSERT INTO room_images (room_id, image_url) VALUES (88, '/rooms/images/room_68/image_02.jpg');
INSERT INTO room_images (room_id, image_url) VALUES (88, '/rooms/images/room_68/image_03.jpg');
INSERT INTO room_images (room_id, image_url) VALUES (88, '/rooms/images/room_68/image_04.jpg');
INSERT INTO room_images (room_id, image_url) VALUES (88, '/rooms/images/room_68/image_05.jpg');
INSERT INTO posts (id, landlord_id, room_id, title, description, price, deposit_amount, price_type, status, approved_by, approved_at, expires_at, is_boosted, boosted_until, view_count, favorite_count, contact_count, booking_count, created_at, updated_at, version, video_url, video_thumbnail)
VALUES (88, 2, 88, 'Sleepbox cao cấp tiện nghi, bảo mật 29m2 cách FTU2 4.55km - Xô Viết Nghệ Tĩnh', '**Vị trí thuận tiện và yên tĩnh**
- Địa chỉ: Xô Viết Nghệ Tĩnh, Phường 17, Bình Thạnh.
- Chỉ cách khuôn viên trường Trường Đại học Ngoại thương - Cơ sở 2 (FTU2) khoảng 4.55km. Việc đi học hàng ngày cực kỳ thuận tiện và nhanh chóng bằng xe máy, xe buýt hoặc đi bộ. Khu vực xung quanh cao ráo, không bị ngập nước, đường sá thông thoáng.

**Thiết kế căn phòng**
- Diện tích sử dụng: 29m2. Thiết kế tối ưu không gian, sạch sẽ, thoáng mát, thích hợp cho việc học tập lâu dài.
- Sở hữu cửa sổ lớn đón ánh sáng tự nhiên tốt, giữ phòng luôn khô ráo.

**Các tiện ích lắp sẵn**
- Wifi internet tốc độ cao riêng biệt từng phòng
- Máy điều hòa nhiệt độ Inverter hoạt động êm ái, tiết kiệm điện
- Hệ thống nước nóng lạnh an toàn
- Chỗ để xe máy rộng rãi dưới tầng trệt, an ninh đảm bảo
- Khu vực giặt sấy/máy giặt tiện nghi

**An ninh và quy định**
- Hệ thống cửa cổng kiểm soát bằng khóa vân tay bảo mật cao kết hợp camera giám sát 24/7.
- Giờ đóng cổng: 23:00 đêm nhằm đảm bảo trật tự chung.
- Môi trường sống văn minh, hàng xóm chủ yếu là sinh viên ngoan ngoãn và nhân viên văn phòng lịch sự.

**Thông tin chi phí thuê**
- Giá thuê hàng tháng: 1,200,000 đ/tháng.
- Tiền đặt cọc: 2,400,000 đ (cam kết hoàn trả đầy đủ khi kết thúc hợp đồng theo đúng thỏa thuận).
- Chỉ số điện nước tính theo đồng hồ riêng gắn trước cửa phòng, cam kết thu đúng chỉ số tiêu thụ thực tế.', 1200000.0, 2400000.0, 'MONTHLY', 'APPROVED', 1, NOW() - INTERVAL '3 days', NOW() + INTERVAL '27 days', false, NULL, 255, 67, 26, 7, NOW() - INTERVAL '3 days', NOW(), 0, '/posts/videos/room_68/video_01.mp4', '/rooms/images/room_68/image_01.jpg');
INSERT INTO post_images (post_id, image_order, image_url) VALUES (88, 0, '/rooms/images/room_68/image_01.jpg');
INSERT INTO post_images (post_id, image_order, image_url) VALUES (88, 1, '/rooms/images/room_68/image_02.jpg');
INSERT INTO post_images (post_id, image_order, image_url) VALUES (88, 2, '/rooms/images/room_68/image_03.jpg');
INSERT INTO post_images (post_id, image_order, image_url) VALUES (88, 3, '/rooms/images/room_68/image_04.jpg');
INSERT INTO post_images (post_id, image_order, image_url) VALUES (88, 4, '/rooms/images/room_68/image_05.jpg');

-- ==========================================
-- ROOM 89 near NLU - Dist: 2.8km - Price: 2,600,000
-- ==========================================
INSERT INTO rooms (id, landlord_id, room_number, address, province, district, ward, latitude, longitude, area, floor, max_occupancy, direction, has_windows, has_balcony, thumbnail_url, is_pet_friendly, is_parking_available, curfew, rules, view_count, favorite_count, created_at, updated_at, version, nearby_university_id, nearby_university_name, distance_to_university, nearest_bus_station)
VALUES (89, 3, 'P.523', 'Số 35 Nguyễn Văn Bá, Phường Linh Chiểu, Thủ Đức, TP Hồ Chí Minh', 'TP Hồ Chí Minh', 'Thủ Đức', 'Linh Chiểu', 10.845112, 106.783951, 19.0, 1, 2, 'SOUTHEAST', true, true, '/rooms/images/room_69/image_01.jpg', true, true, '22:00', 'Giữ trật tự chung sau 22h, dọn dẹp vệ sinh phòng sạch sẽ, phòng cháy chữa cháy an toàn.', 148, 19, NOW() - INTERVAL '6 days', NOW(), 0, 1, 'Trường Đại học Nông Lâm TP.HCM', 2.8, 0.38);
INSERT INTO room_amenities (room_id, amenity_id) VALUES (89, 1) ON CONFLICT DO NOTHING;
INSERT INTO room_amenities (room_id, amenity_id) VALUES (89, 2) ON CONFLICT DO NOTHING;
INSERT INTO room_amenities (room_id, amenity_id) VALUES (89, 3) ON CONFLICT DO NOTHING;
INSERT INTO room_amenities (room_id, amenity_id) VALUES (89, 4) ON CONFLICT DO NOTHING;
INSERT INTO room_amenities (room_id, amenity_id) VALUES (89, 5) ON CONFLICT DO NOTHING;
INSERT INTO room_amenities (room_id, amenity_id) VALUES (89, 6) ON CONFLICT DO NOTHING;
INSERT INTO room_amenities (room_id, amenity_id) VALUES (89, 9) ON CONFLICT DO NOTHING;
INSERT INTO room_images (room_id, image_url) VALUES (89, '/rooms/images/room_69/image_01.jpg');
INSERT INTO room_images (room_id, image_url) VALUES (89, '/rooms/images/room_69/image_02.jpg');
INSERT INTO room_images (room_id, image_url) VALUES (89, '/rooms/images/room_69/image_03.jpg');
INSERT INTO room_images (room_id, image_url) VALUES (89, '/rooms/images/room_69/image_04.jpg');
INSERT INTO room_images (room_id, image_url) VALUES (89, '/rooms/images/room_69/image_05.jpg');
INSERT INTO room_images (room_id, image_url) VALUES (89, '/rooms/images/room_69/image_06.jpg');
INSERT INTO room_images (room_id, image_url) VALUES (89, '/rooms/images/room_69/image_07.jpg');
INSERT INTO room_images (room_id, image_url) VALUES (89, '/rooms/images/room_69/image_08.jpg');
INSERT INTO room_images (room_id, image_url) VALUES (89, '/rooms/images/room_69/image_09.jpg');
INSERT INTO posts (id, landlord_id, room_id, title, description, price, deposit_amount, price_type, status, approved_by, approved_at, expires_at, is_boosted, boosted_until, view_count, favorite_count, contact_count, booking_count, created_at, updated_at, version, video_url, video_thumbnail)
VALUES (89, 3, 89, 'Phòng trọ ban công thoáng mát gần trường 19m2 cách NLU 2.8km - Nguyễn Văn Bá', '**Vị trí thuận tiện và yên tĩnh**
- Địa chỉ: Nguyễn Văn Bá, Phường Linh Chiểu, Thủ Đức.
- Chỉ cách khuôn viên trường Trường Đại học Nông Lâm TP.HCM (NLU) khoảng 2.80km. Việc đi học hàng ngày cực kỳ thuận tiện và nhanh chóng bằng xe máy, xe buýt hoặc đi bộ. Khu vực xung quanh cao ráo, không bị ngập nước, đường sá thông thoáng.

**Thiết kế căn phòng**
- Diện tích sử dụng: 19m2. Thiết kế tối ưu không gian, sạch sẽ, thoáng mát, thích hợp cho việc học tập lâu dài.
- Sở hữu cửa sổ lớn đón ánh sáng tự nhiên tốt, giữ phòng luôn khô ráo.
- Có ban công riêng đón gió mát mẻ, thuận tiện cho việc phơi đồ hoặc làm góc thư giãn.

**Các tiện ích lắp sẵn**
- Wifi internet tốc độ cao riêng biệt từng phòng
- Máy điều hòa nhiệt độ Inverter hoạt động êm ái, tiết kiệm điện
- Hệ thống nước nóng lạnh an toàn
- Chỗ để xe máy rộng rãi dưới tầng trệt, an ninh đảm bảo
- Tủ lạnh dung tích lớn tiện lợi lưu trữ đồ ăn
- Kệ bếp nấu ăn thoáng khí, tủ bếp sạch sẽ

**An ninh và quy định**
- Hệ thống cửa cổng kiểm soát bằng khóa vân tay bảo mật cao kết hợp camera giám sát 24/7.
- Giờ đóng cổng: 22:00 đêm nhằm đảm bảo trật tự chung.
- Môi trường sống văn minh, hàng xóm chủ yếu là sinh viên ngoan ngoãn và nhân viên văn phòng lịch sự.

**Thông tin chi phí thuê**
- Giá thuê hàng tháng: 2,600,000 đ/tháng.
- Tiền đặt cọc: 5,200,000 đ (cam kết hoàn trả đầy đủ khi kết thúc hợp đồng theo đúng thỏa thuận).
- Chỉ số điện nước tính theo đồng hồ riêng gắn trước cửa phòng, cam kết thu đúng chỉ số tiêu thụ thực tế.', 2600000.0, 5200000.0, 'MONTHLY', 'APPROVED', 1, NOW() - INTERVAL '3 days', NOW() + INTERVAL '27 days', false, NULL, 170, 58, 23, 3, NOW() - INTERVAL '7 days', NOW(), 0, '/posts/videos/room_69/video_01.mp4', '/rooms/images/room_69/image_01.jpg');
INSERT INTO post_images (post_id, image_order, image_url) VALUES (89, 0, '/rooms/images/room_69/image_01.jpg');
INSERT INTO post_images (post_id, image_order, image_url) VALUES (89, 1, '/rooms/images/room_69/image_02.jpg');
INSERT INTO post_images (post_id, image_order, image_url) VALUES (89, 2, '/rooms/images/room_69/image_03.jpg');
INSERT INTO post_images (post_id, image_order, image_url) VALUES (89, 3, '/rooms/images/room_69/image_04.jpg');
INSERT INTO post_images (post_id, image_order, image_url) VALUES (89, 4, '/rooms/images/room_69/image_05.jpg');
INSERT INTO post_images (post_id, image_order, image_url) VALUES (89, 5, '/rooms/images/room_69/image_06.jpg');
INSERT INTO post_images (post_id, image_order, image_url) VALUES (89, 6, '/rooms/images/room_69/image_07.jpg');
INSERT INTO post_images (post_id, image_order, image_url) VALUES (89, 7, '/rooms/images/room_69/image_08.jpg');
INSERT INTO post_images (post_id, image_order, image_url) VALUES (89, 8, '/rooms/images/room_69/image_09.jpg');

-- ==========================================
-- ROOM 90 near HCMUTE - Dist: 2.17km - Price: 6,200,000
-- ==========================================
INSERT INTO rooms (id, landlord_id, room_number, address, province, district, ward, latitude, longitude, area, floor, max_occupancy, direction, has_windows, has_balcony, thumbnail_url, is_pet_friendly, is_parking_available, curfew, rules, view_count, favorite_count, created_at, updated_at, version, nearby_university_id, nearby_university_name, distance_to_university, nearest_bus_station)
VALUES (90, 4, 'P.399', 'Số 50 Hoàng Diệu 2, Phường Linh Trung, Thủ Đức, TP Hồ Chí Minh', 'TP Hồ Chí Minh', 'Thủ Đức', 'Linh Trung', 10.868422, 106.762191, 41.0, 1, 3, 'EAST', true, true, '/rooms/images/room_70/image_01.jpg', true, true, NULL, 'Giữ trật tự chung sau 22h, dọn dẹp vệ sinh phòng sạch sẽ, phòng cháy chữa cháy an toàn.', 56, 39, NOW() - INTERVAL '3 days', NOW(), 0, 2, 'Trường Đại học Sư phạm Kỹ thuật TP.HCM', 2.17, 0.31);
INSERT INTO room_amenities (room_id, amenity_id) VALUES (90, 1) ON CONFLICT DO NOTHING;
INSERT INTO room_amenities (room_id, amenity_id) VALUES (90, 2) ON CONFLICT DO NOTHING;
INSERT INTO room_amenities (room_id, amenity_id) VALUES (90, 3) ON CONFLICT DO NOTHING;
INSERT INTO room_amenities (room_id, amenity_id) VALUES (90, 4) ON CONFLICT DO NOTHING;
INSERT INTO room_amenities (room_id, amenity_id) VALUES (90, 5) ON CONFLICT DO NOTHING;
INSERT INTO room_amenities (room_id, amenity_id) VALUES (90, 6) ON CONFLICT DO NOTHING;
INSERT INTO room_amenities (room_id, amenity_id) VALUES (90, 7) ON CONFLICT DO NOTHING;
INSERT INTO room_amenities (room_id, amenity_id) VALUES (90, 8) ON CONFLICT DO NOTHING;
INSERT INTO room_amenities (room_id, amenity_id) VALUES (90, 9) ON CONFLICT DO NOTHING;
INSERT INTO room_amenities (room_id, amenity_id) VALUES (90, 10) ON CONFLICT DO NOTHING;
INSERT INTO room_amenities (room_id, amenity_id) VALUES (90, 11) ON CONFLICT DO NOTHING;
INSERT INTO room_amenities (room_id, amenity_id) VALUES (90, 12) ON CONFLICT DO NOTHING;
INSERT INTO room_images (room_id, image_url) VALUES (90, '/rooms/images/room_70/image_01.jpg');
INSERT INTO room_images (room_id, image_url) VALUES (90, '/rooms/images/room_70/image_02.jpg');
INSERT INTO room_images (room_id, image_url) VALUES (90, '/rooms/images/room_70/image_03.jpg');
INSERT INTO room_images (room_id, image_url) VALUES (90, '/rooms/images/room_70/image_04.jpg');
INSERT INTO room_images (room_id, image_url) VALUES (90, '/rooms/images/room_70/image_05.jpg');
INSERT INTO posts (id, landlord_id, room_id, title, description, price, deposit_amount, price_type, status, approved_by, approved_at, expires_at, is_boosted, boosted_until, view_count, favorite_count, contact_count, booking_count, created_at, updated_at, version, video_url, video_thumbnail)
VALUES (90, 4, 90, 'Căn hộ dịch vụ 1PN sang trọng, an ninh 41m2 cách HCMUTE 2.17km - Hoàng Diệu 2', '**Vị trí thuận tiện và yên tĩnh**
- Địa chỉ: Hoàng Diệu 2, Phường Linh Trung, Thủ Đức.
- Chỉ cách khuôn viên trường Trường Đại học Sư phạm Kỹ thuật TP.HCM (HCMUTE) khoảng 2.17km. Việc đi học hàng ngày cực kỳ thuận tiện và nhanh chóng bằng xe máy, xe buýt hoặc đi bộ. Khu vực xung quanh cao ráo, không bị ngập nước, đường sá thông thoáng.

**Thiết kế căn phòng**
- Diện tích sử dụng: 41m2. Thiết kế tối ưu không gian, sạch sẽ, thoáng mát, thích hợp cho việc học tập lâu dài.
- Sở hữu cửa sổ lớn đón ánh sáng tự nhiên tốt, giữ phòng luôn khô ráo.
- Có ban công riêng đón gió mát mẻ, thuận tiện cho việc phơi đồ hoặc làm góc thư giãn.

**Các tiện ích lắp sẵn**
- Wifi internet tốc độ cao riêng biệt từng phòng
- Máy điều hòa nhiệt độ Inverter hoạt động êm ái, tiết kiệm điện
- Hệ thống nước nóng lạnh an toàn
- Chỗ để xe máy rộng rãi dưới tầng trệt, an ninh đảm bảo
- Tủ lạnh dung tích lớn tiện lợi lưu trữ đồ ăn
- Khu vực giặt sấy/máy giặt tiện nghi
- Kệ bếp nấu ăn thoáng khí, tủ bếp sạch sẽ

**An ninh và quy định**
- Hệ thống cửa cổng kiểm soát bằng khóa vân tay bảo mật cao kết hợp camera giám sát 24/7.
- Giờ giấc ra vào tự do thoải mái, không chung chủ.
- Môi trường sống văn minh, hàng xóm chủ yếu là sinh viên ngoan ngoãn và nhân viên văn phòng lịch sự.

**Thông tin chi phí thuê**
- Giá thuê hàng tháng: 6,200,000 đ/tháng.
- Tiền đặt cọc: 12,400,000 đ (cam kết hoàn trả đầy đủ khi kết thúc hợp đồng theo đúng thỏa thuận).
- Chỉ số điện nước tính theo đồng hồ riêng gắn trước cửa phòng, cam kết thu đúng chỉ số tiêu thụ thực tế.', 6200000.0, 12400000.0, 'MONTHLY', 'APPROVED', 1, NOW() - INTERVAL '3 days', NOW() + INTERVAL '27 days', false, NULL, 408, 19, 22, 5, NOW() - INTERVAL '8 days', NOW(), 0, '/posts/videos/room_70/video_01.mp4', '/rooms/images/room_70/image_01.jpg');
INSERT INTO post_images (post_id, image_order, image_url) VALUES (90, 0, '/rooms/images/room_70/image_01.jpg');
INSERT INTO post_images (post_id, image_order, image_url) VALUES (90, 1, '/rooms/images/room_70/image_02.jpg');
INSERT INTO post_images (post_id, image_order, image_url) VALUES (90, 2, '/rooms/images/room_70/image_03.jpg');
INSERT INTO post_images (post_id, image_order, image_url) VALUES (90, 3, '/rooms/images/room_70/image_04.jpg');
INSERT INTO post_images (post_id, image_order, image_url) VALUES (90, 4, '/rooms/images/room_70/image_05.jpg');

-- ==========================================
-- ROOM 91 near UIT - Dist: 4.67km - Price: 1,200,000
-- ==========================================
INSERT INTO rooms (id, landlord_id, room_number, address, province, district, ward, latitude, longitude, area, floor, max_occupancy, direction, has_windows, has_balcony, thumbnail_url, is_pet_friendly, is_parking_available, curfew, rules, view_count, favorite_count, created_at, updated_at, version, nearby_university_id, nearby_university_name, distance_to_university, nearest_bus_station)
VALUES (91, 2, 'P.112', 'Số 86 Song Hành, Phường Tăng Nhơn Phú A, Thủ Đức, TP Hồ Chí Minh', 'TP Hồ Chí Minh', 'Thủ Đức', 'Tăng Nhơn Phú A', 10.871537, 106.760307, 16.0, 6, 2, 'WEST', true, false, '/rooms/images/room_71/image_01.jpg', false, true, NULL, 'Giữ trật tự chung sau 22h, dọn dẹp vệ sinh phòng sạch sẽ, phòng cháy chữa cháy an toàn.', 296, 15, NOW() - INTERVAL '14 days', NOW(), 0, 3, 'Trường Đại học Công nghệ thông tin - ĐHQG TP.HCM', 4.67, 0.31);
INSERT INTO room_amenities (room_id, amenity_id) VALUES (91, 1) ON CONFLICT DO NOTHING;
INSERT INTO room_amenities (room_id, amenity_id) VALUES (91, 3) ON CONFLICT DO NOTHING;
INSERT INTO room_amenities (room_id, amenity_id) VALUES (91, 4) ON CONFLICT DO NOTHING;
INSERT INTO room_amenities (room_id, amenity_id) VALUES (91, 9) ON CONFLICT DO NOTHING;
INSERT INTO room_images (room_id, image_url) VALUES (91, '/rooms/images/room_71/image_01.jpg');
INSERT INTO room_images (room_id, image_url) VALUES (91, '/rooms/images/room_71/image_02.jpg');
INSERT INTO room_images (room_id, image_url) VALUES (91, '/rooms/images/room_71/image_03.jpg');
INSERT INTO room_images (room_id, image_url) VALUES (91, '/rooms/images/room_71/image_04.jpg');
INSERT INTO room_images (room_id, image_url) VALUES (91, '/rooms/images/room_71/image_05.jpg');
INSERT INTO room_images (room_id, image_url) VALUES (91, '/rooms/images/room_71/image_06.jpg');
INSERT INTO posts (id, landlord_id, room_id, title, description, price, deposit_amount, price_type, status, approved_by, approved_at, expires_at, is_boosted, boosted_until, view_count, favorite_count, contact_count, booking_count, created_at, updated_at, version, video_url, video_thumbnail)
VALUES (91, 2, 91, 'Phòng trọ mini giá rẻ sinh viên 16m2 cách UIT 4.67km - Song Hành', '**Vị trí thuận tiện và yên tĩnh**
- Địa chỉ: Song Hành, Phường Tăng Nhơn Phú A, Thủ Đức.
- Chỉ cách khuôn viên trường Trường Đại học Công nghệ thông tin - ĐHQG TP.HCM (UIT) khoảng 4.67km. Việc đi học hàng ngày cực kỳ thuận tiện và nhanh chóng bằng xe máy, xe buýt hoặc đi bộ. Khu vực xung quanh cao ráo, không bị ngập nước, đường sá thông thoáng.

**Thiết kế căn phòng**
- Diện tích sử dụng: 16m2. Thiết kế tối ưu không gian, sạch sẽ, thoáng mát, thích hợp cho việc học tập lâu dài.
- Sở hữu cửa sổ lớn đón ánh sáng tự nhiên tốt, giữ phòng luôn khô ráo.

**Các tiện ích lắp sẵn**
- Wifi internet tốc độ cao riêng biệt từng phòng
- Hệ thống nước nóng lạnh an toàn
- Chỗ để xe máy rộng rãi dưới tầng trệt, an ninh đảm bảo
- Kệ bếp nấu ăn thoáng khí, tủ bếp sạch sẽ

**An ninh và quy định**
- Hệ thống cửa cổng kiểm soát bằng khóa vân tay bảo mật cao kết hợp camera giám sát 24/7.
- Giờ giấc ra vào tự do thoải mái, không chung chủ.
- Môi trường sống văn minh, hàng xóm chủ yếu là sinh viên ngoan ngoãn và nhân viên văn phòng lịch sự.

**Thông tin chi phí thuê**
- Giá thuê hàng tháng: 1,200,000 đ/tháng.
- Tiền đặt cọc: 1,200,000 đ (cam kết hoàn trả đầy đủ khi kết thúc hợp đồng theo đúng thỏa thuận).
- Chỉ số điện nước tính theo đồng hồ riêng gắn trước cửa phòng, cam kết thu đúng chỉ số tiêu thụ thực tế.', 1200000.0, 1200000.0, 'MONTHLY', 'APPROVED', 1, NOW() - INTERVAL '3 days', NOW() + INTERVAL '27 days', false, NULL, 488, 75, 16, 7, NOW() - INTERVAL '8 days', NOW(), 0, '/posts/videos/room_71/video_01.mp4', '/rooms/images/room_71/image_01.jpg');
INSERT INTO post_images (post_id, image_order, image_url) VALUES (91, 0, '/rooms/images/room_71/image_01.jpg');
INSERT INTO post_images (post_id, image_order, image_url) VALUES (91, 1, '/rooms/images/room_71/image_02.jpg');
INSERT INTO post_images (post_id, image_order, image_url) VALUES (91, 2, '/rooms/images/room_71/image_03.jpg');
INSERT INTO post_images (post_id, image_order, image_url) VALUES (91, 3, '/rooms/images/room_71/image_04.jpg');
INSERT INTO post_images (post_id, image_order, image_url) VALUES (91, 4, '/rooms/images/room_71/image_05.jpg');
INSERT INTO post_images (post_id, image_order, image_url) VALUES (91, 5, '/rooms/images/room_71/image_06.jpg');

-- ==========================================
-- ROOM 92 near HCMUT - Dist: 5.0km - Price: 2,800,000
-- ==========================================
INSERT INTO rooms (id, landlord_id, room_number, address, province, district, ward, latitude, longitude, area, floor, max_occupancy, direction, has_windows, has_balcony, thumbnail_url, is_pet_friendly, is_parking_available, curfew, rules, view_count, favorite_count, created_at, updated_at, version, nearby_university_id, nearby_university_name, distance_to_university, nearest_bus_station)
VALUES (92, 3, 'P.433', 'Số 132 Bình Đường, Phường Đông Hòa, Dĩ An, Bình Dương', 'Bình Dương', 'Dĩ An', 'Đông Hòa', 10.916046, 106.834516, 28.0, 7, 3, 'SOUTH', true, true, '/rooms/images/room_72/image_01.jpg', false, true, '22:00', 'Giữ trật tự chung sau 22h, dọn dẹp vệ sinh phòng sạch sẽ, phòng cháy chữa cháy an toàn.', 242, 38, NOW() - INTERVAL '4 days', NOW(), 0, 4, 'Trường Đại học Bách Khoa - ĐHQG TP.HCM (Cơ sở Dĩ An)', 5.0, 0.29);
INSERT INTO room_amenities (room_id, amenity_id) VALUES (92, 1) ON CONFLICT DO NOTHING;
INSERT INTO room_amenities (room_id, amenity_id) VALUES (92, 2) ON CONFLICT DO NOTHING;
INSERT INTO room_amenities (room_id, amenity_id) VALUES (92, 3) ON CONFLICT DO NOTHING;
INSERT INTO room_amenities (room_id, amenity_id) VALUES (92, 4) ON CONFLICT DO NOTHING;
INSERT INTO room_amenities (room_id, amenity_id) VALUES (92, 5) ON CONFLICT DO NOTHING;
INSERT INTO room_amenities (room_id, amenity_id) VALUES (92, 6) ON CONFLICT DO NOTHING;
INSERT INTO room_amenities (room_id, amenity_id) VALUES (92, 7) ON CONFLICT DO NOTHING;
INSERT INTO room_amenities (room_id, amenity_id) VALUES (92, 9) ON CONFLICT DO NOTHING;
INSERT INTO room_amenities (room_id, amenity_id) VALUES (92, 12) ON CONFLICT DO NOTHING;
INSERT INTO room_images (room_id, image_url) VALUES (92, '/rooms/images/room_72/image_01.jpg');
INSERT INTO room_images (room_id, image_url) VALUES (92, '/rooms/images/room_72/image_02.jpg');
INSERT INTO room_images (room_id, image_url) VALUES (92, '/rooms/images/room_72/image_03.jpg');
INSERT INTO room_images (room_id, image_url) VALUES (92, '/rooms/images/room_72/image_04.jpg');
INSERT INTO room_images (room_id, image_url) VALUES (92, '/rooms/images/room_72/image_05.jpg');
INSERT INTO room_images (room_id, image_url) VALUES (92, '/rooms/images/room_72/image_06.jpg');
INSERT INTO room_images (room_id, image_url) VALUES (92, '/rooms/images/room_72/image_07.jpg');
INSERT INTO room_images (room_id, image_url) VALUES (92, '/rooms/images/room_72/image_08.jpg');
INSERT INTO room_images (room_id, image_url) VALUES (92, '/rooms/images/room_72/image_09.jpg');
INSERT INTO room_images (room_id, image_url) VALUES (92, '/rooms/images/room_72/image_10.jpg');
INSERT INTO room_images (room_id, image_url) VALUES (92, '/rooms/images/room_72/image_11.jpg');
INSERT INTO room_images (room_id, image_url) VALUES (92, '/rooms/images/room_72/image_12.jpg');
INSERT INTO posts (id, landlord_id, room_id, title, description, price, deposit_amount, price_type, status, approved_by, approved_at, expires_at, is_boosted, boosted_until, view_count, favorite_count, contact_count, booking_count, created_at, updated_at, version, video_url, video_thumbnail)
VALUES (92, 3, 92, 'Căn hộ Studio gác lửng full nội thất 28m2 cách HCMUT 5.0km - Bình Đường', '**Vị trí thuận tiện và yên tĩnh**
- Địa chỉ: Bình Đường, Phường Đông Hòa, Dĩ An.
- Chỉ cách khuôn viên trường Trường Đại học Bách Khoa - ĐHQG TP.HCM (Cơ sở Dĩ An) (HCMUT) khoảng 5.00km. Việc đi học hàng ngày cực kỳ thuận tiện và nhanh chóng bằng xe máy, xe buýt hoặc đi bộ. Khu vực xung quanh cao ráo, không bị ngập nước, đường sá thông thoáng.

**Thiết kế căn phòng**
- Diện tích sử dụng: 28m2. Thiết kế tối ưu không gian, sạch sẽ, thoáng mát, thích hợp cho việc học tập lâu dài.
- Sở hữu cửa sổ lớn đón ánh sáng tự nhiên tốt, giữ phòng luôn khô ráo.
- Có ban công riêng đón gió mát mẻ, thuận tiện cho việc phơi đồ hoặc làm góc thư giãn.

**Các tiện ích lắp sẵn**
- Wifi internet tốc độ cao riêng biệt từng phòng
- Máy điều hòa nhiệt độ Inverter hoạt động êm ái, tiết kiệm điện
- Hệ thống nước nóng lạnh an toàn
- Chỗ để xe máy rộng rãi dưới tầng trệt, an ninh đảm bảo
- Tủ lạnh dung tích lớn tiện lợi lưu trữ đồ ăn
- Khu vực giặt sấy/máy giặt tiện nghi
- Kệ bếp nấu ăn thoáng khí, tủ bếp sạch sẽ

**An ninh và quy định**
- Hệ thống cửa cổng kiểm soát bằng khóa vân tay bảo mật cao kết hợp camera giám sát 24/7.
- Giờ đóng cổng: 22:00 đêm nhằm đảm bảo trật tự chung.
- Môi trường sống văn minh, hàng xóm chủ yếu là sinh viên ngoan ngoãn và nhân viên văn phòng lịch sự.

**Thông tin chi phí thuê**
- Giá thuê hàng tháng: 2,800,000 đ/tháng.
- Tiền đặt cọc: 5,600,000 đ (cam kết hoàn trả đầy đủ khi kết thúc hợp đồng theo đúng thỏa thuận).
- Chỉ số điện nước tính theo đồng hồ riêng gắn trước cửa phòng, cam kết thu đúng chỉ số tiêu thụ thực tế.', 2800000.0, 5600000.0, 'MONTHLY', 'APPROVED', 1, NOW() - INTERVAL '3 days', NOW() + INTERVAL '27 days', false, NULL, 328, 20, 15, 5, NOW() - INTERVAL '9 days', NOW(), 0, '/posts/videos/room_72/video_01.mp4', '/rooms/images/room_72/image_01.jpg');
INSERT INTO post_images (post_id, image_order, image_url) VALUES (92, 0, '/rooms/images/room_72/image_01.jpg');
INSERT INTO post_images (post_id, image_order, image_url) VALUES (92, 1, '/rooms/images/room_72/image_02.jpg');
INSERT INTO post_images (post_id, image_order, image_url) VALUES (92, 2, '/rooms/images/room_72/image_03.jpg');
INSERT INTO post_images (post_id, image_order, image_url) VALUES (92, 3, '/rooms/images/room_72/image_04.jpg');
INSERT INTO post_images (post_id, image_order, image_url) VALUES (92, 4, '/rooms/images/room_72/image_05.jpg');
INSERT INTO post_images (post_id, image_order, image_url) VALUES (92, 5, '/rooms/images/room_72/image_06.jpg');
INSERT INTO post_images (post_id, image_order, image_url) VALUES (92, 6, '/rooms/images/room_72/image_07.jpg');
INSERT INTO post_images (post_id, image_order, image_url) VALUES (92, 7, '/rooms/images/room_72/image_08.jpg');
INSERT INTO post_images (post_id, image_order, image_url) VALUES (92, 8, '/rooms/images/room_72/image_09.jpg');
INSERT INTO post_images (post_id, image_order, image_url) VALUES (92, 9, '/rooms/images/room_72/image_10.jpg');
INSERT INTO post_images (post_id, image_order, image_url) VALUES (92, 10, '/rooms/images/room_72/image_11.jpg');
INSERT INTO post_images (post_id, image_order, image_url) VALUES (92, 11, '/rooms/images/room_72/image_12.jpg');

-- ==========================================
-- ROOM 93 near HCMUS - Dist: 2.64km - Price: 1,600,000
-- ==========================================
INSERT INTO rooms (id, landlord_id, room_number, address, province, district, ward, latitude, longitude, area, floor, max_occupancy, direction, has_windows, has_balcony, thumbnail_url, is_pet_friendly, is_parking_available, curfew, rules, view_count, favorite_count, created_at, updated_at, version, nearby_university_id, nearby_university_name, distance_to_university, nearest_bus_station)
VALUES (93, 4, 'P.534', 'Số 44 Trần Hưng Đạo, Phường An Bình, Dĩ An, Bình Dương', 'Bình Dương', 'Dĩ An', 'An Bình', 10.852593, 106.793812, 38.0, 1, 6, 'SOUTH', true, false, '/rooms/images/room_73/image_01.jpg', false, false, '23:00', 'Giữ trật tự chung sau 22h, dọn dẹp vệ sinh phòng sạch sẽ, phòng cháy chữa cháy an toàn.', 208, 17, NOW() - INTERVAL '12 days', NOW(), 0, 5, 'Trường Đại học Khoa học Tự nhiên - ĐHQG TP.HCM (Cơ sở Dĩ An)', 2.64, 0.44);
INSERT INTO room_amenities (room_id, amenity_id) VALUES (93, 1) ON CONFLICT DO NOTHING;
INSERT INTO room_amenities (room_id, amenity_id) VALUES (93, 2) ON CONFLICT DO NOTHING;
INSERT INTO room_amenities (room_id, amenity_id) VALUES (93, 3) ON CONFLICT DO NOTHING;
INSERT INTO room_amenities (room_id, amenity_id) VALUES (93, 4) ON CONFLICT DO NOTHING;
INSERT INTO room_amenities (room_id, amenity_id) VALUES (93, 5) ON CONFLICT DO NOTHING;
INSERT INTO room_amenities (room_id, amenity_id) VALUES (93, 7) ON CONFLICT DO NOTHING;
INSERT INTO room_amenities (room_id, amenity_id) VALUES (93, 11) ON CONFLICT DO NOTHING;
INSERT INTO room_amenities (room_id, amenity_id) VALUES (93, 12) ON CONFLICT DO NOTHING;
INSERT INTO room_images (room_id, image_url) VALUES (93, '/rooms/images/room_73/image_01.jpg');
INSERT INTO room_images (room_id, image_url) VALUES (93, '/rooms/images/room_73/image_02.jpg');
INSERT INTO room_images (room_id, image_url) VALUES (93, '/rooms/images/room_73/image_03.jpg');
INSERT INTO room_images (room_id, image_url) VALUES (93, '/rooms/images/room_73/image_04.jpg');
INSERT INTO room_images (room_id, image_url) VALUES (93, '/rooms/images/room_73/image_05.jpg');
INSERT INTO room_images (room_id, image_url) VALUES (93, '/rooms/images/room_73/image_06.jpg');
INSERT INTO room_images (room_id, image_url) VALUES (93, '/rooms/images/room_73/image_07.jpg');
INSERT INTO posts (id, landlord_id, room_id, title, description, price, deposit_amount, price_type, status, approved_by, approved_at, expires_at, is_boosted, boosted_until, view_count, favorite_count, contact_count, booking_count, created_at, updated_at, version, video_url, video_thumbnail)
VALUES (93, 4, 93, 'Sleepbox cao cấp tiện nghi, bảo mật 38m2 cách HCMUS 2.64km - Trần Hưng Đạo', '**Vị trí thuận tiện và yên tĩnh**
- Địa chỉ: Trần Hưng Đạo, Phường An Bình, Dĩ An.
- Chỉ cách khuôn viên trường Trường Đại học Khoa học Tự nhiên - ĐHQG TP.HCM (Cơ sở Dĩ An) (HCMUS) khoảng 2.64km. Việc đi học hàng ngày cực kỳ thuận tiện và nhanh chóng bằng xe máy, xe buýt hoặc đi bộ. Khu vực xung quanh cao ráo, không bị ngập nước, đường sá thông thoáng.

**Thiết kế căn phòng**
- Diện tích sử dụng: 38m2. Thiết kế tối ưu không gian, sạch sẽ, thoáng mát, thích hợp cho việc học tập lâu dài.
- Sở hữu cửa sổ lớn đón ánh sáng tự nhiên tốt, giữ phòng luôn khô ráo.

**Các tiện ích lắp sẵn**
- Wifi internet tốc độ cao riêng biệt từng phòng
- Máy điều hòa nhiệt độ Inverter hoạt động êm ái, tiết kiệm điện
- Hệ thống nước nóng lạnh an toàn
- Chỗ để xe máy rộng rãi dưới tầng trệt, an ninh đảm bảo
- Khu vực giặt sấy/máy giặt tiện nghi

**An ninh và quy định**
- Hệ thống cửa cổng kiểm soát bằng khóa vân tay bảo mật cao kết hợp camera giám sát 24/7.
- Giờ đóng cổng: 23:00 đêm nhằm đảm bảo trật tự chung.
- Môi trường sống văn minh, hàng xóm chủ yếu là sinh viên ngoan ngoãn và nhân viên văn phòng lịch sự.

**Thông tin chi phí thuê**
- Giá thuê hàng tháng: 1,600,000 đ/tháng.
- Tiền đặt cọc: 1,600,000 đ (cam kết hoàn trả đầy đủ khi kết thúc hợp đồng theo đúng thỏa thuận).
- Chỉ số điện nước tính theo đồng hồ riêng gắn trước cửa phòng, cam kết thu đúng chỉ số tiêu thụ thực tế.', 1600000.0, 1600000.0, 'MONTHLY', 'APPROVED', 1, NOW() - INTERVAL '3 days', NOW() + INTERVAL '27 days', false, NULL, 447, 16, 30, 8, NOW() - INTERVAL '3 days', NOW(), 0, '/posts/videos/room_73/video_01.mp4', '/rooms/images/room_73/image_01.jpg');
INSERT INTO post_images (post_id, image_order, image_url) VALUES (93, 0, '/rooms/images/room_73/image_01.jpg');
INSERT INTO post_images (post_id, image_order, image_url) VALUES (93, 1, '/rooms/images/room_73/image_02.jpg');
INSERT INTO post_images (post_id, image_order, image_url) VALUES (93, 2, '/rooms/images/room_73/image_03.jpg');
INSERT INTO post_images (post_id, image_order, image_url) VALUES (93, 3, '/rooms/images/room_73/image_04.jpg');
INSERT INTO post_images (post_id, image_order, image_url) VALUES (93, 4, '/rooms/images/room_73/image_05.jpg');
INSERT INTO post_images (post_id, image_order, image_url) VALUES (93, 5, '/rooms/images/room_73/image_06.jpg');
INSERT INTO post_images (post_id, image_order, image_url) VALUES (93, 6, '/rooms/images/room_73/image_07.jpg');

-- ==========================================
-- ROOM 94 near IU - Dist: 2.57km - Price: 2,500,000
-- ==========================================
INSERT INTO rooms (id, landlord_id, room_number, address, province, district, ward, latitude, longitude, area, floor, max_occupancy, direction, has_windows, has_balcony, thumbnail_url, is_pet_friendly, is_parking_available, curfew, rules, view_count, favorite_count, created_at, updated_at, version, nearby_university_id, nearby_university_name, distance_to_university, nearest_bus_station)
VALUES (94, 2, 'P.463', 'Số 148 Bình Đường, Phường Đông Hòa, Dĩ An, Bình Dương', 'Bình Dương', 'Dĩ An', 'Đông Hòa', 10.854915, 106.80388, 20.0, 5, 2, 'SOUTHWEST', true, true, '/rooms/images/room_74/image_01.jpg', false, true, NULL, 'Giữ trật tự chung sau 22h, dọn dẹp vệ sinh phòng sạch sẽ, phòng cháy chữa cháy an toàn.', 169, 21, NOW() - INTERVAL '6 days', NOW(), 0, 6, 'Trường Đại học Quốc tế - ĐHQG TP.HCM', 2.57, 0.3);
INSERT INTO room_amenities (room_id, amenity_id) VALUES (94, 1) ON CONFLICT DO NOTHING;
INSERT INTO room_amenities (room_id, amenity_id) VALUES (94, 2) ON CONFLICT DO NOTHING;
INSERT INTO room_amenities (room_id, amenity_id) VALUES (94, 3) ON CONFLICT DO NOTHING;
INSERT INTO room_amenities (room_id, amenity_id) VALUES (94, 4) ON CONFLICT DO NOTHING;
INSERT INTO room_amenities (room_id, amenity_id) VALUES (94, 5) ON CONFLICT DO NOTHING;
INSERT INTO room_amenities (room_id, amenity_id) VALUES (94, 6) ON CONFLICT DO NOTHING;
INSERT INTO room_amenities (room_id, amenity_id) VALUES (94, 9) ON CONFLICT DO NOTHING;
INSERT INTO room_images (room_id, image_url) VALUES (94, '/rooms/images/room_74/image_01.jpg');
INSERT INTO room_images (room_id, image_url) VALUES (94, '/rooms/images/room_74/image_02.jpg');
INSERT INTO room_images (room_id, image_url) VALUES (94, '/rooms/images/room_74/image_03.jpg');
INSERT INTO room_images (room_id, image_url) VALUES (94, '/rooms/images/room_74/image_04.jpg');
INSERT INTO room_images (room_id, image_url) VALUES (94, '/rooms/images/room_74/image_05.jpg');
INSERT INTO posts (id, landlord_id, room_id, title, description, price, deposit_amount, price_type, status, approved_by, approved_at, expires_at, is_boosted, boosted_until, view_count, favorite_count, contact_count, booking_count, created_at, updated_at, version, video_url, video_thumbnail)
VALUES (94, 2, 94, 'Phòng trọ ban công thoáng mát gần trường 20m2 cách IU 2.57km - Bình Đường', '**Vị trí thuận tiện và yên tĩnh**
- Địa chỉ: Bình Đường, Phường Đông Hòa, Dĩ An.
- Chỉ cách khuôn viên trường Trường Đại học Quốc tế - ĐHQG TP.HCM (IU) khoảng 2.57km. Việc đi học hàng ngày cực kỳ thuận tiện và nhanh chóng bằng xe máy, xe buýt hoặc đi bộ. Khu vực xung quanh cao ráo, không bị ngập nước, đường sá thông thoáng.

**Thiết kế căn phòng**
- Diện tích sử dụng: 20m2. Thiết kế tối ưu không gian, sạch sẽ, thoáng mát, thích hợp cho việc học tập lâu dài.
- Sở hữu cửa sổ lớn đón ánh sáng tự nhiên tốt, giữ phòng luôn khô ráo.
- Có ban công riêng đón gió mát mẻ, thuận tiện cho việc phơi đồ hoặc làm góc thư giãn.

**Các tiện ích lắp sẵn**
- Wifi internet tốc độ cao riêng biệt từng phòng
- Máy điều hòa nhiệt độ Inverter hoạt động êm ái, tiết kiệm điện
- Hệ thống nước nóng lạnh an toàn
- Chỗ để xe máy rộng rãi dưới tầng trệt, an ninh đảm bảo
- Tủ lạnh dung tích lớn tiện lợi lưu trữ đồ ăn
- Kệ bếp nấu ăn thoáng khí, tủ bếp sạch sẽ

**An ninh và quy định**
- Hệ thống cửa cổng kiểm soát bằng khóa vân tay bảo mật cao kết hợp camera giám sát 24/7.
- Giờ giấc ra vào tự do thoải mái, không chung chủ.
- Môi trường sống văn minh, hàng xóm chủ yếu là sinh viên ngoan ngoãn và nhân viên văn phòng lịch sự.

**Thông tin chi phí thuê**
- Giá thuê hàng tháng: 2,500,000 đ/tháng.
- Tiền đặt cọc: 5,000,000 đ (cam kết hoàn trả đầy đủ khi kết thúc hợp đồng theo đúng thỏa thuận).
- Chỉ số điện nước tính theo đồng hồ riêng gắn trước cửa phòng, cam kết thu đúng chỉ số tiêu thụ thực tế.', 2500000.0, 5000000.0, 'MONTHLY', 'APPROVED', 1, NOW() - INTERVAL '3 days', NOW() + INTERVAL '27 days', false, NULL, 354, 69, 35, 7, NOW() - INTERVAL '3 days', NOW(), 0, '/posts/videos/room_74/video_01.mp4', '/rooms/images/room_74/image_01.jpg');
INSERT INTO post_images (post_id, image_order, image_url) VALUES (94, 0, '/rooms/images/room_74/image_01.jpg');
INSERT INTO post_images (post_id, image_order, image_url) VALUES (94, 1, '/rooms/images/room_74/image_02.jpg');
INSERT INTO post_images (post_id, image_order, image_url) VALUES (94, 2, '/rooms/images/room_74/image_03.jpg');
INSERT INTO post_images (post_id, image_order, image_url) VALUES (94, 3, '/rooms/images/room_74/image_04.jpg');
INSERT INTO post_images (post_id, image_order, image_url) VALUES (94, 4, '/rooms/images/room_74/image_05.jpg');

-- ==========================================
-- ROOM 95 near UEH - Dist: 3.48km - Price: 4,100,000
-- ==========================================
INSERT INTO rooms (id, landlord_id, room_number, address, province, district, ward, latitude, longitude, area, floor, max_occupancy, direction, has_windows, has_balcony, thumbnail_url, is_pet_friendly, is_parking_available, curfew, rules, view_count, favorite_count, created_at, updated_at, version, nearby_university_id, nearby_university_name, distance_to_university, nearest_bus_station)
VALUES (95, 3, 'P.198', 'Số 128 Cao Thắng, Phường 5, Quận 3, TP Hồ Chí Minh', 'TP Hồ Chí Minh', 'Quận 3', 'Phường 5', 10.75147, 106.696172, 45.0, 1, 3, 'NORTHEAST', true, true, '/rooms/images/room_75/image_01.jpg', false, true, NULL, 'Giữ trật tự chung sau 22h, dọn dẹp vệ sinh phòng sạch sẽ, phòng cháy chữa cháy an toàn.', 230, 11, NOW() - INTERVAL '9 days', NOW(), 0, 7, 'Trường Đại học Kinh tế TP.HCM (Cơ sở A)', 3.48, 0.2);
INSERT INTO room_amenities (room_id, amenity_id) VALUES (95, 1) ON CONFLICT DO NOTHING;
INSERT INTO room_amenities (room_id, amenity_id) VALUES (95, 2) ON CONFLICT DO NOTHING;
INSERT INTO room_amenities (room_id, amenity_id) VALUES (95, 3) ON CONFLICT DO NOTHING;
INSERT INTO room_amenities (room_id, amenity_id) VALUES (95, 4) ON CONFLICT DO NOTHING;
INSERT INTO room_amenities (room_id, amenity_id) VALUES (95, 5) ON CONFLICT DO NOTHING;
INSERT INTO room_amenities (room_id, amenity_id) VALUES (95, 6) ON CONFLICT DO NOTHING;
INSERT INTO room_amenities (room_id, amenity_id) VALUES (95, 7) ON CONFLICT DO NOTHING;
INSERT INTO room_amenities (room_id, amenity_id) VALUES (95, 8) ON CONFLICT DO NOTHING;
INSERT INTO room_amenities (room_id, amenity_id) VALUES (95, 9) ON CONFLICT DO NOTHING;
INSERT INTO room_amenities (room_id, amenity_id) VALUES (95, 10) ON CONFLICT DO NOTHING;
INSERT INTO room_amenities (room_id, amenity_id) VALUES (95, 11) ON CONFLICT DO NOTHING;
INSERT INTO room_amenities (room_id, amenity_id) VALUES (95, 12) ON CONFLICT DO NOTHING;
INSERT INTO room_images (room_id, image_url) VALUES (95, '/rooms/images/room_75/image_01.jpg');
INSERT INTO room_images (room_id, image_url) VALUES (95, '/rooms/images/room_75/image_02.jpg');
INSERT INTO room_images (room_id, image_url) VALUES (95, '/rooms/images/room_75/image_03.jpg');
INSERT INTO room_images (room_id, image_url) VALUES (95, '/rooms/images/room_75/image_04.jpg');
INSERT INTO room_images (room_id, image_url) VALUES (95, '/rooms/images/room_75/image_05.jpg');
INSERT INTO room_images (room_id, image_url) VALUES (95, '/rooms/images/room_75/image_06.jpg');
INSERT INTO room_images (room_id, image_url) VALUES (95, '/rooms/images/room_75/image_07.jpg');
INSERT INTO room_images (room_id, image_url) VALUES (95, '/rooms/images/room_75/image_08.jpg');
INSERT INTO posts (id, landlord_id, room_id, title, description, price, deposit_amount, price_type, status, approved_by, approved_at, expires_at, is_boosted, boosted_until, view_count, favorite_count, contact_count, booking_count, created_at, updated_at, version, video_url, video_thumbnail)
VALUES (95, 3, 95, 'Căn hộ dịch vụ 1PN sang trọng, an ninh 45m2 cách UEH 3.48km - Cao Thắng', '**Vị trí thuận tiện và yên tĩnh**
- Địa chỉ: Cao Thắng, Phường 5, Quận 3.
- Chỉ cách khuôn viên trường Trường Đại học Kinh tế TP.HCM (Cơ sở A) (UEH) khoảng 3.48km. Việc đi học hàng ngày cực kỳ thuận tiện và nhanh chóng bằng xe máy, xe buýt hoặc đi bộ. Khu vực xung quanh cao ráo, không bị ngập nước, đường sá thông thoáng.

**Thiết kế căn phòng**
- Diện tích sử dụng: 45m2. Thiết kế tối ưu không gian, sạch sẽ, thoáng mát, thích hợp cho việc học tập lâu dài.
- Sở hữu cửa sổ lớn đón ánh sáng tự nhiên tốt, giữ phòng luôn khô ráo.
- Có ban công riêng đón gió mát mẻ, thuận tiện cho việc phơi đồ hoặc làm góc thư giãn.

**Các tiện ích lắp sẵn**
- Wifi internet tốc độ cao riêng biệt từng phòng
- Máy điều hòa nhiệt độ Inverter hoạt động êm ái, tiết kiệm điện
- Hệ thống nước nóng lạnh an toàn
- Chỗ để xe máy rộng rãi dưới tầng trệt, an ninh đảm bảo
- Tủ lạnh dung tích lớn tiện lợi lưu trữ đồ ăn
- Khu vực giặt sấy/máy giặt tiện nghi
- Kệ bếp nấu ăn thoáng khí, tủ bếp sạch sẽ

**An ninh và quy định**
- Hệ thống cửa cổng kiểm soát bằng khóa vân tay bảo mật cao kết hợp camera giám sát 24/7.
- Giờ giấc ra vào tự do thoải mái, không chung chủ.
- Môi trường sống văn minh, hàng xóm chủ yếu là sinh viên ngoan ngoãn và nhân viên văn phòng lịch sự.

**Thông tin chi phí thuê**
- Giá thuê hàng tháng: 4,100,000 đ/tháng.
- Tiền đặt cọc: 4,100,000 đ (cam kết hoàn trả đầy đủ khi kết thúc hợp đồng theo đúng thỏa thuận).
- Chỉ số điện nước tính theo đồng hồ riêng gắn trước cửa phòng, cam kết thu đúng chỉ số tiêu thụ thực tế.', 4100000.0, 4100000.0, 'MONTHLY', 'APPROVED', 1, NOW() - INTERVAL '3 days', NOW() + INTERVAL '27 days', false, NULL, 162, 25, 34, 11, NOW() - INTERVAL '8 days', NOW(), 0, '/posts/videos/room_75/video_01.mp4', '/rooms/images/room_75/image_01.jpg');
INSERT INTO post_images (post_id, image_order, image_url) VALUES (95, 0, '/rooms/images/room_75/image_01.jpg');
INSERT INTO post_images (post_id, image_order, image_url) VALUES (95, 1, '/rooms/images/room_75/image_02.jpg');
INSERT INTO post_images (post_id, image_order, image_url) VALUES (95, 2, '/rooms/images/room_75/image_03.jpg');
INSERT INTO post_images (post_id, image_order, image_url) VALUES (95, 3, '/rooms/images/room_75/image_04.jpg');
INSERT INTO post_images (post_id, image_order, image_url) VALUES (95, 4, '/rooms/images/room_75/image_05.jpg');
INSERT INTO post_images (post_id, image_order, image_url) VALUES (95, 5, '/rooms/images/room_75/image_06.jpg');
INSERT INTO post_images (post_id, image_order, image_url) VALUES (95, 6, '/rooms/images/room_75/image_07.jpg');
INSERT INTO post_images (post_id, image_order, image_url) VALUES (95, 7, '/rooms/images/room_75/image_08.jpg');

-- ==========================================
-- ROOM 96 near FTU2 - Dist: 1.83km - Price: 1,700,000
-- ==========================================
INSERT INTO rooms (id, landlord_id, room_number, address, province, district, ward, latitude, longitude, area, floor, max_occupancy, direction, has_windows, has_balcony, thumbnail_url, is_pet_friendly, is_parking_available, curfew, rules, view_count, favorite_count, created_at, updated_at, version, nearby_university_id, nearby_university_name, distance_to_university, nearest_bus_station)
VALUES (96, 4, 'P.439', 'Số 34 Đường D2 (Nguyễn Gia Trí), Phường 26, Bình Thạnh, TP Hồ Chí Minh', 'TP Hồ Chí Minh', 'Bình Thạnh', 'Phường 26', 10.808515, 106.729991, 14.0, 7, 2, 'SOUTHEAST', true, false, '/rooms/images/room_76/image_01.jpg', true, true, '23:00', 'Giữ trật tự chung sau 22h, dọn dẹp vệ sinh phòng sạch sẽ, phòng cháy chữa cháy an toàn.', 255, 30, NOW() - INTERVAL '5 days', NOW(), 0, 8, 'Trường Đại học Ngoại thương - Cơ sở 2', 1.83, 0.26);
INSERT INTO room_amenities (room_id, amenity_id) VALUES (96, 1) ON CONFLICT DO NOTHING;
INSERT INTO room_amenities (room_id, amenity_id) VALUES (96, 3) ON CONFLICT DO NOTHING;
INSERT INTO room_amenities (room_id, amenity_id) VALUES (96, 4) ON CONFLICT DO NOTHING;
INSERT INTO room_amenities (room_id, amenity_id) VALUES (96, 9) ON CONFLICT DO NOTHING;
INSERT INTO room_images (room_id, image_url) VALUES (96, '/rooms/images/room_76/image_01.jpg');
INSERT INTO room_images (room_id, image_url) VALUES (96, '/rooms/images/room_76/image_02.jpg');
INSERT INTO room_images (room_id, image_url) VALUES (96, '/rooms/images/room_76/image_03.jpg');
INSERT INTO room_images (room_id, image_url) VALUES (96, '/rooms/images/room_76/image_04.jpg');
INSERT INTO posts (id, landlord_id, room_id, title, description, price, deposit_amount, price_type, status, approved_by, approved_at, expires_at, is_boosted, boosted_until, view_count, favorite_count, contact_count, booking_count, created_at, updated_at, version, video_url, video_thumbnail)
VALUES (96, 4, 96, 'Phòng trọ mini giá rẻ sinh viên 14m2 cách FTU2 1.83km - Đường D2 (Nguyễn Gia Trí)', '**Vị trí thuận tiện và yên tĩnh**
- Địa chỉ: Đường D2 (Nguyễn Gia Trí), Phường 26, Bình Thạnh.
- Chỉ cách khuôn viên trường Trường Đại học Ngoại thương - Cơ sở 2 (FTU2) khoảng 1.83km. Việc đi học hàng ngày cực kỳ thuận tiện và nhanh chóng bằng xe máy, xe buýt hoặc đi bộ. Khu vực xung quanh cao ráo, không bị ngập nước, đường sá thông thoáng.

**Thiết kế căn phòng**
- Diện tích sử dụng: 14m2. Thiết kế tối ưu không gian, sạch sẽ, thoáng mát, thích hợp cho việc học tập lâu dài.
- Sở hữu cửa sổ lớn đón ánh sáng tự nhiên tốt, giữ phòng luôn khô ráo.

**Các tiện ích lắp sẵn**
- Wifi internet tốc độ cao riêng biệt từng phòng
- Hệ thống nước nóng lạnh an toàn
- Chỗ để xe máy rộng rãi dưới tầng trệt, an ninh đảm bảo
- Kệ bếp nấu ăn thoáng khí, tủ bếp sạch sẽ

**An ninh và quy định**
- Hệ thống cửa cổng kiểm soát bằng khóa vân tay bảo mật cao kết hợp camera giám sát 24/7.
- Giờ đóng cổng: 23:00 đêm nhằm đảm bảo trật tự chung.
- Môi trường sống văn minh, hàng xóm chủ yếu là sinh viên ngoan ngoãn và nhân viên văn phòng lịch sự.

**Thông tin chi phí thuê**
- Giá thuê hàng tháng: 1,700,000 đ/tháng.
- Tiền đặt cọc: 1,700,000 đ (cam kết hoàn trả đầy đủ khi kết thúc hợp đồng theo đúng thỏa thuận).
- Chỉ số điện nước tính theo đồng hồ riêng gắn trước cửa phòng, cam kết thu đúng chỉ số tiêu thụ thực tế.', 1700000.0, 1700000.0, 'MONTHLY', 'APPROVED', 1, NOW() - INTERVAL '3 days', NOW() + INTERVAL '27 days', false, NULL, 343, 52, 21, 2, NOW() - INTERVAL '4 days', NOW(), 0, '/posts/videos/room_76/video_01.mp4', '/rooms/images/room_76/image_01.jpg');
INSERT INTO post_images (post_id, image_order, image_url) VALUES (96, 0, '/rooms/images/room_76/image_01.jpg');
INSERT INTO post_images (post_id, image_order, image_url) VALUES (96, 1, '/rooms/images/room_76/image_02.jpg');
INSERT INTO post_images (post_id, image_order, image_url) VALUES (96, 2, '/rooms/images/room_76/image_03.jpg');
INSERT INTO post_images (post_id, image_order, image_url) VALUES (96, 3, '/rooms/images/room_76/image_04.jpg');

-- ==========================================
-- ROOM 97 near NLU - Dist: 4.07km - Price: 3,000,000
-- ==========================================
INSERT INTO rooms (id, landlord_id, room_number, address, province, district, ward, latitude, longitude, area, floor, max_occupancy, direction, has_windows, has_balcony, thumbnail_url, is_pet_friendly, is_parking_available, curfew, rules, view_count, favorite_count, created_at, updated_at, version, nearby_university_id, nearby_university_name, distance_to_university, nearest_bus_station)
VALUES (97, 2, 'P.557', 'Số 44 Võ Văn Ngân, Phường Hiệp Phú, Thủ Đức, TP Hồ Chí Minh', 'TP Hồ Chí Minh', 'Thủ Đức', 'Hiệp Phú', 10.905041, 106.776802, 26.0, 4, 3, 'NORTH', true, true, '/rooms/images/room_77/image_01.jpg', true, true, NULL, 'Giữ trật tự chung sau 22h, dọn dẹp vệ sinh phòng sạch sẽ, phòng cháy chữa cháy an toàn.', 156, 44, NOW() - INTERVAL '6 days', NOW(), 0, 1, 'Trường Đại học Nông Lâm TP.HCM', 4.07, 0.29);
INSERT INTO room_amenities (room_id, amenity_id) VALUES (97, 1) ON CONFLICT DO NOTHING;
INSERT INTO room_amenities (room_id, amenity_id) VALUES (97, 2) ON CONFLICT DO NOTHING;
INSERT INTO room_amenities (room_id, amenity_id) VALUES (97, 3) ON CONFLICT DO NOTHING;
INSERT INTO room_amenities (room_id, amenity_id) VALUES (97, 4) ON CONFLICT DO NOTHING;
INSERT INTO room_amenities (room_id, amenity_id) VALUES (97, 5) ON CONFLICT DO NOTHING;
INSERT INTO room_amenities (room_id, amenity_id) VALUES (97, 6) ON CONFLICT DO NOTHING;
INSERT INTO room_amenities (room_id, amenity_id) VALUES (97, 7) ON CONFLICT DO NOTHING;
INSERT INTO room_amenities (room_id, amenity_id) VALUES (97, 9) ON CONFLICT DO NOTHING;
INSERT INTO room_amenities (room_id, amenity_id) VALUES (97, 12) ON CONFLICT DO NOTHING;
INSERT INTO room_images (room_id, image_url) VALUES (97, '/rooms/images/room_77/image_01.jpg');
INSERT INTO room_images (room_id, image_url) VALUES (97, '/rooms/images/room_77/image_02.jpg');
INSERT INTO room_images (room_id, image_url) VALUES (97, '/rooms/images/room_77/image_03.jpg');
INSERT INTO room_images (room_id, image_url) VALUES (97, '/rooms/images/room_77/image_04.jpg');
INSERT INTO room_images (room_id, image_url) VALUES (97, '/rooms/images/room_77/image_05.jpg');
INSERT INTO room_images (room_id, image_url) VALUES (97, '/rooms/images/room_77/image_06.jpg');
INSERT INTO room_images (room_id, image_url) VALUES (97, '/rooms/images/room_77/image_07.jpg');
INSERT INTO posts (id, landlord_id, room_id, title, description, price, deposit_amount, price_type, status, approved_by, approved_at, expires_at, is_boosted, boosted_until, view_count, favorite_count, contact_count, booking_count, created_at, updated_at, version, video_url, video_thumbnail)
VALUES (97, 2, 97, 'Căn hộ Studio gác lửng full nội thất 26m2 cách NLU 4.07km - Võ Văn Ngân', '**Vị trí thuận tiện và yên tĩnh**
- Địa chỉ: Võ Văn Ngân, Phường Hiệp Phú, Thủ Đức.
- Chỉ cách khuôn viên trường Trường Đại học Nông Lâm TP.HCM (NLU) khoảng 4.07km. Việc đi học hàng ngày cực kỳ thuận tiện và nhanh chóng bằng xe máy, xe buýt hoặc đi bộ. Khu vực xung quanh cao ráo, không bị ngập nước, đường sá thông thoáng.

**Thiết kế căn phòng**
- Diện tích sử dụng: 26m2. Thiết kế tối ưu không gian, sạch sẽ, thoáng mát, thích hợp cho việc học tập lâu dài.
- Sở hữu cửa sổ lớn đón ánh sáng tự nhiên tốt, giữ phòng luôn khô ráo.
- Có ban công riêng đón gió mát mẻ, thuận tiện cho việc phơi đồ hoặc làm góc thư giãn.

**Các tiện ích lắp sẵn**
- Wifi internet tốc độ cao riêng biệt từng phòng
- Máy điều hòa nhiệt độ Inverter hoạt động êm ái, tiết kiệm điện
- Hệ thống nước nóng lạnh an toàn
- Chỗ để xe máy rộng rãi dưới tầng trệt, an ninh đảm bảo
- Tủ lạnh dung tích lớn tiện lợi lưu trữ đồ ăn
- Khu vực giặt sấy/máy giặt tiện nghi
- Kệ bếp nấu ăn thoáng khí, tủ bếp sạch sẽ

**An ninh và quy định**
- Hệ thống cửa cổng kiểm soát bằng khóa vân tay bảo mật cao kết hợp camera giám sát 24/7.
- Giờ giấc ra vào tự do thoải mái, không chung chủ.
- Môi trường sống văn minh, hàng xóm chủ yếu là sinh viên ngoan ngoãn và nhân viên văn phòng lịch sự.

**Thông tin chi phí thuê**
- Giá thuê hàng tháng: 3,000,000 đ/tháng.
- Tiền đặt cọc: 6,000,000 đ (cam kết hoàn trả đầy đủ khi kết thúc hợp đồng theo đúng thỏa thuận).
- Chỉ số điện nước tính theo đồng hồ riêng gắn trước cửa phòng, cam kết thu đúng chỉ số tiêu thụ thực tế.', 3000000.0, 6000000.0, 'MONTHLY', 'APPROVED', 1, NOW() - INTERVAL '3 days', NOW() + INTERVAL '27 days', false, NULL, 215, 41, 32, 7, NOW() - INTERVAL '10 days', NOW(), 0, '/posts/videos/room_77/video_01.mp4', '/rooms/images/room_77/image_01.jpg');
INSERT INTO post_images (post_id, image_order, image_url) VALUES (97, 0, '/rooms/images/room_77/image_01.jpg');
INSERT INTO post_images (post_id, image_order, image_url) VALUES (97, 1, '/rooms/images/room_77/image_02.jpg');
INSERT INTO post_images (post_id, image_order, image_url) VALUES (97, 2, '/rooms/images/room_77/image_03.jpg');
INSERT INTO post_images (post_id, image_order, image_url) VALUES (97, 3, '/rooms/images/room_77/image_04.jpg');
INSERT INTO post_images (post_id, image_order, image_url) VALUES (97, 4, '/rooms/images/room_77/image_05.jpg');
INSERT INTO post_images (post_id, image_order, image_url) VALUES (97, 5, '/rooms/images/room_77/image_06.jpg');
INSERT INTO post_images (post_id, image_order, image_url) VALUES (97, 6, '/rooms/images/room_77/image_07.jpg');

-- ==========================================
-- ROOM 98 near HCMUTE - Dist: 3.95km - Price: 1,400,000
-- ==========================================
INSERT INTO rooms (id, landlord_id, room_number, address, province, district, ward, latitude, longitude, area, floor, max_occupancy, direction, has_windows, has_balcony, thumbnail_url, is_pet_friendly, is_parking_available, curfew, rules, view_count, favorite_count, created_at, updated_at, version, nearby_university_id, nearby_university_name, distance_to_university, nearest_bus_station)
VALUES (98, 3, 'P.337', 'Số 143 Song Hành, Phường Linh Tây, Thủ Đức, TP Hồ Chí Minh', 'TP Hồ Chí Minh', 'Thủ Đức', 'Linh Tây', 10.855652, 106.807901, 28.0, 3, 6, 'SOUTHEAST', true, false, '/rooms/images/room_78/image_01.jpg', true, false, '23:00', 'Giữ trật tự chung sau 22h, dọn dẹp vệ sinh phòng sạch sẽ, phòng cháy chữa cháy an toàn.', 123, 44, NOW() - INTERVAL '5 days', NOW(), 0, 2, 'Trường Đại học Sư phạm Kỹ thuật TP.HCM', 3.95, 0.4);
INSERT INTO room_amenities (room_id, amenity_id) VALUES (98, 1) ON CONFLICT DO NOTHING;
INSERT INTO room_amenities (room_id, amenity_id) VALUES (98, 2) ON CONFLICT DO NOTHING;
INSERT INTO room_amenities (room_id, amenity_id) VALUES (98, 3) ON CONFLICT DO NOTHING;
INSERT INTO room_amenities (room_id, amenity_id) VALUES (98, 4) ON CONFLICT DO NOTHING;
INSERT INTO room_amenities (room_id, amenity_id) VALUES (98, 5) ON CONFLICT DO NOTHING;
INSERT INTO room_amenities (room_id, amenity_id) VALUES (98, 7) ON CONFLICT DO NOTHING;
INSERT INTO room_amenities (room_id, amenity_id) VALUES (98, 11) ON CONFLICT DO NOTHING;
INSERT INTO room_amenities (room_id, amenity_id) VALUES (98, 12) ON CONFLICT DO NOTHING;
INSERT INTO room_images (room_id, image_url) VALUES (98, '/rooms/images/room_78/image_01.jpg');
INSERT INTO room_images (room_id, image_url) VALUES (98, '/rooms/images/room_78/image_02.jpg');
INSERT INTO room_images (room_id, image_url) VALUES (98, '/rooms/images/room_78/image_03.jpg');
INSERT INTO room_images (room_id, image_url) VALUES (98, '/rooms/images/room_78/image_04.jpg');
INSERT INTO room_images (room_id, image_url) VALUES (98, '/rooms/images/room_78/image_05.jpg');
INSERT INTO room_images (room_id, image_url) VALUES (98, '/rooms/images/room_78/image_06.jpg');
INSERT INTO room_images (room_id, image_url) VALUES (98, '/rooms/images/room_78/image_07.jpg');
INSERT INTO room_images (room_id, image_url) VALUES (98, '/rooms/images/room_78/image_08.jpg');
INSERT INTO room_images (room_id, image_url) VALUES (98, '/rooms/images/room_78/image_09.jpg');
INSERT INTO room_images (room_id, image_url) VALUES (98, '/rooms/images/room_78/image_10.jpg');
INSERT INTO room_images (room_id, image_url) VALUES (98, '/rooms/images/room_78/image_11.jpg');
INSERT INTO posts (id, landlord_id, room_id, title, description, price, deposit_amount, price_type, status, approved_by, approved_at, expires_at, is_boosted, boosted_until, view_count, favorite_count, contact_count, booking_count, created_at, updated_at, version, video_url, video_thumbnail)
VALUES (98, 3, 98, 'Sleepbox cao cấp tiện nghi, bảo mật 28m2 cách HCMUTE 3.95km - Song Hành', '**Vị trí thuận tiện và yên tĩnh**
- Địa chỉ: Song Hành, Phường Linh Tây, Thủ Đức.
- Chỉ cách khuôn viên trường Trường Đại học Sư phạm Kỹ thuật TP.HCM (HCMUTE) khoảng 3.95km. Việc đi học hàng ngày cực kỳ thuận tiện và nhanh chóng bằng xe máy, xe buýt hoặc đi bộ. Khu vực xung quanh cao ráo, không bị ngập nước, đường sá thông thoáng.

**Thiết kế căn phòng**
- Diện tích sử dụng: 28m2. Thiết kế tối ưu không gian, sạch sẽ, thoáng mát, thích hợp cho việc học tập lâu dài.
- Sở hữu cửa sổ lớn đón ánh sáng tự nhiên tốt, giữ phòng luôn khô ráo.

**Các tiện ích lắp sẵn**
- Wifi internet tốc độ cao riêng biệt từng phòng
- Máy điều hòa nhiệt độ Inverter hoạt động êm ái, tiết kiệm điện
- Hệ thống nước nóng lạnh an toàn
- Chỗ để xe máy rộng rãi dưới tầng trệt, an ninh đảm bảo
- Khu vực giặt sấy/máy giặt tiện nghi

**An ninh và quy định**
- Hệ thống cửa cổng kiểm soát bằng khóa vân tay bảo mật cao kết hợp camera giám sát 24/7.
- Giờ đóng cổng: 23:00 đêm nhằm đảm bảo trật tự chung.
- Môi trường sống văn minh, hàng xóm chủ yếu là sinh viên ngoan ngoãn và nhân viên văn phòng lịch sự.

**Thông tin chi phí thuê**
- Giá thuê hàng tháng: 1,400,000 đ/tháng.
- Tiền đặt cọc: 1,400,000 đ (cam kết hoàn trả đầy đủ khi kết thúc hợp đồng theo đúng thỏa thuận).
- Chỉ số điện nước tính theo đồng hồ riêng gắn trước cửa phòng, cam kết thu đúng chỉ số tiêu thụ thực tế.', 1400000.0, 1400000.0, 'MONTHLY', 'APPROVED', 1, NOW() - INTERVAL '3 days', NOW() + INTERVAL '27 days', false, NULL, 341, 74, 44, 2, NOW() - INTERVAL '2 days', NOW(), 0, '/posts/videos/room_78/video_01.mp4', '/rooms/images/room_78/image_01.jpg');
INSERT INTO post_images (post_id, image_order, image_url) VALUES (98, 0, '/rooms/images/room_78/image_01.jpg');
INSERT INTO post_images (post_id, image_order, image_url) VALUES (98, 1, '/rooms/images/room_78/image_02.jpg');
INSERT INTO post_images (post_id, image_order, image_url) VALUES (98, 2, '/rooms/images/room_78/image_03.jpg');
INSERT INTO post_images (post_id, image_order, image_url) VALUES (98, 3, '/rooms/images/room_78/image_04.jpg');
INSERT INTO post_images (post_id, image_order, image_url) VALUES (98, 4, '/rooms/images/room_78/image_05.jpg');
INSERT INTO post_images (post_id, image_order, image_url) VALUES (98, 5, '/rooms/images/room_78/image_06.jpg');
INSERT INTO post_images (post_id, image_order, image_url) VALUES (98, 6, '/rooms/images/room_78/image_07.jpg');
INSERT INTO post_images (post_id, image_order, image_url) VALUES (98, 7, '/rooms/images/room_78/image_08.jpg');
INSERT INTO post_images (post_id, image_order, image_url) VALUES (98, 8, '/rooms/images/room_78/image_09.jpg');
INSERT INTO post_images (post_id, image_order, image_url) VALUES (98, 9, '/rooms/images/room_78/image_10.jpg');
INSERT INTO post_images (post_id, image_order, image_url) VALUES (98, 10, '/rooms/images/room_78/image_11.jpg');

-- ==========================================
-- ROOM 99 near UIT - Dist: 2.41km - Price: 2,400,000
-- ==========================================
INSERT INTO rooms (id, landlord_id, room_number, address, province, district, ward, latitude, longitude, area, floor, max_occupancy, direction, has_windows, has_balcony, thumbnail_url, is_pet_friendly, is_parking_available, curfew, rules, view_count, favorite_count, created_at, updated_at, version, nearby_university_id, nearby_university_name, distance_to_university, nearest_bus_station)
VALUES (99, 4, 'P.195', 'Số 139 Võ Văn Ngân, Phường Linh Tây, Thủ Đức, TP Hồ Chí Minh', 'TP Hồ Chí Minh', 'Thủ Đức', 'Linh Tây', 10.853462, 106.817215, 18.0, 5, 2, 'EAST', true, true, '/rooms/images/room_79/image_01.jpg', false, true, '23:00', 'Giữ trật tự chung sau 22h, dọn dẹp vệ sinh phòng sạch sẽ, phòng cháy chữa cháy an toàn.', 270, 17, NOW() - INTERVAL '11 days', NOW(), 0, 3, 'Trường Đại học Công nghệ thông tin - ĐHQG TP.HCM', 2.41, 0.43);
INSERT INTO room_amenities (room_id, amenity_id) VALUES (99, 1) ON CONFLICT DO NOTHING;
INSERT INTO room_amenities (room_id, amenity_id) VALUES (99, 2) ON CONFLICT DO NOTHING;
INSERT INTO room_amenities (room_id, amenity_id) VALUES (99, 3) ON CONFLICT DO NOTHING;
INSERT INTO room_amenities (room_id, amenity_id) VALUES (99, 4) ON CONFLICT DO NOTHING;
INSERT INTO room_amenities (room_id, amenity_id) VALUES (99, 5) ON CONFLICT DO NOTHING;
INSERT INTO room_amenities (room_id, amenity_id) VALUES (99, 6) ON CONFLICT DO NOTHING;
INSERT INTO room_amenities (room_id, amenity_id) VALUES (99, 9) ON CONFLICT DO NOTHING;
INSERT INTO room_images (room_id, image_url) VALUES (99, '/rooms/images/room_79/image_01.jpg');
INSERT INTO room_images (room_id, image_url) VALUES (99, '/rooms/images/room_79/image_02.jpg');
INSERT INTO room_images (room_id, image_url) VALUES (99, '/rooms/images/room_79/image_03.jpg');
INSERT INTO room_images (room_id, image_url) VALUES (99, '/rooms/images/room_79/image_04.jpg');
INSERT INTO room_images (room_id, image_url) VALUES (99, '/rooms/images/room_79/image_05.jpg');
INSERT INTO room_images (room_id, image_url) VALUES (99, '/rooms/images/room_79/image_06.jpg');
INSERT INTO room_images (room_id, image_url) VALUES (99, '/rooms/images/room_79/image_07.jpg');
INSERT INTO room_images (room_id, image_url) VALUES (99, '/rooms/images/room_79/image_08.jpg');
INSERT INTO posts (id, landlord_id, room_id, title, description, price, deposit_amount, price_type, status, approved_by, approved_at, expires_at, is_boosted, boosted_until, view_count, favorite_count, contact_count, booking_count, created_at, updated_at, version, video_url, video_thumbnail)
VALUES (99, 4, 99, 'Phòng trọ ban công thoáng mát gần trường 18m2 cách UIT 2.41km - Võ Văn Ngân', '**Vị trí thuận tiện và yên tĩnh**
- Địa chỉ: Võ Văn Ngân, Phường Linh Tây, Thủ Đức.
- Chỉ cách khuôn viên trường Trường Đại học Công nghệ thông tin - ĐHQG TP.HCM (UIT) khoảng 2.41km. Việc đi học hàng ngày cực kỳ thuận tiện và nhanh chóng bằng xe máy, xe buýt hoặc đi bộ. Khu vực xung quanh cao ráo, không bị ngập nước, đường sá thông thoáng.

**Thiết kế căn phòng**
- Diện tích sử dụng: 18m2. Thiết kế tối ưu không gian, sạch sẽ, thoáng mát, thích hợp cho việc học tập lâu dài.
- Sở hữu cửa sổ lớn đón ánh sáng tự nhiên tốt, giữ phòng luôn khô ráo.
- Có ban công riêng đón gió mát mẻ, thuận tiện cho việc phơi đồ hoặc làm góc thư giãn.

**Các tiện ích lắp sẵn**
- Wifi internet tốc độ cao riêng biệt từng phòng
- Máy điều hòa nhiệt độ Inverter hoạt động êm ái, tiết kiệm điện
- Hệ thống nước nóng lạnh an toàn
- Chỗ để xe máy rộng rãi dưới tầng trệt, an ninh đảm bảo
- Tủ lạnh dung tích lớn tiện lợi lưu trữ đồ ăn
- Kệ bếp nấu ăn thoáng khí, tủ bếp sạch sẽ

**An ninh và quy định**
- Hệ thống cửa cổng kiểm soát bằng khóa vân tay bảo mật cao kết hợp camera giám sát 24/7.
- Giờ đóng cổng: 23:00 đêm nhằm đảm bảo trật tự chung.
- Môi trường sống văn minh, hàng xóm chủ yếu là sinh viên ngoan ngoãn và nhân viên văn phòng lịch sự.

**Thông tin chi phí thuê**
- Giá thuê hàng tháng: 2,400,000 đ/tháng.
- Tiền đặt cọc: 2,400,000 đ (cam kết hoàn trả đầy đủ khi kết thúc hợp đồng theo đúng thỏa thuận).
- Chỉ số điện nước tính theo đồng hồ riêng gắn trước cửa phòng, cam kết thu đúng chỉ số tiêu thụ thực tế.', 2400000.0, 2400000.0, 'MONTHLY', 'APPROVED', 1, NOW() - INTERVAL '3 days', NOW() + INTERVAL '27 days', false, NULL, 263, 26, 35, 12, NOW() - INTERVAL '6 days', NOW(), 0, '/posts/videos/room_79/video_01.mp4', '/rooms/images/room_79/image_01.jpg');
INSERT INTO post_images (post_id, image_order, image_url) VALUES (99, 0, '/rooms/images/room_79/image_01.jpg');
INSERT INTO post_images (post_id, image_order, image_url) VALUES (99, 1, '/rooms/images/room_79/image_02.jpg');
INSERT INTO post_images (post_id, image_order, image_url) VALUES (99, 2, '/rooms/images/room_79/image_03.jpg');
INSERT INTO post_images (post_id, image_order, image_url) VALUES (99, 3, '/rooms/images/room_79/image_04.jpg');
INSERT INTO post_images (post_id, image_order, image_url) VALUES (99, 4, '/rooms/images/room_79/image_05.jpg');
INSERT INTO post_images (post_id, image_order, image_url) VALUES (99, 5, '/rooms/images/room_79/image_06.jpg');
INSERT INTO post_images (post_id, image_order, image_url) VALUES (99, 6, '/rooms/images/room_79/image_07.jpg');
INSERT INTO post_images (post_id, image_order, image_url) VALUES (99, 7, '/rooms/images/room_79/image_08.jpg');

-- ==========================================
-- ROOM 100 near HCMUT - Dist: 1.84km - Price: 5,500,000
-- ==========================================
INSERT INTO rooms (id, landlord_id, room_number, address, province, district, ward, latitude, longitude, area, floor, max_occupancy, direction, has_windows, has_balcony, thumbnail_url, is_pet_friendly, is_parking_available, curfew, rules, view_count, favorite_count, created_at, updated_at, version, nearby_university_id, nearby_university_name, distance_to_university, nearest_bus_station)
VALUES (100, 2, 'P.412', 'Số 52 Bình Đường, Phường Tân Đông Hiệp, Dĩ An, Bình Dương', 'Bình Dương', 'Dĩ An', 'Tân Đông Hiệp', 10.873816, 106.791186, 37.0, 2, 3, 'SOUTH', true, true, '/rooms/images/room_80/image_01.jpg', false, true, '22:00', 'Giữ trật tự chung sau 22h, dọn dẹp vệ sinh phòng sạch sẽ, phòng cháy chữa cháy an toàn.', 241, 6, NOW() - INTERVAL '7 days', NOW(), 0, 4, 'Trường Đại học Bách Khoa - ĐHQG TP.HCM (Cơ sở Dĩ An)', 1.84, 0.23);
INSERT INTO room_amenities (room_id, amenity_id) VALUES (100, 1) ON CONFLICT DO NOTHING;
INSERT INTO room_amenities (room_id, amenity_id) VALUES (100, 2) ON CONFLICT DO NOTHING;
INSERT INTO room_amenities (room_id, amenity_id) VALUES (100, 3) ON CONFLICT DO NOTHING;
INSERT INTO room_amenities (room_id, amenity_id) VALUES (100, 4) ON CONFLICT DO NOTHING;
INSERT INTO room_amenities (room_id, amenity_id) VALUES (100, 5) ON CONFLICT DO NOTHING;
INSERT INTO room_amenities (room_id, amenity_id) VALUES (100, 6) ON CONFLICT DO NOTHING;
INSERT INTO room_amenities (room_id, amenity_id) VALUES (100, 7) ON CONFLICT DO NOTHING;
INSERT INTO room_amenities (room_id, amenity_id) VALUES (100, 8) ON CONFLICT DO NOTHING;
INSERT INTO room_amenities (room_id, amenity_id) VALUES (100, 9) ON CONFLICT DO NOTHING;
INSERT INTO room_amenities (room_id, amenity_id) VALUES (100, 10) ON CONFLICT DO NOTHING;
INSERT INTO room_amenities (room_id, amenity_id) VALUES (100, 11) ON CONFLICT DO NOTHING;
INSERT INTO room_amenities (room_id, amenity_id) VALUES (100, 12) ON CONFLICT DO NOTHING;
INSERT INTO room_images (room_id, image_url) VALUES (100, '/rooms/images/room_80/image_01.jpg');
INSERT INTO room_images (room_id, image_url) VALUES (100, '/rooms/images/room_80/image_02.jpg');
INSERT INTO room_images (room_id, image_url) VALUES (100, '/rooms/images/room_80/image_03.jpg');
INSERT INTO room_images (room_id, image_url) VALUES (100, '/rooms/images/room_80/image_04.jpg');
INSERT INTO room_images (room_id, image_url) VALUES (100, '/rooms/images/room_80/image_05.jpg');
INSERT INTO room_images (room_id, image_url) VALUES (100, '/rooms/images/room_80/image_06.jpg');
INSERT INTO posts (id, landlord_id, room_id, title, description, price, deposit_amount, price_type, status, approved_by, approved_at, expires_at, is_boosted, boosted_until, view_count, favorite_count, contact_count, booking_count, created_at, updated_at, version, video_url, video_thumbnail)
VALUES (100, 2, 100, 'Căn hộ dịch vụ 1PN sang trọng, an ninh 37m2 cách HCMUT 1.84km - Bình Đường', '**Vị trí thuận tiện và yên tĩnh**
- Địa chỉ: Bình Đường, Phường Tân Đông Hiệp, Dĩ An.
- Chỉ cách khuôn viên trường Trường Đại học Bách Khoa - ĐHQG TP.HCM (Cơ sở Dĩ An) (HCMUT) khoảng 1.84km. Việc đi học hàng ngày cực kỳ thuận tiện và nhanh chóng bằng xe máy, xe buýt hoặc đi bộ. Khu vực xung quanh cao ráo, không bị ngập nước, đường sá thông thoáng.

**Thiết kế căn phòng**
- Diện tích sử dụng: 37m2. Thiết kế tối ưu không gian, sạch sẽ, thoáng mát, thích hợp cho việc học tập lâu dài.
- Sở hữu cửa sổ lớn đón ánh sáng tự nhiên tốt, giữ phòng luôn khô ráo.
- Có ban công riêng đón gió mát mẻ, thuận tiện cho việc phơi đồ hoặc làm góc thư giãn.

**Các tiện ích lắp sẵn**
- Wifi internet tốc độ cao riêng biệt từng phòng
- Máy điều hòa nhiệt độ Inverter hoạt động êm ái, tiết kiệm điện
- Hệ thống nước nóng lạnh an toàn
- Chỗ để xe máy rộng rãi dưới tầng trệt, an ninh đảm bảo
- Tủ lạnh dung tích lớn tiện lợi lưu trữ đồ ăn
- Khu vực giặt sấy/máy giặt tiện nghi
- Kệ bếp nấu ăn thoáng khí, tủ bếp sạch sẽ

**An ninh và quy định**
- Hệ thống cửa cổng kiểm soát bằng khóa vân tay bảo mật cao kết hợp camera giám sát 24/7.
- Giờ đóng cổng: 22:00 đêm nhằm đảm bảo trật tự chung.
- Môi trường sống văn minh, hàng xóm chủ yếu là sinh viên ngoan ngoãn và nhân viên văn phòng lịch sự.

**Thông tin chi phí thuê**
- Giá thuê hàng tháng: 5,500,000 đ/tháng.
- Tiền đặt cọc: 5,500,000 đ (cam kết hoàn trả đầy đủ khi kết thúc hợp đồng theo đúng thỏa thuận).
- Chỉ số điện nước tính theo đồng hồ riêng gắn trước cửa phòng, cam kết thu đúng chỉ số tiêu thụ thực tế.', 5500000.0, 5500000.0, 'MONTHLY', 'APPROVED', 1, NOW() - INTERVAL '3 days', NOW() + INTERVAL '27 days', false, NULL, 418, 67, 8, 12, NOW() - INTERVAL '9 days', NOW(), 0, '/posts/videos/room_80/video_01.mp4', '/rooms/images/room_80/image_01.jpg');
INSERT INTO post_images (post_id, image_order, image_url) VALUES (100, 0, '/rooms/images/room_80/image_01.jpg');
INSERT INTO post_images (post_id, image_order, image_url) VALUES (100, 1, '/rooms/images/room_80/image_02.jpg');
INSERT INTO post_images (post_id, image_order, image_url) VALUES (100, 2, '/rooms/images/room_80/image_03.jpg');
INSERT INTO post_images (post_id, image_order, image_url) VALUES (100, 3, '/rooms/images/room_80/image_04.jpg');
INSERT INTO post_images (post_id, image_order, image_url) VALUES (100, 4, '/rooms/images/room_80/image_05.jpg');
INSERT INTO post_images (post_id, image_order, image_url) VALUES (100, 5, '/rooms/images/room_80/image_06.jpg');

-- ==========================================
-- ROOM 101 near HCMUS - Dist: 2.94km - Price: 1,600,000
-- ==========================================
INSERT INTO rooms (id, landlord_id, room_number, address, province, district, ward, latitude, longitude, area, floor, max_occupancy, direction, has_windows, has_balcony, thumbnail_url, is_pet_friendly, is_parking_available, curfew, rules, view_count, favorite_count, created_at, updated_at, version, nearby_university_id, nearby_university_name, distance_to_university, nearest_bus_station)
VALUES (101, 3, 'P.440', 'Số 116 Trần Hưng Đạo, Phường Tân Đông Hiệp, Dĩ An, Bình Dương', 'Bình Dương', 'Dĩ An', 'Tân Đông Hiệp', 10.849461, 106.803621, 17.0, 5, 2, 'NORTH', true, false, '/rooms/images/room_81/image_01.jpg', true, true, '22:00', 'Giữ trật tự chung sau 22h, dọn dẹp vệ sinh phòng sạch sẽ, phòng cháy chữa cháy an toàn.', 246, 25, NOW() - INTERVAL '7 days', NOW(), 0, 5, 'Trường Đại học Khoa học Tự nhiên - ĐHQG TP.HCM (Cơ sở Dĩ An)', 2.94, 0.37);
INSERT INTO room_amenities (room_id, amenity_id) VALUES (101, 1) ON CONFLICT DO NOTHING;
INSERT INTO room_amenities (room_id, amenity_id) VALUES (101, 3) ON CONFLICT DO NOTHING;
INSERT INTO room_amenities (room_id, amenity_id) VALUES (101, 4) ON CONFLICT DO NOTHING;
INSERT INTO room_amenities (room_id, amenity_id) VALUES (101, 9) ON CONFLICT DO NOTHING;
INSERT INTO room_images (room_id, image_url) VALUES (101, '/rooms/images/room_81/image_01.jpg');
INSERT INTO room_images (room_id, image_url) VALUES (101, '/rooms/images/room_81/image_02.jpg');
INSERT INTO room_images (room_id, image_url) VALUES (101, '/rooms/images/room_81/image_03.jpg');
INSERT INTO room_images (room_id, image_url) VALUES (101, '/rooms/images/room_81/image_04.jpg');
INSERT INTO room_images (room_id, image_url) VALUES (101, '/rooms/images/room_81/image_05.jpg');
INSERT INTO room_images (room_id, image_url) VALUES (101, '/rooms/images/room_81/image_06.jpg');
INSERT INTO posts (id, landlord_id, room_id, title, description, price, deposit_amount, price_type, status, approved_by, approved_at, expires_at, is_boosted, boosted_until, view_count, favorite_count, contact_count, booking_count, created_at, updated_at, version, video_url, video_thumbnail)
VALUES (101, 3, 101, 'Phòng trọ mini giá rẻ sinh viên 17m2 cách HCMUS 2.94km - Trần Hưng Đạo', '**Vị trí thuận tiện và yên tĩnh**
- Địa chỉ: Trần Hưng Đạo, Phường Tân Đông Hiệp, Dĩ An.
- Chỉ cách khuôn viên trường Trường Đại học Khoa học Tự nhiên - ĐHQG TP.HCM (Cơ sở Dĩ An) (HCMUS) khoảng 2.94km. Việc đi học hàng ngày cực kỳ thuận tiện và nhanh chóng bằng xe máy, xe buýt hoặc đi bộ. Khu vực xung quanh cao ráo, không bị ngập nước, đường sá thông thoáng.

**Thiết kế căn phòng**
- Diện tích sử dụng: 17m2. Thiết kế tối ưu không gian, sạch sẽ, thoáng mát, thích hợp cho việc học tập lâu dài.
- Sở hữu cửa sổ lớn đón ánh sáng tự nhiên tốt, giữ phòng luôn khô ráo.

**Các tiện ích lắp sẵn**
- Wifi internet tốc độ cao riêng biệt từng phòng
- Hệ thống nước nóng lạnh an toàn
- Chỗ để xe máy rộng rãi dưới tầng trệt, an ninh đảm bảo
- Kệ bếp nấu ăn thoáng khí, tủ bếp sạch sẽ

**An ninh và quy định**
- Hệ thống cửa cổng kiểm soát bằng khóa vân tay bảo mật cao kết hợp camera giám sát 24/7.
- Giờ đóng cổng: 22:00 đêm nhằm đảm bảo trật tự chung.
- Môi trường sống văn minh, hàng xóm chủ yếu là sinh viên ngoan ngoãn và nhân viên văn phòng lịch sự.

**Thông tin chi phí thuê**
- Giá thuê hàng tháng: 1,600,000 đ/tháng.
- Tiền đặt cọc: 1,600,000 đ (cam kết hoàn trả đầy đủ khi kết thúc hợp đồng theo đúng thỏa thuận).
- Chỉ số điện nước tính theo đồng hồ riêng gắn trước cửa phòng, cam kết thu đúng chỉ số tiêu thụ thực tế.', 1600000.0, 1600000.0, 'MONTHLY', 'APPROVED', 1, NOW() - INTERVAL '3 days', NOW() + INTERVAL '27 days', false, NULL, 431, 39, 30, 12, NOW() - INTERVAL '10 days', NOW(), 0, '/posts/videos/room_81/video_01.mp4', '/rooms/images/room_81/image_01.jpg');
INSERT INTO post_images (post_id, image_order, image_url) VALUES (101, 0, '/rooms/images/room_81/image_01.jpg');
INSERT INTO post_images (post_id, image_order, image_url) VALUES (101, 1, '/rooms/images/room_81/image_02.jpg');
INSERT INTO post_images (post_id, image_order, image_url) VALUES (101, 2, '/rooms/images/room_81/image_03.jpg');
INSERT INTO post_images (post_id, image_order, image_url) VALUES (101, 3, '/rooms/images/room_81/image_04.jpg');
INSERT INTO post_images (post_id, image_order, image_url) VALUES (101, 4, '/rooms/images/room_81/image_05.jpg');
INSERT INTO post_images (post_id, image_order, image_url) VALUES (101, 5, '/rooms/images/room_81/image_06.jpg');

-- ==========================================
-- ROOM 102 near IU - Dist: 0.81km - Price: 4,000,000
-- ==========================================
INSERT INTO rooms (id, landlord_id, room_number, address, province, district, ward, latitude, longitude, area, floor, max_occupancy, direction, has_windows, has_balcony, thumbnail_url, is_pet_friendly, is_parking_available, curfew, rules, view_count, favorite_count, created_at, updated_at, version, nearby_university_id, nearby_university_name, distance_to_university, nearest_bus_station)
VALUES (102, 4, 'P.237', 'Số 23 Bình Đường, Phường Tân Đông Hiệp, Dĩ An, Bình Dương', 'Bình Dương', 'Dĩ An', 'Tân Đông Hiệp', 10.883282, 106.796617, 24.0, 5, 3, 'SOUTHWEST', true, true, '/rooms/images/room_82/image_01.jpg', false, true, '23:00', 'Giữ trật tự chung sau 22h, dọn dẹp vệ sinh phòng sạch sẽ, phòng cháy chữa cháy an toàn.', 267, 11, NOW() - INTERVAL '4 days', NOW(), 0, 6, 'Trường Đại học Quốc tế - ĐHQG TP.HCM', 0.81, 0.19);
INSERT INTO room_amenities (room_id, amenity_id) VALUES (102, 1) ON CONFLICT DO NOTHING;
INSERT INTO room_amenities (room_id, amenity_id) VALUES (102, 2) ON CONFLICT DO NOTHING;
INSERT INTO room_amenities (room_id, amenity_id) VALUES (102, 3) ON CONFLICT DO NOTHING;
INSERT INTO room_amenities (room_id, amenity_id) VALUES (102, 4) ON CONFLICT DO NOTHING;
INSERT INTO room_amenities (room_id, amenity_id) VALUES (102, 5) ON CONFLICT DO NOTHING;
INSERT INTO room_amenities (room_id, amenity_id) VALUES (102, 6) ON CONFLICT DO NOTHING;
INSERT INTO room_amenities (room_id, amenity_id) VALUES (102, 7) ON CONFLICT DO NOTHING;
INSERT INTO room_amenities (room_id, amenity_id) VALUES (102, 9) ON CONFLICT DO NOTHING;
INSERT INTO room_amenities (room_id, amenity_id) VALUES (102, 12) ON CONFLICT DO NOTHING;
INSERT INTO room_images (room_id, image_url) VALUES (102, '/rooms/images/room_82/image_01.jpg');
INSERT INTO room_images (room_id, image_url) VALUES (102, '/rooms/images/room_82/image_02.jpg');
INSERT INTO room_images (room_id, image_url) VALUES (102, '/rooms/images/room_82/image_03.jpg');
INSERT INTO room_images (room_id, image_url) VALUES (102, '/rooms/images/room_82/image_04.jpg');
INSERT INTO room_images (room_id, image_url) VALUES (102, '/rooms/images/room_82/image_05.jpg');
INSERT INTO room_images (room_id, image_url) VALUES (102, '/rooms/images/room_82/image_06.jpg');
INSERT INTO room_images (room_id, image_url) VALUES (102, '/rooms/images/room_82/image_07.jpg');
INSERT INTO room_images (room_id, image_url) VALUES (102, '/rooms/images/room_82/image_08.jpg');
INSERT INTO posts (id, landlord_id, room_id, title, description, price, deposit_amount, price_type, status, approved_by, approved_at, expires_at, is_boosted, boosted_until, view_count, favorite_count, contact_count, booking_count, created_at, updated_at, version, video_url, video_thumbnail)
VALUES (102, 4, 102, 'Căn hộ Studio gác lửng full nội thất 24m2 cách IU 0.81km - Bình Đường', '**Vị trí thuận tiện và yên tĩnh**
- Địa chỉ: Bình Đường, Phường Tân Đông Hiệp, Dĩ An.
- Chỉ cách khuôn viên trường Trường Đại học Quốc tế - ĐHQG TP.HCM (IU) khoảng 0.81km. Việc đi học hàng ngày cực kỳ thuận tiện và nhanh chóng bằng xe máy, xe buýt hoặc đi bộ. Khu vực xung quanh cao ráo, không bị ngập nước, đường sá thông thoáng.

**Thiết kế căn phòng**
- Diện tích sử dụng: 24m2. Thiết kế tối ưu không gian, sạch sẽ, thoáng mát, thích hợp cho việc học tập lâu dài.
- Sở hữu cửa sổ lớn đón ánh sáng tự nhiên tốt, giữ phòng luôn khô ráo.
- Có ban công riêng đón gió mát mẻ, thuận tiện cho việc phơi đồ hoặc làm góc thư giãn.

**Các tiện ích lắp sẵn**
- Wifi internet tốc độ cao riêng biệt từng phòng
- Máy điều hòa nhiệt độ Inverter hoạt động êm ái, tiết kiệm điện
- Hệ thống nước nóng lạnh an toàn
- Chỗ để xe máy rộng rãi dưới tầng trệt, an ninh đảm bảo
- Tủ lạnh dung tích lớn tiện lợi lưu trữ đồ ăn
- Khu vực giặt sấy/máy giặt tiện nghi
- Kệ bếp nấu ăn thoáng khí, tủ bếp sạch sẽ

**An ninh và quy định**
- Hệ thống cửa cổng kiểm soát bằng khóa vân tay bảo mật cao kết hợp camera giám sát 24/7.
- Giờ đóng cổng: 23:00 đêm nhằm đảm bảo trật tự chung.
- Môi trường sống văn minh, hàng xóm chủ yếu là sinh viên ngoan ngoãn và nhân viên văn phòng lịch sự.

**Thông tin chi phí thuê**
- Giá thuê hàng tháng: 4,000,000 đ/tháng.
- Tiền đặt cọc: 8,000,000 đ (cam kết hoàn trả đầy đủ khi kết thúc hợp đồng theo đúng thỏa thuận).
- Chỉ số điện nước tính theo đồng hồ riêng gắn trước cửa phòng, cam kết thu đúng chỉ số tiêu thụ thực tế.', 4000000.0, 8000000.0, 'MONTHLY', 'APPROVED', 1, NOW() - INTERVAL '3 days', NOW() + INTERVAL '27 days', false, NULL, 229, 65, 39, 8, NOW() - INTERVAL '6 days', NOW(), 0, '/posts/videos/room_82/video_01.mp4', '/rooms/images/room_82/image_01.jpg');
INSERT INTO post_images (post_id, image_order, image_url) VALUES (102, 0, '/rooms/images/room_82/image_01.jpg');
INSERT INTO post_images (post_id, image_order, image_url) VALUES (102, 1, '/rooms/images/room_82/image_02.jpg');
INSERT INTO post_images (post_id, image_order, image_url) VALUES (102, 2, '/rooms/images/room_82/image_03.jpg');
INSERT INTO post_images (post_id, image_order, image_url) VALUES (102, 3, '/rooms/images/room_82/image_04.jpg');
INSERT INTO post_images (post_id, image_order, image_url) VALUES (102, 4, '/rooms/images/room_82/image_05.jpg');
INSERT INTO post_images (post_id, image_order, image_url) VALUES (102, 5, '/rooms/images/room_82/image_06.jpg');
INSERT INTO post_images (post_id, image_order, image_url) VALUES (102, 6, '/rooms/images/room_82/image_07.jpg');
INSERT INTO post_images (post_id, image_order, image_url) VALUES (102, 7, '/rooms/images/room_82/image_08.jpg');

-- ==========================================
-- ROOM 103 near UEH - Dist: 2.5km - Price: 1,300,000
-- ==========================================
INSERT INTO rooms (id, landlord_id, room_number, address, province, district, ward, latitude, longitude, area, floor, max_occupancy, direction, has_windows, has_balcony, thumbnail_url, is_pet_friendly, is_parking_available, curfew, rules, view_count, favorite_count, created_at, updated_at, version, nearby_university_id, nearby_university_name, distance_to_university, nearest_bus_station)
VALUES (103, 2, 'P.308', 'Số 52 Bàn Cờ, Phường 5, Quận 3, TP Hồ Chí Minh', 'TP Hồ Chí Minh', 'Quận 3', 'Phường 5', 10.790431, 106.717634, 26.0, 1, 6, 'EAST', true, false, '/rooms/images/room_83/image_01.jpg', false, false, '22:00', 'Giữ trật tự chung sau 22h, dọn dẹp vệ sinh phòng sạch sẽ, phòng cháy chữa cháy an toàn.', 269, 22, NOW() - INTERVAL '7 days', NOW(), 0, 7, 'Trường Đại học Kinh tế TP.HCM (Cơ sở A)', 2.5, 0.48);
INSERT INTO room_amenities (room_id, amenity_id) VALUES (103, 1) ON CONFLICT DO NOTHING;
INSERT INTO room_amenities (room_id, amenity_id) VALUES (103, 2) ON CONFLICT DO NOTHING;
INSERT INTO room_amenities (room_id, amenity_id) VALUES (103, 3) ON CONFLICT DO NOTHING;
INSERT INTO room_amenities (room_id, amenity_id) VALUES (103, 4) ON CONFLICT DO NOTHING;
INSERT INTO room_amenities (room_id, amenity_id) VALUES (103, 5) ON CONFLICT DO NOTHING;
INSERT INTO room_amenities (room_id, amenity_id) VALUES (103, 7) ON CONFLICT DO NOTHING;
INSERT INTO room_amenities (room_id, amenity_id) VALUES (103, 11) ON CONFLICT DO NOTHING;
INSERT INTO room_amenities (room_id, amenity_id) VALUES (103, 12) ON CONFLICT DO NOTHING;
INSERT INTO room_images (room_id, image_url) VALUES (103, '/rooms/images/room_83/image_01.jpg');
INSERT INTO room_images (room_id, image_url) VALUES (103, '/rooms/images/room_83/image_02.jpg');
INSERT INTO room_images (room_id, image_url) VALUES (103, '/rooms/images/room_83/image_03.jpg');
INSERT INTO room_images (room_id, image_url) VALUES (103, '/rooms/images/room_83/image_04.jpg');
INSERT INTO room_images (room_id, image_url) VALUES (103, '/rooms/images/room_83/image_05.jpg');
INSERT INTO room_images (room_id, image_url) VALUES (103, '/rooms/images/room_83/image_06.jpg');
INSERT INTO posts (id, landlord_id, room_id, title, description, price, deposit_amount, price_type, status, approved_by, approved_at, expires_at, is_boosted, boosted_until, view_count, favorite_count, contact_count, booking_count, created_at, updated_at, version, video_url, video_thumbnail)
VALUES (103, 2, 103, 'Sleepbox cao cấp tiện nghi, bảo mật 26m2 cách UEH 2.5km - Bàn Cờ', '**Vị trí thuận tiện và yên tĩnh**
- Địa chỉ: Bàn Cờ, Phường 5, Quận 3.
- Chỉ cách khuôn viên trường Trường Đại học Kinh tế TP.HCM (Cơ sở A) (UEH) khoảng 2.50km. Việc đi học hàng ngày cực kỳ thuận tiện và nhanh chóng bằng xe máy, xe buýt hoặc đi bộ. Khu vực xung quanh cao ráo, không bị ngập nước, đường sá thông thoáng.

**Thiết kế căn phòng**
- Diện tích sử dụng: 26m2. Thiết kế tối ưu không gian, sạch sẽ, thoáng mát, thích hợp cho việc học tập lâu dài.
- Sở hữu cửa sổ lớn đón ánh sáng tự nhiên tốt, giữ phòng luôn khô ráo.

**Các tiện ích lắp sẵn**
- Wifi internet tốc độ cao riêng biệt từng phòng
- Máy điều hòa nhiệt độ Inverter hoạt động êm ái, tiết kiệm điện
- Hệ thống nước nóng lạnh an toàn
- Chỗ để xe máy rộng rãi dưới tầng trệt, an ninh đảm bảo
- Khu vực giặt sấy/máy giặt tiện nghi

**An ninh và quy định**
- Hệ thống cửa cổng kiểm soát bằng khóa vân tay bảo mật cao kết hợp camera giám sát 24/7.
- Giờ đóng cổng: 22:00 đêm nhằm đảm bảo trật tự chung.
- Môi trường sống văn minh, hàng xóm chủ yếu là sinh viên ngoan ngoãn và nhân viên văn phòng lịch sự.

**Thông tin chi phí thuê**
- Giá thuê hàng tháng: 1,300,000 đ/tháng.
- Tiền đặt cọc: 2,600,000 đ (cam kết hoàn trả đầy đủ khi kết thúc hợp đồng theo đúng thỏa thuận).
- Chỉ số điện nước tính theo đồng hồ riêng gắn trước cửa phòng, cam kết thu đúng chỉ số tiêu thụ thực tế.', 1300000.0, 2600000.0, 'MONTHLY', 'APPROVED', 1, NOW() - INTERVAL '3 days', NOW() + INTERVAL '27 days', false, NULL, 124, 64, 27, 12, NOW() - INTERVAL '10 days', NOW(), 0, '/posts/videos/room_83/video_01.mp4', '/rooms/images/room_83/image_01.jpg');
INSERT INTO post_images (post_id, image_order, image_url) VALUES (103, 0, '/rooms/images/room_83/image_01.jpg');
INSERT INTO post_images (post_id, image_order, image_url) VALUES (103, 1, '/rooms/images/room_83/image_02.jpg');
INSERT INTO post_images (post_id, image_order, image_url) VALUES (103, 2, '/rooms/images/room_83/image_03.jpg');
INSERT INTO post_images (post_id, image_order, image_url) VALUES (103, 3, '/rooms/images/room_83/image_04.jpg');
INSERT INTO post_images (post_id, image_order, image_url) VALUES (103, 4, '/rooms/images/room_83/image_05.jpg');
INSERT INTO post_images (post_id, image_order, image_url) VALUES (103, 5, '/rooms/images/room_83/image_06.jpg');

-- ==========================================
-- ROOM 104 near FTU2 - Dist: 2.34km - Price: 2,400,000
-- ==========================================
INSERT INTO rooms (id, landlord_id, room_number, address, province, district, ward, latitude, longitude, area, floor, max_occupancy, direction, has_windows, has_balcony, thumbnail_url, is_pet_friendly, is_parking_available, curfew, rules, view_count, favorite_count, created_at, updated_at, version, nearby_university_id, nearby_university_name, distance_to_university, nearest_bus_station)
VALUES (104, 3, 'P.208', 'Số 8 Đường D2 (Nguyễn Gia Trí), Phường 25, Bình Thạnh, TP Hồ Chí Minh', 'TP Hồ Chí Minh', 'Bình Thạnh', 'Phường 25', 10.80018, 106.693191, 18.0, 6, 2, 'NORTH', true, true, '/rooms/images/room_84/image_01.jpg', true, true, NULL, 'Giữ trật tự chung sau 22h, dọn dẹp vệ sinh phòng sạch sẽ, phòng cháy chữa cháy an toàn.', 272, 32, NOW() - INTERVAL '8 days', NOW(), 0, 8, 'Trường Đại học Ngoại thương - Cơ sở 2', 2.34, 0.13);
INSERT INTO room_amenities (room_id, amenity_id) VALUES (104, 1) ON CONFLICT DO NOTHING;
INSERT INTO room_amenities (room_id, amenity_id) VALUES (104, 2) ON CONFLICT DO NOTHING;
INSERT INTO room_amenities (room_id, amenity_id) VALUES (104, 3) ON CONFLICT DO NOTHING;
INSERT INTO room_amenities (room_id, amenity_id) VALUES (104, 4) ON CONFLICT DO NOTHING;
INSERT INTO room_amenities (room_id, amenity_id) VALUES (104, 5) ON CONFLICT DO NOTHING;
INSERT INTO room_amenities (room_id, amenity_id) VALUES (104, 6) ON CONFLICT DO NOTHING;
INSERT INTO room_amenities (room_id, amenity_id) VALUES (104, 9) ON CONFLICT DO NOTHING;
INSERT INTO room_images (room_id, image_url) VALUES (104, '/rooms/images/room_84/image_01.jpg');
INSERT INTO room_images (room_id, image_url) VALUES (104, '/rooms/images/room_84/image_02.jpg');
INSERT INTO room_images (room_id, image_url) VALUES (104, '/rooms/images/room_84/image_03.jpg');
INSERT INTO room_images (room_id, image_url) VALUES (104, '/rooms/images/room_84/image_04.jpg');
INSERT INTO room_images (room_id, image_url) VALUES (104, '/rooms/images/room_84/image_05.jpg');
INSERT INTO posts (id, landlord_id, room_id, title, description, price, deposit_amount, price_type, status, approved_by, approved_at, expires_at, is_boosted, boosted_until, view_count, favorite_count, contact_count, booking_count, created_at, updated_at, version, video_url, video_thumbnail)
VALUES (104, 3, 104, 'Phòng trọ ban công thoáng mát gần trường 18m2 cách FTU2 2.34km - Đường D2 (Nguyễn Gia Trí)', '**Vị trí thuận tiện và yên tĩnh**
- Địa chỉ: Đường D2 (Nguyễn Gia Trí), Phường 25, Bình Thạnh.
- Chỉ cách khuôn viên trường Trường Đại học Ngoại thương - Cơ sở 2 (FTU2) khoảng 2.34km. Việc đi học hàng ngày cực kỳ thuận tiện và nhanh chóng bằng xe máy, xe buýt hoặc đi bộ. Khu vực xung quanh cao ráo, không bị ngập nước, đường sá thông thoáng.

**Thiết kế căn phòng**
- Diện tích sử dụng: 18m2. Thiết kế tối ưu không gian, sạch sẽ, thoáng mát, thích hợp cho việc học tập lâu dài.
- Sở hữu cửa sổ lớn đón ánh sáng tự nhiên tốt, giữ phòng luôn khô ráo.
- Có ban công riêng đón gió mát mẻ, thuận tiện cho việc phơi đồ hoặc làm góc thư giãn.

**Các tiện ích lắp sẵn**
- Wifi internet tốc độ cao riêng biệt từng phòng
- Máy điều hòa nhiệt độ Inverter hoạt động êm ái, tiết kiệm điện
- Hệ thống nước nóng lạnh an toàn
- Chỗ để xe máy rộng rãi dưới tầng trệt, an ninh đảm bảo
- Tủ lạnh dung tích lớn tiện lợi lưu trữ đồ ăn
- Kệ bếp nấu ăn thoáng khí, tủ bếp sạch sẽ

**An ninh và quy định**
- Hệ thống cửa cổng kiểm soát bằng khóa vân tay bảo mật cao kết hợp camera giám sát 24/7.
- Giờ giấc ra vào tự do thoải mái, không chung chủ.
- Môi trường sống văn minh, hàng xóm chủ yếu là sinh viên ngoan ngoãn và nhân viên văn phòng lịch sự.

**Thông tin chi phí thuê**
- Giá thuê hàng tháng: 2,400,000 đ/tháng.
- Tiền đặt cọc: 4,800,000 đ (cam kết hoàn trả đầy đủ khi kết thúc hợp đồng theo đúng thỏa thuận).
- Chỉ số điện nước tính theo đồng hồ riêng gắn trước cửa phòng, cam kết thu đúng chỉ số tiêu thụ thực tế.', 2400000.0, 4800000.0, 'MONTHLY', 'APPROVED', 1, NOW() - INTERVAL '3 days', NOW() + INTERVAL '27 days', true, NOW() + INTERVAL '10 days', 140, 60, 23, 10, NOW() - INTERVAL '2 days', NOW(), 0, '/posts/videos/room_84/video_01.mp4', '/rooms/images/room_84/image_01.jpg');
INSERT INTO post_images (post_id, image_order, image_url) VALUES (104, 0, '/rooms/images/room_84/image_01.jpg');
INSERT INTO post_images (post_id, image_order, image_url) VALUES (104, 1, '/rooms/images/room_84/image_02.jpg');
INSERT INTO post_images (post_id, image_order, image_url) VALUES (104, 2, '/rooms/images/room_84/image_03.jpg');
INSERT INTO post_images (post_id, image_order, image_url) VALUES (104, 3, '/rooms/images/room_84/image_04.jpg');
INSERT INTO post_images (post_id, image_order, image_url) VALUES (104, 4, '/rooms/images/room_84/image_05.jpg');

-- ==========================================
-- ROOM 105 near NLU - Dist: 3.0km - Price: 4,900,000
-- ==========================================
INSERT INTO rooms (id, landlord_id, room_number, address, province, district, ward, latitude, longitude, area, floor, max_occupancy, direction, has_windows, has_balcony, thumbnail_url, is_pet_friendly, is_parking_available, curfew, rules, view_count, favorite_count, created_at, updated_at, version, nearby_university_id, nearby_university_name, distance_to_university, nearest_bus_station)
VALUES (105, 4, 'P.629', 'Số 102 Hoàng Diệu 2, Phường Linh Trung, Thủ Đức, TP Hồ Chí Minh', 'TP Hồ Chí Minh', 'Thủ Đức', 'Linh Trung', 10.855911, 106.764307, 44.0, 4, 3, 'EAST', true, true, '/rooms/images/room_85/image_01.jpg', false, true, '23:00', 'Giữ trật tự chung sau 22h, dọn dẹp vệ sinh phòng sạch sẽ, phòng cháy chữa cháy an toàn.', 253, 26, NOW() - INTERVAL '15 days', NOW(), 0, 1, 'Trường Đại học Nông Lâm TP.HCM', 3.0, 0.49);
INSERT INTO room_amenities (room_id, amenity_id) VALUES (105, 1) ON CONFLICT DO NOTHING;
INSERT INTO room_amenities (room_id, amenity_id) VALUES (105, 2) ON CONFLICT DO NOTHING;
INSERT INTO room_amenities (room_id, amenity_id) VALUES (105, 3) ON CONFLICT DO NOTHING;
INSERT INTO room_amenities (room_id, amenity_id) VALUES (105, 4) ON CONFLICT DO NOTHING;
INSERT INTO room_amenities (room_id, amenity_id) VALUES (105, 5) ON CONFLICT DO NOTHING;
INSERT INTO room_amenities (room_id, amenity_id) VALUES (105, 6) ON CONFLICT DO NOTHING;
INSERT INTO room_amenities (room_id, amenity_id) VALUES (105, 7) ON CONFLICT DO NOTHING;
INSERT INTO room_amenities (room_id, amenity_id) VALUES (105, 8) ON CONFLICT DO NOTHING;
INSERT INTO room_amenities (room_id, amenity_id) VALUES (105, 9) ON CONFLICT DO NOTHING;
INSERT INTO room_amenities (room_id, amenity_id) VALUES (105, 10) ON CONFLICT DO NOTHING;
INSERT INTO room_amenities (room_id, amenity_id) VALUES (105, 11) ON CONFLICT DO NOTHING;
INSERT INTO room_amenities (room_id, amenity_id) VALUES (105, 12) ON CONFLICT DO NOTHING;
INSERT INTO room_images (room_id, image_url) VALUES (105, '/rooms/images/room_85/image_01.jpg');
INSERT INTO room_images (room_id, image_url) VALUES (105, '/rooms/images/room_85/image_02.jpg');
INSERT INTO room_images (room_id, image_url) VALUES (105, '/rooms/images/room_85/image_03.jpg');
INSERT INTO room_images (room_id, image_url) VALUES (105, '/rooms/images/room_85/image_04.jpg');
INSERT INTO room_images (room_id, image_url) VALUES (105, '/rooms/images/room_85/image_05.jpg');
INSERT INTO room_images (room_id, image_url) VALUES (105, '/rooms/images/room_85/image_06.jpg');
INSERT INTO room_images (room_id, image_url) VALUES (105, '/rooms/images/room_85/image_07.jpg');
INSERT INTO room_images (room_id, image_url) VALUES (105, '/rooms/images/room_85/image_08.jpg');
INSERT INTO posts (id, landlord_id, room_id, title, description, price, deposit_amount, price_type, status, approved_by, approved_at, expires_at, is_boosted, boosted_until, view_count, favorite_count, contact_count, booking_count, created_at, updated_at, version, video_url, video_thumbnail)
VALUES (105, 4, 105, 'Căn hộ dịch vụ 1PN sang trọng, an ninh 44m2 cách NLU 3.0km - Hoàng Diệu 2', '**Vị trí thuận tiện và yên tĩnh**
- Địa chỉ: Hoàng Diệu 2, Phường Linh Trung, Thủ Đức.
- Chỉ cách khuôn viên trường Trường Đại học Nông Lâm TP.HCM (NLU) khoảng 3.00km. Việc đi học hàng ngày cực kỳ thuận tiện và nhanh chóng bằng xe máy, xe buýt hoặc đi bộ. Khu vực xung quanh cao ráo, không bị ngập nước, đường sá thông thoáng.

**Thiết kế căn phòng**
- Diện tích sử dụng: 44m2. Thiết kế tối ưu không gian, sạch sẽ, thoáng mát, thích hợp cho việc học tập lâu dài.
- Sở hữu cửa sổ lớn đón ánh sáng tự nhiên tốt, giữ phòng luôn khô ráo.
- Có ban công riêng đón gió mát mẻ, thuận tiện cho việc phơi đồ hoặc làm góc thư giãn.

**Các tiện ích lắp sẵn**
- Wifi internet tốc độ cao riêng biệt từng phòng
- Máy điều hòa nhiệt độ Inverter hoạt động êm ái, tiết kiệm điện
- Hệ thống nước nóng lạnh an toàn
- Chỗ để xe máy rộng rãi dưới tầng trệt, an ninh đảm bảo
- Tủ lạnh dung tích lớn tiện lợi lưu trữ đồ ăn
- Khu vực giặt sấy/máy giặt tiện nghi
- Kệ bếp nấu ăn thoáng khí, tủ bếp sạch sẽ

**An ninh và quy định**
- Hệ thống cửa cổng kiểm soát bằng khóa vân tay bảo mật cao kết hợp camera giám sát 24/7.
- Giờ đóng cổng: 23:00 đêm nhằm đảm bảo trật tự chung.
- Môi trường sống văn minh, hàng xóm chủ yếu là sinh viên ngoan ngoãn và nhân viên văn phòng lịch sự.

**Thông tin chi phí thuê**
- Giá thuê hàng tháng: 4,900,000 đ/tháng.
- Tiền đặt cọc: 9,800,000 đ (cam kết hoàn trả đầy đủ khi kết thúc hợp đồng theo đúng thỏa thuận).
- Chỉ số điện nước tính theo đồng hồ riêng gắn trước cửa phòng, cam kết thu đúng chỉ số tiêu thụ thực tế.', 4900000.0, 9800000.0, 'MONTHLY', 'APPROVED', 1, NOW() - INTERVAL '3 days', NOW() + INTERVAL '27 days', false, NULL, 357, 39, 32, 10, NOW() - INTERVAL '4 days', NOW(), 0, '/posts/videos/room_85/video_01.mp4', '/rooms/images/room_85/image_01.jpg');
INSERT INTO post_images (post_id, image_order, image_url) VALUES (105, 0, '/rooms/images/room_85/image_01.jpg');
INSERT INTO post_images (post_id, image_order, image_url) VALUES (105, 1, '/rooms/images/room_85/image_02.jpg');
INSERT INTO post_images (post_id, image_order, image_url) VALUES (105, 2, '/rooms/images/room_85/image_03.jpg');
INSERT INTO post_images (post_id, image_order, image_url) VALUES (105, 3, '/rooms/images/room_85/image_04.jpg');
INSERT INTO post_images (post_id, image_order, image_url) VALUES (105, 4, '/rooms/images/room_85/image_05.jpg');
INSERT INTO post_images (post_id, image_order, image_url) VALUES (105, 5, '/rooms/images/room_85/image_06.jpg');
INSERT INTO post_images (post_id, image_order, image_url) VALUES (105, 6, '/rooms/images/room_85/image_07.jpg');
INSERT INTO post_images (post_id, image_order, image_url) VALUES (105, 7, '/rooms/images/room_85/image_08.jpg');

-- ==========================================
-- ROOM 106 near HCMUTE - Dist: 1.57km - Price: 1,700,000
-- ==========================================
INSERT INTO rooms (id, landlord_id, room_number, address, province, district, ward, latitude, longitude, area, floor, max_occupancy, direction, has_windows, has_balcony, thumbnail_url, is_pet_friendly, is_parking_available, curfew, rules, view_count, favorite_count, created_at, updated_at, version, nearby_university_id, nearby_university_name, distance_to_university, nearest_bus_station)
VALUES (106, 2, 'P.550', 'Số 32 Đường số 12, Phường Hiệp Phú, Thủ Đức, TP Hồ Chí Minh', 'TP Hồ Chí Minh', 'Thủ Đức', 'Hiệp Phú', 10.862731, 106.763302, 17.0, 7, 2, 'WEST', true, false, '/rooms/images/room_86/image_01.jpg', false, true, '23:00', 'Giữ trật tự chung sau 22h, dọn dẹp vệ sinh phòng sạch sẽ, phòng cháy chữa cháy an toàn.', 283, 16, NOW() - INTERVAL '4 days', NOW(), 0, 2, 'Trường Đại học Sư phạm Kỹ thuật TP.HCM', 1.57, 0.43);
INSERT INTO room_amenities (room_id, amenity_id) VALUES (106, 1) ON CONFLICT DO NOTHING;
INSERT INTO room_amenities (room_id, amenity_id) VALUES (106, 3) ON CONFLICT DO NOTHING;
INSERT INTO room_amenities (room_id, amenity_id) VALUES (106, 4) ON CONFLICT DO NOTHING;
INSERT INTO room_amenities (room_id, amenity_id) VALUES (106, 9) ON CONFLICT DO NOTHING;
INSERT INTO room_images (room_id, image_url) VALUES (106, '/rooms/images/room_86/image_01.jpg');
INSERT INTO room_images (room_id, image_url) VALUES (106, '/rooms/images/room_86/image_02.jpg');
INSERT INTO room_images (room_id, image_url) VALUES (106, '/rooms/images/room_86/image_03.jpg');
INSERT INTO posts (id, landlord_id, room_id, title, description, price, deposit_amount, price_type, status, approved_by, approved_at, expires_at, is_boosted, boosted_until, view_count, favorite_count, contact_count, booking_count, created_at, updated_at, version, video_url, video_thumbnail)
VALUES (106, 2, 106, 'Phòng trọ mini giá rẻ sinh viên 17m2 cách HCMUTE 1.57km - Đường số 12', '**Vị trí thuận tiện và yên tĩnh**
- Địa chỉ: Đường số 12, Phường Hiệp Phú, Thủ Đức.
- Chỉ cách khuôn viên trường Trường Đại học Sư phạm Kỹ thuật TP.HCM (HCMUTE) khoảng 1.57km. Việc đi học hàng ngày cực kỳ thuận tiện và nhanh chóng bằng xe máy, xe buýt hoặc đi bộ. Khu vực xung quanh cao ráo, không bị ngập nước, đường sá thông thoáng.

**Thiết kế căn phòng**
- Diện tích sử dụng: 17m2. Thiết kế tối ưu không gian, sạch sẽ, thoáng mát, thích hợp cho việc học tập lâu dài.
- Sở hữu cửa sổ lớn đón ánh sáng tự nhiên tốt, giữ phòng luôn khô ráo.

**Các tiện ích lắp sẵn**
- Wifi internet tốc độ cao riêng biệt từng phòng
- Hệ thống nước nóng lạnh an toàn
- Chỗ để xe máy rộng rãi dưới tầng trệt, an ninh đảm bảo
- Kệ bếp nấu ăn thoáng khí, tủ bếp sạch sẽ

**An ninh và quy định**
- Hệ thống cửa cổng kiểm soát bằng khóa vân tay bảo mật cao kết hợp camera giám sát 24/7.
- Giờ đóng cổng: 23:00 đêm nhằm đảm bảo trật tự chung.
- Môi trường sống văn minh, hàng xóm chủ yếu là sinh viên ngoan ngoãn và nhân viên văn phòng lịch sự.

**Thông tin chi phí thuê**
- Giá thuê hàng tháng: 1,700,000 đ/tháng.
- Tiền đặt cọc: 3,400,000 đ (cam kết hoàn trả đầy đủ khi kết thúc hợp đồng theo đúng thỏa thuận).
- Chỉ số điện nước tính theo đồng hồ riêng gắn trước cửa phòng, cam kết thu đúng chỉ số tiêu thụ thực tế.', 1700000.0, 3400000.0, 'MONTHLY', 'APPROVED', 1, NOW() - INTERVAL '3 days', NOW() + INTERVAL '27 days', false, NULL, 228, 64, 45, 4, NOW() - INTERVAL '5 days', NOW(), 0, '/posts/videos/room_86/video_01.mp4', '/rooms/images/room_86/image_01.jpg');
INSERT INTO post_images (post_id, image_order, image_url) VALUES (106, 0, '/rooms/images/room_86/image_01.jpg');
INSERT INTO post_images (post_id, image_order, image_url) VALUES (106, 1, '/rooms/images/room_86/image_02.jpg');
INSERT INTO post_images (post_id, image_order, image_url) VALUES (106, 2, '/rooms/images/room_86/image_03.jpg');

-- ==========================================
-- ROOM 107 near UIT - Dist: 1.08km - Price: 3,700,000
-- ==========================================
INSERT INTO rooms (id, landlord_id, room_number, address, province, district, ward, latitude, longitude, area, floor, max_occupancy, direction, has_windows, has_balcony, thumbnail_url, is_pet_friendly, is_parking_available, curfew, rules, view_count, favorite_count, created_at, updated_at, version, nearby_university_id, nearby_university_name, distance_to_university, nearest_bus_station)
VALUES (107, 3, 'P.522', 'Số 138 Nguyễn Văn Bá, Phường Linh Tây, Thủ Đức, TP Hồ Chí Minh', 'TP Hồ Chí Minh', 'Thủ Đức', 'Linh Tây', 10.877461, 106.809417, 29.0, 6, 3, 'EAST', true, true, '/rooms/images/room_87/image_01.jpg', false, true, '23:00', 'Giữ trật tự chung sau 22h, dọn dẹp vệ sinh phòng sạch sẽ, phòng cháy chữa cháy an toàn.', 239, 34, NOW() - INTERVAL '10 days', NOW(), 0, 3, 'Trường Đại học Công nghệ thông tin - ĐHQG TP.HCM', 1.08, 0.15);
INSERT INTO room_amenities (room_id, amenity_id) VALUES (107, 1) ON CONFLICT DO NOTHING;
INSERT INTO room_amenities (room_id, amenity_id) VALUES (107, 2) ON CONFLICT DO NOTHING;
INSERT INTO room_amenities (room_id, amenity_id) VALUES (107, 3) ON CONFLICT DO NOTHING;
INSERT INTO room_amenities (room_id, amenity_id) VALUES (107, 4) ON CONFLICT DO NOTHING;
INSERT INTO room_amenities (room_id, amenity_id) VALUES (107, 5) ON CONFLICT DO NOTHING;
INSERT INTO room_amenities (room_id, amenity_id) VALUES (107, 6) ON CONFLICT DO NOTHING;
INSERT INTO room_amenities (room_id, amenity_id) VALUES (107, 7) ON CONFLICT DO NOTHING;
INSERT INTO room_amenities (room_id, amenity_id) VALUES (107, 9) ON CONFLICT DO NOTHING;
INSERT INTO room_amenities (room_id, amenity_id) VALUES (107, 12) ON CONFLICT DO NOTHING;
INSERT INTO room_images (room_id, image_url) VALUES (107, '/rooms/images/room_87/image_01.jpg');
INSERT INTO room_images (room_id, image_url) VALUES (107, '/rooms/images/room_87/image_02.jpg');
INSERT INTO room_images (room_id, image_url) VALUES (107, '/rooms/images/room_87/image_03.jpg');
INSERT INTO room_images (room_id, image_url) VALUES (107, '/rooms/images/room_87/image_04.jpg');
INSERT INTO room_images (room_id, image_url) VALUES (107, '/rooms/images/room_87/image_05.jpg');
INSERT INTO room_images (room_id, image_url) VALUES (107, '/rooms/images/room_87/image_06.jpg');
INSERT INTO room_images (room_id, image_url) VALUES (107, '/rooms/images/room_87/image_07.jpg');
INSERT INTO room_images (room_id, image_url) VALUES (107, '/rooms/images/room_87/image_08.jpg');
INSERT INTO posts (id, landlord_id, room_id, title, description, price, deposit_amount, price_type, status, approved_by, approved_at, expires_at, is_boosted, boosted_until, view_count, favorite_count, contact_count, booking_count, created_at, updated_at, version, video_url, video_thumbnail)
VALUES (107, 3, 107, 'Căn hộ Studio gác lửng full nội thất 29m2 cách UIT 1.08km - Nguyễn Văn Bá', '**Vị trí thuận tiện và yên tĩnh**
- Địa chỉ: Nguyễn Văn Bá, Phường Linh Tây, Thủ Đức.
- Chỉ cách khuôn viên trường Trường Đại học Công nghệ thông tin - ĐHQG TP.HCM (UIT) khoảng 1.08km. Việc đi học hàng ngày cực kỳ thuận tiện và nhanh chóng bằng xe máy, xe buýt hoặc đi bộ. Khu vực xung quanh cao ráo, không bị ngập nước, đường sá thông thoáng.

**Thiết kế căn phòng**
- Diện tích sử dụng: 29m2. Thiết kế tối ưu không gian, sạch sẽ, thoáng mát, thích hợp cho việc học tập lâu dài.
- Sở hữu cửa sổ lớn đón ánh sáng tự nhiên tốt, giữ phòng luôn khô ráo.
- Có ban công riêng đón gió mát mẻ, thuận tiện cho việc phơi đồ hoặc làm góc thư giãn.

**Các tiện ích lắp sẵn**
- Wifi internet tốc độ cao riêng biệt từng phòng
- Máy điều hòa nhiệt độ Inverter hoạt động êm ái, tiết kiệm điện
- Hệ thống nước nóng lạnh an toàn
- Chỗ để xe máy rộng rãi dưới tầng trệt, an ninh đảm bảo
- Tủ lạnh dung tích lớn tiện lợi lưu trữ đồ ăn
- Khu vực giặt sấy/máy giặt tiện nghi
- Kệ bếp nấu ăn thoáng khí, tủ bếp sạch sẽ

**An ninh và quy định**
- Hệ thống cửa cổng kiểm soát bằng khóa vân tay bảo mật cao kết hợp camera giám sát 24/7.
- Giờ đóng cổng: 23:00 đêm nhằm đảm bảo trật tự chung.
- Môi trường sống văn minh, hàng xóm chủ yếu là sinh viên ngoan ngoãn và nhân viên văn phòng lịch sự.

**Thông tin chi phí thuê**
- Giá thuê hàng tháng: 3,700,000 đ/tháng.
- Tiền đặt cọc: 3,700,000 đ (cam kết hoàn trả đầy đủ khi kết thúc hợp đồng theo đúng thỏa thuận).
- Chỉ số điện nước tính theo đồng hồ riêng gắn trước cửa phòng, cam kết thu đúng chỉ số tiêu thụ thực tế.', 3700000.0, 3700000.0, 'MONTHLY', 'APPROVED', 1, NOW() - INTERVAL '3 days', NOW() + INTERVAL '27 days', false, NULL, 454, 74, 45, 7, NOW() - INTERVAL '5 days', NOW(), 0, '/posts/videos/room_87/video_01.mp4', '/rooms/images/room_87/image_01.jpg');
INSERT INTO post_images (post_id, image_order, image_url) VALUES (107, 0, '/rooms/images/room_87/image_01.jpg');
INSERT INTO post_images (post_id, image_order, image_url) VALUES (107, 1, '/rooms/images/room_87/image_02.jpg');
INSERT INTO post_images (post_id, image_order, image_url) VALUES (107, 2, '/rooms/images/room_87/image_03.jpg');
INSERT INTO post_images (post_id, image_order, image_url) VALUES (107, 3, '/rooms/images/room_87/image_04.jpg');
INSERT INTO post_images (post_id, image_order, image_url) VALUES (107, 4, '/rooms/images/room_87/image_05.jpg');
INSERT INTO post_images (post_id, image_order, image_url) VALUES (107, 5, '/rooms/images/room_87/image_06.jpg');
INSERT INTO post_images (post_id, image_order, image_url) VALUES (107, 6, '/rooms/images/room_87/image_07.jpg');
INSERT INTO post_images (post_id, image_order, image_url) VALUES (107, 7, '/rooms/images/room_87/image_08.jpg');

-- ==========================================
-- ROOM 108 near HCMUT - Dist: 3.87km - Price: 1,400,000
-- ==========================================
INSERT INTO rooms (id, landlord_id, room_number, address, province, district, ward, latitude, longitude, area, floor, max_occupancy, direction, has_windows, has_balcony, thumbnail_url, is_pet_friendly, is_parking_available, curfew, rules, view_count, favorite_count, created_at, updated_at, version, nearby_university_id, nearby_university_name, distance_to_university, nearest_bus_station)
VALUES (108, 4, 'P.270', 'Số 36 Đường ĐHQG, Phường Đông Hòa, Dĩ An, Bình Dương', 'Bình Dương', 'Dĩ An', 'Đông Hòa', 10.91354, 106.817239, 32.0, 2, 6, 'NORTHEAST', true, false, '/rooms/images/room_88/image_01.jpg', true, false, NULL, 'Giữ trật tự chung sau 22h, dọn dẹp vệ sinh phòng sạch sẽ, phòng cháy chữa cháy an toàn.', 295, 43, NOW() - INTERVAL '5 days', NOW(), 0, 4, 'Trường Đại học Bách Khoa - ĐHQG TP.HCM (Cơ sở Dĩ An)', 3.87, 0.32);
INSERT INTO room_amenities (room_id, amenity_id) VALUES (108, 1) ON CONFLICT DO NOTHING;
INSERT INTO room_amenities (room_id, amenity_id) VALUES (108, 2) ON CONFLICT DO NOTHING;
INSERT INTO room_amenities (room_id, amenity_id) VALUES (108, 3) ON CONFLICT DO NOTHING;
INSERT INTO room_amenities (room_id, amenity_id) VALUES (108, 4) ON CONFLICT DO NOTHING;
INSERT INTO room_amenities (room_id, amenity_id) VALUES (108, 5) ON CONFLICT DO NOTHING;
INSERT INTO room_amenities (room_id, amenity_id) VALUES (108, 7) ON CONFLICT DO NOTHING;
INSERT INTO room_amenities (room_id, amenity_id) VALUES (108, 11) ON CONFLICT DO NOTHING;
INSERT INTO room_amenities (room_id, amenity_id) VALUES (108, 12) ON CONFLICT DO NOTHING;
INSERT INTO room_images (room_id, image_url) VALUES (108, '/rooms/images/room_88/image_01.jpg');
INSERT INTO room_images (room_id, image_url) VALUES (108, '/rooms/images/room_88/image_02.jpg');
INSERT INTO room_images (room_id, image_url) VALUES (108, '/rooms/images/room_88/image_03.jpg');
INSERT INTO room_images (room_id, image_url) VALUES (108, '/rooms/images/room_88/image_04.jpg');
INSERT INTO room_images (room_id, image_url) VALUES (108, '/rooms/images/room_88/image_05.jpg');
INSERT INTO room_images (room_id, image_url) VALUES (108, '/rooms/images/room_88/image_06.jpg');
INSERT INTO posts (id, landlord_id, room_id, title, description, price, deposit_amount, price_type, status, approved_by, approved_at, expires_at, is_boosted, boosted_until, view_count, favorite_count, contact_count, booking_count, created_at, updated_at, version, video_url, video_thumbnail)
VALUES (108, 4, 108, 'Sleepbox cao cấp tiện nghi, bảo mật 32m2 cách HCMUT 3.87km - Đường ĐHQG', '**Vị trí thuận tiện và yên tĩnh**
- Địa chỉ: Đường ĐHQG, Phường Đông Hòa, Dĩ An.
- Chỉ cách khuôn viên trường Trường Đại học Bách Khoa - ĐHQG TP.HCM (Cơ sở Dĩ An) (HCMUT) khoảng 3.87km. Việc đi học hàng ngày cực kỳ thuận tiện và nhanh chóng bằng xe máy, xe buýt hoặc đi bộ. Khu vực xung quanh cao ráo, không bị ngập nước, đường sá thông thoáng.

**Thiết kế căn phòng**
- Diện tích sử dụng: 32m2. Thiết kế tối ưu không gian, sạch sẽ, thoáng mát, thích hợp cho việc học tập lâu dài.
- Sở hữu cửa sổ lớn đón ánh sáng tự nhiên tốt, giữ phòng luôn khô ráo.

**Các tiện ích lắp sẵn**
- Wifi internet tốc độ cao riêng biệt từng phòng
- Máy điều hòa nhiệt độ Inverter hoạt động êm ái, tiết kiệm điện
- Hệ thống nước nóng lạnh an toàn
- Chỗ để xe máy rộng rãi dưới tầng trệt, an ninh đảm bảo
- Khu vực giặt sấy/máy giặt tiện nghi

**An ninh và quy định**
- Hệ thống cửa cổng kiểm soát bằng khóa vân tay bảo mật cao kết hợp camera giám sát 24/7.
- Giờ giấc ra vào tự do thoải mái, không chung chủ.
- Môi trường sống văn minh, hàng xóm chủ yếu là sinh viên ngoan ngoãn và nhân viên văn phòng lịch sự.

**Thông tin chi phí thuê**
- Giá thuê hàng tháng: 1,400,000 đ/tháng.
- Tiền đặt cọc: 2,800,000 đ (cam kết hoàn trả đầy đủ khi kết thúc hợp đồng theo đúng thỏa thuận).
- Chỉ số điện nước tính theo đồng hồ riêng gắn trước cửa phòng, cam kết thu đúng chỉ số tiêu thụ thực tế.', 1400000.0, 2800000.0, 'MONTHLY', 'APPROVED', 1, NOW() - INTERVAL '3 days', NOW() + INTERVAL '27 days', false, NULL, 181, 40, 35, 6, NOW() - INTERVAL '5 days', NOW(), 0, '/posts/videos/room_88/video_01.mp4', '/rooms/images/room_88/image_01.jpg');
INSERT INTO post_images (post_id, image_order, image_url) VALUES (108, 0, '/rooms/images/room_88/image_01.jpg');
INSERT INTO post_images (post_id, image_order, image_url) VALUES (108, 1, '/rooms/images/room_88/image_02.jpg');
INSERT INTO post_images (post_id, image_order, image_url) VALUES (108, 2, '/rooms/images/room_88/image_03.jpg');
INSERT INTO post_images (post_id, image_order, image_url) VALUES (108, 3, '/rooms/images/room_88/image_04.jpg');
INSERT INTO post_images (post_id, image_order, image_url) VALUES (108, 4, '/rooms/images/room_88/image_05.jpg');
INSERT INTO post_images (post_id, image_order, image_url) VALUES (108, 5, '/rooms/images/room_88/image_06.jpg');

-- ==========================================
-- ROOM 109 near HCMUS - Dist: 5.2km - Price: 2,400,000
-- ==========================================
INSERT INTO rooms (id, landlord_id, room_number, address, province, district, ward, latitude, longitude, area, floor, max_occupancy, direction, has_windows, has_balcony, thumbnail_url, is_pet_friendly, is_parking_available, curfew, rules, view_count, favorite_count, created_at, updated_at, version, nearby_university_id, nearby_university_name, distance_to_university, nearest_bus_station)
VALUES (109, 2, 'P.107', 'Số 59 Đường ĐHQG, Phường Tân Đông Hiệp, Dĩ An, Bình Dương', 'Bình Dương', 'Dĩ An', 'Tân Đông Hiệp', 10.906918, 106.764328, 23.0, 1, 2, 'SOUTHEAST', true, true, '/rooms/images/room_89/image_01.jpg', true, true, '22:00', 'Giữ trật tự chung sau 22h, dọn dẹp vệ sinh phòng sạch sẽ, phòng cháy chữa cháy an toàn.', 274, 24, NOW() - INTERVAL '5 days', NOW(), 0, 5, 'Trường Đại học Khoa học Tự nhiên - ĐHQG TP.HCM (Cơ sở Dĩ An)', 5.2, 0.42);
INSERT INTO room_amenities (room_id, amenity_id) VALUES (109, 1) ON CONFLICT DO NOTHING;
INSERT INTO room_amenities (room_id, amenity_id) VALUES (109, 2) ON CONFLICT DO NOTHING;
INSERT INTO room_amenities (room_id, amenity_id) VALUES (109, 3) ON CONFLICT DO NOTHING;
INSERT INTO room_amenities (room_id, amenity_id) VALUES (109, 4) ON CONFLICT DO NOTHING;
INSERT INTO room_amenities (room_id, amenity_id) VALUES (109, 5) ON CONFLICT DO NOTHING;
INSERT INTO room_amenities (room_id, amenity_id) VALUES (109, 6) ON CONFLICT DO NOTHING;
INSERT INTO room_amenities (room_id, amenity_id) VALUES (109, 9) ON CONFLICT DO NOTHING;
INSERT INTO room_images (room_id, image_url) VALUES (109, '/rooms/images/room_89/image_01.jpg');
INSERT INTO room_images (room_id, image_url) VALUES (109, '/rooms/images/room_89/image_02.jpg');
INSERT INTO room_images (room_id, image_url) VALUES (109, '/rooms/images/room_89/image_03.jpg');
INSERT INTO room_images (room_id, image_url) VALUES (109, '/rooms/images/room_89/image_04.jpg');
INSERT INTO room_images (room_id, image_url) VALUES (109, '/rooms/images/room_89/image_05.jpg');
INSERT INTO room_images (room_id, image_url) VALUES (109, '/rooms/images/room_89/image_06.jpg');
INSERT INTO posts (id, landlord_id, room_id, title, description, price, deposit_amount, price_type, status, approved_by, approved_at, expires_at, is_boosted, boosted_until, view_count, favorite_count, contact_count, booking_count, created_at, updated_at, version, video_url, video_thumbnail)
VALUES (109, 2, 109, 'Phòng trọ ban công thoáng mát gần trường 23m2 cách HCMUS 5.2km - Đường ĐHQG', '**Vị trí thuận tiện và yên tĩnh**
- Địa chỉ: Đường ĐHQG, Phường Tân Đông Hiệp, Dĩ An.
- Chỉ cách khuôn viên trường Trường Đại học Khoa học Tự nhiên - ĐHQG TP.HCM (Cơ sở Dĩ An) (HCMUS) khoảng 5.20km. Việc đi học hàng ngày cực kỳ thuận tiện và nhanh chóng bằng xe máy, xe buýt hoặc đi bộ. Khu vực xung quanh cao ráo, không bị ngập nước, đường sá thông thoáng.

**Thiết kế căn phòng**
- Diện tích sử dụng: 23m2. Thiết kế tối ưu không gian, sạch sẽ, thoáng mát, thích hợp cho việc học tập lâu dài.
- Sở hữu cửa sổ lớn đón ánh sáng tự nhiên tốt, giữ phòng luôn khô ráo.
- Có ban công riêng đón gió mát mẻ, thuận tiện cho việc phơi đồ hoặc làm góc thư giãn.

**Các tiện ích lắp sẵn**
- Wifi internet tốc độ cao riêng biệt từng phòng
- Máy điều hòa nhiệt độ Inverter hoạt động êm ái, tiết kiệm điện
- Hệ thống nước nóng lạnh an toàn
- Chỗ để xe máy rộng rãi dưới tầng trệt, an ninh đảm bảo
- Tủ lạnh dung tích lớn tiện lợi lưu trữ đồ ăn
- Kệ bếp nấu ăn thoáng khí, tủ bếp sạch sẽ

**An ninh và quy định**
- Hệ thống cửa cổng kiểm soát bằng khóa vân tay bảo mật cao kết hợp camera giám sát 24/7.
- Giờ đóng cổng: 22:00 đêm nhằm đảm bảo trật tự chung.
- Môi trường sống văn minh, hàng xóm chủ yếu là sinh viên ngoan ngoãn và nhân viên văn phòng lịch sự.

**Thông tin chi phí thuê**
- Giá thuê hàng tháng: 2,400,000 đ/tháng.
- Tiền đặt cọc: 2,400,000 đ (cam kết hoàn trả đầy đủ khi kết thúc hợp đồng theo đúng thỏa thuận).
- Chỉ số điện nước tính theo đồng hồ riêng gắn trước cửa phòng, cam kết thu đúng chỉ số tiêu thụ thực tế.', 2400000.0, 2400000.0, 'MONTHLY', 'APPROVED', 1, NOW() - INTERVAL '3 days', NOW() + INTERVAL '27 days', false, NULL, 194, 58, 22, 12, NOW() - INTERVAL '6 days', NOW(), 0, '/posts/videos/room_89/video_01.mp4', '/rooms/images/room_89/image_01.jpg');
INSERT INTO post_images (post_id, image_order, image_url) VALUES (109, 0, '/rooms/images/room_89/image_01.jpg');
INSERT INTO post_images (post_id, image_order, image_url) VALUES (109, 1, '/rooms/images/room_89/image_02.jpg');
INSERT INTO post_images (post_id, image_order, image_url) VALUES (109, 2, '/rooms/images/room_89/image_03.jpg');
INSERT INTO post_images (post_id, image_order, image_url) VALUES (109, 3, '/rooms/images/room_89/image_04.jpg');
INSERT INTO post_images (post_id, image_order, image_url) VALUES (109, 4, '/rooms/images/room_89/image_05.jpg');
INSERT INTO post_images (post_id, image_order, image_url) VALUES (109, 5, '/rooms/images/room_89/image_06.jpg');

-- ==========================================
-- ROOM 110 near IU - Dist: 3.15km - Price: 4,300,000
-- ==========================================
INSERT INTO rooms (id, landlord_id, room_number, address, province, district, ward, latitude, longitude, area, floor, max_occupancy, direction, has_windows, has_balcony, thumbnail_url, is_pet_friendly, is_parking_available, curfew, rules, view_count, favorite_count, created_at, updated_at, version, nearby_university_id, nearby_university_name, distance_to_university, nearest_bus_station)
VALUES (110, 3, 'P.232', 'Số 44 Trần Hưng Đạo, Phường Đông Hòa, Dĩ An, Bình Dương', 'Bình Dương', 'Dĩ An', 'Đông Hòa', 10.860014, 106.823983, 35.0, 1, 3, 'NORTHEAST', true, true, '/rooms/images/room_90/image_01.jpg', true, true, NULL, 'Giữ trật tự chung sau 22h, dọn dẹp vệ sinh phòng sạch sẽ, phòng cháy chữa cháy an toàn.', 111, 42, NOW() - INTERVAL '2 days', NOW(), 0, 6, 'Trường Đại học Quốc tế - ĐHQG TP.HCM', 3.15, 0.23);
INSERT INTO room_amenities (room_id, amenity_id) VALUES (110, 1) ON CONFLICT DO NOTHING;
INSERT INTO room_amenities (room_id, amenity_id) VALUES (110, 2) ON CONFLICT DO NOTHING;
INSERT INTO room_amenities (room_id, amenity_id) VALUES (110, 3) ON CONFLICT DO NOTHING;
INSERT INTO room_amenities (room_id, amenity_id) VALUES (110, 4) ON CONFLICT DO NOTHING;
INSERT INTO room_amenities (room_id, amenity_id) VALUES (110, 5) ON CONFLICT DO NOTHING;
INSERT INTO room_amenities (room_id, amenity_id) VALUES (110, 6) ON CONFLICT DO NOTHING;
INSERT INTO room_amenities (room_id, amenity_id) VALUES (110, 7) ON CONFLICT DO NOTHING;
INSERT INTO room_amenities (room_id, amenity_id) VALUES (110, 8) ON CONFLICT DO NOTHING;
INSERT INTO room_amenities (room_id, amenity_id) VALUES (110, 9) ON CONFLICT DO NOTHING;
INSERT INTO room_amenities (room_id, amenity_id) VALUES (110, 10) ON CONFLICT DO NOTHING;
INSERT INTO room_amenities (room_id, amenity_id) VALUES (110, 11) ON CONFLICT DO NOTHING;
INSERT INTO room_amenities (room_id, amenity_id) VALUES (110, 12) ON CONFLICT DO NOTHING;
INSERT INTO room_images (room_id, image_url) VALUES (110, '/rooms/images/room_90/image_01.jpg');
INSERT INTO room_images (room_id, image_url) VALUES (110, '/rooms/images/room_90/image_02.jpg');
INSERT INTO room_images (room_id, image_url) VALUES (110, '/rooms/images/room_90/image_03.jpg');
INSERT INTO room_images (room_id, image_url) VALUES (110, '/rooms/images/room_90/image_04.jpg');
INSERT INTO room_images (room_id, image_url) VALUES (110, '/rooms/images/room_90/image_05.jpg');
INSERT INTO posts (id, landlord_id, room_id, title, description, price, deposit_amount, price_type, status, approved_by, approved_at, expires_at, is_boosted, boosted_until, view_count, favorite_count, contact_count, booking_count, created_at, updated_at, version, video_url, video_thumbnail)
VALUES (110, 3, 110, 'Căn hộ dịch vụ 1PN sang trọng, an ninh 35m2 cách IU 3.15km - Trần Hưng Đạo', '**Vị trí thuận tiện và yên tĩnh**
- Địa chỉ: Trần Hưng Đạo, Phường Đông Hòa, Dĩ An.
- Chỉ cách khuôn viên trường Trường Đại học Quốc tế - ĐHQG TP.HCM (IU) khoảng 3.15km. Việc đi học hàng ngày cực kỳ thuận tiện và nhanh chóng bằng xe máy, xe buýt hoặc đi bộ. Khu vực xung quanh cao ráo, không bị ngập nước, đường sá thông thoáng.

**Thiết kế căn phòng**
- Diện tích sử dụng: 35m2. Thiết kế tối ưu không gian, sạch sẽ, thoáng mát, thích hợp cho việc học tập lâu dài.
- Sở hữu cửa sổ lớn đón ánh sáng tự nhiên tốt, giữ phòng luôn khô ráo.
- Có ban công riêng đón gió mát mẻ, thuận tiện cho việc phơi đồ hoặc làm góc thư giãn.

**Các tiện ích lắp sẵn**
- Wifi internet tốc độ cao riêng biệt từng phòng
- Máy điều hòa nhiệt độ Inverter hoạt động êm ái, tiết kiệm điện
- Hệ thống nước nóng lạnh an toàn
- Chỗ để xe máy rộng rãi dưới tầng trệt, an ninh đảm bảo
- Tủ lạnh dung tích lớn tiện lợi lưu trữ đồ ăn
- Khu vực giặt sấy/máy giặt tiện nghi
- Kệ bếp nấu ăn thoáng khí, tủ bếp sạch sẽ

**An ninh và quy định**
- Hệ thống cửa cổng kiểm soát bằng khóa vân tay bảo mật cao kết hợp camera giám sát 24/7.
- Giờ giấc ra vào tự do thoải mái, không chung chủ.
- Môi trường sống văn minh, hàng xóm chủ yếu là sinh viên ngoan ngoãn và nhân viên văn phòng lịch sự.

**Thông tin chi phí thuê**
- Giá thuê hàng tháng: 4,300,000 đ/tháng.
- Tiền đặt cọc: 8,600,000 đ (cam kết hoàn trả đầy đủ khi kết thúc hợp đồng theo đúng thỏa thuận).
- Chỉ số điện nước tính theo đồng hồ riêng gắn trước cửa phòng, cam kết thu đúng chỉ số tiêu thụ thực tế.', 4300000.0, 8600000.0, 'MONTHLY', 'APPROVED', 1, NOW() - INTERVAL '3 days', NOW() + INTERVAL '27 days', false, NULL, 319, 18, 30, 2, NOW() - INTERVAL '9 days', NOW(), 0, '/posts/videos/room_90/video_01.mp4', '/rooms/images/room_90/image_01.jpg');
INSERT INTO post_images (post_id, image_order, image_url) VALUES (110, 0, '/rooms/images/room_90/image_01.jpg');
INSERT INTO post_images (post_id, image_order, image_url) VALUES (110, 1, '/rooms/images/room_90/image_02.jpg');
INSERT INTO post_images (post_id, image_order, image_url) VALUES (110, 2, '/rooms/images/room_90/image_03.jpg');
INSERT INTO post_images (post_id, image_order, image_url) VALUES (110, 3, '/rooms/images/room_90/image_04.jpg');
INSERT INTO post_images (post_id, image_order, image_url) VALUES (110, 4, '/rooms/images/room_90/image_05.jpg');

-- ==========================================
-- ROOM 111 near UEH - Dist: 4.12km - Price: 1,400,000
-- ==========================================
INSERT INTO rooms (id, landlord_id, room_number, address, province, district, ward, latitude, longitude, area, floor, max_occupancy, direction, has_windows, has_balcony, thumbnail_url, is_pet_friendly, is_parking_available, curfew, rules, view_count, favorite_count, created_at, updated_at, version, nearby_university_id, nearby_university_name, distance_to_university, nearest_bus_station)
VALUES (111, 4, 'P.144', 'Số 38 Nguyễn Đình Chiểu, Phường Võ Thị Sáu, Quận 3, TP Hồ Chí Minh', 'TP Hồ Chí Minh', 'Quận 3', 'Phường Võ Thị Sáu', 10.782242, 106.658388, 18.0, 4, 2, 'SOUTHEAST', true, false, '/rooms/images/room_91/image_01.jpg', false, true, '23:00', 'Giữ trật tự chung sau 22h, dọn dẹp vệ sinh phòng sạch sẽ, phòng cháy chữa cháy an toàn.', 50, 37, NOW() - INTERVAL '10 days', NOW(), 0, 7, 'Trường Đại học Kinh tế TP.HCM (Cơ sở A)', 4.12, 0.37);
INSERT INTO room_amenities (room_id, amenity_id) VALUES (111, 1) ON CONFLICT DO NOTHING;
INSERT INTO room_amenities (room_id, amenity_id) VALUES (111, 3) ON CONFLICT DO NOTHING;
INSERT INTO room_amenities (room_id, amenity_id) VALUES (111, 4) ON CONFLICT DO NOTHING;
INSERT INTO room_amenities (room_id, amenity_id) VALUES (111, 9) ON CONFLICT DO NOTHING;
INSERT INTO room_images (room_id, image_url) VALUES (111, '/rooms/images/room_91/image_01.jpg');
INSERT INTO room_images (room_id, image_url) VALUES (111, '/rooms/images/room_91/image_02.jpg');
INSERT INTO room_images (room_id, image_url) VALUES (111, '/rooms/images/room_91/image_03.jpg');
INSERT INTO room_images (room_id, image_url) VALUES (111, '/rooms/images/room_91/image_04.jpg');
INSERT INTO room_images (room_id, image_url) VALUES (111, '/rooms/images/room_91/image_05.jpg');
INSERT INTO posts (id, landlord_id, room_id, title, description, price, deposit_amount, price_type, status, approved_by, approved_at, expires_at, is_boosted, boosted_until, view_count, favorite_count, contact_count, booking_count, created_at, updated_at, version, video_url, video_thumbnail)
VALUES (111, 4, 111, 'Phòng trọ mini giá rẻ sinh viên 18m2 cách UEH 4.12km - Nguyễn Đình Chiểu', '**Vị trí thuận tiện và yên tĩnh**
- Địa chỉ: Nguyễn Đình Chiểu, Phường Võ Thị Sáu, Quận 3.
- Chỉ cách khuôn viên trường Trường Đại học Kinh tế TP.HCM (Cơ sở A) (UEH) khoảng 4.12km. Việc đi học hàng ngày cực kỳ thuận tiện và nhanh chóng bằng xe máy, xe buýt hoặc đi bộ. Khu vực xung quanh cao ráo, không bị ngập nước, đường sá thông thoáng.

**Thiết kế căn phòng**
- Diện tích sử dụng: 18m2. Thiết kế tối ưu không gian, sạch sẽ, thoáng mát, thích hợp cho việc học tập lâu dài.
- Sở hữu cửa sổ lớn đón ánh sáng tự nhiên tốt, giữ phòng luôn khô ráo.

**Các tiện ích lắp sẵn**
- Wifi internet tốc độ cao riêng biệt từng phòng
- Hệ thống nước nóng lạnh an toàn
- Chỗ để xe máy rộng rãi dưới tầng trệt, an ninh đảm bảo
- Kệ bếp nấu ăn thoáng khí, tủ bếp sạch sẽ

**An ninh và quy định**
- Hệ thống cửa cổng kiểm soát bằng khóa vân tay bảo mật cao kết hợp camera giám sát 24/7.
- Giờ đóng cổng: 23:00 đêm nhằm đảm bảo trật tự chung.
- Môi trường sống văn minh, hàng xóm chủ yếu là sinh viên ngoan ngoãn và nhân viên văn phòng lịch sự.

**Thông tin chi phí thuê**
- Giá thuê hàng tháng: 1,400,000 đ/tháng.
- Tiền đặt cọc: 1,400,000 đ (cam kết hoàn trả đầy đủ khi kết thúc hợp đồng theo đúng thỏa thuận).
- Chỉ số điện nước tính theo đồng hồ riêng gắn trước cửa phòng, cam kết thu đúng chỉ số tiêu thụ thực tế.', 1400000.0, 1400000.0, 'MONTHLY', 'APPROVED', 1, NOW() - INTERVAL '3 days', NOW() + INTERVAL '27 days', false, NULL, 493, 13, 37, 8, NOW() - INTERVAL '5 days', NOW(), 0, '/posts/videos/room_91/video_01.mp4', '/rooms/images/room_91/image_01.jpg');
INSERT INTO post_images (post_id, image_order, image_url) VALUES (111, 0, '/rooms/images/room_91/image_01.jpg');
INSERT INTO post_images (post_id, image_order, image_url) VALUES (111, 1, '/rooms/images/room_91/image_02.jpg');
INSERT INTO post_images (post_id, image_order, image_url) VALUES (111, 2, '/rooms/images/room_91/image_03.jpg');
INSERT INTO post_images (post_id, image_order, image_url) VALUES (111, 3, '/rooms/images/room_91/image_04.jpg');
INSERT INTO post_images (post_id, image_order, image_url) VALUES (111, 4, '/rooms/images/room_91/image_05.jpg');

-- ==========================================
-- ROOM 112 near FTU2 - Dist: 4.25km - Price: 2,800,000
-- ==========================================
INSERT INTO rooms (id, landlord_id, room_number, address, province, district, ward, latitude, longitude, area, floor, max_occupancy, direction, has_windows, has_balcony, thumbnail_url, is_pet_friendly, is_parking_available, curfew, rules, view_count, favorite_count, created_at, updated_at, version, nearby_university_id, nearby_university_name, distance_to_university, nearest_bus_station)
VALUES (112, 2, 'P.700', 'Số 29 Đường D2 (Nguyễn Gia Trí), Phường 26, Bình Thạnh, TP Hồ Chí Minh', 'TP Hồ Chí Minh', 'Bình Thạnh', 'Phường 26', 10.81364, 106.751622, 29.0, 4, 3, 'NORTH', true, true, '/rooms/images/room_92/image_01.jpg', true, true, '22:00', 'Giữ trật tự chung sau 22h, dọn dẹp vệ sinh phòng sạch sẽ, phòng cháy chữa cháy an toàn.', 112, 16, NOW() - INTERVAL '13 days', NOW(), 0, 8, 'Trường Đại học Ngoại thương - Cơ sở 2', 4.25, 0.41);
INSERT INTO room_amenities (room_id, amenity_id) VALUES (112, 1) ON CONFLICT DO NOTHING;
INSERT INTO room_amenities (room_id, amenity_id) VALUES (112, 2) ON CONFLICT DO NOTHING;
INSERT INTO room_amenities (room_id, amenity_id) VALUES (112, 3) ON CONFLICT DO NOTHING;
INSERT INTO room_amenities (room_id, amenity_id) VALUES (112, 4) ON CONFLICT DO NOTHING;
INSERT INTO room_amenities (room_id, amenity_id) VALUES (112, 5) ON CONFLICT DO NOTHING;
INSERT INTO room_amenities (room_id, amenity_id) VALUES (112, 6) ON CONFLICT DO NOTHING;
INSERT INTO room_amenities (room_id, amenity_id) VALUES (112, 7) ON CONFLICT DO NOTHING;
INSERT INTO room_amenities (room_id, amenity_id) VALUES (112, 9) ON CONFLICT DO NOTHING;
INSERT INTO room_amenities (room_id, amenity_id) VALUES (112, 12) ON CONFLICT DO NOTHING;
INSERT INTO room_images (room_id, image_url) VALUES (112, '/rooms/images/room_92/image_01.jpg');
INSERT INTO room_images (room_id, image_url) VALUES (112, '/rooms/images/room_92/image_02.jpg');
INSERT INTO room_images (room_id, image_url) VALUES (112, '/rooms/images/room_92/image_03.jpg');
INSERT INTO room_images (room_id, image_url) VALUES (112, '/rooms/images/room_92/image_04.jpg');
INSERT INTO room_images (room_id, image_url) VALUES (112, '/rooms/images/room_92/image_05.jpg');
INSERT INTO posts (id, landlord_id, room_id, title, description, price, deposit_amount, price_type, status, approved_by, approved_at, expires_at, is_boosted, boosted_until, view_count, favorite_count, contact_count, booking_count, created_at, updated_at, version, video_url, video_thumbnail)
VALUES (112, 2, 112, 'Căn hộ Studio gác lửng full nội thất 29m2 cách FTU2 4.25km - Đường D2 (Nguyễn Gia Trí)', '**Vị trí thuận tiện và yên tĩnh**
- Địa chỉ: Đường D2 (Nguyễn Gia Trí), Phường 26, Bình Thạnh.
- Chỉ cách khuôn viên trường Trường Đại học Ngoại thương - Cơ sở 2 (FTU2) khoảng 4.25km. Việc đi học hàng ngày cực kỳ thuận tiện và nhanh chóng bằng xe máy, xe buýt hoặc đi bộ. Khu vực xung quanh cao ráo, không bị ngập nước, đường sá thông thoáng.

**Thiết kế căn phòng**
- Diện tích sử dụng: 29m2. Thiết kế tối ưu không gian, sạch sẽ, thoáng mát, thích hợp cho việc học tập lâu dài.
- Sở hữu cửa sổ lớn đón ánh sáng tự nhiên tốt, giữ phòng luôn khô ráo.
- Có ban công riêng đón gió mát mẻ, thuận tiện cho việc phơi đồ hoặc làm góc thư giãn.

**Các tiện ích lắp sẵn**
- Wifi internet tốc độ cao riêng biệt từng phòng
- Máy điều hòa nhiệt độ Inverter hoạt động êm ái, tiết kiệm điện
- Hệ thống nước nóng lạnh an toàn
- Chỗ để xe máy rộng rãi dưới tầng trệt, an ninh đảm bảo
- Tủ lạnh dung tích lớn tiện lợi lưu trữ đồ ăn
- Khu vực giặt sấy/máy giặt tiện nghi
- Kệ bếp nấu ăn thoáng khí, tủ bếp sạch sẽ

**An ninh và quy định**
- Hệ thống cửa cổng kiểm soát bằng khóa vân tay bảo mật cao kết hợp camera giám sát 24/7.
- Giờ đóng cổng: 22:00 đêm nhằm đảm bảo trật tự chung.
- Môi trường sống văn minh, hàng xóm chủ yếu là sinh viên ngoan ngoãn và nhân viên văn phòng lịch sự.

**Thông tin chi phí thuê**
- Giá thuê hàng tháng: 2,800,000 đ/tháng.
- Tiền đặt cọc: 2,800,000 đ (cam kết hoàn trả đầy đủ khi kết thúc hợp đồng theo đúng thỏa thuận).
- Chỉ số điện nước tính theo đồng hồ riêng gắn trước cửa phòng, cam kết thu đúng chỉ số tiêu thụ thực tế.', 2800000.0, 2800000.0, 'MONTHLY', 'APPROVED', 1, NOW() - INTERVAL '3 days', NOW() + INTERVAL '27 days', false, NULL, 262, 20, 19, 6, NOW() - INTERVAL '9 days', NOW(), 0, '/posts/videos/room_92/video_01.mp4', '/rooms/images/room_92/image_01.jpg');
INSERT INTO post_images (post_id, image_order, image_url) VALUES (112, 0, '/rooms/images/room_92/image_01.jpg');
INSERT INTO post_images (post_id, image_order, image_url) VALUES (112, 1, '/rooms/images/room_92/image_02.jpg');
INSERT INTO post_images (post_id, image_order, image_url) VALUES (112, 2, '/rooms/images/room_92/image_03.jpg');
INSERT INTO post_images (post_id, image_order, image_url) VALUES (112, 3, '/rooms/images/room_92/image_04.jpg');
INSERT INTO post_images (post_id, image_order, image_url) VALUES (112, 4, '/rooms/images/room_92/image_05.jpg');

-- ==========================================
-- ROOM 113 near NLU - Dist: 2.03km - Price: 1,600,000
-- ==========================================
INSERT INTO rooms (id, landlord_id, room_number, address, province, district, ward, latitude, longitude, area, floor, max_occupancy, direction, has_windows, has_balcony, thumbnail_url, is_pet_friendly, is_parking_available, curfew, rules, view_count, favorite_count, created_at, updated_at, version, nearby_university_id, nearby_university_name, distance_to_university, nearest_bus_station)
VALUES (113, 3, 'P.202', 'Số 79 Lê Văn Chí, Phường Linh Tây, Thủ Đức, TP Hồ Chí Minh', 'TP Hồ Chí Minh', 'Thủ Đức', 'Linh Tây', 10.87064, 106.806262, 34.0, 6, 6, 'EAST', true, false, '/rooms/images/room_93/image_01.jpg', false, false, NULL, 'Giữ trật tự chung sau 22h, dọn dẹp vệ sinh phòng sạch sẽ, phòng cháy chữa cháy an toàn.', 289, 6, NOW() - INTERVAL '15 days', NOW(), 0, 1, 'Trường Đại học Nông Lâm TP.HCM', 2.03, 0.11);
INSERT INTO room_amenities (room_id, amenity_id) VALUES (113, 1) ON CONFLICT DO NOTHING;
INSERT INTO room_amenities (room_id, amenity_id) VALUES (113, 2) ON CONFLICT DO NOTHING;
INSERT INTO room_amenities (room_id, amenity_id) VALUES (113, 3) ON CONFLICT DO NOTHING;
INSERT INTO room_amenities (room_id, amenity_id) VALUES (113, 4) ON CONFLICT DO NOTHING;
INSERT INTO room_amenities (room_id, amenity_id) VALUES (113, 5) ON CONFLICT DO NOTHING;
INSERT INTO room_amenities (room_id, amenity_id) VALUES (113, 7) ON CONFLICT DO NOTHING;
INSERT INTO room_amenities (room_id, amenity_id) VALUES (113, 11) ON CONFLICT DO NOTHING;
INSERT INTO room_amenities (room_id, amenity_id) VALUES (113, 12) ON CONFLICT DO NOTHING;
INSERT INTO room_images (room_id, image_url) VALUES (113, '/rooms/images/room_93/image_01.jpg');
INSERT INTO room_images (room_id, image_url) VALUES (113, '/rooms/images/room_93/image_02.jpg');
INSERT INTO room_images (room_id, image_url) VALUES (113, '/rooms/images/room_93/image_03.jpg');
INSERT INTO posts (id, landlord_id, room_id, title, description, price, deposit_amount, price_type, status, approved_by, approved_at, expires_at, is_boosted, boosted_until, view_count, favorite_count, contact_count, booking_count, created_at, updated_at, version, video_url, video_thumbnail)
VALUES (113, 3, 113, 'Sleepbox cao cấp tiện nghi, bảo mật 34m2 cách NLU 2.03km - Lê Văn Chí', '**Vị trí thuận tiện và yên tĩnh**
- Địa chỉ: Lê Văn Chí, Phường Linh Tây, Thủ Đức.
- Chỉ cách khuôn viên trường Trường Đại học Nông Lâm TP.HCM (NLU) khoảng 2.03km. Việc đi học hàng ngày cực kỳ thuận tiện và nhanh chóng bằng xe máy, xe buýt hoặc đi bộ. Khu vực xung quanh cao ráo, không bị ngập nước, đường sá thông thoáng.

**Thiết kế căn phòng**
- Diện tích sử dụng: 34m2. Thiết kế tối ưu không gian, sạch sẽ, thoáng mát, thích hợp cho việc học tập lâu dài.
- Sở hữu cửa sổ lớn đón ánh sáng tự nhiên tốt, giữ phòng luôn khô ráo.

**Các tiện ích lắp sẵn**
- Wifi internet tốc độ cao riêng biệt từng phòng
- Máy điều hòa nhiệt độ Inverter hoạt động êm ái, tiết kiệm điện
- Hệ thống nước nóng lạnh an toàn
- Chỗ để xe máy rộng rãi dưới tầng trệt, an ninh đảm bảo
- Khu vực giặt sấy/máy giặt tiện nghi

**An ninh và quy định**
- Hệ thống cửa cổng kiểm soát bằng khóa vân tay bảo mật cao kết hợp camera giám sát 24/7.
- Giờ giấc ra vào tự do thoải mái, không chung chủ.
- Môi trường sống văn minh, hàng xóm chủ yếu là sinh viên ngoan ngoãn và nhân viên văn phòng lịch sự.

**Thông tin chi phí thuê**
- Giá thuê hàng tháng: 1,600,000 đ/tháng.
- Tiền đặt cọc: 1,600,000 đ (cam kết hoàn trả đầy đủ khi kết thúc hợp đồng theo đúng thỏa thuận).
- Chỉ số điện nước tính theo đồng hồ riêng gắn trước cửa phòng, cam kết thu đúng chỉ số tiêu thụ thực tế.', 1600000.0, 1600000.0, 'MONTHLY', 'APPROVED', 1, NOW() - INTERVAL '3 days', NOW() + INTERVAL '27 days', false, NULL, 398, 60, 17, 10, NOW() - INTERVAL '10 days', NOW(), 0, '/posts/videos/room_93/video_01.mp4', '/rooms/images/room_93/image_01.jpg');
INSERT INTO post_images (post_id, image_order, image_url) VALUES (113, 0, '/rooms/images/room_93/image_01.jpg');
INSERT INTO post_images (post_id, image_order, image_url) VALUES (113, 1, '/rooms/images/room_93/image_02.jpg');
INSERT INTO post_images (post_id, image_order, image_url) VALUES (113, 2, '/rooms/images/room_93/image_03.jpg');

-- ==========================================
-- ROOM 114 near HCMUTE - Dist: 3.99km - Price: 2,000,000
-- ==========================================
INSERT INTO rooms (id, landlord_id, room_number, address, province, district, ward, latitude, longitude, area, floor, max_occupancy, direction, has_windows, has_balcony, thumbnail_url, is_pet_friendly, is_parking_available, curfew, rules, view_count, favorite_count, created_at, updated_at, version, nearby_university_id, nearby_university_name, distance_to_university, nearest_bus_station)
VALUES (114, 4, 'P.533', 'Số 94 Lê Văn Chí, Phường Linh Tây, Thủ Đức, TP Hồ Chí Minh', 'TP Hồ Chí Minh', 'Thủ Đức', 'Linh Tây', 10.83087, 106.801953, 22.0, 4, 2, 'NORTHWEST', true, true, '/rooms/images/room_94/image_01.jpg', false, true, '22:00', 'Giữ trật tự chung sau 22h, dọn dẹp vệ sinh phòng sạch sẽ, phòng cháy chữa cháy an toàn.', 88, 16, NOW() - INTERVAL '14 days', NOW(), 0, 2, 'Trường Đại học Sư phạm Kỹ thuật TP.HCM', 3.99, 0.35);
INSERT INTO room_amenities (room_id, amenity_id) VALUES (114, 1) ON CONFLICT DO NOTHING;
INSERT INTO room_amenities (room_id, amenity_id) VALUES (114, 2) ON CONFLICT DO NOTHING;
INSERT INTO room_amenities (room_id, amenity_id) VALUES (114, 3) ON CONFLICT DO NOTHING;
INSERT INTO room_amenities (room_id, amenity_id) VALUES (114, 4) ON CONFLICT DO NOTHING;
INSERT INTO room_amenities (room_id, amenity_id) VALUES (114, 5) ON CONFLICT DO NOTHING;
INSERT INTO room_amenities (room_id, amenity_id) VALUES (114, 6) ON CONFLICT DO NOTHING;
INSERT INTO room_amenities (room_id, amenity_id) VALUES (114, 9) ON CONFLICT DO NOTHING;
INSERT INTO room_images (room_id, image_url) VALUES (114, '/rooms/images/room_94/image_01.jpg');
INSERT INTO room_images (room_id, image_url) VALUES (114, '/rooms/images/room_94/image_02.jpg');
INSERT INTO room_images (room_id, image_url) VALUES (114, '/rooms/images/room_94/image_03.jpg');
INSERT INTO room_images (room_id, image_url) VALUES (114, '/rooms/images/room_94/image_04.jpg');
INSERT INTO room_images (room_id, image_url) VALUES (114, '/rooms/images/room_94/image_05.jpg');
INSERT INTO room_images (room_id, image_url) VALUES (114, '/rooms/images/room_94/image_06.jpg');
INSERT INTO room_images (room_id, image_url) VALUES (114, '/rooms/images/room_94/image_07.jpg');
INSERT INTO posts (id, landlord_id, room_id, title, description, price, deposit_amount, price_type, status, approved_by, approved_at, expires_at, is_boosted, boosted_until, view_count, favorite_count, contact_count, booking_count, created_at, updated_at, version, video_url, video_thumbnail)
VALUES (114, 4, 114, 'Phòng trọ ban công thoáng mát gần trường 22m2 cách HCMUTE 3.99km - Lê Văn Chí', '**Vị trí thuận tiện và yên tĩnh**
- Địa chỉ: Lê Văn Chí, Phường Linh Tây, Thủ Đức.
- Chỉ cách khuôn viên trường Trường Đại học Sư phạm Kỹ thuật TP.HCM (HCMUTE) khoảng 3.99km. Việc đi học hàng ngày cực kỳ thuận tiện và nhanh chóng bằng xe máy, xe buýt hoặc đi bộ. Khu vực xung quanh cao ráo, không bị ngập nước, đường sá thông thoáng.

**Thiết kế căn phòng**
- Diện tích sử dụng: 22m2. Thiết kế tối ưu không gian, sạch sẽ, thoáng mát, thích hợp cho việc học tập lâu dài.
- Sở hữu cửa sổ lớn đón ánh sáng tự nhiên tốt, giữ phòng luôn khô ráo.
- Có ban công riêng đón gió mát mẻ, thuận tiện cho việc phơi đồ hoặc làm góc thư giãn.

**Các tiện ích lắp sẵn**
- Wifi internet tốc độ cao riêng biệt từng phòng
- Máy điều hòa nhiệt độ Inverter hoạt động êm ái, tiết kiệm điện
- Hệ thống nước nóng lạnh an toàn
- Chỗ để xe máy rộng rãi dưới tầng trệt, an ninh đảm bảo
- Tủ lạnh dung tích lớn tiện lợi lưu trữ đồ ăn
- Kệ bếp nấu ăn thoáng khí, tủ bếp sạch sẽ

**An ninh và quy định**
- Hệ thống cửa cổng kiểm soát bằng khóa vân tay bảo mật cao kết hợp camera giám sát 24/7.
- Giờ đóng cổng: 22:00 đêm nhằm đảm bảo trật tự chung.
- Môi trường sống văn minh, hàng xóm chủ yếu là sinh viên ngoan ngoãn và nhân viên văn phòng lịch sự.

**Thông tin chi phí thuê**
- Giá thuê hàng tháng: 2,000,000 đ/tháng.
- Tiền đặt cọc: 2,000,000 đ (cam kết hoàn trả đầy đủ khi kết thúc hợp đồng theo đúng thỏa thuận).
- Chỉ số điện nước tính theo đồng hồ riêng gắn trước cửa phòng, cam kết thu đúng chỉ số tiêu thụ thực tế.', 2000000.0, 2000000.0, 'MONTHLY', 'APPROVED', 1, NOW() - INTERVAL '3 days', NOW() + INTERVAL '27 days', false, NULL, 434, 57, 28, 12, NOW() - INTERVAL '6 days', NOW(), 0, '/posts/videos/room_94/video_01.mp4', '/rooms/images/room_94/image_01.jpg');
INSERT INTO post_images (post_id, image_order, image_url) VALUES (114, 0, '/rooms/images/room_94/image_01.jpg');
INSERT INTO post_images (post_id, image_order, image_url) VALUES (114, 1, '/rooms/images/room_94/image_02.jpg');
INSERT INTO post_images (post_id, image_order, image_url) VALUES (114, 2, '/rooms/images/room_94/image_03.jpg');
INSERT INTO post_images (post_id, image_order, image_url) VALUES (114, 3, '/rooms/images/room_94/image_04.jpg');
INSERT INTO post_images (post_id, image_order, image_url) VALUES (114, 4, '/rooms/images/room_94/image_05.jpg');
INSERT INTO post_images (post_id, image_order, image_url) VALUES (114, 5, '/rooms/images/room_94/image_06.jpg');
INSERT INTO post_images (post_id, image_order, image_url) VALUES (114, 6, '/rooms/images/room_94/image_07.jpg');

-- ==========================================
-- ROOM 115 near UIT - Dist: 1.07km - Price: 5,400,000
-- ==========================================
INSERT INTO rooms (id, landlord_id, room_number, address, province, district, ward, latitude, longitude, area, floor, max_occupancy, direction, has_windows, has_balcony, thumbnail_url, is_pet_friendly, is_parking_available, curfew, rules, view_count, favorite_count, created_at, updated_at, version, nearby_university_id, nearby_university_name, distance_to_university, nearest_bus_station)
VALUES (115, 2, 'P.705', 'Số 148 Song Hành, Phường Linh Trung, Thủ Đức, TP Hồ Chí Minh', 'TP Hồ Chí Minh', 'Thủ Đức', 'Linh Trung', 10.874736, 106.7945, 44.0, 4, 3, 'SOUTHEAST', true, true, '/rooms/images/room_95/image_01.jpg', true, true, '23:00', 'Giữ trật tự chung sau 22h, dọn dẹp vệ sinh phòng sạch sẽ, phòng cháy chữa cháy an toàn.', 53, 14, NOW() - INTERVAL '2 days', NOW(), 0, 3, 'Trường Đại học Công nghệ thông tin - ĐHQG TP.HCM', 1.07, 0.31);
INSERT INTO room_amenities (room_id, amenity_id) VALUES (115, 1) ON CONFLICT DO NOTHING;
INSERT INTO room_amenities (room_id, amenity_id) VALUES (115, 2) ON CONFLICT DO NOTHING;
INSERT INTO room_amenities (room_id, amenity_id) VALUES (115, 3) ON CONFLICT DO NOTHING;
INSERT INTO room_amenities (room_id, amenity_id) VALUES (115, 4) ON CONFLICT DO NOTHING;
INSERT INTO room_amenities (room_id, amenity_id) VALUES (115, 5) ON CONFLICT DO NOTHING;
INSERT INTO room_amenities (room_id, amenity_id) VALUES (115, 6) ON CONFLICT DO NOTHING;
INSERT INTO room_amenities (room_id, amenity_id) VALUES (115, 7) ON CONFLICT DO NOTHING;
INSERT INTO room_amenities (room_id, amenity_id) VALUES (115, 8) ON CONFLICT DO NOTHING;
INSERT INTO room_amenities (room_id, amenity_id) VALUES (115, 9) ON CONFLICT DO NOTHING;
INSERT INTO room_amenities (room_id, amenity_id) VALUES (115, 10) ON CONFLICT DO NOTHING;
INSERT INTO room_amenities (room_id, amenity_id) VALUES (115, 11) ON CONFLICT DO NOTHING;
INSERT INTO room_amenities (room_id, amenity_id) VALUES (115, 12) ON CONFLICT DO NOTHING;
INSERT INTO room_images (room_id, image_url) VALUES (115, '/rooms/images/room_95/image_01.jpg');
INSERT INTO room_images (room_id, image_url) VALUES (115, '/rooms/images/room_95/image_02.jpg');
INSERT INTO room_images (room_id, image_url) VALUES (115, '/rooms/images/room_95/image_03.jpg');
INSERT INTO room_images (room_id, image_url) VALUES (115, '/rooms/images/room_95/image_04.jpg');
INSERT INTO room_images (room_id, image_url) VALUES (115, '/rooms/images/room_95/image_05.jpg');
INSERT INTO posts (id, landlord_id, room_id, title, description, price, deposit_amount, price_type, status, approved_by, approved_at, expires_at, is_boosted, boosted_until, view_count, favorite_count, contact_count, booking_count, created_at, updated_at, version, video_url, video_thumbnail)
VALUES (115, 2, 115, 'Căn hộ dịch vụ 1PN sang trọng, an ninh 44m2 cách UIT 1.07km - Song Hành', '**Vị trí thuận tiện và yên tĩnh**
- Địa chỉ: Song Hành, Phường Linh Trung, Thủ Đức.
- Chỉ cách khuôn viên trường Trường Đại học Công nghệ thông tin - ĐHQG TP.HCM (UIT) khoảng 1.07km. Việc đi học hàng ngày cực kỳ thuận tiện và nhanh chóng bằng xe máy, xe buýt hoặc đi bộ. Khu vực xung quanh cao ráo, không bị ngập nước, đường sá thông thoáng.

**Thiết kế căn phòng**
- Diện tích sử dụng: 44m2. Thiết kế tối ưu không gian, sạch sẽ, thoáng mát, thích hợp cho việc học tập lâu dài.
- Sở hữu cửa sổ lớn đón ánh sáng tự nhiên tốt, giữ phòng luôn khô ráo.
- Có ban công riêng đón gió mát mẻ, thuận tiện cho việc phơi đồ hoặc làm góc thư giãn.

**Các tiện ích lắp sẵn**
- Wifi internet tốc độ cao riêng biệt từng phòng
- Máy điều hòa nhiệt độ Inverter hoạt động êm ái, tiết kiệm điện
- Hệ thống nước nóng lạnh an toàn
- Chỗ để xe máy rộng rãi dưới tầng trệt, an ninh đảm bảo
- Tủ lạnh dung tích lớn tiện lợi lưu trữ đồ ăn
- Khu vực giặt sấy/máy giặt tiện nghi
- Kệ bếp nấu ăn thoáng khí, tủ bếp sạch sẽ

**An ninh và quy định**
- Hệ thống cửa cổng kiểm soát bằng khóa vân tay bảo mật cao kết hợp camera giám sát 24/7.
- Giờ đóng cổng: 23:00 đêm nhằm đảm bảo trật tự chung.
- Môi trường sống văn minh, hàng xóm chủ yếu là sinh viên ngoan ngoãn và nhân viên văn phòng lịch sự.

**Thông tin chi phí thuê**
- Giá thuê hàng tháng: 5,400,000 đ/tháng.
- Tiền đặt cọc: 5,400,000 đ (cam kết hoàn trả đầy đủ khi kết thúc hợp đồng theo đúng thỏa thuận).
- Chỉ số điện nước tính theo đồng hồ riêng gắn trước cửa phòng, cam kết thu đúng chỉ số tiêu thụ thực tế.', 5400000.0, 5400000.0, 'MONTHLY', 'APPROVED', 1, NOW() - INTERVAL '3 days', NOW() + INTERVAL '27 days', false, NULL, 274, 63, 36, 12, NOW() - INTERVAL '7 days', NOW(), 0, '/posts/videos/room_95/video_01.mp4', '/rooms/images/room_95/image_01.jpg');
INSERT INTO post_images (post_id, image_order, image_url) VALUES (115, 0, '/rooms/images/room_95/image_01.jpg');
INSERT INTO post_images (post_id, image_order, image_url) VALUES (115, 1, '/rooms/images/room_95/image_02.jpg');
INSERT INTO post_images (post_id, image_order, image_url) VALUES (115, 2, '/rooms/images/room_95/image_03.jpg');
INSERT INTO post_images (post_id, image_order, image_url) VALUES (115, 3, '/rooms/images/room_95/image_04.jpg');
INSERT INTO post_images (post_id, image_order, image_url) VALUES (115, 4, '/rooms/images/room_95/image_05.jpg');

-- ==========================================
-- ROOM 116 near HCMUT - Dist: 4.55km - Price: 1,300,000
-- ==========================================
INSERT INTO rooms (id, landlord_id, room_number, address, province, district, ward, latitude, longitude, area, floor, max_occupancy, direction, has_windows, has_balcony, thumbnail_url, is_pet_friendly, is_parking_available, curfew, rules, view_count, favorite_count, created_at, updated_at, version, nearby_university_id, nearby_university_name, distance_to_university, nearest_bus_station)
VALUES (116, 3, 'P.550', 'Số 62 Tân Lập, Phường Đông Hòa, Dĩ An, Bình Dương', 'Bình Dương', 'Dĩ An', 'Đông Hòa', 10.83938, 106.807248, 14.0, 3, 2, 'WEST', true, false, '/rooms/images/room_96/image_01.jpg', false, true, '23:00', 'Giữ trật tự chung sau 22h, dọn dẹp vệ sinh phòng sạch sẽ, phòng cháy chữa cháy an toàn.', 172, 26, NOW() - INTERVAL '2 days', NOW(), 0, 4, 'Trường Đại học Bách Khoa - ĐHQG TP.HCM (Cơ sở Dĩ An)', 4.55, 0.4);
INSERT INTO room_amenities (room_id, amenity_id) VALUES (116, 1) ON CONFLICT DO NOTHING;
INSERT INTO room_amenities (room_id, amenity_id) VALUES (116, 3) ON CONFLICT DO NOTHING;
INSERT INTO room_amenities (room_id, amenity_id) VALUES (116, 4) ON CONFLICT DO NOTHING;
INSERT INTO room_amenities (room_id, amenity_id) VALUES (116, 9) ON CONFLICT DO NOTHING;
INSERT INTO room_images (room_id, image_url) VALUES (116, '/rooms/images/room_96/image_01.jpg');
INSERT INTO room_images (room_id, image_url) VALUES (116, '/rooms/images/room_96/image_02.jpg');
INSERT INTO room_images (room_id, image_url) VALUES (116, '/rooms/images/room_96/image_03.jpg');
INSERT INTO room_images (room_id, image_url) VALUES (116, '/rooms/images/room_96/image_04.jpg');
INSERT INTO room_images (room_id, image_url) VALUES (116, '/rooms/images/room_96/image_05.jpg');
INSERT INTO room_images (room_id, image_url) VALUES (116, '/rooms/images/room_96/image_06.jpg');
INSERT INTO room_images (room_id, image_url) VALUES (116, '/rooms/images/room_96/image_07.jpg');
INSERT INTO room_images (room_id, image_url) VALUES (116, '/rooms/images/room_96/image_08.jpg');
INSERT INTO posts (id, landlord_id, room_id, title, description, price, deposit_amount, price_type, status, approved_by, approved_at, expires_at, is_boosted, boosted_until, view_count, favorite_count, contact_count, booking_count, created_at, updated_at, version, video_url, video_thumbnail)
VALUES (116, 3, 116, 'Phòng trọ mini giá rẻ sinh viên 14m2 cách HCMUT 4.55km - Tân Lập', '**Vị trí thuận tiện và yên tĩnh**
- Địa chỉ: Tân Lập, Phường Đông Hòa, Dĩ An.
- Chỉ cách khuôn viên trường Trường Đại học Bách Khoa - ĐHQG TP.HCM (Cơ sở Dĩ An) (HCMUT) khoảng 4.55km. Việc đi học hàng ngày cực kỳ thuận tiện và nhanh chóng bằng xe máy, xe buýt hoặc đi bộ. Khu vực xung quanh cao ráo, không bị ngập nước, đường sá thông thoáng.

**Thiết kế căn phòng**
- Diện tích sử dụng: 14m2. Thiết kế tối ưu không gian, sạch sẽ, thoáng mát, thích hợp cho việc học tập lâu dài.
- Sở hữu cửa sổ lớn đón ánh sáng tự nhiên tốt, giữ phòng luôn khô ráo.

**Các tiện ích lắp sẵn**
- Wifi internet tốc độ cao riêng biệt từng phòng
- Hệ thống nước nóng lạnh an toàn
- Chỗ để xe máy rộng rãi dưới tầng trệt, an ninh đảm bảo
- Kệ bếp nấu ăn thoáng khí, tủ bếp sạch sẽ

**An ninh và quy định**
- Hệ thống cửa cổng kiểm soát bằng khóa vân tay bảo mật cao kết hợp camera giám sát 24/7.
- Giờ đóng cổng: 23:00 đêm nhằm đảm bảo trật tự chung.
- Môi trường sống văn minh, hàng xóm chủ yếu là sinh viên ngoan ngoãn và nhân viên văn phòng lịch sự.

**Thông tin chi phí thuê**
- Giá thuê hàng tháng: 1,300,000 đ/tháng.
- Tiền đặt cọc: 1,300,000 đ (cam kết hoàn trả đầy đủ khi kết thúc hợp đồng theo đúng thỏa thuận).
- Chỉ số điện nước tính theo đồng hồ riêng gắn trước cửa phòng, cam kết thu đúng chỉ số tiêu thụ thực tế.', 1300000.0, 1300000.0, 'MONTHLY', 'APPROVED', 1, NOW() - INTERVAL '3 days', NOW() + INTERVAL '27 days', false, NULL, 159, 56, 41, 7, NOW() - INTERVAL '10 days', NOW(), 0, '/posts/videos/room_96/video_01.mp4', '/rooms/images/room_96/image_01.jpg');
INSERT INTO post_images (post_id, image_order, image_url) VALUES (116, 0, '/rooms/images/room_96/image_01.jpg');
INSERT INTO post_images (post_id, image_order, image_url) VALUES (116, 1, '/rooms/images/room_96/image_02.jpg');
INSERT INTO post_images (post_id, image_order, image_url) VALUES (116, 2, '/rooms/images/room_96/image_03.jpg');
INSERT INTO post_images (post_id, image_order, image_url) VALUES (116, 3, '/rooms/images/room_96/image_04.jpg');
INSERT INTO post_images (post_id, image_order, image_url) VALUES (116, 4, '/rooms/images/room_96/image_05.jpg');
INSERT INTO post_images (post_id, image_order, image_url) VALUES (116, 5, '/rooms/images/room_96/image_06.jpg');
INSERT INTO post_images (post_id, image_order, image_url) VALUES (116, 6, '/rooms/images/room_96/image_07.jpg');
INSERT INTO post_images (post_id, image_order, image_url) VALUES (116, 7, '/rooms/images/room_96/image_08.jpg');

-- ==========================================
-- ROOM 117 near HCMUS - Dist: 3.45km - Price: 3,000,000
-- ==========================================
INSERT INTO rooms (id, landlord_id, room_number, address, province, district, ward, latitude, longitude, area, floor, max_occupancy, direction, has_windows, has_balcony, thumbnail_url, is_pet_friendly, is_parking_available, curfew, rules, view_count, favorite_count, created_at, updated_at, version, nearby_university_id, nearby_university_name, distance_to_university, nearest_bus_station)
VALUES (117, 4, 'P.173', 'Số 55 Bình Đường, Phường Đông Hòa, Dĩ An, Bình Dương', 'Bình Dương', 'Dĩ An', 'Đông Hòa', 10.861765, 106.827994, 25.0, 7, 3, 'SOUTH', true, true, '/rooms/images/room_97/image_01.jpg', true, true, '23:00', 'Giữ trật tự chung sau 22h, dọn dẹp vệ sinh phòng sạch sẽ, phòng cháy chữa cháy an toàn.', 133, 21, NOW() - INTERVAL '3 days', NOW(), 0, 5, 'Trường Đại học Khoa học Tự nhiên - ĐHQG TP.HCM (Cơ sở Dĩ An)', 3.45, 0.47);
INSERT INTO room_amenities (room_id, amenity_id) VALUES (117, 1) ON CONFLICT DO NOTHING;
INSERT INTO room_amenities (room_id, amenity_id) VALUES (117, 2) ON CONFLICT DO NOTHING;
INSERT INTO room_amenities (room_id, amenity_id) VALUES (117, 3) ON CONFLICT DO NOTHING;
INSERT INTO room_amenities (room_id, amenity_id) VALUES (117, 4) ON CONFLICT DO NOTHING;
INSERT INTO room_amenities (room_id, amenity_id) VALUES (117, 5) ON CONFLICT DO NOTHING;
INSERT INTO room_amenities (room_id, amenity_id) VALUES (117, 6) ON CONFLICT DO NOTHING;
INSERT INTO room_amenities (room_id, amenity_id) VALUES (117, 7) ON CONFLICT DO NOTHING;
INSERT INTO room_amenities (room_id, amenity_id) VALUES (117, 9) ON CONFLICT DO NOTHING;
INSERT INTO room_amenities (room_id, amenity_id) VALUES (117, 12) ON CONFLICT DO NOTHING;
INSERT INTO room_images (room_id, image_url) VALUES (117, '/rooms/images/room_97/image_01.jpg');
INSERT INTO room_images (room_id, image_url) VALUES (117, '/rooms/images/room_97/image_02.jpg');
INSERT INTO room_images (room_id, image_url) VALUES (117, '/rooms/images/room_97/image_03.jpg');
INSERT INTO room_images (room_id, image_url) VALUES (117, '/rooms/images/room_97/image_04.jpg');
INSERT INTO room_images (room_id, image_url) VALUES (117, '/rooms/images/room_97/image_05.jpg');
INSERT INTO room_images (room_id, image_url) VALUES (117, '/rooms/images/room_97/image_06.jpg');
INSERT INTO room_images (room_id, image_url) VALUES (117, '/rooms/images/room_97/image_07.jpg');
INSERT INTO room_images (room_id, image_url) VALUES (117, '/rooms/images/room_97/image_08.jpg');
INSERT INTO posts (id, landlord_id, room_id, title, description, price, deposit_amount, price_type, status, approved_by, approved_at, expires_at, is_boosted, boosted_until, view_count, favorite_count, contact_count, booking_count, created_at, updated_at, version, video_url, video_thumbnail)
VALUES (117, 4, 117, 'Căn hộ Studio gác lửng full nội thất 25m2 cách HCMUS 3.45km - Bình Đường', '**Vị trí thuận tiện và yên tĩnh**
- Địa chỉ: Bình Đường, Phường Đông Hòa, Dĩ An.
- Chỉ cách khuôn viên trường Trường Đại học Khoa học Tự nhiên - ĐHQG TP.HCM (Cơ sở Dĩ An) (HCMUS) khoảng 3.45km. Việc đi học hàng ngày cực kỳ thuận tiện và nhanh chóng bằng xe máy, xe buýt hoặc đi bộ. Khu vực xung quanh cao ráo, không bị ngập nước, đường sá thông thoáng.

**Thiết kế căn phòng**
- Diện tích sử dụng: 25m2. Thiết kế tối ưu không gian, sạch sẽ, thoáng mát, thích hợp cho việc học tập lâu dài.
- Sở hữu cửa sổ lớn đón ánh sáng tự nhiên tốt, giữ phòng luôn khô ráo.
- Có ban công riêng đón gió mát mẻ, thuận tiện cho việc phơi đồ hoặc làm góc thư giãn.

**Các tiện ích lắp sẵn**
- Wifi internet tốc độ cao riêng biệt từng phòng
- Máy điều hòa nhiệt độ Inverter hoạt động êm ái, tiết kiệm điện
- Hệ thống nước nóng lạnh an toàn
- Chỗ để xe máy rộng rãi dưới tầng trệt, an ninh đảm bảo
- Tủ lạnh dung tích lớn tiện lợi lưu trữ đồ ăn
- Khu vực giặt sấy/máy giặt tiện nghi
- Kệ bếp nấu ăn thoáng khí, tủ bếp sạch sẽ

**An ninh và quy định**
- Hệ thống cửa cổng kiểm soát bằng khóa vân tay bảo mật cao kết hợp camera giám sát 24/7.
- Giờ đóng cổng: 23:00 đêm nhằm đảm bảo trật tự chung.
- Môi trường sống văn minh, hàng xóm chủ yếu là sinh viên ngoan ngoãn và nhân viên văn phòng lịch sự.

**Thông tin chi phí thuê**
- Giá thuê hàng tháng: 3,000,000 đ/tháng.
- Tiền đặt cọc: 3,000,000 đ (cam kết hoàn trả đầy đủ khi kết thúc hợp đồng theo đúng thỏa thuận).
- Chỉ số điện nước tính theo đồng hồ riêng gắn trước cửa phòng, cam kết thu đúng chỉ số tiêu thụ thực tế.', 3000000.0, 3000000.0, 'MONTHLY', 'APPROVED', 1, NOW() - INTERVAL '3 days', NOW() + INTERVAL '27 days', false, NULL, 391, 19, 20, 11, NOW() - INTERVAL '8 days', NOW(), 0, '/posts/videos/room_97/video_01.mp4', '/rooms/images/room_97/image_01.jpg');
INSERT INTO post_images (post_id, image_order, image_url) VALUES (117, 0, '/rooms/images/room_97/image_01.jpg');
INSERT INTO post_images (post_id, image_order, image_url) VALUES (117, 1, '/rooms/images/room_97/image_02.jpg');
INSERT INTO post_images (post_id, image_order, image_url) VALUES (117, 2, '/rooms/images/room_97/image_03.jpg');
INSERT INTO post_images (post_id, image_order, image_url) VALUES (117, 3, '/rooms/images/room_97/image_04.jpg');
INSERT INTO post_images (post_id, image_order, image_url) VALUES (117, 4, '/rooms/images/room_97/image_05.jpg');
INSERT INTO post_images (post_id, image_order, image_url) VALUES (117, 5, '/rooms/images/room_97/image_06.jpg');
INSERT INTO post_images (post_id, image_order, image_url) VALUES (117, 6, '/rooms/images/room_97/image_07.jpg');
INSERT INTO post_images (post_id, image_order, image_url) VALUES (117, 7, '/rooms/images/room_97/image_08.jpg');

-- ==========================================
-- ROOM 118 near IU - Dist: 3.61km - Price: 1,300,000
-- ==========================================
INSERT INTO rooms (id, landlord_id, room_number, address, province, district, ward, latitude, longitude, area, floor, max_occupancy, direction, has_windows, has_balcony, thumbnail_url, is_pet_friendly, is_parking_available, curfew, rules, view_count, favorite_count, created_at, updated_at, version, nearby_university_id, nearby_university_name, distance_to_university, nearest_bus_station)
VALUES (118, 2, 'P.345', 'Số 84 KDC Him Lam Phú Đông, Phường Tân Đông Hiệp, Dĩ An, Bình Dương', 'Bình Dương', 'Dĩ An', 'Tân Đông Hiệp', 10.90037, 106.825553, 36.0, 4, 6, 'SOUTHEAST', true, false, '/rooms/images/room_98/image_01.jpg', false, false, '22:00', 'Giữ trật tự chung sau 22h, dọn dẹp vệ sinh phòng sạch sẽ, phòng cháy chữa cháy an toàn.', 257, 41, NOW() - INTERVAL '9 days', NOW(), 0, 6, 'Trường Đại học Quốc tế - ĐHQG TP.HCM', 3.61, 0.3);
INSERT INTO room_amenities (room_id, amenity_id) VALUES (118, 1) ON CONFLICT DO NOTHING;
INSERT INTO room_amenities (room_id, amenity_id) VALUES (118, 2) ON CONFLICT DO NOTHING;
INSERT INTO room_amenities (room_id, amenity_id) VALUES (118, 3) ON CONFLICT DO NOTHING;
INSERT INTO room_amenities (room_id, amenity_id) VALUES (118, 4) ON CONFLICT DO NOTHING;
INSERT INTO room_amenities (room_id, amenity_id) VALUES (118, 5) ON CONFLICT DO NOTHING;
INSERT INTO room_amenities (room_id, amenity_id) VALUES (118, 7) ON CONFLICT DO NOTHING;
INSERT INTO room_amenities (room_id, amenity_id) VALUES (118, 11) ON CONFLICT DO NOTHING;
INSERT INTO room_amenities (room_id, amenity_id) VALUES (118, 12) ON CONFLICT DO NOTHING;
INSERT INTO room_images (room_id, image_url) VALUES (118, '/rooms/images/room_98/image_01.jpg');
INSERT INTO room_images (room_id, image_url) VALUES (118, '/rooms/images/room_98/image_02.jpg');
INSERT INTO room_images (room_id, image_url) VALUES (118, '/rooms/images/room_98/image_03.jpg');
INSERT INTO room_images (room_id, image_url) VALUES (118, '/rooms/images/room_98/image_04.jpg');
INSERT INTO room_images (room_id, image_url) VALUES (118, '/rooms/images/room_98/image_05.jpg');
INSERT INTO posts (id, landlord_id, room_id, title, description, price, deposit_amount, price_type, status, approved_by, approved_at, expires_at, is_boosted, boosted_until, view_count, favorite_count, contact_count, booking_count, created_at, updated_at, version, video_url, video_thumbnail)
VALUES (118, 2, 118, 'Sleepbox cao cấp tiện nghi, bảo mật 36m2 cách IU 3.61km - KDC Him Lam Phú Đông', '**Vị trí thuận tiện và yên tĩnh**
- Địa chỉ: KDC Him Lam Phú Đông, Phường Tân Đông Hiệp, Dĩ An.
- Chỉ cách khuôn viên trường Trường Đại học Quốc tế - ĐHQG TP.HCM (IU) khoảng 3.61km. Việc đi học hàng ngày cực kỳ thuận tiện và nhanh chóng bằng xe máy, xe buýt hoặc đi bộ. Khu vực xung quanh cao ráo, không bị ngập nước, đường sá thông thoáng.

**Thiết kế căn phòng**
- Diện tích sử dụng: 36m2. Thiết kế tối ưu không gian, sạch sẽ, thoáng mát, thích hợp cho việc học tập lâu dài.
- Sở hữu cửa sổ lớn đón ánh sáng tự nhiên tốt, giữ phòng luôn khô ráo.

**Các tiện ích lắp sẵn**
- Wifi internet tốc độ cao riêng biệt từng phòng
- Máy điều hòa nhiệt độ Inverter hoạt động êm ái, tiết kiệm điện
- Hệ thống nước nóng lạnh an toàn
- Chỗ để xe máy rộng rãi dưới tầng trệt, an ninh đảm bảo
- Khu vực giặt sấy/máy giặt tiện nghi

**An ninh và quy định**
- Hệ thống cửa cổng kiểm soát bằng khóa vân tay bảo mật cao kết hợp camera giám sát 24/7.
- Giờ đóng cổng: 22:00 đêm nhằm đảm bảo trật tự chung.
- Môi trường sống văn minh, hàng xóm chủ yếu là sinh viên ngoan ngoãn và nhân viên văn phòng lịch sự.

**Thông tin chi phí thuê**
- Giá thuê hàng tháng: 1,300,000 đ/tháng.
- Tiền đặt cọc: 1,300,000 đ (cam kết hoàn trả đầy đủ khi kết thúc hợp đồng theo đúng thỏa thuận).
- Chỉ số điện nước tính theo đồng hồ riêng gắn trước cửa phòng, cam kết thu đúng chỉ số tiêu thụ thực tế.', 1300000.0, 1300000.0, 'MONTHLY', 'APPROVED', 1, NOW() - INTERVAL '3 days', NOW() + INTERVAL '27 days', false, NULL, 127, 14, 21, 3, NOW() - INTERVAL '9 days', NOW(), 0, '/posts/videos/room_98/video_01.mp4', '/rooms/images/room_98/image_01.jpg');
INSERT INTO post_images (post_id, image_order, image_url) VALUES (118, 0, '/rooms/images/room_98/image_01.jpg');
INSERT INTO post_images (post_id, image_order, image_url) VALUES (118, 1, '/rooms/images/room_98/image_02.jpg');
INSERT INTO post_images (post_id, image_order, image_url) VALUES (118, 2, '/rooms/images/room_98/image_03.jpg');
INSERT INTO post_images (post_id, image_order, image_url) VALUES (118, 3, '/rooms/images/room_98/image_04.jpg');
INSERT INTO post_images (post_id, image_order, image_url) VALUES (118, 4, '/rooms/images/room_98/image_05.jpg');

-- ==========================================
-- ROOM 119 near UEH - Dist: 3.4km - Price: 2,200,000
-- ==========================================
INSERT INTO rooms (id, landlord_id, room_number, address, province, district, ward, latitude, longitude, area, floor, max_occupancy, direction, has_windows, has_balcony, thumbnail_url, is_pet_friendly, is_parking_available, curfew, rules, view_count, favorite_count, created_at, updated_at, version, nearby_university_id, nearby_university_name, distance_to_university, nearest_bus_station)
VALUES (119, 3, 'P.151', 'Số 77 Nguyễn Đình Chiểu, Phường 5, Quận 3, TP Hồ Chí Minh', 'TP Hồ Chí Minh', 'Quận 3', 'Phường 5', 10.79233, 106.66655, 20.0, 4, 2, 'EAST', true, true, '/rooms/images/room_99/image_01.jpg', false, true, '22:00', 'Giữ trật tự chung sau 22h, dọn dẹp vệ sinh phòng sạch sẽ, phòng cháy chữa cháy an toàn.', 78, 42, NOW() - INTERVAL '12 days', NOW(), 0, 7, 'Trường Đại học Kinh tế TP.HCM (Cơ sở A)', 3.4, 0.2);
INSERT INTO room_amenities (room_id, amenity_id) VALUES (119, 1) ON CONFLICT DO NOTHING;
INSERT INTO room_amenities (room_id, amenity_id) VALUES (119, 2) ON CONFLICT DO NOTHING;
INSERT INTO room_amenities (room_id, amenity_id) VALUES (119, 3) ON CONFLICT DO NOTHING;
INSERT INTO room_amenities (room_id, amenity_id) VALUES (119, 4) ON CONFLICT DO NOTHING;
INSERT INTO room_amenities (room_id, amenity_id) VALUES (119, 5) ON CONFLICT DO NOTHING;
INSERT INTO room_amenities (room_id, amenity_id) VALUES (119, 6) ON CONFLICT DO NOTHING;
INSERT INTO room_amenities (room_id, amenity_id) VALUES (119, 9) ON CONFLICT DO NOTHING;
INSERT INTO room_images (room_id, image_url) VALUES (119, '/rooms/images/room_99/image_01.jpg');
INSERT INTO room_images (room_id, image_url) VALUES (119, '/rooms/images/room_99/image_02.jpg');
INSERT INTO room_images (room_id, image_url) VALUES (119, '/rooms/images/room_99/image_03.jpg');
INSERT INTO room_images (room_id, image_url) VALUES (119, '/rooms/images/room_99/image_04.jpg');
INSERT INTO room_images (room_id, image_url) VALUES (119, '/rooms/images/room_99/image_05.jpg');
INSERT INTO room_images (room_id, image_url) VALUES (119, '/rooms/images/room_99/image_06.jpg');
INSERT INTO room_images (room_id, image_url) VALUES (119, '/rooms/images/room_99/image_07.jpg');
INSERT INTO room_images (room_id, image_url) VALUES (119, '/rooms/images/room_99/image_08.jpg');
INSERT INTO posts (id, landlord_id, room_id, title, description, price, deposit_amount, price_type, status, approved_by, approved_at, expires_at, is_boosted, boosted_until, view_count, favorite_count, contact_count, booking_count, created_at, updated_at, version, video_url, video_thumbnail)
VALUES (119, 3, 119, 'Phòng trọ ban công thoáng mát gần trường 20m2 cách UEH 3.4km - Nguyễn Đình Chiểu', '**Vị trí thuận tiện và yên tĩnh**
- Địa chỉ: Nguyễn Đình Chiểu, Phường 5, Quận 3.
- Chỉ cách khuôn viên trường Trường Đại học Kinh tế TP.HCM (Cơ sở A) (UEH) khoảng 3.40km. Việc đi học hàng ngày cực kỳ thuận tiện và nhanh chóng bằng xe máy, xe buýt hoặc đi bộ. Khu vực xung quanh cao ráo, không bị ngập nước, đường sá thông thoáng.

**Thiết kế căn phòng**
- Diện tích sử dụng: 20m2. Thiết kế tối ưu không gian, sạch sẽ, thoáng mát, thích hợp cho việc học tập lâu dài.
- Sở hữu cửa sổ lớn đón ánh sáng tự nhiên tốt, giữ phòng luôn khô ráo.
- Có ban công riêng đón gió mát mẻ, thuận tiện cho việc phơi đồ hoặc làm góc thư giãn.

**Các tiện ích lắp sẵn**
- Wifi internet tốc độ cao riêng biệt từng phòng
- Máy điều hòa nhiệt độ Inverter hoạt động êm ái, tiết kiệm điện
- Hệ thống nước nóng lạnh an toàn
- Chỗ để xe máy rộng rãi dưới tầng trệt, an ninh đảm bảo
- Tủ lạnh dung tích lớn tiện lợi lưu trữ đồ ăn
- Kệ bếp nấu ăn thoáng khí, tủ bếp sạch sẽ

**An ninh và quy định**
- Hệ thống cửa cổng kiểm soát bằng khóa vân tay bảo mật cao kết hợp camera giám sát 24/7.
- Giờ đóng cổng: 22:00 đêm nhằm đảm bảo trật tự chung.
- Môi trường sống văn minh, hàng xóm chủ yếu là sinh viên ngoan ngoãn và nhân viên văn phòng lịch sự.

**Thông tin chi phí thuê**
- Giá thuê hàng tháng: 2,200,000 đ/tháng.
- Tiền đặt cọc: 2,200,000 đ (cam kết hoàn trả đầy đủ khi kết thúc hợp đồng theo đúng thỏa thuận).
- Chỉ số điện nước tính theo đồng hồ riêng gắn trước cửa phòng, cam kết thu đúng chỉ số tiêu thụ thực tế.', 2200000.0, 2200000.0, 'MONTHLY', 'APPROVED', 1, NOW() - INTERVAL '3 days', NOW() + INTERVAL '27 days', false, NULL, 283, 17, 42, 9, NOW() - INTERVAL '4 days', NOW(), 0, '/posts/videos/room_99/video_01.mp4', '/rooms/images/room_99/image_01.jpg');
INSERT INTO post_images (post_id, image_order, image_url) VALUES (119, 0, '/rooms/images/room_99/image_01.jpg');
INSERT INTO post_images (post_id, image_order, image_url) VALUES (119, 1, '/rooms/images/room_99/image_02.jpg');
INSERT INTO post_images (post_id, image_order, image_url) VALUES (119, 2, '/rooms/images/room_99/image_03.jpg');
INSERT INTO post_images (post_id, image_order, image_url) VALUES (119, 3, '/rooms/images/room_99/image_04.jpg');
INSERT INTO post_images (post_id, image_order, image_url) VALUES (119, 4, '/rooms/images/room_99/image_05.jpg');
INSERT INTO post_images (post_id, image_order, image_url) VALUES (119, 5, '/rooms/images/room_99/image_06.jpg');
INSERT INTO post_images (post_id, image_order, image_url) VALUES (119, 6, '/rooms/images/room_99/image_07.jpg');
INSERT INTO post_images (post_id, image_order, image_url) VALUES (119, 7, '/rooms/images/room_99/image_08.jpg');

-- ==========================================
-- ROOM 120 near FTU2 - Dist: 0.68km - Price: 5,400,000
-- ==========================================
INSERT INTO rooms (id, landlord_id, room_number, address, province, district, ward, latitude, longitude, area, floor, max_occupancy, direction, has_windows, has_balcony, thumbnail_url, is_pet_friendly, is_parking_available, curfew, rules, view_count, favorite_count, created_at, updated_at, version, nearby_university_id, nearby_university_name, distance_to_university, nearest_bus_station)
VALUES (120, 4, 'P.223', 'Số 18 Ung Văn Khiêm, Phường 17, Bình Thạnh, TP Hồ Chí Minh', 'TP Hồ Chí Minh', 'Bình Thạnh', 'Phường 17', 10.806387, 106.719068, 35.0, 7, 3, 'SOUTH', true, true, '/rooms/images/room_100/image_01.jpg', false, true, NULL, 'Giữ trật tự chung sau 22h, dọn dẹp vệ sinh phòng sạch sẽ, phòng cháy chữa cháy an toàn.', 147, 21, NOW() - INTERVAL '15 days', NOW(), 0, 8, 'Trường Đại học Ngoại thương - Cơ sở 2', 0.68, 0.36);
INSERT INTO room_amenities (room_id, amenity_id) VALUES (120, 1) ON CONFLICT DO NOTHING;
INSERT INTO room_amenities (room_id, amenity_id) VALUES (120, 2) ON CONFLICT DO NOTHING;
INSERT INTO room_amenities (room_id, amenity_id) VALUES (120, 3) ON CONFLICT DO NOTHING;
INSERT INTO room_amenities (room_id, amenity_id) VALUES (120, 4) ON CONFLICT DO NOTHING;
INSERT INTO room_amenities (room_id, amenity_id) VALUES (120, 5) ON CONFLICT DO NOTHING;
INSERT INTO room_amenities (room_id, amenity_id) VALUES (120, 6) ON CONFLICT DO NOTHING;
INSERT INTO room_amenities (room_id, amenity_id) VALUES (120, 7) ON CONFLICT DO NOTHING;
INSERT INTO room_amenities (room_id, amenity_id) VALUES (120, 8) ON CONFLICT DO NOTHING;
INSERT INTO room_amenities (room_id, amenity_id) VALUES (120, 9) ON CONFLICT DO NOTHING;
INSERT INTO room_amenities (room_id, amenity_id) VALUES (120, 10) ON CONFLICT DO NOTHING;
INSERT INTO room_amenities (room_id, amenity_id) VALUES (120, 11) ON CONFLICT DO NOTHING;
INSERT INTO room_amenities (room_id, amenity_id) VALUES (120, 12) ON CONFLICT DO NOTHING;
INSERT INTO room_images (room_id, image_url) VALUES (120, '/rooms/images/room_100/image_01.jpg');
INSERT INTO room_images (room_id, image_url) VALUES (120, '/rooms/images/room_100/image_02.jpg');
INSERT INTO room_images (room_id, image_url) VALUES (120, '/rooms/images/room_100/image_03.jpg');
INSERT INTO room_images (room_id, image_url) VALUES (120, '/rooms/images/room_100/image_04.jpg');
INSERT INTO room_images (room_id, image_url) VALUES (120, '/rooms/images/room_100/image_05.jpg');
INSERT INTO room_images (room_id, image_url) VALUES (120, '/rooms/images/room_100/image_06.jpg');
INSERT INTO room_images (room_id, image_url) VALUES (120, '/rooms/images/room_100/image_07.jpg');
INSERT INTO posts (id, landlord_id, room_id, title, description, price, deposit_amount, price_type, status, approved_by, approved_at, expires_at, is_boosted, boosted_until, view_count, favorite_count, contact_count, booking_count, created_at, updated_at, version, video_url, video_thumbnail)
VALUES (120, 4, 120, 'Căn hộ dịch vụ 1PN sang trọng, an ninh 35m2 cách FTU2 0.68km - Ung Văn Khiêm', '**Vị trí thuận tiện và yên tĩnh**
- Địa chỉ: Ung Văn Khiêm, Phường 17, Bình Thạnh.
- Chỉ cách khuôn viên trường Trường Đại học Ngoại thương - Cơ sở 2 (FTU2) khoảng 0.68km. Việc đi học hàng ngày cực kỳ thuận tiện và nhanh chóng bằng xe máy, xe buýt hoặc đi bộ. Khu vực xung quanh cao ráo, không bị ngập nước, đường sá thông thoáng.

**Thiết kế căn phòng**
- Diện tích sử dụng: 35m2. Thiết kế tối ưu không gian, sạch sẽ, thoáng mát, thích hợp cho việc học tập lâu dài.
- Sở hữu cửa sổ lớn đón ánh sáng tự nhiên tốt, giữ phòng luôn khô ráo.
- Có ban công riêng đón gió mát mẻ, thuận tiện cho việc phơi đồ hoặc làm góc thư giãn.

**Các tiện ích lắp sẵn**
- Wifi internet tốc độ cao riêng biệt từng phòng
- Máy điều hòa nhiệt độ Inverter hoạt động êm ái, tiết kiệm điện
- Hệ thống nước nóng lạnh an toàn
- Chỗ để xe máy rộng rãi dưới tầng trệt, an ninh đảm bảo
- Tủ lạnh dung tích lớn tiện lợi lưu trữ đồ ăn
- Khu vực giặt sấy/máy giặt tiện nghi
- Kệ bếp nấu ăn thoáng khí, tủ bếp sạch sẽ

**An ninh và quy định**
- Hệ thống cửa cổng kiểm soát bằng khóa vân tay bảo mật cao kết hợp camera giám sát 24/7.
- Giờ giấc ra vào tự do thoải mái, không chung chủ.
- Môi trường sống văn minh, hàng xóm chủ yếu là sinh viên ngoan ngoãn và nhân viên văn phòng lịch sự.

**Thông tin chi phí thuê**
- Giá thuê hàng tháng: 5,400,000 đ/tháng.
- Tiền đặt cọc: 5,400,000 đ (cam kết hoàn trả đầy đủ khi kết thúc hợp đồng theo đúng thỏa thuận).
- Chỉ số điện nước tính theo đồng hồ riêng gắn trước cửa phòng, cam kết thu đúng chỉ số tiêu thụ thực tế.', 5400000.0, 5400000.0, 'MONTHLY', 'APPROVED', 1, NOW() - INTERVAL '3 days', NOW() + INTERVAL '27 days', false, NULL, 310, 34, 36, 3, NOW() - INTERVAL '9 days', NOW(), 0, '/posts/videos/room_100/video_01.mp4', '/rooms/images/room_100/image_01.jpg');
INSERT INTO post_images (post_id, image_order, image_url) VALUES (120, 0, '/rooms/images/room_100/image_01.jpg');
INSERT INTO post_images (post_id, image_order, image_url) VALUES (120, 1, '/rooms/images/room_100/image_02.jpg');
INSERT INTO post_images (post_id, image_order, image_url) VALUES (120, 2, '/rooms/images/room_100/image_03.jpg');
INSERT INTO post_images (post_id, image_order, image_url) VALUES (120, 3, '/rooms/images/room_100/image_04.jpg');
INSERT INTO post_images (post_id, image_order, image_url) VALUES (120, 4, '/rooms/images/room_100/image_05.jpg');
INSERT INTO post_images (post_id, image_order, image_url) VALUES (120, 5, '/rooms/images/room_100/image_06.jpg');
INSERT INTO post_images (post_id, image_order, image_url) VALUES (120, 6, '/rooms/images/room_100/image_07.jpg');

-- ==========================================
-- ROOM 121 near NLU - Dist: 0.26km - Price: 1,800,000
-- ==========================================
INSERT INTO rooms (id, landlord_id, room_number, address, province, district, ward, latitude, longitude, area, floor, max_occupancy, direction, has_windows, has_balcony, thumbnail_url, is_pet_friendly, is_parking_available, curfew, rules, view_count, favorite_count, created_at, updated_at, version, nearby_university_id, nearby_university_name, distance_to_university, nearest_bus_station)
VALUES (121, 2, 'P.436', 'Số 88 Đường số 12, Phường Tăng Nhơn Phú A, Thủ Đức, TP Hồ Chí Minh', 'TP Hồ Chí Minh', 'Thủ Đức', 'Tăng Nhơn Phú A', 10.867994, 106.78648, 15.0, 7, 2, 'NORTH', true, false, '/rooms/images/room_101/image_01.jpg', true, true, NULL, 'Giữ trật tự chung sau 22h, dọn dẹp vệ sinh phòng sạch sẽ, phòng cháy chữa cháy an toàn.', 189, 5, NOW() - INTERVAL '15 days', NOW(), 0, 1, 'Trường Đại học Nông Lâm TP.HCM', 0.26, 0.21);
INSERT INTO room_amenities (room_id, amenity_id) VALUES (121, 1) ON CONFLICT DO NOTHING;
INSERT INTO room_amenities (room_id, amenity_id) VALUES (121, 3) ON CONFLICT DO NOTHING;
INSERT INTO room_amenities (room_id, amenity_id) VALUES (121, 4) ON CONFLICT DO NOTHING;
INSERT INTO room_amenities (room_id, amenity_id) VALUES (121, 9) ON CONFLICT DO NOTHING;
INSERT INTO room_images (room_id, image_url) VALUES (121, '/rooms/images/room_101/image_01.jpg');
INSERT INTO room_images (room_id, image_url) VALUES (121, '/rooms/images/room_101/image_02.jpg');
INSERT INTO room_images (room_id, image_url) VALUES (121, '/rooms/images/room_101/image_03.jpg');
INSERT INTO posts (id, landlord_id, room_id, title, description, price, deposit_amount, price_type, status, approved_by, approved_at, expires_at, is_boosted, boosted_until, view_count, favorite_count, contact_count, booking_count, created_at, updated_at, version, video_url, video_thumbnail)
VALUES (121, 2, 121, 'Phòng trọ mini giá rẻ sinh viên 15m2 cách NLU 0.26km - Đường số 12', '**Vị trí thuận tiện và yên tĩnh**
- Địa chỉ: Đường số 12, Phường Tăng Nhơn Phú A, Thủ Đức.
- Chỉ cách khuôn viên trường Trường Đại học Nông Lâm TP.HCM (NLU) khoảng 0.26km. Việc đi học hàng ngày cực kỳ thuận tiện và nhanh chóng bằng xe máy, xe buýt hoặc đi bộ. Khu vực xung quanh cao ráo, không bị ngập nước, đường sá thông thoáng.

**Thiết kế căn phòng**
- Diện tích sử dụng: 15m2. Thiết kế tối ưu không gian, sạch sẽ, thoáng mát, thích hợp cho việc học tập lâu dài.
- Sở hữu cửa sổ lớn đón ánh sáng tự nhiên tốt, giữ phòng luôn khô ráo.

**Các tiện ích lắp sẵn**
- Wifi internet tốc độ cao riêng biệt từng phòng
- Hệ thống nước nóng lạnh an toàn
- Chỗ để xe máy rộng rãi dưới tầng trệt, an ninh đảm bảo
- Kệ bếp nấu ăn thoáng khí, tủ bếp sạch sẽ

**An ninh và quy định**
- Hệ thống cửa cổng kiểm soát bằng khóa vân tay bảo mật cao kết hợp camera giám sát 24/7.
- Giờ giấc ra vào tự do thoải mái, không chung chủ.
- Môi trường sống văn minh, hàng xóm chủ yếu là sinh viên ngoan ngoãn và nhân viên văn phòng lịch sự.

**Thông tin chi phí thuê**
- Giá thuê hàng tháng: 1,800,000 đ/tháng.
- Tiền đặt cọc: 1,800,000 đ (cam kết hoàn trả đầy đủ khi kết thúc hợp đồng theo đúng thỏa thuận).
- Chỉ số điện nước tính theo đồng hồ riêng gắn trước cửa phòng, cam kết thu đúng chỉ số tiêu thụ thực tế.', 1800000.0, 1800000.0, 'MONTHLY', 'APPROVED', 1, NOW() - INTERVAL '3 days', NOW() + INTERVAL '27 days', false, NULL, 169, 50, 26, 8, NOW() - INTERVAL '7 days', NOW(), 0, '/posts/videos/room_101/video_01.mp4', '/rooms/images/room_101/image_01.jpg');
INSERT INTO post_images (post_id, image_order, image_url) VALUES (121, 0, '/rooms/images/room_101/image_01.jpg');
INSERT INTO post_images (post_id, image_order, image_url) VALUES (121, 1, '/rooms/images/room_101/image_02.jpg');
INSERT INTO post_images (post_id, image_order, image_url) VALUES (121, 2, '/rooms/images/room_101/image_03.jpg');

-- ==========================================
-- ROOM 122 near HCMUTE - Dist: 3.89km - Price: 3,000,000
-- ==========================================
INSERT INTO rooms (id, landlord_id, room_number, address, province, district, ward, latitude, longitude, area, floor, max_occupancy, direction, has_windows, has_balcony, thumbnail_url, is_pet_friendly, is_parking_available, curfew, rules, view_count, favorite_count, created_at, updated_at, version, nearby_university_id, nearby_university_name, distance_to_university, nearest_bus_station)
VALUES (122, 3, 'P.295', 'Số 125 Song Hành, Phường Linh Chiểu, Thủ Đức, TP Hồ Chí Minh', 'TP Hồ Chí Minh', 'Thủ Đức', 'Linh Chiểu', 10.82175, 106.790845, 26.0, 6, 3, 'NORTHWEST', true, true, '/rooms/images/room_102/image_01.jpg', true, true, '22:00', 'Giữ trật tự chung sau 22h, dọn dẹp vệ sinh phòng sạch sẽ, phòng cháy chữa cháy an toàn.', 93, 12, NOW() - INTERVAL '4 days', NOW(), 0, 2, 'Trường Đại học Sư phạm Kỹ thuật TP.HCM', 3.89, 0.24);
INSERT INTO room_amenities (room_id, amenity_id) VALUES (122, 1) ON CONFLICT DO NOTHING;
INSERT INTO room_amenities (room_id, amenity_id) VALUES (122, 2) ON CONFLICT DO NOTHING;
INSERT INTO room_amenities (room_id, amenity_id) VALUES (122, 3) ON CONFLICT DO NOTHING;
INSERT INTO room_amenities (room_id, amenity_id) VALUES (122, 4) ON CONFLICT DO NOTHING;
INSERT INTO room_amenities (room_id, amenity_id) VALUES (122, 5) ON CONFLICT DO NOTHING;
INSERT INTO room_amenities (room_id, amenity_id) VALUES (122, 6) ON CONFLICT DO NOTHING;
INSERT INTO room_amenities (room_id, amenity_id) VALUES (122, 7) ON CONFLICT DO NOTHING;
INSERT INTO room_amenities (room_id, amenity_id) VALUES (122, 9) ON CONFLICT DO NOTHING;
INSERT INTO room_amenities (room_id, amenity_id) VALUES (122, 12) ON CONFLICT DO NOTHING;
INSERT INTO room_images (room_id, image_url) VALUES (122, '/rooms/images/room_102/image_01.jpg');
INSERT INTO room_images (room_id, image_url) VALUES (122, '/rooms/images/room_102/image_02.jpg');
INSERT INTO room_images (room_id, image_url) VALUES (122, '/rooms/images/room_102/image_03.jpg');
INSERT INTO room_images (room_id, image_url) VALUES (122, '/rooms/images/room_102/image_04.jpg');
INSERT INTO room_images (room_id, image_url) VALUES (122, '/rooms/images/room_102/image_05.jpg');
INSERT INTO posts (id, landlord_id, room_id, title, description, price, deposit_amount, price_type, status, approved_by, approved_at, expires_at, is_boosted, boosted_until, view_count, favorite_count, contact_count, booking_count, created_at, updated_at, version, video_url, video_thumbnail)
VALUES (122, 3, 122, 'Căn hộ Studio gác lửng full nội thất 26m2 cách HCMUTE 3.89km - Song Hành', '**Vị trí thuận tiện và yên tĩnh**
- Địa chỉ: Song Hành, Phường Linh Chiểu, Thủ Đức.
- Chỉ cách khuôn viên trường Trường Đại học Sư phạm Kỹ thuật TP.HCM (HCMUTE) khoảng 3.89km. Việc đi học hàng ngày cực kỳ thuận tiện và nhanh chóng bằng xe máy, xe buýt hoặc đi bộ. Khu vực xung quanh cao ráo, không bị ngập nước, đường sá thông thoáng.

**Thiết kế căn phòng**
- Diện tích sử dụng: 26m2. Thiết kế tối ưu không gian, sạch sẽ, thoáng mát, thích hợp cho việc học tập lâu dài.
- Sở hữu cửa sổ lớn đón ánh sáng tự nhiên tốt, giữ phòng luôn khô ráo.
- Có ban công riêng đón gió mát mẻ, thuận tiện cho việc phơi đồ hoặc làm góc thư giãn.

**Các tiện ích lắp sẵn**
- Wifi internet tốc độ cao riêng biệt từng phòng
- Máy điều hòa nhiệt độ Inverter hoạt động êm ái, tiết kiệm điện
- Hệ thống nước nóng lạnh an toàn
- Chỗ để xe máy rộng rãi dưới tầng trệt, an ninh đảm bảo
- Tủ lạnh dung tích lớn tiện lợi lưu trữ đồ ăn
- Khu vực giặt sấy/máy giặt tiện nghi
- Kệ bếp nấu ăn thoáng khí, tủ bếp sạch sẽ

**An ninh và quy định**
- Hệ thống cửa cổng kiểm soát bằng khóa vân tay bảo mật cao kết hợp camera giám sát 24/7.
- Giờ đóng cổng: 22:00 đêm nhằm đảm bảo trật tự chung.
- Môi trường sống văn minh, hàng xóm chủ yếu là sinh viên ngoan ngoãn và nhân viên văn phòng lịch sự.

**Thông tin chi phí thuê**
- Giá thuê hàng tháng: 3,000,000 đ/tháng.
- Tiền đặt cọc: 6,000,000 đ (cam kết hoàn trả đầy đủ khi kết thúc hợp đồng theo đúng thỏa thuận).
- Chỉ số điện nước tính theo đồng hồ riêng gắn trước cửa phòng, cam kết thu đúng chỉ số tiêu thụ thực tế.', 3000000.0, 6000000.0, 'MONTHLY', 'APPROVED', 1, NOW() - INTERVAL '3 days', NOW() + INTERVAL '27 days', false, NULL, 125, 22, 38, 5, NOW() - INTERVAL '10 days', NOW(), 0, '/posts/videos/room_102/video_01.mp4', '/rooms/images/room_102/image_01.jpg');
INSERT INTO post_images (post_id, image_order, image_url) VALUES (122, 0, '/rooms/images/room_102/image_01.jpg');
INSERT INTO post_images (post_id, image_order, image_url) VALUES (122, 1, '/rooms/images/room_102/image_02.jpg');
INSERT INTO post_images (post_id, image_order, image_url) VALUES (122, 2, '/rooms/images/room_102/image_03.jpg');
INSERT INTO post_images (post_id, image_order, image_url) VALUES (122, 3, '/rooms/images/room_102/image_04.jpg');
INSERT INTO post_images (post_id, image_order, image_url) VALUES (122, 4, '/rooms/images/room_102/image_05.jpg');

-- ==========================================
-- ROOM 123 near UIT - Dist: 3.06km - Price: 1,300,000
-- ==========================================
INSERT INTO rooms (id, landlord_id, room_number, address, province, district, ward, latitude, longitude, area, floor, max_occupancy, direction, has_windows, has_balcony, thumbnail_url, is_pet_friendly, is_parking_available, curfew, rules, view_count, favorite_count, created_at, updated_at, version, nearby_university_id, nearby_university_name, distance_to_university, nearest_bus_station)
VALUES (123, 4, 'P.288', 'Số 104 Võ Văn Ngân, Phường Tăng Nhơn Phú A, Thủ Đức, TP Hồ Chí Minh', 'TP Hồ Chí Minh', 'Thủ Đức', 'Tăng Nhơn Phú A', 10.856764, 106.778491, 37.0, 7, 6, 'NORTH', true, false, '/rooms/images/room_103/image_01.jpg', false, false, '23:00', 'Giữ trật tự chung sau 22h, dọn dẹp vệ sinh phòng sạch sẽ, phòng cháy chữa cháy an toàn.', 271, 23, NOW() - INTERVAL '2 days', NOW(), 0, 3, 'Trường Đại học Công nghệ thông tin - ĐHQG TP.HCM', 3.06, 0.37);
INSERT INTO room_amenities (room_id, amenity_id) VALUES (123, 1) ON CONFLICT DO NOTHING;
INSERT INTO room_amenities (room_id, amenity_id) VALUES (123, 2) ON CONFLICT DO NOTHING;
INSERT INTO room_amenities (room_id, amenity_id) VALUES (123, 3) ON CONFLICT DO NOTHING;
INSERT INTO room_amenities (room_id, amenity_id) VALUES (123, 4) ON CONFLICT DO NOTHING;
INSERT INTO room_amenities (room_id, amenity_id) VALUES (123, 5) ON CONFLICT DO NOTHING;
INSERT INTO room_amenities (room_id, amenity_id) VALUES (123, 7) ON CONFLICT DO NOTHING;
INSERT INTO room_amenities (room_id, amenity_id) VALUES (123, 11) ON CONFLICT DO NOTHING;
INSERT INTO room_amenities (room_id, amenity_id) VALUES (123, 12) ON CONFLICT DO NOTHING;
INSERT INTO room_images (room_id, image_url) VALUES (123, '/rooms/images/room_103/image_01.jpg');
INSERT INTO room_images (room_id, image_url) VALUES (123, '/rooms/images/room_103/image_02.jpg');
INSERT INTO room_images (room_id, image_url) VALUES (123, '/rooms/images/room_103/image_03.jpg');
INSERT INTO posts (id, landlord_id, room_id, title, description, price, deposit_amount, price_type, status, approved_by, approved_at, expires_at, is_boosted, boosted_until, view_count, favorite_count, contact_count, booking_count, created_at, updated_at, version, video_url, video_thumbnail)
VALUES (123, 4, 123, 'Sleepbox cao cấp tiện nghi, bảo mật 37m2 cách UIT 3.06km - Võ Văn Ngân', '**Vị trí thuận tiện và yên tĩnh**
- Địa chỉ: Võ Văn Ngân, Phường Tăng Nhơn Phú A, Thủ Đức.
- Chỉ cách khuôn viên trường Trường Đại học Công nghệ thông tin - ĐHQG TP.HCM (UIT) khoảng 3.06km. Việc đi học hàng ngày cực kỳ thuận tiện và nhanh chóng bằng xe máy, xe buýt hoặc đi bộ. Khu vực xung quanh cao ráo, không bị ngập nước, đường sá thông thoáng.

**Thiết kế căn phòng**
- Diện tích sử dụng: 37m2. Thiết kế tối ưu không gian, sạch sẽ, thoáng mát, thích hợp cho việc học tập lâu dài.
- Sở hữu cửa sổ lớn đón ánh sáng tự nhiên tốt, giữ phòng luôn khô ráo.

**Các tiện ích lắp sẵn**
- Wifi internet tốc độ cao riêng biệt từng phòng
- Máy điều hòa nhiệt độ Inverter hoạt động êm ái, tiết kiệm điện
- Hệ thống nước nóng lạnh an toàn
- Chỗ để xe máy rộng rãi dưới tầng trệt, an ninh đảm bảo
- Khu vực giặt sấy/máy giặt tiện nghi

**An ninh và quy định**
- Hệ thống cửa cổng kiểm soát bằng khóa vân tay bảo mật cao kết hợp camera giám sát 24/7.
- Giờ đóng cổng: 23:00 đêm nhằm đảm bảo trật tự chung.
- Môi trường sống văn minh, hàng xóm chủ yếu là sinh viên ngoan ngoãn và nhân viên văn phòng lịch sự.

**Thông tin chi phí thuê**
- Giá thuê hàng tháng: 1,300,000 đ/tháng.
- Tiền đặt cọc: 1,300,000 đ (cam kết hoàn trả đầy đủ khi kết thúc hợp đồng theo đúng thỏa thuận).
- Chỉ số điện nước tính theo đồng hồ riêng gắn trước cửa phòng, cam kết thu đúng chỉ số tiêu thụ thực tế.', 1300000.0, 1300000.0, 'MONTHLY', 'APPROVED', 1, NOW() - INTERVAL '3 days', NOW() + INTERVAL '27 days', false, NULL, 260, 28, 29, 5, NOW() - INTERVAL '7 days', NOW(), 0, '/posts/videos/room_103/video_01.mp4', '/rooms/images/room_103/image_01.jpg');
INSERT INTO post_images (post_id, image_order, image_url) VALUES (123, 0, '/rooms/images/room_103/image_01.jpg');
INSERT INTO post_images (post_id, image_order, image_url) VALUES (123, 1, '/rooms/images/room_103/image_02.jpg');
INSERT INTO post_images (post_id, image_order, image_url) VALUES (123, 2, '/rooms/images/room_103/image_03.jpg');

-- ==========================================
-- ROOM 124 near HCMUT - Dist: 5.72km - Price: 1,900,000
-- ==========================================
INSERT INTO rooms (id, landlord_id, room_number, address, province, district, ward, latitude, longitude, area, floor, max_occupancy, direction, has_windows, has_balcony, thumbnail_url, is_pet_friendly, is_parking_available, curfew, rules, view_count, favorite_count, created_at, updated_at, version, nearby_university_id, nearby_university_name, distance_to_university, nearest_bus_station)
VALUES (124, 2, 'P.146', 'Số 147 Trần Hưng Đạo, Phường An Bình, Dĩ An, Bình Dương', 'Bình Dương', 'Dĩ An', 'An Bình', 10.883781, 106.858939, 19.0, 6, 2, 'NORTHEAST', true, true, '/rooms/images/room_104/image_01.jpg', true, true, NULL, 'Giữ trật tự chung sau 22h, dọn dẹp vệ sinh phòng sạch sẽ, phòng cháy chữa cháy an toàn.', 174, 18, NOW() - INTERVAL '12 days', NOW(), 0, 4, 'Trường Đại học Bách Khoa - ĐHQG TP.HCM (Cơ sở Dĩ An)', 5.72, 0.48);
INSERT INTO room_amenities (room_id, amenity_id) VALUES (124, 1) ON CONFLICT DO NOTHING;
INSERT INTO room_amenities (room_id, amenity_id) VALUES (124, 2) ON CONFLICT DO NOTHING;
INSERT INTO room_amenities (room_id, amenity_id) VALUES (124, 3) ON CONFLICT DO NOTHING;
INSERT INTO room_amenities (room_id, amenity_id) VALUES (124, 4) ON CONFLICT DO NOTHING;
INSERT INTO room_amenities (room_id, amenity_id) VALUES (124, 5) ON CONFLICT DO NOTHING;
INSERT INTO room_amenities (room_id, amenity_id) VALUES (124, 6) ON CONFLICT DO NOTHING;
INSERT INTO room_amenities (room_id, amenity_id) VALUES (124, 9) ON CONFLICT DO NOTHING;
INSERT INTO room_images (room_id, image_url) VALUES (124, '/rooms/images/room_104/image_01.jpg');
INSERT INTO room_images (room_id, image_url) VALUES (124, '/rooms/images/room_104/image_02.jpg');
INSERT INTO room_images (room_id, image_url) VALUES (124, '/rooms/images/room_104/image_03.jpg');
INSERT INTO room_images (room_id, image_url) VALUES (124, '/rooms/images/room_104/image_04.jpg');
INSERT INTO posts (id, landlord_id, room_id, title, description, price, deposit_amount, price_type, status, approved_by, approved_at, expires_at, is_boosted, boosted_until, view_count, favorite_count, contact_count, booking_count, created_at, updated_at, version, video_url, video_thumbnail)
VALUES (124, 2, 124, 'Phòng trọ ban công thoáng mát gần trường 19m2 cách HCMUT 5.72km - Trần Hưng Đạo', '**Vị trí thuận tiện và yên tĩnh**
- Địa chỉ: Trần Hưng Đạo, Phường An Bình, Dĩ An.
- Chỉ cách khuôn viên trường Trường Đại học Bách Khoa - ĐHQG TP.HCM (Cơ sở Dĩ An) (HCMUT) khoảng 5.72km. Việc đi học hàng ngày cực kỳ thuận tiện và nhanh chóng bằng xe máy, xe buýt hoặc đi bộ. Khu vực xung quanh cao ráo, không bị ngập nước, đường sá thông thoáng.

**Thiết kế căn phòng**
- Diện tích sử dụng: 19m2. Thiết kế tối ưu không gian, sạch sẽ, thoáng mát, thích hợp cho việc học tập lâu dài.
- Sở hữu cửa sổ lớn đón ánh sáng tự nhiên tốt, giữ phòng luôn khô ráo.
- Có ban công riêng đón gió mát mẻ, thuận tiện cho việc phơi đồ hoặc làm góc thư giãn.

**Các tiện ích lắp sẵn**
- Wifi internet tốc độ cao riêng biệt từng phòng
- Máy điều hòa nhiệt độ Inverter hoạt động êm ái, tiết kiệm điện
- Hệ thống nước nóng lạnh an toàn
- Chỗ để xe máy rộng rãi dưới tầng trệt, an ninh đảm bảo
- Tủ lạnh dung tích lớn tiện lợi lưu trữ đồ ăn
- Kệ bếp nấu ăn thoáng khí, tủ bếp sạch sẽ

**An ninh và quy định**
- Hệ thống cửa cổng kiểm soát bằng khóa vân tay bảo mật cao kết hợp camera giám sát 24/7.
- Giờ giấc ra vào tự do thoải mái, không chung chủ.
- Môi trường sống văn minh, hàng xóm chủ yếu là sinh viên ngoan ngoãn và nhân viên văn phòng lịch sự.

**Thông tin chi phí thuê**
- Giá thuê hàng tháng: 1,900,000 đ/tháng.
- Tiền đặt cọc: 1,900,000 đ (cam kết hoàn trả đầy đủ khi kết thúc hợp đồng theo đúng thỏa thuận).
- Chỉ số điện nước tính theo đồng hồ riêng gắn trước cửa phòng, cam kết thu đúng chỉ số tiêu thụ thực tế.', 1900000.0, 1900000.0, 'MONTHLY', 'APPROVED', 1, NOW() - INTERVAL '3 days', NOW() + INTERVAL '27 days', true, NOW() + INTERVAL '7 days', 359, 67, 24, 9, NOW() - INTERVAL '9 days', NOW(), 0, '/posts/videos/room_104/video_01.mp4', '/rooms/images/room_104/image_01.jpg');
INSERT INTO post_images (post_id, image_order, image_url) VALUES (124, 0, '/rooms/images/room_104/image_01.jpg');
INSERT INTO post_images (post_id, image_order, image_url) VALUES (124, 1, '/rooms/images/room_104/image_02.jpg');
INSERT INTO post_images (post_id, image_order, image_url) VALUES (124, 2, '/rooms/images/room_104/image_03.jpg');
INSERT INTO post_images (post_id, image_order, image_url) VALUES (124, 3, '/rooms/images/room_104/image_04.jpg');

-- ==========================================
-- ROOM 125 near HCMUS - Dist: 3.29km - Price: 5,200,000
-- ==========================================
INSERT INTO rooms (id, landlord_id, room_number, address, province, district, ward, latitude, longitude, area, floor, max_occupancy, direction, has_windows, has_balcony, thumbnail_url, is_pet_friendly, is_parking_available, curfew, rules, view_count, favorite_count, created_at, updated_at, version, nearby_university_id, nearby_university_name, distance_to_university, nearest_bus_station)
VALUES (125, 3, 'P.622', 'Số 24 Bình Đường, Phường Tân Đông Hiệp, Dĩ An, Bình Dương', 'Bình Dương', 'Dĩ An', 'Tân Đông Hiệp', 10.881698, 106.829192, 41.0, 4, 3, 'SOUTHWEST', true, true, '/rooms/images/room_105/image_01.jpg', true, true, '22:00', 'Giữ trật tự chung sau 22h, dọn dẹp vệ sinh phòng sạch sẽ, phòng cháy chữa cháy an toàn.', 107, 26, NOW() - INTERVAL '14 days', NOW(), 0, 5, 'Trường Đại học Khoa học Tự nhiên - ĐHQG TP.HCM (Cơ sở Dĩ An)', 3.29, 0.28);
INSERT INTO room_amenities (room_id, amenity_id) VALUES (125, 1) ON CONFLICT DO NOTHING;
INSERT INTO room_amenities (room_id, amenity_id) VALUES (125, 2) ON CONFLICT DO NOTHING;
INSERT INTO room_amenities (room_id, amenity_id) VALUES (125, 3) ON CONFLICT DO NOTHING;
INSERT INTO room_amenities (room_id, amenity_id) VALUES (125, 4) ON CONFLICT DO NOTHING;
INSERT INTO room_amenities (room_id, amenity_id) VALUES (125, 5) ON CONFLICT DO NOTHING;
INSERT INTO room_amenities (room_id, amenity_id) VALUES (125, 6) ON CONFLICT DO NOTHING;
INSERT INTO room_amenities (room_id, amenity_id) VALUES (125, 7) ON CONFLICT DO NOTHING;
INSERT INTO room_amenities (room_id, amenity_id) VALUES (125, 8) ON CONFLICT DO NOTHING;
INSERT INTO room_amenities (room_id, amenity_id) VALUES (125, 9) ON CONFLICT DO NOTHING;
INSERT INTO room_amenities (room_id, amenity_id) VALUES (125, 10) ON CONFLICT DO NOTHING;
INSERT INTO room_amenities (room_id, amenity_id) VALUES (125, 11) ON CONFLICT DO NOTHING;
INSERT INTO room_amenities (room_id, amenity_id) VALUES (125, 12) ON CONFLICT DO NOTHING;
INSERT INTO room_images (room_id, image_url) VALUES (125, '/rooms/images/room_105/image_01.jpg');
INSERT INTO room_images (room_id, image_url) VALUES (125, '/rooms/images/room_105/image_02.jpg');
INSERT INTO room_images (room_id, image_url) VALUES (125, '/rooms/images/room_105/image_03.jpg');
INSERT INTO posts (id, landlord_id, room_id, title, description, price, deposit_amount, price_type, status, approved_by, approved_at, expires_at, is_boosted, boosted_until, view_count, favorite_count, contact_count, booking_count, created_at, updated_at, version, video_url, video_thumbnail)
VALUES (125, 3, 125, 'Căn hộ dịch vụ 1PN sang trọng, an ninh 41m2 cách HCMUS 3.29km - Bình Đường', '**Vị trí thuận tiện và yên tĩnh**
- Địa chỉ: Bình Đường, Phường Tân Đông Hiệp, Dĩ An.
- Chỉ cách khuôn viên trường Trường Đại học Khoa học Tự nhiên - ĐHQG TP.HCM (Cơ sở Dĩ An) (HCMUS) khoảng 3.29km. Việc đi học hàng ngày cực kỳ thuận tiện và nhanh chóng bằng xe máy, xe buýt hoặc đi bộ. Khu vực xung quanh cao ráo, không bị ngập nước, đường sá thông thoáng.

**Thiết kế căn phòng**
- Diện tích sử dụng: 41m2. Thiết kế tối ưu không gian, sạch sẽ, thoáng mát, thích hợp cho việc học tập lâu dài.
- Sở hữu cửa sổ lớn đón ánh sáng tự nhiên tốt, giữ phòng luôn khô ráo.
- Có ban công riêng đón gió mát mẻ, thuận tiện cho việc phơi đồ hoặc làm góc thư giãn.

**Các tiện ích lắp sẵn**
- Wifi internet tốc độ cao riêng biệt từng phòng
- Máy điều hòa nhiệt độ Inverter hoạt động êm ái, tiết kiệm điện
- Hệ thống nước nóng lạnh an toàn
- Chỗ để xe máy rộng rãi dưới tầng trệt, an ninh đảm bảo
- Tủ lạnh dung tích lớn tiện lợi lưu trữ đồ ăn
- Khu vực giặt sấy/máy giặt tiện nghi
- Kệ bếp nấu ăn thoáng khí, tủ bếp sạch sẽ

**An ninh và quy định**
- Hệ thống cửa cổng kiểm soát bằng khóa vân tay bảo mật cao kết hợp camera giám sát 24/7.
- Giờ đóng cổng: 22:00 đêm nhằm đảm bảo trật tự chung.
- Môi trường sống văn minh, hàng xóm chủ yếu là sinh viên ngoan ngoãn và nhân viên văn phòng lịch sự.

**Thông tin chi phí thuê**
- Giá thuê hàng tháng: 5,200,000 đ/tháng.
- Tiền đặt cọc: 10,400,000 đ (cam kết hoàn trả đầy đủ khi kết thúc hợp đồng theo đúng thỏa thuận).
- Chỉ số điện nước tính theo đồng hồ riêng gắn trước cửa phòng, cam kết thu đúng chỉ số tiêu thụ thực tế.', 5200000.0, 10400000.0, 'MONTHLY', 'APPROVED', 1, NOW() - INTERVAL '3 days', NOW() + INTERVAL '27 days', false, NULL, 155, 37, 21, 3, NOW() - INTERVAL '1 days', NOW(), 0, '/posts/videos/room_105/video_01.mp4', '/rooms/images/room_105/image_01.jpg');
INSERT INTO post_images (post_id, image_order, image_url) VALUES (125, 0, '/rooms/images/room_105/image_01.jpg');
INSERT INTO post_images (post_id, image_order, image_url) VALUES (125, 1, '/rooms/images/room_105/image_02.jpg');
INSERT INTO post_images (post_id, image_order, image_url) VALUES (125, 2, '/rooms/images/room_105/image_03.jpg');

-- ==========================================
-- ROOM 126 near IU - Dist: 0.92km - Price: 1,500,000
-- ==========================================
INSERT INTO rooms (id, landlord_id, room_number, address, province, district, ward, latitude, longitude, area, floor, max_occupancy, direction, has_windows, has_balcony, thumbnail_url, is_pet_friendly, is_parking_available, curfew, rules, view_count, favorite_count, created_at, updated_at, version, nearby_university_id, nearby_university_name, distance_to_university, nearest_bus_station)
VALUES (126, 4, 'P.627', 'Số 143 Đường ĐHQG, Phường Đông Hòa, Dĩ An, Bình Dương', 'Bình Dương', 'Dĩ An', 'Đông Hòa', 10.876104, 106.809828, 18.0, 3, 2, 'NORTHEAST', true, false, '/rooms/images/room_106/image_01.jpg', true, true, NULL, 'Giữ trật tự chung sau 22h, dọn dẹp vệ sinh phòng sạch sẽ, phòng cháy chữa cháy an toàn.', 168, 6, NOW() - INTERVAL '2 days', NOW(), 0, 6, 'Trường Đại học Quốc tế - ĐHQG TP.HCM', 0.92, 0.25);
INSERT INTO room_amenities (room_id, amenity_id) VALUES (126, 1) ON CONFLICT DO NOTHING;
INSERT INTO room_amenities (room_id, amenity_id) VALUES (126, 3) ON CONFLICT DO NOTHING;
INSERT INTO room_amenities (room_id, amenity_id) VALUES (126, 4) ON CONFLICT DO NOTHING;
INSERT INTO room_amenities (room_id, amenity_id) VALUES (126, 9) ON CONFLICT DO NOTHING;
INSERT INTO room_images (room_id, image_url) VALUES (126, '/rooms/images/room_106/image_01.jpg');
INSERT INTO room_images (room_id, image_url) VALUES (126, '/rooms/images/room_106/image_02.jpg');
INSERT INTO room_images (room_id, image_url) VALUES (126, '/rooms/images/room_106/image_03.jpg');
INSERT INTO room_images (room_id, image_url) VALUES (126, '/rooms/images/room_106/image_04.jpg');
INSERT INTO posts (id, landlord_id, room_id, title, description, price, deposit_amount, price_type, status, approved_by, approved_at, expires_at, is_boosted, boosted_until, view_count, favorite_count, contact_count, booking_count, created_at, updated_at, version, video_url, video_thumbnail)
VALUES (126, 4, 126, 'Phòng trọ mini giá rẻ sinh viên 18m2 cách IU 0.92km - Đường ĐHQG', '**Vị trí thuận tiện và yên tĩnh**
- Địa chỉ: Đường ĐHQG, Phường Đông Hòa, Dĩ An.
- Chỉ cách khuôn viên trường Trường Đại học Quốc tế - ĐHQG TP.HCM (IU) khoảng 0.92km. Việc đi học hàng ngày cực kỳ thuận tiện và nhanh chóng bằng xe máy, xe buýt hoặc đi bộ. Khu vực xung quanh cao ráo, không bị ngập nước, đường sá thông thoáng.

**Thiết kế căn phòng**
- Diện tích sử dụng: 18m2. Thiết kế tối ưu không gian, sạch sẽ, thoáng mát, thích hợp cho việc học tập lâu dài.
- Sở hữu cửa sổ lớn đón ánh sáng tự nhiên tốt, giữ phòng luôn khô ráo.

**Các tiện ích lắp sẵn**
- Wifi internet tốc độ cao riêng biệt từng phòng
- Hệ thống nước nóng lạnh an toàn
- Chỗ để xe máy rộng rãi dưới tầng trệt, an ninh đảm bảo
- Kệ bếp nấu ăn thoáng khí, tủ bếp sạch sẽ

**An ninh và quy định**
- Hệ thống cửa cổng kiểm soát bằng khóa vân tay bảo mật cao kết hợp camera giám sát 24/7.
- Giờ giấc ra vào tự do thoải mái, không chung chủ.
- Môi trường sống văn minh, hàng xóm chủ yếu là sinh viên ngoan ngoãn và nhân viên văn phòng lịch sự.

**Thông tin chi phí thuê**
- Giá thuê hàng tháng: 1,500,000 đ/tháng.
- Tiền đặt cọc: 3,000,000 đ (cam kết hoàn trả đầy đủ khi kết thúc hợp đồng theo đúng thỏa thuận).
- Chỉ số điện nước tính theo đồng hồ riêng gắn trước cửa phòng, cam kết thu đúng chỉ số tiêu thụ thực tế.', 1500000.0, 3000000.0, 'MONTHLY', 'APPROVED', 1, NOW() - INTERVAL '3 days', NOW() + INTERVAL '27 days', false, NULL, 432, 40, 24, 8, NOW() - INTERVAL '9 days', NOW(), 0, '/posts/videos/room_106/video_01.mp4', '/rooms/images/room_106/image_01.jpg');
INSERT INTO post_images (post_id, image_order, image_url) VALUES (126, 0, '/rooms/images/room_106/image_01.jpg');
INSERT INTO post_images (post_id, image_order, image_url) VALUES (126, 1, '/rooms/images/room_106/image_02.jpg');
INSERT INTO post_images (post_id, image_order, image_url) VALUES (126, 2, '/rooms/images/room_106/image_03.jpg');
INSERT INTO post_images (post_id, image_order, image_url) VALUES (126, 3, '/rooms/images/room_106/image_04.jpg');

-- ==========================================
-- ROOM 127 near UEH - Dist: 1.13km - Price: 3,800,000
-- ==========================================
INSERT INTO rooms (id, landlord_id, room_number, address, province, district, ward, latitude, longitude, area, floor, max_occupancy, direction, has_windows, has_balcony, thumbnail_url, is_pet_friendly, is_parking_available, curfew, rules, view_count, favorite_count, created_at, updated_at, version, nearby_university_id, nearby_university_name, distance_to_university, nearest_bus_station)
VALUES (127, 2, 'P.421', 'Số 47 Bàn Cờ, Phường 5, Quận 3, TP Hồ Chí Minh', 'TP Hồ Chí Minh', 'Quận 3', 'Phường 5', 10.789082, 106.687987, 24.0, 6, 3, 'SOUTH', true, true, '/rooms/images/room_107/image_01.jpg', false, true, NULL, 'Giữ trật tự chung sau 22h, dọn dẹp vệ sinh phòng sạch sẽ, phòng cháy chữa cháy an toàn.', 298, 7, NOW() - INTERVAL '7 days', NOW(), 0, 7, 'Trường Đại học Kinh tế TP.HCM (Cơ sở A)', 1.13, 0.35);
INSERT INTO room_amenities (room_id, amenity_id) VALUES (127, 1) ON CONFLICT DO NOTHING;
INSERT INTO room_amenities (room_id, amenity_id) VALUES (127, 2) ON CONFLICT DO NOTHING;
INSERT INTO room_amenities (room_id, amenity_id) VALUES (127, 3) ON CONFLICT DO NOTHING;
INSERT INTO room_amenities (room_id, amenity_id) VALUES (127, 4) ON CONFLICT DO NOTHING;
INSERT INTO room_amenities (room_id, amenity_id) VALUES (127, 5) ON CONFLICT DO NOTHING;
INSERT INTO room_amenities (room_id, amenity_id) VALUES (127, 6) ON CONFLICT DO NOTHING;
INSERT INTO room_amenities (room_id, amenity_id) VALUES (127, 7) ON CONFLICT DO NOTHING;
INSERT INTO room_amenities (room_id, amenity_id) VALUES (127, 9) ON CONFLICT DO NOTHING;
INSERT INTO room_amenities (room_id, amenity_id) VALUES (127, 12) ON CONFLICT DO NOTHING;
INSERT INTO room_images (room_id, image_url) VALUES (127, '/rooms/images/room_107/image_01.jpg');
INSERT INTO room_images (room_id, image_url) VALUES (127, '/rooms/images/room_107/image_02.jpg');
INSERT INTO room_images (room_id, image_url) VALUES (127, '/rooms/images/room_107/image_03.jpg');
INSERT INTO room_images (room_id, image_url) VALUES (127, '/rooms/images/room_107/image_04.jpg');
INSERT INTO room_images (room_id, image_url) VALUES (127, '/rooms/images/room_107/image_05.jpg');
INSERT INTO room_images (room_id, image_url) VALUES (127, '/rooms/images/room_107/image_06.jpg');
INSERT INTO room_images (room_id, image_url) VALUES (127, '/rooms/images/room_107/image_07.jpg');
INSERT INTO room_images (room_id, image_url) VALUES (127, '/rooms/images/room_107/image_08.jpg');
INSERT INTO room_images (room_id, image_url) VALUES (127, '/rooms/images/room_107/image_09.jpg');
INSERT INTO posts (id, landlord_id, room_id, title, description, price, deposit_amount, price_type, status, approved_by, approved_at, expires_at, is_boosted, boosted_until, view_count, favorite_count, contact_count, booking_count, created_at, updated_at, version, video_url, video_thumbnail)
VALUES (127, 2, 127, 'Căn hộ Studio gác lửng full nội thất 24m2 cách UEH 1.13km - Bàn Cờ', '**Vị trí thuận tiện và yên tĩnh**
- Địa chỉ: Bàn Cờ, Phường 5, Quận 3.
- Chỉ cách khuôn viên trường Trường Đại học Kinh tế TP.HCM (Cơ sở A) (UEH) khoảng 1.13km. Việc đi học hàng ngày cực kỳ thuận tiện và nhanh chóng bằng xe máy, xe buýt hoặc đi bộ. Khu vực xung quanh cao ráo, không bị ngập nước, đường sá thông thoáng.

**Thiết kế căn phòng**
- Diện tích sử dụng: 24m2. Thiết kế tối ưu không gian, sạch sẽ, thoáng mát, thích hợp cho việc học tập lâu dài.
- Sở hữu cửa sổ lớn đón ánh sáng tự nhiên tốt, giữ phòng luôn khô ráo.
- Có ban công riêng đón gió mát mẻ, thuận tiện cho việc phơi đồ hoặc làm góc thư giãn.

**Các tiện ích lắp sẵn**
- Wifi internet tốc độ cao riêng biệt từng phòng
- Máy điều hòa nhiệt độ Inverter hoạt động êm ái, tiết kiệm điện
- Hệ thống nước nóng lạnh an toàn
- Chỗ để xe máy rộng rãi dưới tầng trệt, an ninh đảm bảo
- Tủ lạnh dung tích lớn tiện lợi lưu trữ đồ ăn
- Khu vực giặt sấy/máy giặt tiện nghi
- Kệ bếp nấu ăn thoáng khí, tủ bếp sạch sẽ

**An ninh và quy định**
- Hệ thống cửa cổng kiểm soát bằng khóa vân tay bảo mật cao kết hợp camera giám sát 24/7.
- Giờ giấc ra vào tự do thoải mái, không chung chủ.
- Môi trường sống văn minh, hàng xóm chủ yếu là sinh viên ngoan ngoãn và nhân viên văn phòng lịch sự.

**Thông tin chi phí thuê**
- Giá thuê hàng tháng: 3,800,000 đ/tháng.
- Tiền đặt cọc: 3,800,000 đ (cam kết hoàn trả đầy đủ khi kết thúc hợp đồng theo đúng thỏa thuận).
- Chỉ số điện nước tính theo đồng hồ riêng gắn trước cửa phòng, cam kết thu đúng chỉ số tiêu thụ thực tế.', 3800000.0, 3800000.0, 'MONTHLY', 'APPROVED', 1, NOW() - INTERVAL '3 days', NOW() + INTERVAL '27 days', true, NOW() + INTERVAL '7 days', 478, 43, 42, 2, NOW() - INTERVAL '10 days', NOW(), 0, '/posts/videos/room_107/video_01.mp4', '/rooms/images/room_107/image_01.jpg');
INSERT INTO post_images (post_id, image_order, image_url) VALUES (127, 0, '/rooms/images/room_107/image_01.jpg');
INSERT INTO post_images (post_id, image_order, image_url) VALUES (127, 1, '/rooms/images/room_107/image_02.jpg');
INSERT INTO post_images (post_id, image_order, image_url) VALUES (127, 2, '/rooms/images/room_107/image_03.jpg');
INSERT INTO post_images (post_id, image_order, image_url) VALUES (127, 3, '/rooms/images/room_107/image_04.jpg');
INSERT INTO post_images (post_id, image_order, image_url) VALUES (127, 4, '/rooms/images/room_107/image_05.jpg');
INSERT INTO post_images (post_id, image_order, image_url) VALUES (127, 5, '/rooms/images/room_107/image_06.jpg');
INSERT INTO post_images (post_id, image_order, image_url) VALUES (127, 6, '/rooms/images/room_107/image_07.jpg');
INSERT INTO post_images (post_id, image_order, image_url) VALUES (127, 7, '/rooms/images/room_107/image_08.jpg');
INSERT INTO post_images (post_id, image_order, image_url) VALUES (127, 8, '/rooms/images/room_107/image_09.jpg');

-- ==========================================
-- ROOM 128 near FTU2 - Dist: 3.43km - Price: 1,300,000
-- ==========================================
INSERT INTO rooms (id, landlord_id, room_number, address, province, district, ward, latitude, longitude, area, floor, max_occupancy, direction, has_windows, has_balcony, thumbnail_url, is_pet_friendly, is_parking_available, curfew, rules, view_count, favorite_count, created_at, updated_at, version, nearby_university_id, nearby_university_name, distance_to_university, nearest_bus_station)
VALUES (128, 3, 'P.523', 'Số 102 Đường D2 (Nguyễn Gia Trí), Phường 26, Bình Thạnh, TP Hồ Chí Minh', 'TP Hồ Chí Minh', 'Bình Thạnh', 'Phường 26', 10.830009, 106.728064, 37.0, 3, 6, 'WEST', true, false, '/rooms/images/room_108/image_01.jpg', true, false, '23:00', 'Giữ trật tự chung sau 22h, dọn dẹp vệ sinh phòng sạch sẽ, phòng cháy chữa cháy an toàn.', 103, 35, NOW() - INTERVAL '4 days', NOW(), 0, 8, 'Trường Đại học Ngoại thương - Cơ sở 2', 3.43, 0.2);
INSERT INTO room_amenities (room_id, amenity_id) VALUES (128, 1) ON CONFLICT DO NOTHING;
INSERT INTO room_amenities (room_id, amenity_id) VALUES (128, 2) ON CONFLICT DO NOTHING;
INSERT INTO room_amenities (room_id, amenity_id) VALUES (128, 3) ON CONFLICT DO NOTHING;
INSERT INTO room_amenities (room_id, amenity_id) VALUES (128, 4) ON CONFLICT DO NOTHING;
INSERT INTO room_amenities (room_id, amenity_id) VALUES (128, 5) ON CONFLICT DO NOTHING;
INSERT INTO room_amenities (room_id, amenity_id) VALUES (128, 7) ON CONFLICT DO NOTHING;
INSERT INTO room_amenities (room_id, amenity_id) VALUES (128, 11) ON CONFLICT DO NOTHING;
INSERT INTO room_amenities (room_id, amenity_id) VALUES (128, 12) ON CONFLICT DO NOTHING;
INSERT INTO room_images (room_id, image_url) VALUES (128, '/rooms/images/room_108/image_01.jpg');
INSERT INTO room_images (room_id, image_url) VALUES (128, '/rooms/images/room_108/image_02.jpg');
INSERT INTO room_images (room_id, image_url) VALUES (128, '/rooms/images/room_108/image_03.jpg');
INSERT INTO room_images (room_id, image_url) VALUES (128, '/rooms/images/room_108/image_04.jpg');
INSERT INTO room_images (room_id, image_url) VALUES (128, '/rooms/images/room_108/image_05.jpg');
INSERT INTO room_images (room_id, image_url) VALUES (128, '/rooms/images/room_108/image_06.jpg');
INSERT INTO room_images (room_id, image_url) VALUES (128, '/rooms/images/room_108/image_07.jpg');
INSERT INTO room_images (room_id, image_url) VALUES (128, '/rooms/images/room_108/image_08.jpg');
INSERT INTO posts (id, landlord_id, room_id, title, description, price, deposit_amount, price_type, status, approved_by, approved_at, expires_at, is_boosted, boosted_until, view_count, favorite_count, contact_count, booking_count, created_at, updated_at, version, video_url, video_thumbnail)
VALUES (128, 3, 128, 'Sleepbox cao cấp tiện nghi, bảo mật 37m2 cách FTU2 3.43km - Đường D2 (Nguyễn Gia Trí)', '**Vị trí thuận tiện và yên tĩnh**
- Địa chỉ: Đường D2 (Nguyễn Gia Trí), Phường 26, Bình Thạnh.
- Chỉ cách khuôn viên trường Trường Đại học Ngoại thương - Cơ sở 2 (FTU2) khoảng 3.43km. Việc đi học hàng ngày cực kỳ thuận tiện và nhanh chóng bằng xe máy, xe buýt hoặc đi bộ. Khu vực xung quanh cao ráo, không bị ngập nước, đường sá thông thoáng.

**Thiết kế căn phòng**
- Diện tích sử dụng: 37m2. Thiết kế tối ưu không gian, sạch sẽ, thoáng mát, thích hợp cho việc học tập lâu dài.
- Sở hữu cửa sổ lớn đón ánh sáng tự nhiên tốt, giữ phòng luôn khô ráo.

**Các tiện ích lắp sẵn**
- Wifi internet tốc độ cao riêng biệt từng phòng
- Máy điều hòa nhiệt độ Inverter hoạt động êm ái, tiết kiệm điện
- Hệ thống nước nóng lạnh an toàn
- Chỗ để xe máy rộng rãi dưới tầng trệt, an ninh đảm bảo
- Khu vực giặt sấy/máy giặt tiện nghi

**An ninh và quy định**
- Hệ thống cửa cổng kiểm soát bằng khóa vân tay bảo mật cao kết hợp camera giám sát 24/7.
- Giờ đóng cổng: 23:00 đêm nhằm đảm bảo trật tự chung.
- Môi trường sống văn minh, hàng xóm chủ yếu là sinh viên ngoan ngoãn và nhân viên văn phòng lịch sự.

**Thông tin chi phí thuê**
- Giá thuê hàng tháng: 1,300,000 đ/tháng.
- Tiền đặt cọc: 1,300,000 đ (cam kết hoàn trả đầy đủ khi kết thúc hợp đồng theo đúng thỏa thuận).
- Chỉ số điện nước tính theo đồng hồ riêng gắn trước cửa phòng, cam kết thu đúng chỉ số tiêu thụ thực tế.', 1300000.0, 1300000.0, 'MONTHLY', 'APPROVED', 1, NOW() - INTERVAL '3 days', NOW() + INTERVAL '27 days', false, NULL, 277, 34, 31, 12, NOW() - INTERVAL '9 days', NOW(), 0, '/posts/videos/room_108/video_01.mp4', '/rooms/images/room_108/image_01.jpg');
INSERT INTO post_images (post_id, image_order, image_url) VALUES (128, 0, '/rooms/images/room_108/image_01.jpg');
INSERT INTO post_images (post_id, image_order, image_url) VALUES (128, 1, '/rooms/images/room_108/image_02.jpg');
INSERT INTO post_images (post_id, image_order, image_url) VALUES (128, 2, '/rooms/images/room_108/image_03.jpg');
INSERT INTO post_images (post_id, image_order, image_url) VALUES (128, 3, '/rooms/images/room_108/image_04.jpg');
INSERT INTO post_images (post_id, image_order, image_url) VALUES (128, 4, '/rooms/images/room_108/image_05.jpg');
INSERT INTO post_images (post_id, image_order, image_url) VALUES (128, 5, '/rooms/images/room_108/image_06.jpg');
INSERT INTO post_images (post_id, image_order, image_url) VALUES (128, 6, '/rooms/images/room_108/image_07.jpg');
INSERT INTO post_images (post_id, image_order, image_url) VALUES (128, 7, '/rooms/images/room_108/image_08.jpg');

-- ==========================================
-- ROOM 129 near NLU - Dist: 5.22km - Price: 1,900,000
-- ==========================================
INSERT INTO rooms (id, landlord_id, room_number, address, province, district, ward, latitude, longitude, area, floor, max_occupancy, direction, has_windows, has_balcony, thumbnail_url, is_pet_friendly, is_parking_available, curfew, rules, view_count, favorite_count, created_at, updated_at, version, nearby_university_id, nearby_university_name, distance_to_university, nearest_bus_station)
VALUES (129, 4, 'P.293', 'Số 9 Lê Văn Chí, Phường Linh Tây, Thủ Đức, TP Hồ Chí Minh', 'TP Hồ Chí Minh', 'Thủ Đức', 'Linh Tây', 10.823114, 106.786715, 18.0, 6, 2, 'NORTH', true, true, '/rooms/images/room_109/image_01.jpg', true, true, NULL, 'Giữ trật tự chung sau 22h, dọn dẹp vệ sinh phòng sạch sẽ, phòng cháy chữa cháy an toàn.', 161, 33, NOW() - INTERVAL '7 days', NOW(), 0, 1, 'Trường Đại học Nông Lâm TP.HCM', 5.22, 0.22);
INSERT INTO room_amenities (room_id, amenity_id) VALUES (129, 1) ON CONFLICT DO NOTHING;
INSERT INTO room_amenities (room_id, amenity_id) VALUES (129, 2) ON CONFLICT DO NOTHING;
INSERT INTO room_amenities (room_id, amenity_id) VALUES (129, 3) ON CONFLICT DO NOTHING;
INSERT INTO room_amenities (room_id, amenity_id) VALUES (129, 4) ON CONFLICT DO NOTHING;
INSERT INTO room_amenities (room_id, amenity_id) VALUES (129, 5) ON CONFLICT DO NOTHING;
INSERT INTO room_amenities (room_id, amenity_id) VALUES (129, 6) ON CONFLICT DO NOTHING;
INSERT INTO room_amenities (room_id, amenity_id) VALUES (129, 9) ON CONFLICT DO NOTHING;
INSERT INTO room_images (room_id, image_url) VALUES (129, '/rooms/images/room_109/image_01.jpg');
INSERT INTO room_images (room_id, image_url) VALUES (129, '/rooms/images/room_109/image_02.jpg');
INSERT INTO room_images (room_id, image_url) VALUES (129, '/rooms/images/room_109/image_03.jpg');
INSERT INTO room_images (room_id, image_url) VALUES (129, '/rooms/images/room_109/image_04.jpg');
INSERT INTO room_images (room_id, image_url) VALUES (129, '/rooms/images/room_109/image_05.jpg');
INSERT INTO posts (id, landlord_id, room_id, title, description, price, deposit_amount, price_type, status, approved_by, approved_at, expires_at, is_boosted, boosted_until, view_count, favorite_count, contact_count, booking_count, created_at, updated_at, version, video_url, video_thumbnail)
VALUES (129, 4, 129, 'Phòng trọ ban công thoáng mát gần trường 18m2 cách NLU 5.22km - Lê Văn Chí', '**Vị trí thuận tiện và yên tĩnh**
- Địa chỉ: Lê Văn Chí, Phường Linh Tây, Thủ Đức.
- Chỉ cách khuôn viên trường Trường Đại học Nông Lâm TP.HCM (NLU) khoảng 5.22km. Việc đi học hàng ngày cực kỳ thuận tiện và nhanh chóng bằng xe máy, xe buýt hoặc đi bộ. Khu vực xung quanh cao ráo, không bị ngập nước, đường sá thông thoáng.

**Thiết kế căn phòng**
- Diện tích sử dụng: 18m2. Thiết kế tối ưu không gian, sạch sẽ, thoáng mát, thích hợp cho việc học tập lâu dài.
- Sở hữu cửa sổ lớn đón ánh sáng tự nhiên tốt, giữ phòng luôn khô ráo.
- Có ban công riêng đón gió mát mẻ, thuận tiện cho việc phơi đồ hoặc làm góc thư giãn.

**Các tiện ích lắp sẵn**
- Wifi internet tốc độ cao riêng biệt từng phòng
- Máy điều hòa nhiệt độ Inverter hoạt động êm ái, tiết kiệm điện
- Hệ thống nước nóng lạnh an toàn
- Chỗ để xe máy rộng rãi dưới tầng trệt, an ninh đảm bảo
- Tủ lạnh dung tích lớn tiện lợi lưu trữ đồ ăn
- Kệ bếp nấu ăn thoáng khí, tủ bếp sạch sẽ

**An ninh và quy định**
- Hệ thống cửa cổng kiểm soát bằng khóa vân tay bảo mật cao kết hợp camera giám sát 24/7.
- Giờ giấc ra vào tự do thoải mái, không chung chủ.
- Môi trường sống văn minh, hàng xóm chủ yếu là sinh viên ngoan ngoãn và nhân viên văn phòng lịch sự.

**Thông tin chi phí thuê**
- Giá thuê hàng tháng: 1,900,000 đ/tháng.
- Tiền đặt cọc: 3,800,000 đ (cam kết hoàn trả đầy đủ khi kết thúc hợp đồng theo đúng thỏa thuận).
- Chỉ số điện nước tính theo đồng hồ riêng gắn trước cửa phòng, cam kết thu đúng chỉ số tiêu thụ thực tế.', 1900000.0, 3800000.0, 'MONTHLY', 'APPROVED', 1, NOW() - INTERVAL '3 days', NOW() + INTERVAL '27 days', false, NULL, 424, 54, 15, 9, NOW() - INTERVAL '8 days', NOW(), 0, '/posts/videos/room_109/video_01.mp4', '/rooms/images/room_109/image_01.jpg');
INSERT INTO post_images (post_id, image_order, image_url) VALUES (129, 0, '/rooms/images/room_109/image_01.jpg');
INSERT INTO post_images (post_id, image_order, image_url) VALUES (129, 1, '/rooms/images/room_109/image_02.jpg');
INSERT INTO post_images (post_id, image_order, image_url) VALUES (129, 2, '/rooms/images/room_109/image_03.jpg');
INSERT INTO post_images (post_id, image_order, image_url) VALUES (129, 3, '/rooms/images/room_109/image_04.jpg');
INSERT INTO post_images (post_id, image_order, image_url) VALUES (129, 4, '/rooms/images/room_109/image_05.jpg');

-- ==========================================
-- ROOM 130 near HCMUTE - Dist: 4.22km - Price: 4,700,000
-- ==========================================
INSERT INTO rooms (id, landlord_id, room_number, address, province, district, ward, latitude, longitude, area, floor, max_occupancy, direction, has_windows, has_balcony, thumbnail_url, is_pet_friendly, is_parking_available, curfew, rules, view_count, favorite_count, created_at, updated_at, version, nearby_university_id, nearby_university_name, distance_to_university, nearest_bus_station)
VALUES (130, 2, 'P.514', 'Số 45 Lê Văn Chí, Phường Hiệp Phú, Thủ Đức, TP Hồ Chí Minh', 'TP Hồ Chí Minh', 'Thủ Đức', 'Hiệp Phú', 10.821291, 106.795459, 42.0, 4, 3, 'SOUTH', true, true, '/rooms/images/room_110/image_01.jpg', false, true, '23:00', 'Giữ trật tự chung sau 22h, dọn dẹp vệ sinh phòng sạch sẽ, phòng cháy chữa cháy an toàn.', 238, 23, NOW() - INTERVAL '9 days', NOW(), 0, 2, 'Trường Đại học Sư phạm Kỹ thuật TP.HCM', 4.22, 0.37);
INSERT INTO room_amenities (room_id, amenity_id) VALUES (130, 1) ON CONFLICT DO NOTHING;
INSERT INTO room_amenities (room_id, amenity_id) VALUES (130, 2) ON CONFLICT DO NOTHING;
INSERT INTO room_amenities (room_id, amenity_id) VALUES (130, 3) ON CONFLICT DO NOTHING;
INSERT INTO room_amenities (room_id, amenity_id) VALUES (130, 4) ON CONFLICT DO NOTHING;
INSERT INTO room_amenities (room_id, amenity_id) VALUES (130, 5) ON CONFLICT DO NOTHING;
INSERT INTO room_amenities (room_id, amenity_id) VALUES (130, 6) ON CONFLICT DO NOTHING;
INSERT INTO room_amenities (room_id, amenity_id) VALUES (130, 7) ON CONFLICT DO NOTHING;
INSERT INTO room_amenities (room_id, amenity_id) VALUES (130, 8) ON CONFLICT DO NOTHING;
INSERT INTO room_amenities (room_id, amenity_id) VALUES (130, 9) ON CONFLICT DO NOTHING;
INSERT INTO room_amenities (room_id, amenity_id) VALUES (130, 10) ON CONFLICT DO NOTHING;
INSERT INTO room_amenities (room_id, amenity_id) VALUES (130, 11) ON CONFLICT DO NOTHING;
INSERT INTO room_amenities (room_id, amenity_id) VALUES (130, 12) ON CONFLICT DO NOTHING;
INSERT INTO room_images (room_id, image_url) VALUES (130, '/rooms/images/room_110/image_01.jpg');
INSERT INTO room_images (room_id, image_url) VALUES (130, '/rooms/images/room_110/image_02.jpg');
INSERT INTO room_images (room_id, image_url) VALUES (130, '/rooms/images/room_110/image_03.jpg');
INSERT INTO room_images (room_id, image_url) VALUES (130, '/rooms/images/room_110/image_04.jpg');
INSERT INTO room_images (room_id, image_url) VALUES (130, '/rooms/images/room_110/image_05.jpg');
INSERT INTO room_images (room_id, image_url) VALUES (130, '/rooms/images/room_110/image_06.jpg');
INSERT INTO posts (id, landlord_id, room_id, title, description, price, deposit_amount, price_type, status, approved_by, approved_at, expires_at, is_boosted, boosted_until, view_count, favorite_count, contact_count, booking_count, created_at, updated_at, version, video_url, video_thumbnail)
VALUES (130, 2, 130, 'Căn hộ dịch vụ 1PN sang trọng, an ninh 42m2 cách HCMUTE 4.22km - Lê Văn Chí', '**Vị trí thuận tiện và yên tĩnh**
- Địa chỉ: Lê Văn Chí, Phường Hiệp Phú, Thủ Đức.
- Chỉ cách khuôn viên trường Trường Đại học Sư phạm Kỹ thuật TP.HCM (HCMUTE) khoảng 4.22km. Việc đi học hàng ngày cực kỳ thuận tiện và nhanh chóng bằng xe máy, xe buýt hoặc đi bộ. Khu vực xung quanh cao ráo, không bị ngập nước, đường sá thông thoáng.

**Thiết kế căn phòng**
- Diện tích sử dụng: 42m2. Thiết kế tối ưu không gian, sạch sẽ, thoáng mát, thích hợp cho việc học tập lâu dài.
- Sở hữu cửa sổ lớn đón ánh sáng tự nhiên tốt, giữ phòng luôn khô ráo.
- Có ban công riêng đón gió mát mẻ, thuận tiện cho việc phơi đồ hoặc làm góc thư giãn.

**Các tiện ích lắp sẵn**
- Wifi internet tốc độ cao riêng biệt từng phòng
- Máy điều hòa nhiệt độ Inverter hoạt động êm ái, tiết kiệm điện
- Hệ thống nước nóng lạnh an toàn
- Chỗ để xe máy rộng rãi dưới tầng trệt, an ninh đảm bảo
- Tủ lạnh dung tích lớn tiện lợi lưu trữ đồ ăn
- Khu vực giặt sấy/máy giặt tiện nghi
- Kệ bếp nấu ăn thoáng khí, tủ bếp sạch sẽ

**An ninh và quy định**
- Hệ thống cửa cổng kiểm soát bằng khóa vân tay bảo mật cao kết hợp camera giám sát 24/7.
- Giờ đóng cổng: 23:00 đêm nhằm đảm bảo trật tự chung.
- Môi trường sống văn minh, hàng xóm chủ yếu là sinh viên ngoan ngoãn và nhân viên văn phòng lịch sự.

**Thông tin chi phí thuê**
- Giá thuê hàng tháng: 4,700,000 đ/tháng.
- Tiền đặt cọc: 4,700,000 đ (cam kết hoàn trả đầy đủ khi kết thúc hợp đồng theo đúng thỏa thuận).
- Chỉ số điện nước tính theo đồng hồ riêng gắn trước cửa phòng, cam kết thu đúng chỉ số tiêu thụ thực tế.', 4700000.0, 4700000.0, 'MONTHLY', 'APPROVED', 1, NOW() - INTERVAL '3 days', NOW() + INTERVAL '27 days', false, NULL, 347, 65, 10, 9, NOW() - INTERVAL '10 days', NOW(), 0, '/posts/videos/room_110/video_01.mp4', '/rooms/images/room_110/image_01.jpg');
INSERT INTO post_images (post_id, image_order, image_url) VALUES (130, 0, '/rooms/images/room_110/image_01.jpg');
INSERT INTO post_images (post_id, image_order, image_url) VALUES (130, 1, '/rooms/images/room_110/image_02.jpg');
INSERT INTO post_images (post_id, image_order, image_url) VALUES (130, 2, '/rooms/images/room_110/image_03.jpg');
INSERT INTO post_images (post_id, image_order, image_url) VALUES (130, 3, '/rooms/images/room_110/image_04.jpg');
INSERT INTO post_images (post_id, image_order, image_url) VALUES (130, 4, '/rooms/images/room_110/image_05.jpg');
INSERT INTO post_images (post_id, image_order, image_url) VALUES (130, 5, '/rooms/images/room_110/image_06.jpg');

-- ==========================================
-- ROOM 131 near UIT - Dist: 1.72km - Price: 1,500,000
-- ==========================================
INSERT INTO rooms (id, landlord_id, room_number, address, province, district, ward, latitude, longitude, area, floor, max_occupancy, direction, has_windows, has_balcony, thumbnail_url, is_pet_friendly, is_parking_available, curfew, rules, view_count, favorite_count, created_at, updated_at, version, nearby_university_id, nearby_university_name, distance_to_university, nearest_bus_station)
VALUES (131, 3, 'P.392', 'Số 129 Đường số 12, Phường Linh Trung, Thủ Đức, TP Hồ Chí Minh', 'TP Hồ Chí Minh', 'Thủ Đức', 'Linh Trung', 10.85805, 106.81302, 14.0, 6, 2, 'SOUTH', true, false, '/rooms/images/room_111/image_01.jpg', false, true, '22:00', 'Giữ trật tự chung sau 22h, dọn dẹp vệ sinh phòng sạch sẽ, phòng cháy chữa cháy an toàn.', 140, 33, NOW() - INTERVAL '7 days', NOW(), 0, 3, 'Trường Đại học Công nghệ thông tin - ĐHQG TP.HCM', 1.72, 0.2);
INSERT INTO room_amenities (room_id, amenity_id) VALUES (131, 1) ON CONFLICT DO NOTHING;
INSERT INTO room_amenities (room_id, amenity_id) VALUES (131, 3) ON CONFLICT DO NOTHING;
INSERT INTO room_amenities (room_id, amenity_id) VALUES (131, 4) ON CONFLICT DO NOTHING;
INSERT INTO room_amenities (room_id, amenity_id) VALUES (131, 9) ON CONFLICT DO NOTHING;
INSERT INTO room_images (room_id, image_url) VALUES (131, '/rooms/images/room_111/image_01.jpg');
INSERT INTO room_images (room_id, image_url) VALUES (131, '/rooms/images/room_111/image_02.jpg');
INSERT INTO room_images (room_id, image_url) VALUES (131, '/rooms/images/room_111/image_03.jpg');
INSERT INTO room_images (room_id, image_url) VALUES (131, '/rooms/images/room_111/image_04.jpg');
INSERT INTO room_images (room_id, image_url) VALUES (131, '/rooms/images/room_111/image_05.jpg');
INSERT INTO room_images (room_id, image_url) VALUES (131, '/rooms/images/room_111/image_06.jpg');
INSERT INTO room_images (room_id, image_url) VALUES (131, '/rooms/images/room_111/image_07.jpg');
INSERT INTO room_images (room_id, image_url) VALUES (131, '/rooms/images/room_111/image_08.jpg');
INSERT INTO room_images (room_id, image_url) VALUES (131, '/rooms/images/room_111/image_09.jpg');
INSERT INTO room_images (room_id, image_url) VALUES (131, '/rooms/images/room_111/image_10.jpg');
INSERT INTO room_images (room_id, image_url) VALUES (131, '/rooms/images/room_111/image_11.jpg');
INSERT INTO room_images (room_id, image_url) VALUES (131, '/rooms/images/room_111/image_12.jpg');
INSERT INTO posts (id, landlord_id, room_id, title, description, price, deposit_amount, price_type, status, approved_by, approved_at, expires_at, is_boosted, boosted_until, view_count, favorite_count, contact_count, booking_count, created_at, updated_at, version, video_url, video_thumbnail)
VALUES (131, 3, 131, 'Phòng trọ mini giá rẻ sinh viên 14m2 cách UIT 1.72km - Đường số 12', '**Vị trí thuận tiện và yên tĩnh**
- Địa chỉ: Đường số 12, Phường Linh Trung, Thủ Đức.
- Chỉ cách khuôn viên trường Trường Đại học Công nghệ thông tin - ĐHQG TP.HCM (UIT) khoảng 1.72km. Việc đi học hàng ngày cực kỳ thuận tiện và nhanh chóng bằng xe máy, xe buýt hoặc đi bộ. Khu vực xung quanh cao ráo, không bị ngập nước, đường sá thông thoáng.

**Thiết kế căn phòng**
- Diện tích sử dụng: 14m2. Thiết kế tối ưu không gian, sạch sẽ, thoáng mát, thích hợp cho việc học tập lâu dài.
- Sở hữu cửa sổ lớn đón ánh sáng tự nhiên tốt, giữ phòng luôn khô ráo.

**Các tiện ích lắp sẵn**
- Wifi internet tốc độ cao riêng biệt từng phòng
- Hệ thống nước nóng lạnh an toàn
- Chỗ để xe máy rộng rãi dưới tầng trệt, an ninh đảm bảo
- Kệ bếp nấu ăn thoáng khí, tủ bếp sạch sẽ

**An ninh và quy định**
- Hệ thống cửa cổng kiểm soát bằng khóa vân tay bảo mật cao kết hợp camera giám sát 24/7.
- Giờ đóng cổng: 22:00 đêm nhằm đảm bảo trật tự chung.
- Môi trường sống văn minh, hàng xóm chủ yếu là sinh viên ngoan ngoãn và nhân viên văn phòng lịch sự.

**Thông tin chi phí thuê**
- Giá thuê hàng tháng: 1,500,000 đ/tháng.
- Tiền đặt cọc: 3,000,000 đ (cam kết hoàn trả đầy đủ khi kết thúc hợp đồng theo đúng thỏa thuận).
- Chỉ số điện nước tính theo đồng hồ riêng gắn trước cửa phòng, cam kết thu đúng chỉ số tiêu thụ thực tế.', 1500000.0, 3000000.0, 'MONTHLY', 'APPROVED', 1, NOW() - INTERVAL '3 days', NOW() + INTERVAL '27 days', false, NULL, 444, 39, 38, 4, NOW() - INTERVAL '8 days', NOW(), 0, '/posts/videos/room_111/video_01.mp4', '/rooms/images/room_111/image_01.jpg');
INSERT INTO post_images (post_id, image_order, image_url) VALUES (131, 0, '/rooms/images/room_111/image_01.jpg');
INSERT INTO post_images (post_id, image_order, image_url) VALUES (131, 1, '/rooms/images/room_111/image_02.jpg');
INSERT INTO post_images (post_id, image_order, image_url) VALUES (131, 2, '/rooms/images/room_111/image_03.jpg');
INSERT INTO post_images (post_id, image_order, image_url) VALUES (131, 3, '/rooms/images/room_111/image_04.jpg');
INSERT INTO post_images (post_id, image_order, image_url) VALUES (131, 4, '/rooms/images/room_111/image_05.jpg');
INSERT INTO post_images (post_id, image_order, image_url) VALUES (131, 5, '/rooms/images/room_111/image_06.jpg');
INSERT INTO post_images (post_id, image_order, image_url) VALUES (131, 6, '/rooms/images/room_111/image_07.jpg');
INSERT INTO post_images (post_id, image_order, image_url) VALUES (131, 7, '/rooms/images/room_111/image_08.jpg');
INSERT INTO post_images (post_id, image_order, image_url) VALUES (131, 8, '/rooms/images/room_111/image_09.jpg');
INSERT INTO post_images (post_id, image_order, image_url) VALUES (131, 9, '/rooms/images/room_111/image_10.jpg');
INSERT INTO post_images (post_id, image_order, image_url) VALUES (131, 10, '/rooms/images/room_111/image_11.jpg');
INSERT INTO post_images (post_id, image_order, image_url) VALUES (131, 11, '/rooms/images/room_111/image_12.jpg');

-- ==========================================
-- ROOM 132 near HCMUT - Dist: 4.04km - Price: 2,800,000
-- ==========================================
INSERT INTO rooms (id, landlord_id, room_number, address, province, district, ward, latitude, longitude, area, floor, max_occupancy, direction, has_windows, has_balcony, thumbnail_url, is_pet_friendly, is_parking_available, curfew, rules, view_count, favorite_count, created_at, updated_at, version, nearby_university_id, nearby_university_name, distance_to_university, nearest_bus_station)
VALUES (132, 4, 'P.636', 'Số 72 Đường ĐHQG, Phường An Bình, Dĩ An, Bình Dương', 'Bình Dương', 'Dĩ An', 'An Bình', 10.894393, 106.840773, 27.0, 2, 3, 'NORTHEAST', true, true, '/rooms/images/room_112/image_01.jpg', true, true, '23:00', 'Giữ trật tự chung sau 22h, dọn dẹp vệ sinh phòng sạch sẽ, phòng cháy chữa cháy an toàn.', 220, 24, NOW() - INTERVAL '2 days', NOW(), 0, 4, 'Trường Đại học Bách Khoa - ĐHQG TP.HCM (Cơ sở Dĩ An)', 4.04, 0.22);
INSERT INTO room_amenities (room_id, amenity_id) VALUES (132, 1) ON CONFLICT DO NOTHING;
INSERT INTO room_amenities (room_id, amenity_id) VALUES (132, 2) ON CONFLICT DO NOTHING;
INSERT INTO room_amenities (room_id, amenity_id) VALUES (132, 3) ON CONFLICT DO NOTHING;
INSERT INTO room_amenities (room_id, amenity_id) VALUES (132, 4) ON CONFLICT DO NOTHING;
INSERT INTO room_amenities (room_id, amenity_id) VALUES (132, 5) ON CONFLICT DO NOTHING;
INSERT INTO room_amenities (room_id, amenity_id) VALUES (132, 6) ON CONFLICT DO NOTHING;
INSERT INTO room_amenities (room_id, amenity_id) VALUES (132, 7) ON CONFLICT DO NOTHING;
INSERT INTO room_amenities (room_id, amenity_id) VALUES (132, 9) ON CONFLICT DO NOTHING;
INSERT INTO room_amenities (room_id, amenity_id) VALUES (132, 12) ON CONFLICT DO NOTHING;
INSERT INTO room_images (room_id, image_url) VALUES (132, '/rooms/images/room_112/image_01.jpg');
INSERT INTO room_images (room_id, image_url) VALUES (132, '/rooms/images/room_112/image_02.jpg');
INSERT INTO room_images (room_id, image_url) VALUES (132, '/rooms/images/room_112/image_03.jpg');
INSERT INTO room_images (room_id, image_url) VALUES (132, '/rooms/images/room_112/image_04.jpg');
INSERT INTO posts (id, landlord_id, room_id, title, description, price, deposit_amount, price_type, status, approved_by, approved_at, expires_at, is_boosted, boosted_until, view_count, favorite_count, contact_count, booking_count, created_at, updated_at, version, video_url, video_thumbnail)
VALUES (132, 4, 132, 'Căn hộ Studio gác lửng full nội thất 27m2 cách HCMUT 4.04km - Đường ĐHQG', '**Vị trí thuận tiện và yên tĩnh**
- Địa chỉ: Đường ĐHQG, Phường An Bình, Dĩ An.
- Chỉ cách khuôn viên trường Trường Đại học Bách Khoa - ĐHQG TP.HCM (Cơ sở Dĩ An) (HCMUT) khoảng 4.04km. Việc đi học hàng ngày cực kỳ thuận tiện và nhanh chóng bằng xe máy, xe buýt hoặc đi bộ. Khu vực xung quanh cao ráo, không bị ngập nước, đường sá thông thoáng.

**Thiết kế căn phòng**
- Diện tích sử dụng: 27m2. Thiết kế tối ưu không gian, sạch sẽ, thoáng mát, thích hợp cho việc học tập lâu dài.
- Sở hữu cửa sổ lớn đón ánh sáng tự nhiên tốt, giữ phòng luôn khô ráo.
- Có ban công riêng đón gió mát mẻ, thuận tiện cho việc phơi đồ hoặc làm góc thư giãn.

**Các tiện ích lắp sẵn**
- Wifi internet tốc độ cao riêng biệt từng phòng
- Máy điều hòa nhiệt độ Inverter hoạt động êm ái, tiết kiệm điện
- Hệ thống nước nóng lạnh an toàn
- Chỗ để xe máy rộng rãi dưới tầng trệt, an ninh đảm bảo
- Tủ lạnh dung tích lớn tiện lợi lưu trữ đồ ăn
- Khu vực giặt sấy/máy giặt tiện nghi
- Kệ bếp nấu ăn thoáng khí, tủ bếp sạch sẽ

**An ninh và quy định**
- Hệ thống cửa cổng kiểm soát bằng khóa vân tay bảo mật cao kết hợp camera giám sát 24/7.
- Giờ đóng cổng: 23:00 đêm nhằm đảm bảo trật tự chung.
- Môi trường sống văn minh, hàng xóm chủ yếu là sinh viên ngoan ngoãn và nhân viên văn phòng lịch sự.

**Thông tin chi phí thuê**
- Giá thuê hàng tháng: 2,800,000 đ/tháng.
- Tiền đặt cọc: 5,600,000 đ (cam kết hoàn trả đầy đủ khi kết thúc hợp đồng theo đúng thỏa thuận).
- Chỉ số điện nước tính theo đồng hồ riêng gắn trước cửa phòng, cam kết thu đúng chỉ số tiêu thụ thực tế.', 2800000.0, 5600000.0, 'MONTHLY', 'APPROVED', 1, NOW() - INTERVAL '3 days', NOW() + INTERVAL '27 days', false, NULL, 319, 59, 16, 6, NOW() - INTERVAL '9 days', NOW(), 0, '/posts/videos/room_112/video_01.mp4', '/rooms/images/room_112/image_01.jpg');
INSERT INTO post_images (post_id, image_order, image_url) VALUES (132, 0, '/rooms/images/room_112/image_01.jpg');
INSERT INTO post_images (post_id, image_order, image_url) VALUES (132, 1, '/rooms/images/room_112/image_02.jpg');
INSERT INTO post_images (post_id, image_order, image_url) VALUES (132, 2, '/rooms/images/room_112/image_03.jpg');
INSERT INTO post_images (post_id, image_order, image_url) VALUES (132, 3, '/rooms/images/room_112/image_04.jpg');

-- ==========================================
-- ROOM 133 near HCMUS - Dist: 1.77km - Price: 1,600,000
-- ==========================================
INSERT INTO rooms (id, landlord_id, room_number, address, province, district, ward, latitude, longitude, area, floor, max_occupancy, direction, has_windows, has_balcony, thumbnail_url, is_pet_friendly, is_parking_available, curfew, rules, view_count, favorite_count, created_at, updated_at, version, nearby_university_id, nearby_university_name, distance_to_university, nearest_bus_station)
VALUES (133, 2, 'P.348', 'Số 23 Trần Hưng Đạo, Phường Đông Hòa, Dĩ An, Bình Dương', 'Bình Dương', 'Dĩ An', 'Đông Hòa', 10.868942, 106.785005, 36.0, 6, 6, 'NORTHEAST', true, false, '/rooms/images/room_113/image_01.jpg', true, false, '23:00', 'Giữ trật tự chung sau 22h, dọn dẹp vệ sinh phòng sạch sẽ, phòng cháy chữa cháy an toàn.', 211, 21, NOW() - INTERVAL '9 days', NOW(), 0, 5, 'Trường Đại học Khoa học Tự nhiên - ĐHQG TP.HCM (Cơ sở Dĩ An)', 1.77, 0.1);
INSERT INTO room_amenities (room_id, amenity_id) VALUES (133, 1) ON CONFLICT DO NOTHING;
INSERT INTO room_amenities (room_id, amenity_id) VALUES (133, 2) ON CONFLICT DO NOTHING;
INSERT INTO room_amenities (room_id, amenity_id) VALUES (133, 3) ON CONFLICT DO NOTHING;
INSERT INTO room_amenities (room_id, amenity_id) VALUES (133, 4) ON CONFLICT DO NOTHING;
INSERT INTO room_amenities (room_id, amenity_id) VALUES (133, 5) ON CONFLICT DO NOTHING;
INSERT INTO room_amenities (room_id, amenity_id) VALUES (133, 7) ON CONFLICT DO NOTHING;
INSERT INTO room_amenities (room_id, amenity_id) VALUES (133, 11) ON CONFLICT DO NOTHING;
INSERT INTO room_amenities (room_id, amenity_id) VALUES (133, 12) ON CONFLICT DO NOTHING;
INSERT INTO room_images (room_id, image_url) VALUES (133, '/rooms/images/room_113/image_01.jpg');
INSERT INTO room_images (room_id, image_url) VALUES (133, '/rooms/images/room_113/image_02.jpg');
INSERT INTO room_images (room_id, image_url) VALUES (133, '/rooms/images/room_113/image_03.jpg');
INSERT INTO room_images (room_id, image_url) VALUES (133, '/rooms/images/room_113/image_04.jpg');
INSERT INTO room_images (room_id, image_url) VALUES (133, '/rooms/images/room_113/image_05.jpg');
INSERT INTO room_images (room_id, image_url) VALUES (133, '/rooms/images/room_113/image_06.jpg');
INSERT INTO room_images (room_id, image_url) VALUES (133, '/rooms/images/room_113/image_07.jpg');
INSERT INTO room_images (room_id, image_url) VALUES (133, '/rooms/images/room_113/image_08.jpg');
INSERT INTO room_images (room_id, image_url) VALUES (133, '/rooms/images/room_113/image_09.jpg');
INSERT INTO room_images (room_id, image_url) VALUES (133, '/rooms/images/room_113/image_10.jpg');
INSERT INTO room_images (room_id, image_url) VALUES (133, '/rooms/images/room_113/image_11.jpg');
INSERT INTO room_images (room_id, image_url) VALUES (133, '/rooms/images/room_113/image_12.jpg');
INSERT INTO posts (id, landlord_id, room_id, title, description, price, deposit_amount, price_type, status, approved_by, approved_at, expires_at, is_boosted, boosted_until, view_count, favorite_count, contact_count, booking_count, created_at, updated_at, version, video_url, video_thumbnail)
VALUES (133, 2, 133, 'Sleepbox cao cấp tiện nghi, bảo mật 36m2 cách HCMUS 1.77km - Trần Hưng Đạo', '**Vị trí thuận tiện và yên tĩnh**
- Địa chỉ: Trần Hưng Đạo, Phường Đông Hòa, Dĩ An.
- Chỉ cách khuôn viên trường Trường Đại học Khoa học Tự nhiên - ĐHQG TP.HCM (Cơ sở Dĩ An) (HCMUS) khoảng 1.77km. Việc đi học hàng ngày cực kỳ thuận tiện và nhanh chóng bằng xe máy, xe buýt hoặc đi bộ. Khu vực xung quanh cao ráo, không bị ngập nước, đường sá thông thoáng.

**Thiết kế căn phòng**
- Diện tích sử dụng: 36m2. Thiết kế tối ưu không gian, sạch sẽ, thoáng mát, thích hợp cho việc học tập lâu dài.
- Sở hữu cửa sổ lớn đón ánh sáng tự nhiên tốt, giữ phòng luôn khô ráo.

**Các tiện ích lắp sẵn**
- Wifi internet tốc độ cao riêng biệt từng phòng
- Máy điều hòa nhiệt độ Inverter hoạt động êm ái, tiết kiệm điện
- Hệ thống nước nóng lạnh an toàn
- Chỗ để xe máy rộng rãi dưới tầng trệt, an ninh đảm bảo
- Khu vực giặt sấy/máy giặt tiện nghi

**An ninh và quy định**
- Hệ thống cửa cổng kiểm soát bằng khóa vân tay bảo mật cao kết hợp camera giám sát 24/7.
- Giờ đóng cổng: 23:00 đêm nhằm đảm bảo trật tự chung.
- Môi trường sống văn minh, hàng xóm chủ yếu là sinh viên ngoan ngoãn và nhân viên văn phòng lịch sự.

**Thông tin chi phí thuê**
- Giá thuê hàng tháng: 1,600,000 đ/tháng.
- Tiền đặt cọc: 1,600,000 đ (cam kết hoàn trả đầy đủ khi kết thúc hợp đồng theo đúng thỏa thuận).
- Chỉ số điện nước tính theo đồng hồ riêng gắn trước cửa phòng, cam kết thu đúng chỉ số tiêu thụ thực tế.', 1600000.0, 1600000.0, 'MONTHLY', 'APPROVED', 1, NOW() - INTERVAL '3 days', NOW() + INTERVAL '27 days', false, NULL, 205, 49, 21, 8, NOW() - INTERVAL '2 days', NOW(), 0, '/posts/videos/room_113/video_01.mp4', '/rooms/images/room_113/image_01.jpg');
INSERT INTO post_images (post_id, image_order, image_url) VALUES (133, 0, '/rooms/images/room_113/image_01.jpg');
INSERT INTO post_images (post_id, image_order, image_url) VALUES (133, 1, '/rooms/images/room_113/image_02.jpg');
INSERT INTO post_images (post_id, image_order, image_url) VALUES (133, 2, '/rooms/images/room_113/image_03.jpg');
INSERT INTO post_images (post_id, image_order, image_url) VALUES (133, 3, '/rooms/images/room_113/image_04.jpg');
INSERT INTO post_images (post_id, image_order, image_url) VALUES (133, 4, '/rooms/images/room_113/image_05.jpg');
INSERT INTO post_images (post_id, image_order, image_url) VALUES (133, 5, '/rooms/images/room_113/image_06.jpg');
INSERT INTO post_images (post_id, image_order, image_url) VALUES (133, 6, '/rooms/images/room_113/image_07.jpg');
INSERT INTO post_images (post_id, image_order, image_url) VALUES (133, 7, '/rooms/images/room_113/image_08.jpg');
INSERT INTO post_images (post_id, image_order, image_url) VALUES (133, 8, '/rooms/images/room_113/image_09.jpg');
INSERT INTO post_images (post_id, image_order, image_url) VALUES (133, 9, '/rooms/images/room_113/image_10.jpg');
INSERT INTO post_images (post_id, image_order, image_url) VALUES (133, 10, '/rooms/images/room_113/image_11.jpg');
INSERT INTO post_images (post_id, image_order, image_url) VALUES (133, 11, '/rooms/images/room_113/image_12.jpg');

-- ==========================================
-- ROOM 134 near IU - Dist: 2.75km - Price: 2,600,000
-- ==========================================
INSERT INTO rooms (id, landlord_id, room_number, address, province, district, ward, latitude, longitude, area, floor, max_occupancy, direction, has_windows, has_balcony, thumbnail_url, is_pet_friendly, is_parking_available, curfew, rules, view_count, favorite_count, created_at, updated_at, version, nearby_university_id, nearby_university_name, distance_to_university, nearest_bus_station)
VALUES (134, 3, 'P.281', 'Số 80 KDC Him Lam Phú Đông, Phường Đông Hòa, Dĩ An, Bình Dương', 'Bình Dương', 'Dĩ An', 'Đông Hòa', 10.896803, 106.785483, 20.0, 3, 2, 'WEST', true, true, '/rooms/images/room_114/image_01.jpg', true, true, '23:00', 'Giữ trật tự chung sau 22h, dọn dẹp vệ sinh phòng sạch sẽ, phòng cháy chữa cháy an toàn.', 161, 43, NOW() - INTERVAL '5 days', NOW(), 0, 6, 'Trường Đại học Quốc tế - ĐHQG TP.HCM', 2.75, 0.44);
INSERT INTO room_amenities (room_id, amenity_id) VALUES (134, 1) ON CONFLICT DO NOTHING;
INSERT INTO room_amenities (room_id, amenity_id) VALUES (134, 2) ON CONFLICT DO NOTHING;
INSERT INTO room_amenities (room_id, amenity_id) VALUES (134, 3) ON CONFLICT DO NOTHING;
INSERT INTO room_amenities (room_id, amenity_id) VALUES (134, 4) ON CONFLICT DO NOTHING;
INSERT INTO room_amenities (room_id, amenity_id) VALUES (134, 5) ON CONFLICT DO NOTHING;
INSERT INTO room_amenities (room_id, amenity_id) VALUES (134, 6) ON CONFLICT DO NOTHING;
INSERT INTO room_amenities (room_id, amenity_id) VALUES (134, 9) ON CONFLICT DO NOTHING;
INSERT INTO room_images (room_id, image_url) VALUES (134, '/rooms/images/room_114/image_01.jpg');
INSERT INTO room_images (room_id, image_url) VALUES (134, '/rooms/images/room_114/image_02.jpg');
INSERT INTO room_images (room_id, image_url) VALUES (134, '/rooms/images/room_114/image_03.jpg');
INSERT INTO room_images (room_id, image_url) VALUES (134, '/rooms/images/room_114/image_04.jpg');
INSERT INTO room_images (room_id, image_url) VALUES (134, '/rooms/images/room_114/image_05.jpg');
INSERT INTO room_images (room_id, image_url) VALUES (134, '/rooms/images/room_114/image_06.jpg');
INSERT INTO posts (id, landlord_id, room_id, title, description, price, deposit_amount, price_type, status, approved_by, approved_at, expires_at, is_boosted, boosted_until, view_count, favorite_count, contact_count, booking_count, created_at, updated_at, version, video_url, video_thumbnail)
VALUES (134, 3, 134, 'Phòng trọ ban công thoáng mát gần trường 20m2 cách IU 2.75km - KDC Him Lam Phú Đông', '**Vị trí thuận tiện và yên tĩnh**
- Địa chỉ: KDC Him Lam Phú Đông, Phường Đông Hòa, Dĩ An.
- Chỉ cách khuôn viên trường Trường Đại học Quốc tế - ĐHQG TP.HCM (IU) khoảng 2.75km. Việc đi học hàng ngày cực kỳ thuận tiện và nhanh chóng bằng xe máy, xe buýt hoặc đi bộ. Khu vực xung quanh cao ráo, không bị ngập nước, đường sá thông thoáng.

**Thiết kế căn phòng**
- Diện tích sử dụng: 20m2. Thiết kế tối ưu không gian, sạch sẽ, thoáng mát, thích hợp cho việc học tập lâu dài.
- Sở hữu cửa sổ lớn đón ánh sáng tự nhiên tốt, giữ phòng luôn khô ráo.
- Có ban công riêng đón gió mát mẻ, thuận tiện cho việc phơi đồ hoặc làm góc thư giãn.

**Các tiện ích lắp sẵn**
- Wifi internet tốc độ cao riêng biệt từng phòng
- Máy điều hòa nhiệt độ Inverter hoạt động êm ái, tiết kiệm điện
- Hệ thống nước nóng lạnh an toàn
- Chỗ để xe máy rộng rãi dưới tầng trệt, an ninh đảm bảo
- Tủ lạnh dung tích lớn tiện lợi lưu trữ đồ ăn
- Kệ bếp nấu ăn thoáng khí, tủ bếp sạch sẽ

**An ninh và quy định**
- Hệ thống cửa cổng kiểm soát bằng khóa vân tay bảo mật cao kết hợp camera giám sát 24/7.
- Giờ đóng cổng: 23:00 đêm nhằm đảm bảo trật tự chung.
- Môi trường sống văn minh, hàng xóm chủ yếu là sinh viên ngoan ngoãn và nhân viên văn phòng lịch sự.

**Thông tin chi phí thuê**
- Giá thuê hàng tháng: 2,600,000 đ/tháng.
- Tiền đặt cọc: 2,600,000 đ (cam kết hoàn trả đầy đủ khi kết thúc hợp đồng theo đúng thỏa thuận).
- Chỉ số điện nước tính theo đồng hồ riêng gắn trước cửa phòng, cam kết thu đúng chỉ số tiêu thụ thực tế.', 2600000.0, 2600000.0, 'MONTHLY', 'APPROVED', 1, NOW() - INTERVAL '3 days', NOW() + INTERVAL '27 days', false, NULL, 146, 40, 36, 5, NOW() - INTERVAL '2 days', NOW(), 0, '/posts/videos/room_114/video_01.mp4', '/rooms/images/room_114/image_01.jpg');
INSERT INTO post_images (post_id, image_order, image_url) VALUES (134, 0, '/rooms/images/room_114/image_01.jpg');
INSERT INTO post_images (post_id, image_order, image_url) VALUES (134, 1, '/rooms/images/room_114/image_02.jpg');
INSERT INTO post_images (post_id, image_order, image_url) VALUES (134, 2, '/rooms/images/room_114/image_03.jpg');
INSERT INTO post_images (post_id, image_order, image_url) VALUES (134, 3, '/rooms/images/room_114/image_04.jpg');
INSERT INTO post_images (post_id, image_order, image_url) VALUES (134, 4, '/rooms/images/room_114/image_05.jpg');
INSERT INTO post_images (post_id, image_order, image_url) VALUES (134, 5, '/rooms/images/room_114/image_06.jpg');

-- ==========================================
-- ROOM 135 near UEH - Dist: 5.8km - Price: 5,100,000
-- ==========================================
INSERT INTO rooms (id, landlord_id, room_number, address, province, district, ward, latitude, longitude, area, floor, max_occupancy, direction, has_windows, has_balcony, thumbnail_url, is_pet_friendly, is_parking_available, curfew, rules, view_count, favorite_count, created_at, updated_at, version, nearby_university_id, nearby_university_name, distance_to_university, nearest_bus_station)
VALUES (135, 4, 'P.393', 'Số 27 Bàn Cờ, Phường 6, Quận 3, TP Hồ Chí Minh', 'TP Hồ Chí Minh', 'Quận 3', 'Phường 6', 10.825711, 106.726296, 36.0, 4, 3, 'SOUTHWEST', true, true, '/rooms/images/room_115/image_01.jpg', true, true, '23:00', 'Giữ trật tự chung sau 22h, dọn dẹp vệ sinh phòng sạch sẽ, phòng cháy chữa cháy an toàn.', 219, 24, NOW() - INTERVAL '5 days', NOW(), 0, 7, 'Trường Đại học Kinh tế TP.HCM (Cơ sở A)', 5.8, 0.31);
INSERT INTO room_amenities (room_id, amenity_id) VALUES (135, 1) ON CONFLICT DO NOTHING;
INSERT INTO room_amenities (room_id, amenity_id) VALUES (135, 2) ON CONFLICT DO NOTHING;
INSERT INTO room_amenities (room_id, amenity_id) VALUES (135, 3) ON CONFLICT DO NOTHING;
INSERT INTO room_amenities (room_id, amenity_id) VALUES (135, 4) ON CONFLICT DO NOTHING;
INSERT INTO room_amenities (room_id, amenity_id) VALUES (135, 5) ON CONFLICT DO NOTHING;
INSERT INTO room_amenities (room_id, amenity_id) VALUES (135, 6) ON CONFLICT DO NOTHING;
INSERT INTO room_amenities (room_id, amenity_id) VALUES (135, 7) ON CONFLICT DO NOTHING;
INSERT INTO room_amenities (room_id, amenity_id) VALUES (135, 8) ON CONFLICT DO NOTHING;
INSERT INTO room_amenities (room_id, amenity_id) VALUES (135, 9) ON CONFLICT DO NOTHING;
INSERT INTO room_amenities (room_id, amenity_id) VALUES (135, 10) ON CONFLICT DO NOTHING;
INSERT INTO room_amenities (room_id, amenity_id) VALUES (135, 11) ON CONFLICT DO NOTHING;
INSERT INTO room_amenities (room_id, amenity_id) VALUES (135, 12) ON CONFLICT DO NOTHING;
INSERT INTO room_images (room_id, image_url) VALUES (135, '/rooms/images/room_115/image_01.jpg');
INSERT INTO room_images (room_id, image_url) VALUES (135, '/rooms/images/room_115/image_02.jpg');
INSERT INTO room_images (room_id, image_url) VALUES (135, '/rooms/images/room_115/image_03.jpg');
INSERT INTO room_images (room_id, image_url) VALUES (135, '/rooms/images/room_115/image_04.jpg');
INSERT INTO room_images (room_id, image_url) VALUES (135, '/rooms/images/room_115/image_05.jpg');
INSERT INTO room_images (room_id, image_url) VALUES (135, '/rooms/images/room_115/image_06.jpg');
INSERT INTO room_images (room_id, image_url) VALUES (135, '/rooms/images/room_115/image_07.jpg');
INSERT INTO room_images (room_id, image_url) VALUES (135, '/rooms/images/room_115/image_08.jpg');
INSERT INTO room_images (room_id, image_url) VALUES (135, '/rooms/images/room_115/image_09.jpg');
INSERT INTO room_images (room_id, image_url) VALUES (135, '/rooms/images/room_115/image_10.jpg');
INSERT INTO room_images (room_id, image_url) VALUES (135, '/rooms/images/room_115/image_11.jpg');
INSERT INTO room_images (room_id, image_url) VALUES (135, '/rooms/images/room_115/image_12.jpg');
INSERT INTO posts (id, landlord_id, room_id, title, description, price, deposit_amount, price_type, status, approved_by, approved_at, expires_at, is_boosted, boosted_until, view_count, favorite_count, contact_count, booking_count, created_at, updated_at, version, video_url, video_thumbnail)
VALUES (135, 4, 135, 'Căn hộ dịch vụ 1PN sang trọng, an ninh 36m2 cách UEH 5.8km - Bàn Cờ', '**Vị trí thuận tiện và yên tĩnh**
- Địa chỉ: Bàn Cờ, Phường 6, Quận 3.
- Chỉ cách khuôn viên trường Trường Đại học Kinh tế TP.HCM (Cơ sở A) (UEH) khoảng 5.80km. Việc đi học hàng ngày cực kỳ thuận tiện và nhanh chóng bằng xe máy, xe buýt hoặc đi bộ. Khu vực xung quanh cao ráo, không bị ngập nước, đường sá thông thoáng.

**Thiết kế căn phòng**
- Diện tích sử dụng: 36m2. Thiết kế tối ưu không gian, sạch sẽ, thoáng mát, thích hợp cho việc học tập lâu dài.
- Sở hữu cửa sổ lớn đón ánh sáng tự nhiên tốt, giữ phòng luôn khô ráo.
- Có ban công riêng đón gió mát mẻ, thuận tiện cho việc phơi đồ hoặc làm góc thư giãn.

**Các tiện ích lắp sẵn**
- Wifi internet tốc độ cao riêng biệt từng phòng
- Máy điều hòa nhiệt độ Inverter hoạt động êm ái, tiết kiệm điện
- Hệ thống nước nóng lạnh an toàn
- Chỗ để xe máy rộng rãi dưới tầng trệt, an ninh đảm bảo
- Tủ lạnh dung tích lớn tiện lợi lưu trữ đồ ăn
- Khu vực giặt sấy/máy giặt tiện nghi
- Kệ bếp nấu ăn thoáng khí, tủ bếp sạch sẽ

**An ninh và quy định**
- Hệ thống cửa cổng kiểm soát bằng khóa vân tay bảo mật cao kết hợp camera giám sát 24/7.
- Giờ đóng cổng: 23:00 đêm nhằm đảm bảo trật tự chung.
- Môi trường sống văn minh, hàng xóm chủ yếu là sinh viên ngoan ngoãn và nhân viên văn phòng lịch sự.

**Thông tin chi phí thuê**
- Giá thuê hàng tháng: 5,100,000 đ/tháng.
- Tiền đặt cọc: 10,200,000 đ (cam kết hoàn trả đầy đủ khi kết thúc hợp đồng theo đúng thỏa thuận).
- Chỉ số điện nước tính theo đồng hồ riêng gắn trước cửa phòng, cam kết thu đúng chỉ số tiêu thụ thực tế.', 5100000.0, 10200000.0, 'MONTHLY', 'APPROVED', 1, NOW() - INTERVAL '3 days', NOW() + INTERVAL '27 days', false, NULL, 438, 25, 40, 7, NOW() - INTERVAL '10 days', NOW(), 0, '/posts/videos/room_115/video_01.mp4', '/rooms/images/room_115/image_01.jpg');
INSERT INTO post_images (post_id, image_order, image_url) VALUES (135, 0, '/rooms/images/room_115/image_01.jpg');
INSERT INTO post_images (post_id, image_order, image_url) VALUES (135, 1, '/rooms/images/room_115/image_02.jpg');
INSERT INTO post_images (post_id, image_order, image_url) VALUES (135, 2, '/rooms/images/room_115/image_03.jpg');
INSERT INTO post_images (post_id, image_order, image_url) VALUES (135, 3, '/rooms/images/room_115/image_04.jpg');
INSERT INTO post_images (post_id, image_order, image_url) VALUES (135, 4, '/rooms/images/room_115/image_05.jpg');
INSERT INTO post_images (post_id, image_order, image_url) VALUES (135, 5, '/rooms/images/room_115/image_06.jpg');
INSERT INTO post_images (post_id, image_order, image_url) VALUES (135, 6, '/rooms/images/room_115/image_07.jpg');
INSERT INTO post_images (post_id, image_order, image_url) VALUES (135, 7, '/rooms/images/room_115/image_08.jpg');
INSERT INTO post_images (post_id, image_order, image_url) VALUES (135, 8, '/rooms/images/room_115/image_09.jpg');
INSERT INTO post_images (post_id, image_order, image_url) VALUES (135, 9, '/rooms/images/room_115/image_10.jpg');
INSERT INTO post_images (post_id, image_order, image_url) VALUES (135, 10, '/rooms/images/room_115/image_11.jpg');
INSERT INTO post_images (post_id, image_order, image_url) VALUES (135, 11, '/rooms/images/room_115/image_12.jpg');

-- ==========================================
-- ROOM 136 near FTU2 - Dist: 3.65km - Price: 1,300,000
-- ==========================================
INSERT INTO rooms (id, landlord_id, room_number, address, province, district, ward, latitude, longitude, area, floor, max_occupancy, direction, has_windows, has_balcony, thumbnail_url, is_pet_friendly, is_parking_available, curfew, rules, view_count, favorite_count, created_at, updated_at, version, nearby_university_id, nearby_university_name, distance_to_university, nearest_bus_station)
VALUES (136, 2, 'P.103', 'Số 119 Ung Văn Khiêm, Phường 17, Bình Thạnh, TP Hồ Chí Minh', 'TP Hồ Chí Minh', 'Bình Thạnh', 'Phường 17', 10.833738, 106.723594, 16.0, 6, 2, 'SOUTH', true, false, '/rooms/images/room_116/image_01.jpg', false, true, NULL, 'Giữ trật tự chung sau 22h, dọn dẹp vệ sinh phòng sạch sẽ, phòng cháy chữa cháy an toàn.', 141, 21, NOW() - INTERVAL '15 days', NOW(), 0, 8, 'Trường Đại học Ngoại thương - Cơ sở 2', 3.65, 0.26);
INSERT INTO room_amenities (room_id, amenity_id) VALUES (136, 1) ON CONFLICT DO NOTHING;
INSERT INTO room_amenities (room_id, amenity_id) VALUES (136, 3) ON CONFLICT DO NOTHING;
INSERT INTO room_amenities (room_id, amenity_id) VALUES (136, 4) ON CONFLICT DO NOTHING;
INSERT INTO room_amenities (room_id, amenity_id) VALUES (136, 9) ON CONFLICT DO NOTHING;
INSERT INTO room_images (room_id, image_url) VALUES (136, '/rooms/images/room_116/image_01.jpg');
INSERT INTO room_images (room_id, image_url) VALUES (136, '/rooms/images/room_116/image_02.jpg');
INSERT INTO room_images (room_id, image_url) VALUES (136, '/rooms/images/room_116/image_03.jpg');
INSERT INTO room_images (room_id, image_url) VALUES (136, '/rooms/images/room_116/image_04.jpg');
INSERT INTO posts (id, landlord_id, room_id, title, description, price, deposit_amount, price_type, status, approved_by, approved_at, expires_at, is_boosted, boosted_until, view_count, favorite_count, contact_count, booking_count, created_at, updated_at, version, video_url, video_thumbnail)
VALUES (136, 2, 136, 'Phòng trọ mini giá rẻ sinh viên 16m2 cách FTU2 3.65km - Ung Văn Khiêm', '**Vị trí thuận tiện và yên tĩnh**
- Địa chỉ: Ung Văn Khiêm, Phường 17, Bình Thạnh.
- Chỉ cách khuôn viên trường Trường Đại học Ngoại thương - Cơ sở 2 (FTU2) khoảng 3.65km. Việc đi học hàng ngày cực kỳ thuận tiện và nhanh chóng bằng xe máy, xe buýt hoặc đi bộ. Khu vực xung quanh cao ráo, không bị ngập nước, đường sá thông thoáng.

**Thiết kế căn phòng**
- Diện tích sử dụng: 16m2. Thiết kế tối ưu không gian, sạch sẽ, thoáng mát, thích hợp cho việc học tập lâu dài.
- Sở hữu cửa sổ lớn đón ánh sáng tự nhiên tốt, giữ phòng luôn khô ráo.

**Các tiện ích lắp sẵn**
- Wifi internet tốc độ cao riêng biệt từng phòng
- Hệ thống nước nóng lạnh an toàn
- Chỗ để xe máy rộng rãi dưới tầng trệt, an ninh đảm bảo
- Kệ bếp nấu ăn thoáng khí, tủ bếp sạch sẽ

**An ninh và quy định**
- Hệ thống cửa cổng kiểm soát bằng khóa vân tay bảo mật cao kết hợp camera giám sát 24/7.
- Giờ giấc ra vào tự do thoải mái, không chung chủ.
- Môi trường sống văn minh, hàng xóm chủ yếu là sinh viên ngoan ngoãn và nhân viên văn phòng lịch sự.

**Thông tin chi phí thuê**
- Giá thuê hàng tháng: 1,300,000 đ/tháng.
- Tiền đặt cọc: 1,300,000 đ (cam kết hoàn trả đầy đủ khi kết thúc hợp đồng theo đúng thỏa thuận).
- Chỉ số điện nước tính theo đồng hồ riêng gắn trước cửa phòng, cam kết thu đúng chỉ số tiêu thụ thực tế.', 1300000.0, 1300000.0, 'MONTHLY', 'APPROVED', 1, NOW() - INTERVAL '3 days', NOW() + INTERVAL '27 days', false, NULL, 398, 72, 26, 4, NOW() - INTERVAL '4 days', NOW(), 0, '/posts/videos/room_116/video_01.mp4', '/rooms/images/room_116/image_01.jpg');
INSERT INTO post_images (post_id, image_order, image_url) VALUES (136, 0, '/rooms/images/room_116/image_01.jpg');
INSERT INTO post_images (post_id, image_order, image_url) VALUES (136, 1, '/rooms/images/room_116/image_02.jpg');
INSERT INTO post_images (post_id, image_order, image_url) VALUES (136, 2, '/rooms/images/room_116/image_03.jpg');
INSERT INTO post_images (post_id, image_order, image_url) VALUES (136, 3, '/rooms/images/room_116/image_04.jpg');

-- ==========================================
-- ROOM 137 near NLU - Dist: 1.33km - Price: 3,400,000
-- ==========================================
INSERT INTO rooms (id, landlord_id, room_number, address, province, district, ward, latitude, longitude, area, floor, max_occupancy, direction, has_windows, has_balcony, thumbnail_url, is_pet_friendly, is_parking_available, curfew, rules, view_count, favorite_count, created_at, updated_at, version, nearby_university_id, nearby_university_name, distance_to_university, nearest_bus_station)
VALUES (137, 3, 'P.444', 'Số 59 Đường số 12, Phường Bình Thọ, Thủ Đức, TP Hồ Chí Minh', 'TP Hồ Chí Minh', 'Thủ Đức', 'Bình Thọ', 10.874656, 106.776495, 26.0, 4, 3, 'SOUTHWEST', true, true, '/rooms/images/room_117/image_01.jpg', false, true, '23:00', 'Giữ trật tự chung sau 22h, dọn dẹp vệ sinh phòng sạch sẽ, phòng cháy chữa cháy an toàn.', 145, 36, NOW() - INTERVAL '15 days', NOW(), 0, 1, 'Trường Đại học Nông Lâm TP.HCM', 1.33, 0.27);
INSERT INTO room_amenities (room_id, amenity_id) VALUES (137, 1) ON CONFLICT DO NOTHING;
INSERT INTO room_amenities (room_id, amenity_id) VALUES (137, 2) ON CONFLICT DO NOTHING;
INSERT INTO room_amenities (room_id, amenity_id) VALUES (137, 3) ON CONFLICT DO NOTHING;
INSERT INTO room_amenities (room_id, amenity_id) VALUES (137, 4) ON CONFLICT DO NOTHING;
INSERT INTO room_amenities (room_id, amenity_id) VALUES (137, 5) ON CONFLICT DO NOTHING;
INSERT INTO room_amenities (room_id, amenity_id) VALUES (137, 6) ON CONFLICT DO NOTHING;
INSERT INTO room_amenities (room_id, amenity_id) VALUES (137, 7) ON CONFLICT DO NOTHING;
INSERT INTO room_amenities (room_id, amenity_id) VALUES (137, 9) ON CONFLICT DO NOTHING;
INSERT INTO room_amenities (room_id, amenity_id) VALUES (137, 12) ON CONFLICT DO NOTHING;
INSERT INTO room_images (room_id, image_url) VALUES (137, '/rooms/images/room_117/image_01.jpg');
INSERT INTO room_images (room_id, image_url) VALUES (137, '/rooms/images/room_117/image_02.jpg');
INSERT INTO room_images (room_id, image_url) VALUES (137, '/rooms/images/room_117/image_03.jpg');
INSERT INTO room_images (room_id, image_url) VALUES (137, '/rooms/images/room_117/image_04.jpg');
INSERT INTO room_images (room_id, image_url) VALUES (137, '/rooms/images/room_117/image_05.jpg');
INSERT INTO room_images (room_id, image_url) VALUES (137, '/rooms/images/room_117/image_06.jpg');
INSERT INTO room_images (room_id, image_url) VALUES (137, '/rooms/images/room_117/image_07.jpg');
INSERT INTO room_images (room_id, image_url) VALUES (137, '/rooms/images/room_117/image_08.jpg');
INSERT INTO posts (id, landlord_id, room_id, title, description, price, deposit_amount, price_type, status, approved_by, approved_at, expires_at, is_boosted, boosted_until, view_count, favorite_count, contact_count, booking_count, created_at, updated_at, version, video_url, video_thumbnail)
VALUES (137, 3, 137, 'Căn hộ Studio gác lửng full nội thất 26m2 cách NLU 1.33km - Đường số 12', '**Vị trí thuận tiện và yên tĩnh**
- Địa chỉ: Đường số 12, Phường Bình Thọ, Thủ Đức.
- Chỉ cách khuôn viên trường Trường Đại học Nông Lâm TP.HCM (NLU) khoảng 1.33km. Việc đi học hàng ngày cực kỳ thuận tiện và nhanh chóng bằng xe máy, xe buýt hoặc đi bộ. Khu vực xung quanh cao ráo, không bị ngập nước, đường sá thông thoáng.

**Thiết kế căn phòng**
- Diện tích sử dụng: 26m2. Thiết kế tối ưu không gian, sạch sẽ, thoáng mát, thích hợp cho việc học tập lâu dài.
- Sở hữu cửa sổ lớn đón ánh sáng tự nhiên tốt, giữ phòng luôn khô ráo.
- Có ban công riêng đón gió mát mẻ, thuận tiện cho việc phơi đồ hoặc làm góc thư giãn.

**Các tiện ích lắp sẵn**
- Wifi internet tốc độ cao riêng biệt từng phòng
- Máy điều hòa nhiệt độ Inverter hoạt động êm ái, tiết kiệm điện
- Hệ thống nước nóng lạnh an toàn
- Chỗ để xe máy rộng rãi dưới tầng trệt, an ninh đảm bảo
- Tủ lạnh dung tích lớn tiện lợi lưu trữ đồ ăn
- Khu vực giặt sấy/máy giặt tiện nghi
- Kệ bếp nấu ăn thoáng khí, tủ bếp sạch sẽ

**An ninh và quy định**
- Hệ thống cửa cổng kiểm soát bằng khóa vân tay bảo mật cao kết hợp camera giám sát 24/7.
- Giờ đóng cổng: 23:00 đêm nhằm đảm bảo trật tự chung.
- Môi trường sống văn minh, hàng xóm chủ yếu là sinh viên ngoan ngoãn và nhân viên văn phòng lịch sự.

**Thông tin chi phí thuê**
- Giá thuê hàng tháng: 3,400,000 đ/tháng.
- Tiền đặt cọc: 3,400,000 đ (cam kết hoàn trả đầy đủ khi kết thúc hợp đồng theo đúng thỏa thuận).
- Chỉ số điện nước tính theo đồng hồ riêng gắn trước cửa phòng, cam kết thu đúng chỉ số tiêu thụ thực tế.', 3400000.0, 3400000.0, 'MONTHLY', 'APPROVED', 1, NOW() - INTERVAL '3 days', NOW() + INTERVAL '27 days', true, NOW() + INTERVAL '4 days', 482, 20, 28, 10, NOW() - INTERVAL '6 days', NOW(), 0, '/posts/videos/room_117/video_01.mp4', '/rooms/images/room_117/image_01.jpg');
INSERT INTO post_images (post_id, image_order, image_url) VALUES (137, 0, '/rooms/images/room_117/image_01.jpg');
INSERT INTO post_images (post_id, image_order, image_url) VALUES (137, 1, '/rooms/images/room_117/image_02.jpg');
INSERT INTO post_images (post_id, image_order, image_url) VALUES (137, 2, '/rooms/images/room_117/image_03.jpg');
INSERT INTO post_images (post_id, image_order, image_url) VALUES (137, 3, '/rooms/images/room_117/image_04.jpg');
INSERT INTO post_images (post_id, image_order, image_url) VALUES (137, 4, '/rooms/images/room_117/image_05.jpg');
INSERT INTO post_images (post_id, image_order, image_url) VALUES (137, 5, '/rooms/images/room_117/image_06.jpg');
INSERT INTO post_images (post_id, image_order, image_url) VALUES (137, 6, '/rooms/images/room_117/image_07.jpg');
INSERT INTO post_images (post_id, image_order, image_url) VALUES (137, 7, '/rooms/images/room_117/image_08.jpg');

-- ==========================================
-- ROOM 138 near HCMUTE - Dist: 5.79km - Price: 1,500,000
-- ==========================================
INSERT INTO rooms (id, landlord_id, room_number, address, province, district, ward, latitude, longitude, area, floor, max_occupancy, direction, has_windows, has_balcony, thumbnail_url, is_pet_friendly, is_parking_available, curfew, rules, view_count, favorite_count, created_at, updated_at, version, nearby_university_id, nearby_university_name, distance_to_university, nearest_bus_station)
VALUES (138, 4, 'P.355', 'Số 135 Đường số 12, Phường Tăng Nhơn Phú A, Thủ Đức, TP Hồ Chí Minh', 'TP Hồ Chí Minh', 'Thủ Đức', 'Tăng Nhơn Phú A', 10.838968, 106.720526, 36.0, 5, 6, 'WEST', true, false, '/rooms/images/room_118/image_01.jpg', false, false, '22:00', 'Giữ trật tự chung sau 22h, dọn dẹp vệ sinh phòng sạch sẽ, phòng cháy chữa cháy an toàn.', 150, 6, NOW() - INTERVAL '9 days', NOW(), 0, 2, 'Trường Đại học Sư phạm Kỹ thuật TP.HCM', 5.79, 0.35);
INSERT INTO room_amenities (room_id, amenity_id) VALUES (138, 1) ON CONFLICT DO NOTHING;
INSERT INTO room_amenities (room_id, amenity_id) VALUES (138, 2) ON CONFLICT DO NOTHING;
INSERT INTO room_amenities (room_id, amenity_id) VALUES (138, 3) ON CONFLICT DO NOTHING;
INSERT INTO room_amenities (room_id, amenity_id) VALUES (138, 4) ON CONFLICT DO NOTHING;
INSERT INTO room_amenities (room_id, amenity_id) VALUES (138, 5) ON CONFLICT DO NOTHING;
INSERT INTO room_amenities (room_id, amenity_id) VALUES (138, 7) ON CONFLICT DO NOTHING;
INSERT INTO room_amenities (room_id, amenity_id) VALUES (138, 11) ON CONFLICT DO NOTHING;
INSERT INTO room_amenities (room_id, amenity_id) VALUES (138, 12) ON CONFLICT DO NOTHING;
INSERT INTO room_images (room_id, image_url) VALUES (138, '/rooms/images/room_118/image_01.jpg');
INSERT INTO room_images (room_id, image_url) VALUES (138, '/rooms/images/room_118/image_02.jpg');
INSERT INTO room_images (room_id, image_url) VALUES (138, '/rooms/images/room_118/image_03.jpg');
INSERT INTO room_images (room_id, image_url) VALUES (138, '/rooms/images/room_118/image_04.jpg');
INSERT INTO room_images (room_id, image_url) VALUES (138, '/rooms/images/room_118/image_05.jpg');
INSERT INTO room_images (room_id, image_url) VALUES (138, '/rooms/images/room_118/image_06.jpg');
INSERT INTO room_images (room_id, image_url) VALUES (138, '/rooms/images/room_118/image_07.jpg');
INSERT INTO posts (id, landlord_id, room_id, title, description, price, deposit_amount, price_type, status, approved_by, approved_at, expires_at, is_boosted, boosted_until, view_count, favorite_count, contact_count, booking_count, created_at, updated_at, version, video_url, video_thumbnail)
VALUES (138, 4, 138, 'Sleepbox cao cấp tiện nghi, bảo mật 36m2 cách HCMUTE 5.79km - Đường số 12', '**Vị trí thuận tiện và yên tĩnh**
- Địa chỉ: Đường số 12, Phường Tăng Nhơn Phú A, Thủ Đức.
- Chỉ cách khuôn viên trường Trường Đại học Sư phạm Kỹ thuật TP.HCM (HCMUTE) khoảng 5.79km. Việc đi học hàng ngày cực kỳ thuận tiện và nhanh chóng bằng xe máy, xe buýt hoặc đi bộ. Khu vực xung quanh cao ráo, không bị ngập nước, đường sá thông thoáng.

**Thiết kế căn phòng**
- Diện tích sử dụng: 36m2. Thiết kế tối ưu không gian, sạch sẽ, thoáng mát, thích hợp cho việc học tập lâu dài.
- Sở hữu cửa sổ lớn đón ánh sáng tự nhiên tốt, giữ phòng luôn khô ráo.

**Các tiện ích lắp sẵn**
- Wifi internet tốc độ cao riêng biệt từng phòng
- Máy điều hòa nhiệt độ Inverter hoạt động êm ái, tiết kiệm điện
- Hệ thống nước nóng lạnh an toàn
- Chỗ để xe máy rộng rãi dưới tầng trệt, an ninh đảm bảo
- Khu vực giặt sấy/máy giặt tiện nghi

**An ninh và quy định**
- Hệ thống cửa cổng kiểm soát bằng khóa vân tay bảo mật cao kết hợp camera giám sát 24/7.
- Giờ đóng cổng: 22:00 đêm nhằm đảm bảo trật tự chung.
- Môi trường sống văn minh, hàng xóm chủ yếu là sinh viên ngoan ngoãn và nhân viên văn phòng lịch sự.

**Thông tin chi phí thuê**
- Giá thuê hàng tháng: 1,500,000 đ/tháng.
- Tiền đặt cọc: 3,000,000 đ (cam kết hoàn trả đầy đủ khi kết thúc hợp đồng theo đúng thỏa thuận).
- Chỉ số điện nước tính theo đồng hồ riêng gắn trước cửa phòng, cam kết thu đúng chỉ số tiêu thụ thực tế.', 1500000.0, 3000000.0, 'MONTHLY', 'APPROVED', 1, NOW() - INTERVAL '3 days', NOW() + INTERVAL '27 days', false, NULL, 311, 35, 19, 6, NOW() - INTERVAL '5 days', NOW(), 0, '/posts/videos/room_118/video_01.mp4', '/rooms/images/room_118/image_01.jpg');
INSERT INTO post_images (post_id, image_order, image_url) VALUES (138, 0, '/rooms/images/room_118/image_01.jpg');
INSERT INTO post_images (post_id, image_order, image_url) VALUES (138, 1, '/rooms/images/room_118/image_02.jpg');
INSERT INTO post_images (post_id, image_order, image_url) VALUES (138, 2, '/rooms/images/room_118/image_03.jpg');
INSERT INTO post_images (post_id, image_order, image_url) VALUES (138, 3, '/rooms/images/room_118/image_04.jpg');
INSERT INTO post_images (post_id, image_order, image_url) VALUES (138, 4, '/rooms/images/room_118/image_05.jpg');
INSERT INTO post_images (post_id, image_order, image_url) VALUES (138, 5, '/rooms/images/room_118/image_06.jpg');
INSERT INTO post_images (post_id, image_order, image_url) VALUES (138, 6, '/rooms/images/room_118/image_07.jpg');

-- ==========================================
-- ROOM 139 near UIT - Dist: 4.66km - Price: 2,000,000
-- ==========================================
INSERT INTO rooms (id, landlord_id, room_number, address, province, district, ward, latitude, longitude, area, floor, max_occupancy, direction, has_windows, has_balcony, thumbnail_url, is_pet_friendly, is_parking_available, curfew, rules, view_count, favorite_count, created_at, updated_at, version, nearby_university_id, nearby_university_name, distance_to_university, nearest_bus_station)
VALUES (139, 2, 'P.136', 'Số 46 Đường số 12, Phường Linh Chiểu, Thủ Đức, TP Hồ Chí Minh', 'TP Hồ Chí Minh', 'Thủ Đức', 'Linh Chiểu', 10.833937, 106.781307, 22.0, 2, 2, 'SOUTHEAST', true, true, '/rooms/images/room_119/image_01.jpg', false, true, '23:00', 'Giữ trật tự chung sau 22h, dọn dẹp vệ sinh phòng sạch sẽ, phòng cháy chữa cháy an toàn.', 182, 11, NOW() - INTERVAL '5 days', NOW(), 0, 3, 'Trường Đại học Công nghệ thông tin - ĐHQG TP.HCM', 4.66, 0.18);
INSERT INTO room_amenities (room_id, amenity_id) VALUES (139, 1) ON CONFLICT DO NOTHING;
INSERT INTO room_amenities (room_id, amenity_id) VALUES (139, 2) ON CONFLICT DO NOTHING;
INSERT INTO room_amenities (room_id, amenity_id) VALUES (139, 3) ON CONFLICT DO NOTHING;
INSERT INTO room_amenities (room_id, amenity_id) VALUES (139, 4) ON CONFLICT DO NOTHING;
INSERT INTO room_amenities (room_id, amenity_id) VALUES (139, 5) ON CONFLICT DO NOTHING;
INSERT INTO room_amenities (room_id, amenity_id) VALUES (139, 6) ON CONFLICT DO NOTHING;
INSERT INTO room_amenities (room_id, amenity_id) VALUES (139, 9) ON CONFLICT DO NOTHING;
INSERT INTO room_images (room_id, image_url) VALUES (139, '/rooms/images/room_119/image_01.jpg');
INSERT INTO room_images (room_id, image_url) VALUES (139, '/rooms/images/room_119/image_02.jpg');
INSERT INTO room_images (room_id, image_url) VALUES (139, '/rooms/images/room_119/image_03.jpg');
INSERT INTO room_images (room_id, image_url) VALUES (139, '/rooms/images/room_119/image_04.jpg');
INSERT INTO room_images (room_id, image_url) VALUES (139, '/rooms/images/room_119/image_05.jpg');
INSERT INTO room_images (room_id, image_url) VALUES (139, '/rooms/images/room_119/image_06.jpg');
INSERT INTO room_images (room_id, image_url) VALUES (139, '/rooms/images/room_119/image_07.jpg');
INSERT INTO posts (id, landlord_id, room_id, title, description, price, deposit_amount, price_type, status, approved_by, approved_at, expires_at, is_boosted, boosted_until, view_count, favorite_count, contact_count, booking_count, created_at, updated_at, version, video_url, video_thumbnail)
VALUES (139, 2, 139, 'Phòng trọ ban công thoáng mát gần trường 22m2 cách UIT 4.66km - Đường số 12', '**Vị trí thuận tiện và yên tĩnh**
- Địa chỉ: Đường số 12, Phường Linh Chiểu, Thủ Đức.
- Chỉ cách khuôn viên trường Trường Đại học Công nghệ thông tin - ĐHQG TP.HCM (UIT) khoảng 4.66km. Việc đi học hàng ngày cực kỳ thuận tiện và nhanh chóng bằng xe máy, xe buýt hoặc đi bộ. Khu vực xung quanh cao ráo, không bị ngập nước, đường sá thông thoáng.

**Thiết kế căn phòng**
- Diện tích sử dụng: 22m2. Thiết kế tối ưu không gian, sạch sẽ, thoáng mát, thích hợp cho việc học tập lâu dài.
- Sở hữu cửa sổ lớn đón ánh sáng tự nhiên tốt, giữ phòng luôn khô ráo.
- Có ban công riêng đón gió mát mẻ, thuận tiện cho việc phơi đồ hoặc làm góc thư giãn.

**Các tiện ích lắp sẵn**
- Wifi internet tốc độ cao riêng biệt từng phòng
- Máy điều hòa nhiệt độ Inverter hoạt động êm ái, tiết kiệm điện
- Hệ thống nước nóng lạnh an toàn
- Chỗ để xe máy rộng rãi dưới tầng trệt, an ninh đảm bảo
- Tủ lạnh dung tích lớn tiện lợi lưu trữ đồ ăn
- Kệ bếp nấu ăn thoáng khí, tủ bếp sạch sẽ

**An ninh và quy định**
- Hệ thống cửa cổng kiểm soát bằng khóa vân tay bảo mật cao kết hợp camera giám sát 24/7.
- Giờ đóng cổng: 23:00 đêm nhằm đảm bảo trật tự chung.
- Môi trường sống văn minh, hàng xóm chủ yếu là sinh viên ngoan ngoãn và nhân viên văn phòng lịch sự.

**Thông tin chi phí thuê**
- Giá thuê hàng tháng: 2,000,000 đ/tháng.
- Tiền đặt cọc: 4,000,000 đ (cam kết hoàn trả đầy đủ khi kết thúc hợp đồng theo đúng thỏa thuận).
- Chỉ số điện nước tính theo đồng hồ riêng gắn trước cửa phòng, cam kết thu đúng chỉ số tiêu thụ thực tế.', 2000000.0, 4000000.0, 'MONTHLY', 'APPROVED', 1, NOW() - INTERVAL '3 days', NOW() + INTERVAL '27 days', true, NOW() + INTERVAL '4 days', 447, 20, 40, 4, NOW() - INTERVAL '7 days', NOW(), 0, '/posts/videos/room_119/video_01.mp4', '/rooms/images/room_119/image_01.jpg');
INSERT INTO post_images (post_id, image_order, image_url) VALUES (139, 0, '/rooms/images/room_119/image_01.jpg');
INSERT INTO post_images (post_id, image_order, image_url) VALUES (139, 1, '/rooms/images/room_119/image_02.jpg');
INSERT INTO post_images (post_id, image_order, image_url) VALUES (139, 2, '/rooms/images/room_119/image_03.jpg');
INSERT INTO post_images (post_id, image_order, image_url) VALUES (139, 3, '/rooms/images/room_119/image_04.jpg');
INSERT INTO post_images (post_id, image_order, image_url) VALUES (139, 4, '/rooms/images/room_119/image_05.jpg');
INSERT INTO post_images (post_id, image_order, image_url) VALUES (139, 5, '/rooms/images/room_119/image_06.jpg');
INSERT INTO post_images (post_id, image_order, image_url) VALUES (139, 6, '/rooms/images/room_119/image_07.jpg');

-- ==========================================
-- ROOM 140 near HCMUT - Dist: 4.36km - Price: 4,600,000
-- ==========================================
INSERT INTO rooms (id, landlord_id, room_number, address, province, district, ward, latitude, longitude, area, floor, max_occupancy, direction, has_windows, has_balcony, thumbnail_url, is_pet_friendly, is_parking_available, curfew, rules, view_count, favorite_count, created_at, updated_at, version, nearby_university_id, nearby_university_name, distance_to_university, nearest_bus_station)
VALUES (140, 3, 'P.365', 'Số 98 Tân Lập, Phường Đông Hòa, Dĩ An, Bình Dương', 'Bình Dương', 'Dĩ An', 'Đông Hòa', 10.909067, 106.779527, 36.0, 1, 3, 'WEST', true, true, '/rooms/images/room_120/image_01.jpg', false, true, NULL, 'Giữ trật tự chung sau 22h, dọn dẹp vệ sinh phòng sạch sẽ, phòng cháy chữa cháy an toàn.', 262, 37, NOW() - INTERVAL '4 days', NOW(), 0, 4, 'Trường Đại học Bách Khoa - ĐHQG TP.HCM (Cơ sở Dĩ An)', 4.36, 0.27);
INSERT INTO room_amenities (room_id, amenity_id) VALUES (140, 1) ON CONFLICT DO NOTHING;
INSERT INTO room_amenities (room_id, amenity_id) VALUES (140, 2) ON CONFLICT DO NOTHING;
INSERT INTO room_amenities (room_id, amenity_id) VALUES (140, 3) ON CONFLICT DO NOTHING;
INSERT INTO room_amenities (room_id, amenity_id) VALUES (140, 4) ON CONFLICT DO NOTHING;
INSERT INTO room_amenities (room_id, amenity_id) VALUES (140, 5) ON CONFLICT DO NOTHING;
INSERT INTO room_amenities (room_id, amenity_id) VALUES (140, 6) ON CONFLICT DO NOTHING;
INSERT INTO room_amenities (room_id, amenity_id) VALUES (140, 7) ON CONFLICT DO NOTHING;
INSERT INTO room_amenities (room_id, amenity_id) VALUES (140, 8) ON CONFLICT DO NOTHING;
INSERT INTO room_amenities (room_id, amenity_id) VALUES (140, 9) ON CONFLICT DO NOTHING;
INSERT INTO room_amenities (room_id, amenity_id) VALUES (140, 10) ON CONFLICT DO NOTHING;
INSERT INTO room_amenities (room_id, amenity_id) VALUES (140, 11) ON CONFLICT DO NOTHING;
INSERT INTO room_amenities (room_id, amenity_id) VALUES (140, 12) ON CONFLICT DO NOTHING;
INSERT INTO room_images (room_id, image_url) VALUES (140, '/rooms/images/room_120/image_01.jpg');
INSERT INTO room_images (room_id, image_url) VALUES (140, '/rooms/images/room_120/image_02.jpg');
INSERT INTO room_images (room_id, image_url) VALUES (140, '/rooms/images/room_120/image_03.jpg');
INSERT INTO room_images (room_id, image_url) VALUES (140, '/rooms/images/room_120/image_04.jpg');
INSERT INTO room_images (room_id, image_url) VALUES (140, '/rooms/images/room_120/image_05.jpg');
INSERT INTO room_images (room_id, image_url) VALUES (140, '/rooms/images/room_120/image_06.jpg');
INSERT INTO room_images (room_id, image_url) VALUES (140, '/rooms/images/room_120/image_07.jpg');
INSERT INTO room_images (room_id, image_url) VALUES (140, '/rooms/images/room_120/image_08.jpg');
INSERT INTO room_images (room_id, image_url) VALUES (140, '/rooms/images/room_120/image_09.jpg');
INSERT INTO room_images (room_id, image_url) VALUES (140, '/rooms/images/room_120/image_10.jpg');
INSERT INTO posts (id, landlord_id, room_id, title, description, price, deposit_amount, price_type, status, approved_by, approved_at, expires_at, is_boosted, boosted_until, view_count, favorite_count, contact_count, booking_count, created_at, updated_at, version, video_url, video_thumbnail)
VALUES (140, 3, 140, 'Căn hộ dịch vụ 1PN sang trọng, an ninh 36m2 cách HCMUT 4.36km - Tân Lập', '**Vị trí thuận tiện và yên tĩnh**
- Địa chỉ: Tân Lập, Phường Đông Hòa, Dĩ An.
- Chỉ cách khuôn viên trường Trường Đại học Bách Khoa - ĐHQG TP.HCM (Cơ sở Dĩ An) (HCMUT) khoảng 4.36km. Việc đi học hàng ngày cực kỳ thuận tiện và nhanh chóng bằng xe máy, xe buýt hoặc đi bộ. Khu vực xung quanh cao ráo, không bị ngập nước, đường sá thông thoáng.

**Thiết kế căn phòng**
- Diện tích sử dụng: 36m2. Thiết kế tối ưu không gian, sạch sẽ, thoáng mát, thích hợp cho việc học tập lâu dài.
- Sở hữu cửa sổ lớn đón ánh sáng tự nhiên tốt, giữ phòng luôn khô ráo.
- Có ban công riêng đón gió mát mẻ, thuận tiện cho việc phơi đồ hoặc làm góc thư giãn.

**Các tiện ích lắp sẵn**
- Wifi internet tốc độ cao riêng biệt từng phòng
- Máy điều hòa nhiệt độ Inverter hoạt động êm ái, tiết kiệm điện
- Hệ thống nước nóng lạnh an toàn
- Chỗ để xe máy rộng rãi dưới tầng trệt, an ninh đảm bảo
- Tủ lạnh dung tích lớn tiện lợi lưu trữ đồ ăn
- Khu vực giặt sấy/máy giặt tiện nghi
- Kệ bếp nấu ăn thoáng khí, tủ bếp sạch sẽ

**An ninh và quy định**
- Hệ thống cửa cổng kiểm soát bằng khóa vân tay bảo mật cao kết hợp camera giám sát 24/7.
- Giờ giấc ra vào tự do thoải mái, không chung chủ.
- Môi trường sống văn minh, hàng xóm chủ yếu là sinh viên ngoan ngoãn và nhân viên văn phòng lịch sự.

**Thông tin chi phí thuê**
- Giá thuê hàng tháng: 4,600,000 đ/tháng.
- Tiền đặt cọc: 4,600,000 đ (cam kết hoàn trả đầy đủ khi kết thúc hợp đồng theo đúng thỏa thuận).
- Chỉ số điện nước tính theo đồng hồ riêng gắn trước cửa phòng, cam kết thu đúng chỉ số tiêu thụ thực tế.', 4600000.0, 4600000.0, 'MONTHLY', 'APPROVED', 1, NOW() - INTERVAL '3 days', NOW() + INTERVAL '27 days', false, NULL, 198, 70, 42, 2, NOW() - INTERVAL '5 days', NOW(), 0, '/posts/videos/room_120/video_01.mp4', '/rooms/images/room_120/image_01.jpg');
INSERT INTO post_images (post_id, image_order, image_url) VALUES (140, 0, '/rooms/images/room_120/image_01.jpg');
INSERT INTO post_images (post_id, image_order, image_url) VALUES (140, 1, '/rooms/images/room_120/image_02.jpg');
INSERT INTO post_images (post_id, image_order, image_url) VALUES (140, 2, '/rooms/images/room_120/image_03.jpg');
INSERT INTO post_images (post_id, image_order, image_url) VALUES (140, 3, '/rooms/images/room_120/image_04.jpg');
INSERT INTO post_images (post_id, image_order, image_url) VALUES (140, 4, '/rooms/images/room_120/image_05.jpg');
INSERT INTO post_images (post_id, image_order, image_url) VALUES (140, 5, '/rooms/images/room_120/image_06.jpg');
INSERT INTO post_images (post_id, image_order, image_url) VALUES (140, 6, '/rooms/images/room_120/image_07.jpg');
INSERT INTO post_images (post_id, image_order, image_url) VALUES (140, 7, '/rooms/images/room_120/image_08.jpg');
INSERT INTO post_images (post_id, image_order, image_url) VALUES (140, 8, '/rooms/images/room_120/image_09.jpg');
INSERT INTO post_images (post_id, image_order, image_url) VALUES (140, 9, '/rooms/images/room_120/image_10.jpg');

-- ==========================================
-- ROOM 141 near HCMUS - Dist: 2.25km - Price: 1,500,000
-- ==========================================
INSERT INTO rooms (id, landlord_id, room_number, address, province, district, ward, latitude, longitude, area, floor, max_occupancy, direction, has_windows, has_balcony, thumbnail_url, is_pet_friendly, is_parking_available, curfew, rules, view_count, favorite_count, created_at, updated_at, version, nearby_university_id, nearby_university_name, distance_to_university, nearest_bus_station)
VALUES (141, 4, 'P.167', 'Số 9 Bình Đường, Phường An Bình, Dĩ An, Bình Dương', 'Bình Dương', 'Dĩ An', 'An Bình', 10.858533, 106.788786, 15.0, 4, 2, 'EAST', true, false, '/rooms/images/room_121/image_01.jpg', true, true, '23:00', 'Giữ trật tự chung sau 22h, dọn dẹp vệ sinh phòng sạch sẽ, phòng cháy chữa cháy an toàn.', 205, 19, NOW() - INTERVAL '6 days', NOW(), 0, 5, 'Trường Đại học Khoa học Tự nhiên - ĐHQG TP.HCM (Cơ sở Dĩ An)', 2.25, 0.24);
INSERT INTO room_amenities (room_id, amenity_id) VALUES (141, 1) ON CONFLICT DO NOTHING;
INSERT INTO room_amenities (room_id, amenity_id) VALUES (141, 3) ON CONFLICT DO NOTHING;
INSERT INTO room_amenities (room_id, amenity_id) VALUES (141, 4) ON CONFLICT DO NOTHING;
INSERT INTO room_amenities (room_id, amenity_id) VALUES (141, 9) ON CONFLICT DO NOTHING;
INSERT INTO room_images (room_id, image_url) VALUES (141, '/rooms/images/room_121/image_01.jpg');
INSERT INTO room_images (room_id, image_url) VALUES (141, '/rooms/images/room_121/image_02.jpg');
INSERT INTO room_images (room_id, image_url) VALUES (141, '/rooms/images/room_121/image_03.jpg');
INSERT INTO room_images (room_id, image_url) VALUES (141, '/rooms/images/room_121/image_04.jpg');
INSERT INTO room_images (room_id, image_url) VALUES (141, '/rooms/images/room_121/image_05.jpg');
INSERT INTO posts (id, landlord_id, room_id, title, description, price, deposit_amount, price_type, status, approved_by, approved_at, expires_at, is_boosted, boosted_until, view_count, favorite_count, contact_count, booking_count, created_at, updated_at, version, video_url, video_thumbnail)
VALUES (141, 4, 141, 'Phòng trọ mini giá rẻ sinh viên 15m2 cách HCMUS 2.25km - Bình Đường', '**Vị trí thuận tiện và yên tĩnh**
- Địa chỉ: Bình Đường, Phường An Bình, Dĩ An.
- Chỉ cách khuôn viên trường Trường Đại học Khoa học Tự nhiên - ĐHQG TP.HCM (Cơ sở Dĩ An) (HCMUS) khoảng 2.25km. Việc đi học hàng ngày cực kỳ thuận tiện và nhanh chóng bằng xe máy, xe buýt hoặc đi bộ. Khu vực xung quanh cao ráo, không bị ngập nước, đường sá thông thoáng.

**Thiết kế căn phòng**
- Diện tích sử dụng: 15m2. Thiết kế tối ưu không gian, sạch sẽ, thoáng mát, thích hợp cho việc học tập lâu dài.
- Sở hữu cửa sổ lớn đón ánh sáng tự nhiên tốt, giữ phòng luôn khô ráo.

**Các tiện ích lắp sẵn**
- Wifi internet tốc độ cao riêng biệt từng phòng
- Hệ thống nước nóng lạnh an toàn
- Chỗ để xe máy rộng rãi dưới tầng trệt, an ninh đảm bảo
- Kệ bếp nấu ăn thoáng khí, tủ bếp sạch sẽ

**An ninh và quy định**
- Hệ thống cửa cổng kiểm soát bằng khóa vân tay bảo mật cao kết hợp camera giám sát 24/7.
- Giờ đóng cổng: 23:00 đêm nhằm đảm bảo trật tự chung.
- Môi trường sống văn minh, hàng xóm chủ yếu là sinh viên ngoan ngoãn và nhân viên văn phòng lịch sự.

**Thông tin chi phí thuê**
- Giá thuê hàng tháng: 1,500,000 đ/tháng.
- Tiền đặt cọc: 3,000,000 đ (cam kết hoàn trả đầy đủ khi kết thúc hợp đồng theo đúng thỏa thuận).
- Chỉ số điện nước tính theo đồng hồ riêng gắn trước cửa phòng, cam kết thu đúng chỉ số tiêu thụ thực tế.', 1500000.0, 3000000.0, 'MONTHLY', 'APPROVED', 1, NOW() - INTERVAL '3 days', NOW() + INTERVAL '27 days', false, NULL, 426, 15, 27, 10, NOW() - INTERVAL '4 days', NOW(), 0, '/posts/videos/room_121/video_01.mp4', '/rooms/images/room_121/image_01.jpg');
INSERT INTO post_images (post_id, image_order, image_url) VALUES (141, 0, '/rooms/images/room_121/image_01.jpg');
INSERT INTO post_images (post_id, image_order, image_url) VALUES (141, 1, '/rooms/images/room_121/image_02.jpg');
INSERT INTO post_images (post_id, image_order, image_url) VALUES (141, 2, '/rooms/images/room_121/image_03.jpg');
INSERT INTO post_images (post_id, image_order, image_url) VALUES (141, 3, '/rooms/images/room_121/image_04.jpg');
INSERT INTO post_images (post_id, image_order, image_url) VALUES (141, 4, '/rooms/images/room_121/image_05.jpg');

-- ==========================================
-- ROOM 142 near IU - Dist: 3.2km - Price: 3,800,000
-- ==========================================
INSERT INTO rooms (id, landlord_id, room_number, address, province, district, ward, latitude, longitude, area, floor, max_occupancy, direction, has_windows, has_balcony, thumbnail_url, is_pet_friendly, is_parking_available, curfew, rules, view_count, favorite_count, created_at, updated_at, version, nearby_university_id, nearby_university_name, distance_to_university, nearest_bus_station)
VALUES (142, 2, 'P.577', 'Số 134 Tân Lập, Phường Đông Hòa, Dĩ An, Bình Dương', 'Bình Dương', 'Dĩ An', 'Đông Hòa', 10.905541, 106.79338, 29.0, 4, 3, 'NORTH', true, true, '/rooms/images/room_122/image_01.jpg', true, true, '22:00', 'Giữ trật tự chung sau 22h, dọn dẹp vệ sinh phòng sạch sẽ, phòng cháy chữa cháy an toàn.', 190, 27, NOW() - INTERVAL '9 days', NOW(), 0, 6, 'Trường Đại học Quốc tế - ĐHQG TP.HCM', 3.2, 0.14);
INSERT INTO room_amenities (room_id, amenity_id) VALUES (142, 1) ON CONFLICT DO NOTHING;
INSERT INTO room_amenities (room_id, amenity_id) VALUES (142, 2) ON CONFLICT DO NOTHING;
INSERT INTO room_amenities (room_id, amenity_id) VALUES (142, 3) ON CONFLICT DO NOTHING;
INSERT INTO room_amenities (room_id, amenity_id) VALUES (142, 4) ON CONFLICT DO NOTHING;
INSERT INTO room_amenities (room_id, amenity_id) VALUES (142, 5) ON CONFLICT DO NOTHING;
INSERT INTO room_amenities (room_id, amenity_id) VALUES (142, 6) ON CONFLICT DO NOTHING;
INSERT INTO room_amenities (room_id, amenity_id) VALUES (142, 7) ON CONFLICT DO NOTHING;
INSERT INTO room_amenities (room_id, amenity_id) VALUES (142, 9) ON CONFLICT DO NOTHING;
INSERT INTO room_amenities (room_id, amenity_id) VALUES (142, 12) ON CONFLICT DO NOTHING;
INSERT INTO room_images (room_id, image_url) VALUES (142, '/rooms/images/room_122/image_01.jpg');
INSERT INTO room_images (room_id, image_url) VALUES (142, '/rooms/images/room_122/image_02.jpg');
INSERT INTO room_images (room_id, image_url) VALUES (142, '/rooms/images/room_122/image_03.jpg');
INSERT INTO room_images (room_id, image_url) VALUES (142, '/rooms/images/room_122/image_04.jpg');
INSERT INTO room_images (room_id, image_url) VALUES (142, '/rooms/images/room_122/image_05.jpg');
INSERT INTO room_images (room_id, image_url) VALUES (142, '/rooms/images/room_122/image_06.jpg');
INSERT INTO room_images (room_id, image_url) VALUES (142, '/rooms/images/room_122/image_07.jpg');
INSERT INTO posts (id, landlord_id, room_id, title, description, price, deposit_amount, price_type, status, approved_by, approved_at, expires_at, is_boosted, boosted_until, view_count, favorite_count, contact_count, booking_count, created_at, updated_at, version, video_url, video_thumbnail)
VALUES (142, 2, 142, 'Căn hộ Studio gác lửng full nội thất 29m2 cách IU 3.2km - Tân Lập', '**Vị trí thuận tiện và yên tĩnh**
- Địa chỉ: Tân Lập, Phường Đông Hòa, Dĩ An.
- Chỉ cách khuôn viên trường Trường Đại học Quốc tế - ĐHQG TP.HCM (IU) khoảng 3.20km. Việc đi học hàng ngày cực kỳ thuận tiện và nhanh chóng bằng xe máy, xe buýt hoặc đi bộ. Khu vực xung quanh cao ráo, không bị ngập nước, đường sá thông thoáng.

**Thiết kế căn phòng**
- Diện tích sử dụng: 29m2. Thiết kế tối ưu không gian, sạch sẽ, thoáng mát, thích hợp cho việc học tập lâu dài.
- Sở hữu cửa sổ lớn đón ánh sáng tự nhiên tốt, giữ phòng luôn khô ráo.
- Có ban công riêng đón gió mát mẻ, thuận tiện cho việc phơi đồ hoặc làm góc thư giãn.

**Các tiện ích lắp sẵn**
- Wifi internet tốc độ cao riêng biệt từng phòng
- Máy điều hòa nhiệt độ Inverter hoạt động êm ái, tiết kiệm điện
- Hệ thống nước nóng lạnh an toàn
- Chỗ để xe máy rộng rãi dưới tầng trệt, an ninh đảm bảo
- Tủ lạnh dung tích lớn tiện lợi lưu trữ đồ ăn
- Khu vực giặt sấy/máy giặt tiện nghi
- Kệ bếp nấu ăn thoáng khí, tủ bếp sạch sẽ

**An ninh và quy định**
- Hệ thống cửa cổng kiểm soát bằng khóa vân tay bảo mật cao kết hợp camera giám sát 24/7.
- Giờ đóng cổng: 22:00 đêm nhằm đảm bảo trật tự chung.
- Môi trường sống văn minh, hàng xóm chủ yếu là sinh viên ngoan ngoãn và nhân viên văn phòng lịch sự.

**Thông tin chi phí thuê**
- Giá thuê hàng tháng: 3,800,000 đ/tháng.
- Tiền đặt cọc: 7,600,000 đ (cam kết hoàn trả đầy đủ khi kết thúc hợp đồng theo đúng thỏa thuận).
- Chỉ số điện nước tính theo đồng hồ riêng gắn trước cửa phòng, cam kết thu đúng chỉ số tiêu thụ thực tế.', 3800000.0, 7600000.0, 'MONTHLY', 'APPROVED', 1, NOW() - INTERVAL '3 days', NOW() + INTERVAL '27 days', false, NULL, 467, 23, 21, 9, NOW() - INTERVAL '3 days', NOW(), 0, '/posts/videos/room_122/video_01.mp4', '/rooms/images/room_122/image_01.jpg');
INSERT INTO post_images (post_id, image_order, image_url) VALUES (142, 0, '/rooms/images/room_122/image_01.jpg');
INSERT INTO post_images (post_id, image_order, image_url) VALUES (142, 1, '/rooms/images/room_122/image_02.jpg');
INSERT INTO post_images (post_id, image_order, image_url) VALUES (142, 2, '/rooms/images/room_122/image_03.jpg');
INSERT INTO post_images (post_id, image_order, image_url) VALUES (142, 3, '/rooms/images/room_122/image_04.jpg');
INSERT INTO post_images (post_id, image_order, image_url) VALUES (142, 4, '/rooms/images/room_122/image_05.jpg');
INSERT INTO post_images (post_id, image_order, image_url) VALUES (142, 5, '/rooms/images/room_122/image_06.jpg');
INSERT INTO post_images (post_id, image_order, image_url) VALUES (142, 6, '/rooms/images/room_122/image_07.jpg');

-- ==========================================
-- ROOM 143 near UEH - Dist: 4.44km - Price: 1,100,000
-- ==========================================
INSERT INTO rooms (id, landlord_id, room_number, address, province, district, ward, latitude, longitude, area, floor, max_occupancy, direction, has_windows, has_balcony, thumbnail_url, is_pet_friendly, is_parking_available, curfew, rules, view_count, favorite_count, created_at, updated_at, version, nearby_university_id, nearby_university_name, distance_to_university, nearest_bus_station)
VALUES (143, 3, 'P.688', 'Số 110 Bàn Cờ, Phường 5, Quận 3, TP Hồ Chí Minh', 'TP Hồ Chí Minh', 'Quận 3', 'Phường 5', 10.791843, 106.656536, 37.0, 7, 6, 'NORTH', true, false, '/rooms/images/room_123/image_01.jpg', true, false, NULL, 'Giữ trật tự chung sau 22h, dọn dẹp vệ sinh phòng sạch sẽ, phòng cháy chữa cháy an toàn.', 96, 10, NOW() - INTERVAL '4 days', NOW(), 0, 7, 'Trường Đại học Kinh tế TP.HCM (Cơ sở A)', 4.44, 0.48);
INSERT INTO room_amenities (room_id, amenity_id) VALUES (143, 1) ON CONFLICT DO NOTHING;
INSERT INTO room_amenities (room_id, amenity_id) VALUES (143, 2) ON CONFLICT DO NOTHING;
INSERT INTO room_amenities (room_id, amenity_id) VALUES (143, 3) ON CONFLICT DO NOTHING;
INSERT INTO room_amenities (room_id, amenity_id) VALUES (143, 4) ON CONFLICT DO NOTHING;
INSERT INTO room_amenities (room_id, amenity_id) VALUES (143, 5) ON CONFLICT DO NOTHING;
INSERT INTO room_amenities (room_id, amenity_id) VALUES (143, 7) ON CONFLICT DO NOTHING;
INSERT INTO room_amenities (room_id, amenity_id) VALUES (143, 11) ON CONFLICT DO NOTHING;
INSERT INTO room_amenities (room_id, amenity_id) VALUES (143, 12) ON CONFLICT DO NOTHING;
INSERT INTO room_images (room_id, image_url) VALUES (143, '/rooms/images/room_123/image_01.jpg');
INSERT INTO room_images (room_id, image_url) VALUES (143, '/rooms/images/room_123/image_02.jpg');
INSERT INTO room_images (room_id, image_url) VALUES (143, '/rooms/images/room_123/image_03.jpg');
INSERT INTO room_images (room_id, image_url) VALUES (143, '/rooms/images/room_123/image_04.jpg');
INSERT INTO room_images (room_id, image_url) VALUES (143, '/rooms/images/room_123/image_05.jpg');
INSERT INTO posts (id, landlord_id, room_id, title, description, price, deposit_amount, price_type, status, approved_by, approved_at, expires_at, is_boosted, boosted_until, view_count, favorite_count, contact_count, booking_count, created_at, updated_at, version, video_url, video_thumbnail)
VALUES (143, 3, 143, 'Sleepbox cao cấp tiện nghi, bảo mật 37m2 cách UEH 4.44km - Bàn Cờ', '**Vị trí thuận tiện và yên tĩnh**
- Địa chỉ: Bàn Cờ, Phường 5, Quận 3.
- Chỉ cách khuôn viên trường Trường Đại học Kinh tế TP.HCM (Cơ sở A) (UEH) khoảng 4.44km. Việc đi học hàng ngày cực kỳ thuận tiện và nhanh chóng bằng xe máy, xe buýt hoặc đi bộ. Khu vực xung quanh cao ráo, không bị ngập nước, đường sá thông thoáng.

**Thiết kế căn phòng**
- Diện tích sử dụng: 37m2. Thiết kế tối ưu không gian, sạch sẽ, thoáng mát, thích hợp cho việc học tập lâu dài.
- Sở hữu cửa sổ lớn đón ánh sáng tự nhiên tốt, giữ phòng luôn khô ráo.

**Các tiện ích lắp sẵn**
- Wifi internet tốc độ cao riêng biệt từng phòng
- Máy điều hòa nhiệt độ Inverter hoạt động êm ái, tiết kiệm điện
- Hệ thống nước nóng lạnh an toàn
- Chỗ để xe máy rộng rãi dưới tầng trệt, an ninh đảm bảo
- Khu vực giặt sấy/máy giặt tiện nghi

**An ninh và quy định**
- Hệ thống cửa cổng kiểm soát bằng khóa vân tay bảo mật cao kết hợp camera giám sát 24/7.
- Giờ giấc ra vào tự do thoải mái, không chung chủ.
- Môi trường sống văn minh, hàng xóm chủ yếu là sinh viên ngoan ngoãn và nhân viên văn phòng lịch sự.

**Thông tin chi phí thuê**
- Giá thuê hàng tháng: 1,100,000 đ/tháng.
- Tiền đặt cọc: 1,100,000 đ (cam kết hoàn trả đầy đủ khi kết thúc hợp đồng theo đúng thỏa thuận).
- Chỉ số điện nước tính theo đồng hồ riêng gắn trước cửa phòng, cam kết thu đúng chỉ số tiêu thụ thực tế.', 1100000.0, 1100000.0, 'MONTHLY', 'APPROVED', 1, NOW() - INTERVAL '3 days', NOW() + INTERVAL '27 days', true, NOW() + INTERVAL '5 days', 413, 71, 22, 3, NOW() - INTERVAL '10 days', NOW(), 0, '/posts/videos/room_123/video_01.mp4', '/rooms/images/room_123/image_01.jpg');
INSERT INTO post_images (post_id, image_order, image_url) VALUES (143, 0, '/rooms/images/room_123/image_01.jpg');
INSERT INTO post_images (post_id, image_order, image_url) VALUES (143, 1, '/rooms/images/room_123/image_02.jpg');
INSERT INTO post_images (post_id, image_order, image_url) VALUES (143, 2, '/rooms/images/room_123/image_03.jpg');
INSERT INTO post_images (post_id, image_order, image_url) VALUES (143, 3, '/rooms/images/room_123/image_04.jpg');
INSERT INTO post_images (post_id, image_order, image_url) VALUES (143, 4, '/rooms/images/room_123/image_05.jpg');

-- ==========================================
-- ROOM 144 near FTU2 - Dist: 3.55km - Price: 2,200,000
-- ==========================================
INSERT INTO rooms (id, landlord_id, room_number, address, province, district, ward, latitude, longitude, area, floor, max_occupancy, direction, has_windows, has_balcony, thumbnail_url, is_pet_friendly, is_parking_available, curfew, rules, view_count, favorite_count, created_at, updated_at, version, nearby_university_id, nearby_university_name, distance_to_university, nearest_bus_station)
VALUES (144, 4, 'P.499', 'Số 84 Điện Biên Phủ, Phường 25, Bình Thạnh, TP Hồ Chí Minh', 'TP Hồ Chí Minh', 'Bình Thạnh', 'Phường 25', 10.773378, 106.700588, 20.0, 5, 2, 'NORTHEAST', true, true, '/rooms/images/room_124/image_01.jpg', false, true, '22:00', 'Giữ trật tự chung sau 22h, dọn dẹp vệ sinh phòng sạch sẽ, phòng cháy chữa cháy an toàn.', 157, 41, NOW() - INTERVAL '15 days', NOW(), 0, 8, 'Trường Đại học Ngoại thương - Cơ sở 2', 3.55, 0.33);
INSERT INTO room_amenities (room_id, amenity_id) VALUES (144, 1) ON CONFLICT DO NOTHING;
INSERT INTO room_amenities (room_id, amenity_id) VALUES (144, 2) ON CONFLICT DO NOTHING;
INSERT INTO room_amenities (room_id, amenity_id) VALUES (144, 3) ON CONFLICT DO NOTHING;
INSERT INTO room_amenities (room_id, amenity_id) VALUES (144, 4) ON CONFLICT DO NOTHING;
INSERT INTO room_amenities (room_id, amenity_id) VALUES (144, 5) ON CONFLICT DO NOTHING;
INSERT INTO room_amenities (room_id, amenity_id) VALUES (144, 6) ON CONFLICT DO NOTHING;
INSERT INTO room_amenities (room_id, amenity_id) VALUES (144, 9) ON CONFLICT DO NOTHING;
INSERT INTO room_images (room_id, image_url) VALUES (144, '/rooms/images/room_124/image_01.jpg');
INSERT INTO room_images (room_id, image_url) VALUES (144, '/rooms/images/room_124/image_02.jpg');
INSERT INTO room_images (room_id, image_url) VALUES (144, '/rooms/images/room_124/image_03.jpg');
INSERT INTO room_images (room_id, image_url) VALUES (144, '/rooms/images/room_124/image_04.jpg');
INSERT INTO room_images (room_id, image_url) VALUES (144, '/rooms/images/room_124/image_05.jpg');
INSERT INTO room_images (room_id, image_url) VALUES (144, '/rooms/images/room_124/image_06.jpg');
INSERT INTO room_images (room_id, image_url) VALUES (144, '/rooms/images/room_124/image_07.jpg');
INSERT INTO room_images (room_id, image_url) VALUES (144, '/rooms/images/room_124/image_08.jpg');
INSERT INTO room_images (room_id, image_url) VALUES (144, '/rooms/images/room_124/image_09.jpg');
INSERT INTO room_images (room_id, image_url) VALUES (144, '/rooms/images/room_124/image_10.jpg');
INSERT INTO posts (id, landlord_id, room_id, title, description, price, deposit_amount, price_type, status, approved_by, approved_at, expires_at, is_boosted, boosted_until, view_count, favorite_count, contact_count, booking_count, created_at, updated_at, version, video_url, video_thumbnail)
VALUES (144, 4, 144, 'Phòng trọ ban công thoáng mát gần trường 20m2 cách FTU2 3.55km - Điện Biên Phủ', '**Vị trí thuận tiện và yên tĩnh**
- Địa chỉ: Điện Biên Phủ, Phường 25, Bình Thạnh.
- Chỉ cách khuôn viên trường Trường Đại học Ngoại thương - Cơ sở 2 (FTU2) khoảng 3.55km. Việc đi học hàng ngày cực kỳ thuận tiện và nhanh chóng bằng xe máy, xe buýt hoặc đi bộ. Khu vực xung quanh cao ráo, không bị ngập nước, đường sá thông thoáng.

**Thiết kế căn phòng**
- Diện tích sử dụng: 20m2. Thiết kế tối ưu không gian, sạch sẽ, thoáng mát, thích hợp cho việc học tập lâu dài.
- Sở hữu cửa sổ lớn đón ánh sáng tự nhiên tốt, giữ phòng luôn khô ráo.
- Có ban công riêng đón gió mát mẻ, thuận tiện cho việc phơi đồ hoặc làm góc thư giãn.

**Các tiện ích lắp sẵn**
- Wifi internet tốc độ cao riêng biệt từng phòng
- Máy điều hòa nhiệt độ Inverter hoạt động êm ái, tiết kiệm điện
- Hệ thống nước nóng lạnh an toàn
- Chỗ để xe máy rộng rãi dưới tầng trệt, an ninh đảm bảo
- Tủ lạnh dung tích lớn tiện lợi lưu trữ đồ ăn
- Kệ bếp nấu ăn thoáng khí, tủ bếp sạch sẽ

**An ninh và quy định**
- Hệ thống cửa cổng kiểm soát bằng khóa vân tay bảo mật cao kết hợp camera giám sát 24/7.
- Giờ đóng cổng: 22:00 đêm nhằm đảm bảo trật tự chung.
- Môi trường sống văn minh, hàng xóm chủ yếu là sinh viên ngoan ngoãn và nhân viên văn phòng lịch sự.

**Thông tin chi phí thuê**
- Giá thuê hàng tháng: 2,200,000 đ/tháng.
- Tiền đặt cọc: 4,400,000 đ (cam kết hoàn trả đầy đủ khi kết thúc hợp đồng theo đúng thỏa thuận).
- Chỉ số điện nước tính theo đồng hồ riêng gắn trước cửa phòng, cam kết thu đúng chỉ số tiêu thụ thực tế.', 2200000.0, 4400000.0, 'MONTHLY', 'APPROVED', 1, NOW() - INTERVAL '3 days', NOW() + INTERVAL '27 days', false, NULL, 274, 34, 13, 2, NOW() - INTERVAL '7 days', NOW(), 0, '/posts/videos/room_124/video_01.mp4', '/rooms/images/room_124/image_01.jpg');
INSERT INTO post_images (post_id, image_order, image_url) VALUES (144, 0, '/rooms/images/room_124/image_01.jpg');
INSERT INTO post_images (post_id, image_order, image_url) VALUES (144, 1, '/rooms/images/room_124/image_02.jpg');
INSERT INTO post_images (post_id, image_order, image_url) VALUES (144, 2, '/rooms/images/room_124/image_03.jpg');
INSERT INTO post_images (post_id, image_order, image_url) VALUES (144, 3, '/rooms/images/room_124/image_04.jpg');
INSERT INTO post_images (post_id, image_order, image_url) VALUES (144, 4, '/rooms/images/room_124/image_05.jpg');
INSERT INTO post_images (post_id, image_order, image_url) VALUES (144, 5, '/rooms/images/room_124/image_06.jpg');
INSERT INTO post_images (post_id, image_order, image_url) VALUES (144, 6, '/rooms/images/room_124/image_07.jpg');
INSERT INTO post_images (post_id, image_order, image_url) VALUES (144, 7, '/rooms/images/room_124/image_08.jpg');
INSERT INTO post_images (post_id, image_order, image_url) VALUES (144, 8, '/rooms/images/room_124/image_09.jpg');
INSERT INTO post_images (post_id, image_order, image_url) VALUES (144, 9, '/rooms/images/room_124/image_10.jpg');

-- ==========================================
-- ROOM 145 near NLU - Dist: 3.42km - Price: 5,200,000
-- ==========================================
INSERT INTO rooms (id, landlord_id, room_number, address, province, district, ward, latitude, longitude, area, floor, max_occupancy, direction, has_windows, has_balcony, thumbnail_url, is_pet_friendly, is_parking_available, curfew, rules, view_count, favorite_count, created_at, updated_at, version, nearby_university_id, nearby_university_name, distance_to_university, nearest_bus_station)
VALUES (145, 2, 'P.594', 'Số 15 Đường số 5, Phường Hiệp Phú, Thủ Đức, TP Hồ Chí Minh', 'TP Hồ Chí Minh', 'Thủ Đức', 'Hiệp Phú', 10.899966, 106.780408, 43.0, 2, 3, 'NORTH', true, true, '/rooms/images/room_125/image_01.jpg', false, true, '23:00', 'Giữ trật tự chung sau 22h, dọn dẹp vệ sinh phòng sạch sẽ, phòng cháy chữa cháy an toàn.', 108, 32, NOW() - INTERVAL '15 days', NOW(), 0, 1, 'Trường Đại học Nông Lâm TP.HCM', 3.42, 0.28);
INSERT INTO room_amenities (room_id, amenity_id) VALUES (145, 1) ON CONFLICT DO NOTHING;
INSERT INTO room_amenities (room_id, amenity_id) VALUES (145, 2) ON CONFLICT DO NOTHING;
INSERT INTO room_amenities (room_id, amenity_id) VALUES (145, 3) ON CONFLICT DO NOTHING;
INSERT INTO room_amenities (room_id, amenity_id) VALUES (145, 4) ON CONFLICT DO NOTHING;
INSERT INTO room_amenities (room_id, amenity_id) VALUES (145, 5) ON CONFLICT DO NOTHING;
INSERT INTO room_amenities (room_id, amenity_id) VALUES (145, 6) ON CONFLICT DO NOTHING;
INSERT INTO room_amenities (room_id, amenity_id) VALUES (145, 7) ON CONFLICT DO NOTHING;
INSERT INTO room_amenities (room_id, amenity_id) VALUES (145, 8) ON CONFLICT DO NOTHING;
INSERT INTO room_amenities (room_id, amenity_id) VALUES (145, 9) ON CONFLICT DO NOTHING;
INSERT INTO room_amenities (room_id, amenity_id) VALUES (145, 10) ON CONFLICT DO NOTHING;
INSERT INTO room_amenities (room_id, amenity_id) VALUES (145, 11) ON CONFLICT DO NOTHING;
INSERT INTO room_amenities (room_id, amenity_id) VALUES (145, 12) ON CONFLICT DO NOTHING;
INSERT INTO room_images (room_id, image_url) VALUES (145, '/rooms/images/room_125/image_01.jpg');
INSERT INTO room_images (room_id, image_url) VALUES (145, '/rooms/images/room_125/image_02.jpg');
INSERT INTO room_images (room_id, image_url) VALUES (145, '/rooms/images/room_125/image_03.jpg');
INSERT INTO room_images (room_id, image_url) VALUES (145, '/rooms/images/room_125/image_04.jpg');
INSERT INTO room_images (room_id, image_url) VALUES (145, '/rooms/images/room_125/image_05.jpg');
INSERT INTO room_images (room_id, image_url) VALUES (145, '/rooms/images/room_125/image_06.jpg');
INSERT INTO room_images (room_id, image_url) VALUES (145, '/rooms/images/room_125/image_07.jpg');
INSERT INTO room_images (room_id, image_url) VALUES (145, '/rooms/images/room_125/image_08.jpg');
INSERT INTO posts (id, landlord_id, room_id, title, description, price, deposit_amount, price_type, status, approved_by, approved_at, expires_at, is_boosted, boosted_until, view_count, favorite_count, contact_count, booking_count, created_at, updated_at, version, video_url, video_thumbnail)
VALUES (145, 2, 145, 'Căn hộ dịch vụ 1PN sang trọng, an ninh 43m2 cách NLU 3.42km - Đường số 5', '**Vị trí thuận tiện và yên tĩnh**
- Địa chỉ: Đường số 5, Phường Hiệp Phú, Thủ Đức.
- Chỉ cách khuôn viên trường Trường Đại học Nông Lâm TP.HCM (NLU) khoảng 3.42km. Việc đi học hàng ngày cực kỳ thuận tiện và nhanh chóng bằng xe máy, xe buýt hoặc đi bộ. Khu vực xung quanh cao ráo, không bị ngập nước, đường sá thông thoáng.

**Thiết kế căn phòng**
- Diện tích sử dụng: 43m2. Thiết kế tối ưu không gian, sạch sẽ, thoáng mát, thích hợp cho việc học tập lâu dài.
- Sở hữu cửa sổ lớn đón ánh sáng tự nhiên tốt, giữ phòng luôn khô ráo.
- Có ban công riêng đón gió mát mẻ, thuận tiện cho việc phơi đồ hoặc làm góc thư giãn.

**Các tiện ích lắp sẵn**
- Wifi internet tốc độ cao riêng biệt từng phòng
- Máy điều hòa nhiệt độ Inverter hoạt động êm ái, tiết kiệm điện
- Hệ thống nước nóng lạnh an toàn
- Chỗ để xe máy rộng rãi dưới tầng trệt, an ninh đảm bảo
- Tủ lạnh dung tích lớn tiện lợi lưu trữ đồ ăn
- Khu vực giặt sấy/máy giặt tiện nghi
- Kệ bếp nấu ăn thoáng khí, tủ bếp sạch sẽ

**An ninh và quy định**
- Hệ thống cửa cổng kiểm soát bằng khóa vân tay bảo mật cao kết hợp camera giám sát 24/7.
- Giờ đóng cổng: 23:00 đêm nhằm đảm bảo trật tự chung.
- Môi trường sống văn minh, hàng xóm chủ yếu là sinh viên ngoan ngoãn và nhân viên văn phòng lịch sự.

**Thông tin chi phí thuê**
- Giá thuê hàng tháng: 5,200,000 đ/tháng.
- Tiền đặt cọc: 5,200,000 đ (cam kết hoàn trả đầy đủ khi kết thúc hợp đồng theo đúng thỏa thuận).
- Chỉ số điện nước tính theo đồng hồ riêng gắn trước cửa phòng, cam kết thu đúng chỉ số tiêu thụ thực tế.', 5200000.0, 5200000.0, 'MONTHLY', 'APPROVED', 1, NOW() - INTERVAL '3 days', NOW() + INTERVAL '27 days', false, NULL, 151, 47, 38, 6, NOW() - INTERVAL '7 days', NOW(), 0, '/posts/videos/room_125/video_01.mp4', '/rooms/images/room_125/image_01.jpg');
INSERT INTO post_images (post_id, image_order, image_url) VALUES (145, 0, '/rooms/images/room_125/image_01.jpg');
INSERT INTO post_images (post_id, image_order, image_url) VALUES (145, 1, '/rooms/images/room_125/image_02.jpg');
INSERT INTO post_images (post_id, image_order, image_url) VALUES (145, 2, '/rooms/images/room_125/image_03.jpg');
INSERT INTO post_images (post_id, image_order, image_url) VALUES (145, 3, '/rooms/images/room_125/image_04.jpg');
INSERT INTO post_images (post_id, image_order, image_url) VALUES (145, 4, '/rooms/images/room_125/image_05.jpg');
INSERT INTO post_images (post_id, image_order, image_url) VALUES (145, 5, '/rooms/images/room_125/image_06.jpg');
INSERT INTO post_images (post_id, image_order, image_url) VALUES (145, 6, '/rooms/images/room_125/image_07.jpg');
INSERT INTO post_images (post_id, image_order, image_url) VALUES (145, 7, '/rooms/images/room_125/image_08.jpg');

-- ==========================================
-- ROOM 146 near HCMUTE - Dist: 0.51km - Price: 1,600,000
-- ==========================================
INSERT INTO rooms (id, landlord_id, room_number, address, province, district, ward, latitude, longitude, area, floor, max_occupancy, direction, has_windows, has_balcony, thumbnail_url, is_pet_friendly, is_parking_available, curfew, rules, view_count, favorite_count, created_at, updated_at, version, nearby_university_id, nearby_university_name, distance_to_university, nearest_bus_station)
VALUES (146, 3, 'P.463', 'Số 93 Võ Văn Ngân, Phường Linh Chiểu, Thủ Đức, TP Hồ Chí Minh', 'TP Hồ Chí Minh', 'Thủ Đức', 'Linh Chiểu', 10.846828, 106.772324, 16.0, 3, 2, 'SOUTHEAST', true, false, '/rooms/images/room_126/image_01.jpg', false, true, NULL, 'Giữ trật tự chung sau 22h, dọn dẹp vệ sinh phòng sạch sẽ, phòng cháy chữa cháy an toàn.', 120, 32, NOW() - INTERVAL '11 days', NOW(), 0, 2, 'Trường Đại học Sư phạm Kỹ thuật TP.HCM', 0.51, 0.19);
INSERT INTO room_amenities (room_id, amenity_id) VALUES (146, 1) ON CONFLICT DO NOTHING;
INSERT INTO room_amenities (room_id, amenity_id) VALUES (146, 3) ON CONFLICT DO NOTHING;
INSERT INTO room_amenities (room_id, amenity_id) VALUES (146, 4) ON CONFLICT DO NOTHING;
INSERT INTO room_amenities (room_id, amenity_id) VALUES (146, 9) ON CONFLICT DO NOTHING;
INSERT INTO room_images (room_id, image_url) VALUES (146, '/rooms/images/room_126/image_01.jpg');
INSERT INTO room_images (room_id, image_url) VALUES (146, '/rooms/images/room_126/image_02.jpg');
INSERT INTO room_images (room_id, image_url) VALUES (146, '/rooms/images/room_126/image_03.jpg');
INSERT INTO room_images (room_id, image_url) VALUES (146, '/rooms/images/room_126/image_04.jpg');
INSERT INTO room_images (room_id, image_url) VALUES (146, '/rooms/images/room_126/image_05.jpg');
INSERT INTO room_images (room_id, image_url) VALUES (146, '/rooms/images/room_126/image_06.jpg');
INSERT INTO posts (id, landlord_id, room_id, title, description, price, deposit_amount, price_type, status, approved_by, approved_at, expires_at, is_boosted, boosted_until, view_count, favorite_count, contact_count, booking_count, created_at, updated_at, version, video_url, video_thumbnail)
VALUES (146, 3, 146, 'Phòng trọ mini giá rẻ sinh viên 16m2 cách HCMUTE 0.51km - Võ Văn Ngân', '**Vị trí thuận tiện và yên tĩnh**
- Địa chỉ: Võ Văn Ngân, Phường Linh Chiểu, Thủ Đức.
- Chỉ cách khuôn viên trường Trường Đại học Sư phạm Kỹ thuật TP.HCM (HCMUTE) khoảng 0.51km. Việc đi học hàng ngày cực kỳ thuận tiện và nhanh chóng bằng xe máy, xe buýt hoặc đi bộ. Khu vực xung quanh cao ráo, không bị ngập nước, đường sá thông thoáng.

**Thiết kế căn phòng**
- Diện tích sử dụng: 16m2. Thiết kế tối ưu không gian, sạch sẽ, thoáng mát, thích hợp cho việc học tập lâu dài.
- Sở hữu cửa sổ lớn đón ánh sáng tự nhiên tốt, giữ phòng luôn khô ráo.

**Các tiện ích lắp sẵn**
- Wifi internet tốc độ cao riêng biệt từng phòng
- Hệ thống nước nóng lạnh an toàn
- Chỗ để xe máy rộng rãi dưới tầng trệt, an ninh đảm bảo
- Kệ bếp nấu ăn thoáng khí, tủ bếp sạch sẽ

**An ninh và quy định**
- Hệ thống cửa cổng kiểm soát bằng khóa vân tay bảo mật cao kết hợp camera giám sát 24/7.
- Giờ giấc ra vào tự do thoải mái, không chung chủ.
- Môi trường sống văn minh, hàng xóm chủ yếu là sinh viên ngoan ngoãn và nhân viên văn phòng lịch sự.

**Thông tin chi phí thuê**
- Giá thuê hàng tháng: 1,600,000 đ/tháng.
- Tiền đặt cọc: 1,600,000 đ (cam kết hoàn trả đầy đủ khi kết thúc hợp đồng theo đúng thỏa thuận).
- Chỉ số điện nước tính theo đồng hồ riêng gắn trước cửa phòng, cam kết thu đúng chỉ số tiêu thụ thực tế.', 1600000.0, 1600000.0, 'MONTHLY', 'APPROVED', 1, NOW() - INTERVAL '3 days', NOW() + INTERVAL '27 days', false, NULL, 363, 20, 8, 6, NOW() - INTERVAL '4 days', NOW(), 0, '/posts/videos/room_126/video_01.mp4', '/rooms/images/room_126/image_01.jpg');
INSERT INTO post_images (post_id, image_order, image_url) VALUES (146, 0, '/rooms/images/room_126/image_01.jpg');
INSERT INTO post_images (post_id, image_order, image_url) VALUES (146, 1, '/rooms/images/room_126/image_02.jpg');
INSERT INTO post_images (post_id, image_order, image_url) VALUES (146, 2, '/rooms/images/room_126/image_03.jpg');
INSERT INTO post_images (post_id, image_order, image_url) VALUES (146, 3, '/rooms/images/room_126/image_04.jpg');
INSERT INTO post_images (post_id, image_order, image_url) VALUES (146, 4, '/rooms/images/room_126/image_05.jpg');
INSERT INTO post_images (post_id, image_order, image_url) VALUES (146, 5, '/rooms/images/room_126/image_06.jpg');

-- ==========================================
-- ROOM 147 near UIT - Dist: 4.56km - Price: 2,800,000
-- ==========================================
INSERT INTO rooms (id, landlord_id, room_number, address, province, district, ward, latitude, longitude, area, floor, max_occupancy, direction, has_windows, has_balcony, thumbnail_url, is_pet_friendly, is_parking_available, curfew, rules, view_count, favorite_count, created_at, updated_at, version, nearby_university_id, nearby_university_name, distance_to_university, nearest_bus_station)
VALUES (147, 4, 'P.350', 'Số 22 Đường số 12, Phường Linh Trung, Thủ Đức, TP Hồ Chí Minh', 'TP Hồ Chí Minh', 'Thủ Đức', 'Linh Trung', 10.893129, 106.768585, 30.0, 6, 3, 'SOUTHEAST', true, true, '/rooms/images/room_127/image_01.jpg', true, true, '22:00', 'Giữ trật tự chung sau 22h, dọn dẹp vệ sinh phòng sạch sẽ, phòng cháy chữa cháy an toàn.', 172, 7, NOW() - INTERVAL '14 days', NOW(), 0, 3, 'Trường Đại học Công nghệ thông tin - ĐHQG TP.HCM', 4.56, 0.45);
INSERT INTO room_amenities (room_id, amenity_id) VALUES (147, 1) ON CONFLICT DO NOTHING;
INSERT INTO room_amenities (room_id, amenity_id) VALUES (147, 2) ON CONFLICT DO NOTHING;
INSERT INTO room_amenities (room_id, amenity_id) VALUES (147, 3) ON CONFLICT DO NOTHING;
INSERT INTO room_amenities (room_id, amenity_id) VALUES (147, 4) ON CONFLICT DO NOTHING;
INSERT INTO room_amenities (room_id, amenity_id) VALUES (147, 5) ON CONFLICT DO NOTHING;
INSERT INTO room_amenities (room_id, amenity_id) VALUES (147, 6) ON CONFLICT DO NOTHING;
INSERT INTO room_amenities (room_id, amenity_id) VALUES (147, 7) ON CONFLICT DO NOTHING;
INSERT INTO room_amenities (room_id, amenity_id) VALUES (147, 9) ON CONFLICT DO NOTHING;
INSERT INTO room_amenities (room_id, amenity_id) VALUES (147, 12) ON CONFLICT DO NOTHING;
INSERT INTO room_images (room_id, image_url) VALUES (147, '/rooms/images/room_127/image_01.jpg');
INSERT INTO room_images (room_id, image_url) VALUES (147, '/rooms/images/room_127/image_02.jpg');
INSERT INTO room_images (room_id, image_url) VALUES (147, '/rooms/images/room_127/image_03.jpg');
INSERT INTO room_images (room_id, image_url) VALUES (147, '/rooms/images/room_127/image_04.jpg');
INSERT INTO room_images (room_id, image_url) VALUES (147, '/rooms/images/room_127/image_05.jpg');
INSERT INTO posts (id, landlord_id, room_id, title, description, price, deposit_amount, price_type, status, approved_by, approved_at, expires_at, is_boosted, boosted_until, view_count, favorite_count, contact_count, booking_count, created_at, updated_at, version, video_url, video_thumbnail)
VALUES (147, 4, 147, 'Căn hộ Studio gác lửng full nội thất 30m2 cách UIT 4.56km - Đường số 12', '**Vị trí thuận tiện và yên tĩnh**
- Địa chỉ: Đường số 12, Phường Linh Trung, Thủ Đức.
- Chỉ cách khuôn viên trường Trường Đại học Công nghệ thông tin - ĐHQG TP.HCM (UIT) khoảng 4.56km. Việc đi học hàng ngày cực kỳ thuận tiện và nhanh chóng bằng xe máy, xe buýt hoặc đi bộ. Khu vực xung quanh cao ráo, không bị ngập nước, đường sá thông thoáng.

**Thiết kế căn phòng**
- Diện tích sử dụng: 30m2. Thiết kế tối ưu không gian, sạch sẽ, thoáng mát, thích hợp cho việc học tập lâu dài.
- Sở hữu cửa sổ lớn đón ánh sáng tự nhiên tốt, giữ phòng luôn khô ráo.
- Có ban công riêng đón gió mát mẻ, thuận tiện cho việc phơi đồ hoặc làm góc thư giãn.

**Các tiện ích lắp sẵn**
- Wifi internet tốc độ cao riêng biệt từng phòng
- Máy điều hòa nhiệt độ Inverter hoạt động êm ái, tiết kiệm điện
- Hệ thống nước nóng lạnh an toàn
- Chỗ để xe máy rộng rãi dưới tầng trệt, an ninh đảm bảo
- Tủ lạnh dung tích lớn tiện lợi lưu trữ đồ ăn
- Khu vực giặt sấy/máy giặt tiện nghi
- Kệ bếp nấu ăn thoáng khí, tủ bếp sạch sẽ

**An ninh và quy định**
- Hệ thống cửa cổng kiểm soát bằng khóa vân tay bảo mật cao kết hợp camera giám sát 24/7.
- Giờ đóng cổng: 22:00 đêm nhằm đảm bảo trật tự chung.
- Môi trường sống văn minh, hàng xóm chủ yếu là sinh viên ngoan ngoãn và nhân viên văn phòng lịch sự.

**Thông tin chi phí thuê**
- Giá thuê hàng tháng: 2,800,000 đ/tháng.
- Tiền đặt cọc: 2,800,000 đ (cam kết hoàn trả đầy đủ khi kết thúc hợp đồng theo đúng thỏa thuận).
- Chỉ số điện nước tính theo đồng hồ riêng gắn trước cửa phòng, cam kết thu đúng chỉ số tiêu thụ thực tế.', 2800000.0, 2800000.0, 'MONTHLY', 'APPROVED', 1, NOW() - INTERVAL '3 days', NOW() + INTERVAL '27 days', false, NULL, 150, 61, 39, 2, NOW() - INTERVAL '8 days', NOW(), 0, '/posts/videos/room_127/video_01.mp4', '/rooms/images/room_127/image_01.jpg');
INSERT INTO post_images (post_id, image_order, image_url) VALUES (147, 0, '/rooms/images/room_127/image_01.jpg');
INSERT INTO post_images (post_id, image_order, image_url) VALUES (147, 1, '/rooms/images/room_127/image_02.jpg');
INSERT INTO post_images (post_id, image_order, image_url) VALUES (147, 2, '/rooms/images/room_127/image_03.jpg');
INSERT INTO post_images (post_id, image_order, image_url) VALUES (147, 3, '/rooms/images/room_127/image_04.jpg');
INSERT INTO post_images (post_id, image_order, image_url) VALUES (147, 4, '/rooms/images/room_127/image_05.jpg');

-- ==========================================
-- ROOM 148 near HCMUT - Dist: 4.53km - Price: 1,100,000
-- ==========================================
INSERT INTO rooms (id, landlord_id, room_number, address, province, district, ward, latitude, longitude, area, floor, max_occupancy, direction, has_windows, has_balcony, thumbnail_url, is_pet_friendly, is_parking_available, curfew, rules, view_count, favorite_count, created_at, updated_at, version, nearby_university_id, nearby_university_name, distance_to_university, nearest_bus_station)
VALUES (148, 2, 'P.680', 'Số 127 Đường ĐHQG, Phường Tân Đông Hiệp, Dĩ An, Bình Dương', 'Bình Dương', 'Dĩ An', 'Tân Đông Hiệp', 10.873049, 106.7658, 34.0, 4, 6, 'NORTHWEST', true, false, '/rooms/images/room_128/image_01.jpg', true, false, '23:00', 'Giữ trật tự chung sau 22h, dọn dẹp vệ sinh phòng sạch sẽ, phòng cháy chữa cháy an toàn.', 117, 35, NOW() - INTERVAL '3 days', NOW(), 0, 4, 'Trường Đại học Bách Khoa - ĐHQG TP.HCM (Cơ sở Dĩ An)', 4.53, 0.48);
INSERT INTO room_amenities (room_id, amenity_id) VALUES (148, 1) ON CONFLICT DO NOTHING;
INSERT INTO room_amenities (room_id, amenity_id) VALUES (148, 2) ON CONFLICT DO NOTHING;
INSERT INTO room_amenities (room_id, amenity_id) VALUES (148, 3) ON CONFLICT DO NOTHING;
INSERT INTO room_amenities (room_id, amenity_id) VALUES (148, 4) ON CONFLICT DO NOTHING;
INSERT INTO room_amenities (room_id, amenity_id) VALUES (148, 5) ON CONFLICT DO NOTHING;
INSERT INTO room_amenities (room_id, amenity_id) VALUES (148, 7) ON CONFLICT DO NOTHING;
INSERT INTO room_amenities (room_id, amenity_id) VALUES (148, 11) ON CONFLICT DO NOTHING;
INSERT INTO room_amenities (room_id, amenity_id) VALUES (148, 12) ON CONFLICT DO NOTHING;
INSERT INTO room_images (room_id, image_url) VALUES (148, '/rooms/images/room_128/image_01.jpg');
INSERT INTO room_images (room_id, image_url) VALUES (148, '/rooms/images/room_128/image_02.jpg');
INSERT INTO room_images (room_id, image_url) VALUES (148, '/rooms/images/room_128/image_03.jpg');
INSERT INTO room_images (room_id, image_url) VALUES (148, '/rooms/images/room_128/image_04.jpg');
INSERT INTO posts (id, landlord_id, room_id, title, description, price, deposit_amount, price_type, status, approved_by, approved_at, expires_at, is_boosted, boosted_until, view_count, favorite_count, contact_count, booking_count, created_at, updated_at, version, video_url, video_thumbnail)
VALUES (148, 2, 148, 'Sleepbox cao cấp tiện nghi, bảo mật 34m2 cách HCMUT 4.53km - Đường ĐHQG', '**Vị trí thuận tiện và yên tĩnh**
- Địa chỉ: Đường ĐHQG, Phường Tân Đông Hiệp, Dĩ An.
- Chỉ cách khuôn viên trường Trường Đại học Bách Khoa - ĐHQG TP.HCM (Cơ sở Dĩ An) (HCMUT) khoảng 4.53km. Việc đi học hàng ngày cực kỳ thuận tiện và nhanh chóng bằng xe máy, xe buýt hoặc đi bộ. Khu vực xung quanh cao ráo, không bị ngập nước, đường sá thông thoáng.

**Thiết kế căn phòng**
- Diện tích sử dụng: 34m2. Thiết kế tối ưu không gian, sạch sẽ, thoáng mát, thích hợp cho việc học tập lâu dài.
- Sở hữu cửa sổ lớn đón ánh sáng tự nhiên tốt, giữ phòng luôn khô ráo.

**Các tiện ích lắp sẵn**
- Wifi internet tốc độ cao riêng biệt từng phòng
- Máy điều hòa nhiệt độ Inverter hoạt động êm ái, tiết kiệm điện
- Hệ thống nước nóng lạnh an toàn
- Chỗ để xe máy rộng rãi dưới tầng trệt, an ninh đảm bảo
- Khu vực giặt sấy/máy giặt tiện nghi

**An ninh và quy định**
- Hệ thống cửa cổng kiểm soát bằng khóa vân tay bảo mật cao kết hợp camera giám sát 24/7.
- Giờ đóng cổng: 23:00 đêm nhằm đảm bảo trật tự chung.
- Môi trường sống văn minh, hàng xóm chủ yếu là sinh viên ngoan ngoãn và nhân viên văn phòng lịch sự.

**Thông tin chi phí thuê**
- Giá thuê hàng tháng: 1,100,000 đ/tháng.
- Tiền đặt cọc: 1,100,000 đ (cam kết hoàn trả đầy đủ khi kết thúc hợp đồng theo đúng thỏa thuận).
- Chỉ số điện nước tính theo đồng hồ riêng gắn trước cửa phòng, cam kết thu đúng chỉ số tiêu thụ thực tế.', 1100000.0, 1100000.0, 'MONTHLY', 'APPROVED', 1, NOW() - INTERVAL '3 days', NOW() + INTERVAL '27 days', false, NULL, 371, 71, 8, 12, NOW() - INTERVAL '10 days', NOW(), 0, '/posts/videos/room_128/video_01.mp4', '/rooms/images/room_128/image_01.jpg');
INSERT INTO post_images (post_id, image_order, image_url) VALUES (148, 0, '/rooms/images/room_128/image_01.jpg');
INSERT INTO post_images (post_id, image_order, image_url) VALUES (148, 1, '/rooms/images/room_128/image_02.jpg');
INSERT INTO post_images (post_id, image_order, image_url) VALUES (148, 2, '/rooms/images/room_128/image_03.jpg');
INSERT INTO post_images (post_id, image_order, image_url) VALUES (148, 3, '/rooms/images/room_128/image_04.jpg');

-- ==========================================
-- ROOM 149 near HCMUS - Dist: 3.17km - Price: 2,200,000
-- ==========================================
INSERT INTO rooms (id, landlord_id, room_number, address, province, district, ward, latitude, longitude, area, floor, max_occupancy, direction, has_windows, has_balcony, thumbnail_url, is_pet_friendly, is_parking_available, curfew, rules, view_count, favorite_count, created_at, updated_at, version, nearby_university_id, nearby_university_name, distance_to_university, nearest_bus_station)
VALUES (149, 3, 'P.506', 'Số 17 Trần Hưng Đạo, Phường Đông Hòa, Dĩ An, Bình Dương', 'Bình Dương', 'Dĩ An', 'Đông Hòa', 10.904079, 106.801617, 18.0, 3, 2, 'SOUTH', true, true, '/rooms/images/room_129/image_01.jpg', true, true, '23:00', 'Giữ trật tự chung sau 22h, dọn dẹp vệ sinh phòng sạch sẽ, phòng cháy chữa cháy an toàn.', 58, 22, NOW() - INTERVAL '6 days', NOW(), 0, 5, 'Trường Đại học Khoa học Tự nhiên - ĐHQG TP.HCM (Cơ sở Dĩ An)', 3.17, 0.27);
INSERT INTO room_amenities (room_id, amenity_id) VALUES (149, 1) ON CONFLICT DO NOTHING;
INSERT INTO room_amenities (room_id, amenity_id) VALUES (149, 2) ON CONFLICT DO NOTHING;
INSERT INTO room_amenities (room_id, amenity_id) VALUES (149, 3) ON CONFLICT DO NOTHING;
INSERT INTO room_amenities (room_id, amenity_id) VALUES (149, 4) ON CONFLICT DO NOTHING;
INSERT INTO room_amenities (room_id, amenity_id) VALUES (149, 5) ON CONFLICT DO NOTHING;
INSERT INTO room_amenities (room_id, amenity_id) VALUES (149, 6) ON CONFLICT DO NOTHING;
INSERT INTO room_amenities (room_id, amenity_id) VALUES (149, 9) ON CONFLICT DO NOTHING;
INSERT INTO room_images (room_id, image_url) VALUES (149, '/rooms/images/room_129/image_01.jpg');
INSERT INTO room_images (room_id, image_url) VALUES (149, '/rooms/images/room_129/image_02.jpg');
INSERT INTO room_images (room_id, image_url) VALUES (149, '/rooms/images/room_129/image_03.jpg');
INSERT INTO room_images (room_id, image_url) VALUES (149, '/rooms/images/room_129/image_04.jpg');
INSERT INTO room_images (room_id, image_url) VALUES (149, '/rooms/images/room_129/image_05.jpg');
INSERT INTO room_images (room_id, image_url) VALUES (149, '/rooms/images/room_129/image_06.jpg');
INSERT INTO posts (id, landlord_id, room_id, title, description, price, deposit_amount, price_type, status, approved_by, approved_at, expires_at, is_boosted, boosted_until, view_count, favorite_count, contact_count, booking_count, created_at, updated_at, version, video_url, video_thumbnail)
VALUES (149, 3, 149, 'Phòng trọ ban công thoáng mát gần trường 18m2 cách HCMUS 3.17km - Trần Hưng Đạo', '**Vị trí thuận tiện và yên tĩnh**
- Địa chỉ: Trần Hưng Đạo, Phường Đông Hòa, Dĩ An.
- Chỉ cách khuôn viên trường Trường Đại học Khoa học Tự nhiên - ĐHQG TP.HCM (Cơ sở Dĩ An) (HCMUS) khoảng 3.17km. Việc đi học hàng ngày cực kỳ thuận tiện và nhanh chóng bằng xe máy, xe buýt hoặc đi bộ. Khu vực xung quanh cao ráo, không bị ngập nước, đường sá thông thoáng.

**Thiết kế căn phòng**
- Diện tích sử dụng: 18m2. Thiết kế tối ưu không gian, sạch sẽ, thoáng mát, thích hợp cho việc học tập lâu dài.
- Sở hữu cửa sổ lớn đón ánh sáng tự nhiên tốt, giữ phòng luôn khô ráo.
- Có ban công riêng đón gió mát mẻ, thuận tiện cho việc phơi đồ hoặc làm góc thư giãn.

**Các tiện ích lắp sẵn**
- Wifi internet tốc độ cao riêng biệt từng phòng
- Máy điều hòa nhiệt độ Inverter hoạt động êm ái, tiết kiệm điện
- Hệ thống nước nóng lạnh an toàn
- Chỗ để xe máy rộng rãi dưới tầng trệt, an ninh đảm bảo
- Tủ lạnh dung tích lớn tiện lợi lưu trữ đồ ăn
- Kệ bếp nấu ăn thoáng khí, tủ bếp sạch sẽ

**An ninh và quy định**
- Hệ thống cửa cổng kiểm soát bằng khóa vân tay bảo mật cao kết hợp camera giám sát 24/7.
- Giờ đóng cổng: 23:00 đêm nhằm đảm bảo trật tự chung.
- Môi trường sống văn minh, hàng xóm chủ yếu là sinh viên ngoan ngoãn và nhân viên văn phòng lịch sự.

**Thông tin chi phí thuê**
- Giá thuê hàng tháng: 2,200,000 đ/tháng.
- Tiền đặt cọc: 4,400,000 đ (cam kết hoàn trả đầy đủ khi kết thúc hợp đồng theo đúng thỏa thuận).
- Chỉ số điện nước tính theo đồng hồ riêng gắn trước cửa phòng, cam kết thu đúng chỉ số tiêu thụ thực tế.', 2200000.0, 4400000.0, 'MONTHLY', 'APPROVED', 1, NOW() - INTERVAL '3 days', NOW() + INTERVAL '27 days', false, NULL, 417, 56, 34, 3, NOW() - INTERVAL '4 days', NOW(), 0, '/posts/videos/room_129/video_01.mp4', '/rooms/images/room_129/image_01.jpg');
INSERT INTO post_images (post_id, image_order, image_url) VALUES (149, 0, '/rooms/images/room_129/image_01.jpg');
INSERT INTO post_images (post_id, image_order, image_url) VALUES (149, 1, '/rooms/images/room_129/image_02.jpg');
INSERT INTO post_images (post_id, image_order, image_url) VALUES (149, 2, '/rooms/images/room_129/image_03.jpg');
INSERT INTO post_images (post_id, image_order, image_url) VALUES (149, 3, '/rooms/images/room_129/image_04.jpg');
INSERT INTO post_images (post_id, image_order, image_url) VALUES (149, 4, '/rooms/images/room_129/image_05.jpg');
INSERT INTO post_images (post_id, image_order, image_url) VALUES (149, 5, '/rooms/images/room_129/image_06.jpg');

-- ==========================================
-- ROOM 150 near IU - Dist: 5.65km - Price: 4,200,000
-- ==========================================
INSERT INTO rooms (id, landlord_id, room_number, address, province, district, ward, latitude, longitude, area, floor, max_occupancy, direction, has_windows, has_balcony, thumbnail_url, is_pet_friendly, is_parking_available, curfew, rules, view_count, favorite_count, created_at, updated_at, version, nearby_university_id, nearby_university_name, distance_to_university, nearest_bus_station)
VALUES (150, 4, 'P.388', 'Số 75 Trần Hưng Đạo, Phường An Bình, Dĩ An, Bình Dương', 'Bình Dương', 'Dĩ An', 'An Bình', 10.894407, 106.850545, 39.0, 4, 3, 'NORTH', true, true, '/rooms/images/room_130/image_01.jpg', false, true, NULL, 'Giữ trật tự chung sau 22h, dọn dẹp vệ sinh phòng sạch sẽ, phòng cháy chữa cháy an toàn.', 202, 39, NOW() - INTERVAL '15 days', NOW(), 0, 6, 'Trường Đại học Quốc tế - ĐHQG TP.HCM', 5.65, 0.42);
INSERT INTO room_amenities (room_id, amenity_id) VALUES (150, 1) ON CONFLICT DO NOTHING;
INSERT INTO room_amenities (room_id, amenity_id) VALUES (150, 2) ON CONFLICT DO NOTHING;
INSERT INTO room_amenities (room_id, amenity_id) VALUES (150, 3) ON CONFLICT DO NOTHING;
INSERT INTO room_amenities (room_id, amenity_id) VALUES (150, 4) ON CONFLICT DO NOTHING;
INSERT INTO room_amenities (room_id, amenity_id) VALUES (150, 5) ON CONFLICT DO NOTHING;
INSERT INTO room_amenities (room_id, amenity_id) VALUES (150, 6) ON CONFLICT DO NOTHING;
INSERT INTO room_amenities (room_id, amenity_id) VALUES (150, 7) ON CONFLICT DO NOTHING;
INSERT INTO room_amenities (room_id, amenity_id) VALUES (150, 8) ON CONFLICT DO NOTHING;
INSERT INTO room_amenities (room_id, amenity_id) VALUES (150, 9) ON CONFLICT DO NOTHING;
INSERT INTO room_amenities (room_id, amenity_id) VALUES (150, 10) ON CONFLICT DO NOTHING;
INSERT INTO room_amenities (room_id, amenity_id) VALUES (150, 11) ON CONFLICT DO NOTHING;
INSERT INTO room_amenities (room_id, amenity_id) VALUES (150, 12) ON CONFLICT DO NOTHING;
INSERT INTO room_images (room_id, image_url) VALUES (150, '/rooms/images/room_130/image_01.jpg');
INSERT INTO room_images (room_id, image_url) VALUES (150, '/rooms/images/room_130/image_02.jpg');
INSERT INTO room_images (room_id, image_url) VALUES (150, '/rooms/images/room_130/image_03.jpg');
INSERT INTO posts (id, landlord_id, room_id, title, description, price, deposit_amount, price_type, status, approved_by, approved_at, expires_at, is_boosted, boosted_until, view_count, favorite_count, contact_count, booking_count, created_at, updated_at, version, video_url, video_thumbnail)
VALUES (150, 4, 150, 'Căn hộ dịch vụ 1PN sang trọng, an ninh 39m2 cách IU 5.65km - Trần Hưng Đạo', '**Vị trí thuận tiện và yên tĩnh**
- Địa chỉ: Trần Hưng Đạo, Phường An Bình, Dĩ An.
- Chỉ cách khuôn viên trường Trường Đại học Quốc tế - ĐHQG TP.HCM (IU) khoảng 5.65km. Việc đi học hàng ngày cực kỳ thuận tiện và nhanh chóng bằng xe máy, xe buýt hoặc đi bộ. Khu vực xung quanh cao ráo, không bị ngập nước, đường sá thông thoáng.

**Thiết kế căn phòng**
- Diện tích sử dụng: 39m2. Thiết kế tối ưu không gian, sạch sẽ, thoáng mát, thích hợp cho việc học tập lâu dài.
- Sở hữu cửa sổ lớn đón ánh sáng tự nhiên tốt, giữ phòng luôn khô ráo.
- Có ban công riêng đón gió mát mẻ, thuận tiện cho việc phơi đồ hoặc làm góc thư giãn.

**Các tiện ích lắp sẵn**
- Wifi internet tốc độ cao riêng biệt từng phòng
- Máy điều hòa nhiệt độ Inverter hoạt động êm ái, tiết kiệm điện
- Hệ thống nước nóng lạnh an toàn
- Chỗ để xe máy rộng rãi dưới tầng trệt, an ninh đảm bảo
- Tủ lạnh dung tích lớn tiện lợi lưu trữ đồ ăn
- Khu vực giặt sấy/máy giặt tiện nghi
- Kệ bếp nấu ăn thoáng khí, tủ bếp sạch sẽ

**An ninh và quy định**
- Hệ thống cửa cổng kiểm soát bằng khóa vân tay bảo mật cao kết hợp camera giám sát 24/7.
- Giờ giấc ra vào tự do thoải mái, không chung chủ.
- Môi trường sống văn minh, hàng xóm chủ yếu là sinh viên ngoan ngoãn và nhân viên văn phòng lịch sự.

**Thông tin chi phí thuê**
- Giá thuê hàng tháng: 4,200,000 đ/tháng.
- Tiền đặt cọc: 4,200,000 đ (cam kết hoàn trả đầy đủ khi kết thúc hợp đồng theo đúng thỏa thuận).
- Chỉ số điện nước tính theo đồng hồ riêng gắn trước cửa phòng, cam kết thu đúng chỉ số tiêu thụ thực tế.', 4200000.0, 4200000.0, 'MONTHLY', 'APPROVED', 1, NOW() - INTERVAL '3 days', NOW() + INTERVAL '27 days', true, NOW() + INTERVAL '10 days', 165, 69, 41, 5, NOW() - INTERVAL '5 days', NOW(), 0, '/posts/videos/room_130/video_01.mp4', '/rooms/images/room_130/image_01.jpg');
INSERT INTO post_images (post_id, image_order, image_url) VALUES (150, 0, '/rooms/images/room_130/image_01.jpg');
INSERT INTO post_images (post_id, image_order, image_url) VALUES (150, 1, '/rooms/images/room_130/image_02.jpg');
INSERT INTO post_images (post_id, image_order, image_url) VALUES (150, 2, '/rooms/images/room_130/image_03.jpg');

-- ==========================================
-- ROOM 151 near UEH - Dist: 0.34km - Price: 2,000,000
-- ==========================================
INSERT INTO rooms (id, landlord_id, room_number, address, province, district, ward, latitude, longitude, area, floor, max_occupancy, direction, has_windows, has_balcony, thumbnail_url, is_pet_friendly, is_parking_available, curfew, rules, view_count, favorite_count, created_at, updated_at, version, nearby_university_id, nearby_university_name, distance_to_university, nearest_bus_station)
VALUES (151, 2, 'P.650', 'Số 116 Điện Biên Phủ, Phường Võ Thị Sáu, Quận 3, TP Hồ Chí Minh', 'TP Hồ Chí Minh', 'Quận 3', 'Phường Võ Thị Sáu', 10.784175, 106.698888, 16.0, 6, 2, 'WEST', true, false, '/rooms/images/room_131/image_01.jpg', false, true, NULL, 'Giữ trật tự chung sau 22h, dọn dẹp vệ sinh phòng sạch sẽ, phòng cháy chữa cháy an toàn.', 186, 18, NOW() - INTERVAL '7 days', NOW(), 0, 7, 'Trường Đại học Kinh tế TP.HCM (Cơ sở A)', 0.34, 0.43);
INSERT INTO room_amenities (room_id, amenity_id) VALUES (151, 1) ON CONFLICT DO NOTHING;
INSERT INTO room_amenities (room_id, amenity_id) VALUES (151, 3) ON CONFLICT DO NOTHING;
INSERT INTO room_amenities (room_id, amenity_id) VALUES (151, 4) ON CONFLICT DO NOTHING;
INSERT INTO room_amenities (room_id, amenity_id) VALUES (151, 9) ON CONFLICT DO NOTHING;
INSERT INTO room_images (room_id, image_url) VALUES (151, '/rooms/images/room_131/image_01.jpg');
INSERT INTO room_images (room_id, image_url) VALUES (151, '/rooms/images/room_131/image_02.jpg');
INSERT INTO room_images (room_id, image_url) VALUES (151, '/rooms/images/room_131/image_03.jpg');
INSERT INTO room_images (room_id, image_url) VALUES (151, '/rooms/images/room_131/image_04.jpg');
INSERT INTO room_images (room_id, image_url) VALUES (151, '/rooms/images/room_131/image_05.jpg');
INSERT INTO room_images (room_id, image_url) VALUES (151, '/rooms/images/room_131/image_06.jpg');
INSERT INTO room_images (room_id, image_url) VALUES (151, '/rooms/images/room_131/image_07.jpg');
INSERT INTO room_images (room_id, image_url) VALUES (151, '/rooms/images/room_131/image_08.jpg');
INSERT INTO posts (id, landlord_id, room_id, title, description, price, deposit_amount, price_type, status, approved_by, approved_at, expires_at, is_boosted, boosted_until, view_count, favorite_count, contact_count, booking_count, created_at, updated_at, version, video_url, video_thumbnail)
VALUES (151, 2, 151, 'Phòng trọ mini giá rẻ sinh viên 16m2 cách UEH 0.34km - Điện Biên Phủ', '**Vị trí thuận tiện và yên tĩnh**
- Địa chỉ: Điện Biên Phủ, Phường Võ Thị Sáu, Quận 3.
- Chỉ cách khuôn viên trường Trường Đại học Kinh tế TP.HCM (Cơ sở A) (UEH) khoảng 0.34km. Việc đi học hàng ngày cực kỳ thuận tiện và nhanh chóng bằng xe máy, xe buýt hoặc đi bộ. Khu vực xung quanh cao ráo, không bị ngập nước, đường sá thông thoáng.

**Thiết kế căn phòng**
- Diện tích sử dụng: 16m2. Thiết kế tối ưu không gian, sạch sẽ, thoáng mát, thích hợp cho việc học tập lâu dài.
- Sở hữu cửa sổ lớn đón ánh sáng tự nhiên tốt, giữ phòng luôn khô ráo.

**Các tiện ích lắp sẵn**
- Wifi internet tốc độ cao riêng biệt từng phòng
- Hệ thống nước nóng lạnh an toàn
- Chỗ để xe máy rộng rãi dưới tầng trệt, an ninh đảm bảo
- Kệ bếp nấu ăn thoáng khí, tủ bếp sạch sẽ

**An ninh và quy định**
- Hệ thống cửa cổng kiểm soát bằng khóa vân tay bảo mật cao kết hợp camera giám sát 24/7.
- Giờ giấc ra vào tự do thoải mái, không chung chủ.
- Môi trường sống văn minh, hàng xóm chủ yếu là sinh viên ngoan ngoãn và nhân viên văn phòng lịch sự.

**Thông tin chi phí thuê**
- Giá thuê hàng tháng: 2,000,000 đ/tháng.
- Tiền đặt cọc: 2,000,000 đ (cam kết hoàn trả đầy đủ khi kết thúc hợp đồng theo đúng thỏa thuận).
- Chỉ số điện nước tính theo đồng hồ riêng gắn trước cửa phòng, cam kết thu đúng chỉ số tiêu thụ thực tế.', 2000000.0, 2000000.0, 'MONTHLY', 'APPROVED', 1, NOW() - INTERVAL '3 days', NOW() + INTERVAL '27 days', false, NULL, 230, 51, 30, 3, NOW() - INTERVAL '9 days', NOW(), 0, '/posts/videos/room_131/video_01.mp4', '/rooms/images/room_131/image_01.jpg');
INSERT INTO post_images (post_id, image_order, image_url) VALUES (151, 0, '/rooms/images/room_131/image_01.jpg');
INSERT INTO post_images (post_id, image_order, image_url) VALUES (151, 1, '/rooms/images/room_131/image_02.jpg');
INSERT INTO post_images (post_id, image_order, image_url) VALUES (151, 2, '/rooms/images/room_131/image_03.jpg');
INSERT INTO post_images (post_id, image_order, image_url) VALUES (151, 3, '/rooms/images/room_131/image_04.jpg');
INSERT INTO post_images (post_id, image_order, image_url) VALUES (151, 4, '/rooms/images/room_131/image_05.jpg');
INSERT INTO post_images (post_id, image_order, image_url) VALUES (151, 5, '/rooms/images/room_131/image_06.jpg');
INSERT INTO post_images (post_id, image_order, image_url) VALUES (151, 6, '/rooms/images/room_131/image_07.jpg');
INSERT INTO post_images (post_id, image_order, image_url) VALUES (151, 7, '/rooms/images/room_131/image_08.jpg');

-- ==========================================
-- ROOM 152 near FTU2 - Dist: 0.55km - Price: 3,900,000
-- ==========================================
INSERT INTO rooms (id, landlord_id, room_number, address, province, district, ward, latitude, longitude, area, floor, max_occupancy, direction, has_windows, has_balcony, thumbnail_url, is_pet_friendly, is_parking_available, curfew, rules, view_count, favorite_count, created_at, updated_at, version, nearby_university_id, nearby_university_name, distance_to_university, nearest_bus_station)
VALUES (152, 3, 'P.233', 'Số 81 Điện Biên Phủ, Phường 25, Bình Thạnh, TP Hồ Chí Minh', 'TP Hồ Chí Minh', 'Bình Thạnh', 'Phường 25', 10.79749, 106.716161, 25.0, 7, 3, 'NORTHEAST', true, true, '/rooms/images/room_132/image_01.jpg', false, true, '23:00', 'Giữ trật tự chung sau 22h, dọn dẹp vệ sinh phòng sạch sẽ, phòng cháy chữa cháy an toàn.', 200, 40, NOW() - INTERVAL '2 days', NOW(), 0, 8, 'Trường Đại học Ngoại thương - Cơ sở 2', 0.55, 0.34);
INSERT INTO room_amenities (room_id, amenity_id) VALUES (152, 1) ON CONFLICT DO NOTHING;
INSERT INTO room_amenities (room_id, amenity_id) VALUES (152, 2) ON CONFLICT DO NOTHING;
INSERT INTO room_amenities (room_id, amenity_id) VALUES (152, 3) ON CONFLICT DO NOTHING;
INSERT INTO room_amenities (room_id, amenity_id) VALUES (152, 4) ON CONFLICT DO NOTHING;
INSERT INTO room_amenities (room_id, amenity_id) VALUES (152, 5) ON CONFLICT DO NOTHING;
INSERT INTO room_amenities (room_id, amenity_id) VALUES (152, 6) ON CONFLICT DO NOTHING;
INSERT INTO room_amenities (room_id, amenity_id) VALUES (152, 7) ON CONFLICT DO NOTHING;
INSERT INTO room_amenities (room_id, amenity_id) VALUES (152, 9) ON CONFLICT DO NOTHING;
INSERT INTO room_amenities (room_id, amenity_id) VALUES (152, 12) ON CONFLICT DO NOTHING;
INSERT INTO room_images (room_id, image_url) VALUES (152, '/rooms/images/room_132/image_01.jpg');
INSERT INTO room_images (room_id, image_url) VALUES (152, '/rooms/images/room_132/image_02.jpg');
INSERT INTO room_images (room_id, image_url) VALUES (152, '/rooms/images/room_132/image_03.jpg');
INSERT INTO room_images (room_id, image_url) VALUES (152, '/rooms/images/room_132/image_04.jpg');
INSERT INTO room_images (room_id, image_url) VALUES (152, '/rooms/images/room_132/image_05.jpg');
INSERT INTO posts (id, landlord_id, room_id, title, description, price, deposit_amount, price_type, status, approved_by, approved_at, expires_at, is_boosted, boosted_until, view_count, favorite_count, contact_count, booking_count, created_at, updated_at, version, video_url, video_thumbnail)
VALUES (152, 3, 152, 'Căn hộ Studio gác lửng full nội thất 25m2 cách FTU2 0.55km - Điện Biên Phủ', '**Vị trí thuận tiện và yên tĩnh**
- Địa chỉ: Điện Biên Phủ, Phường 25, Bình Thạnh.
- Chỉ cách khuôn viên trường Trường Đại học Ngoại thương - Cơ sở 2 (FTU2) khoảng 0.55km. Việc đi học hàng ngày cực kỳ thuận tiện và nhanh chóng bằng xe máy, xe buýt hoặc đi bộ. Khu vực xung quanh cao ráo, không bị ngập nước, đường sá thông thoáng.

**Thiết kế căn phòng**
- Diện tích sử dụng: 25m2. Thiết kế tối ưu không gian, sạch sẽ, thoáng mát, thích hợp cho việc học tập lâu dài.
- Sở hữu cửa sổ lớn đón ánh sáng tự nhiên tốt, giữ phòng luôn khô ráo.
- Có ban công riêng đón gió mát mẻ, thuận tiện cho việc phơi đồ hoặc làm góc thư giãn.

**Các tiện ích lắp sẵn**
- Wifi internet tốc độ cao riêng biệt từng phòng
- Máy điều hòa nhiệt độ Inverter hoạt động êm ái, tiết kiệm điện
- Hệ thống nước nóng lạnh an toàn
- Chỗ để xe máy rộng rãi dưới tầng trệt, an ninh đảm bảo
- Tủ lạnh dung tích lớn tiện lợi lưu trữ đồ ăn
- Khu vực giặt sấy/máy giặt tiện nghi
- Kệ bếp nấu ăn thoáng khí, tủ bếp sạch sẽ

**An ninh và quy định**
- Hệ thống cửa cổng kiểm soát bằng khóa vân tay bảo mật cao kết hợp camera giám sát 24/7.
- Giờ đóng cổng: 23:00 đêm nhằm đảm bảo trật tự chung.
- Môi trường sống văn minh, hàng xóm chủ yếu là sinh viên ngoan ngoãn và nhân viên văn phòng lịch sự.

**Thông tin chi phí thuê**
- Giá thuê hàng tháng: 3,900,000 đ/tháng.
- Tiền đặt cọc: 3,900,000 đ (cam kết hoàn trả đầy đủ khi kết thúc hợp đồng theo đúng thỏa thuận).
- Chỉ số điện nước tính theo đồng hồ riêng gắn trước cửa phòng, cam kết thu đúng chỉ số tiêu thụ thực tế.', 3900000.0, 3900000.0, 'MONTHLY', 'APPROVED', 1, NOW() - INTERVAL '3 days', NOW() + INTERVAL '27 days', true, NOW() + INTERVAL '9 days', 347, 67, 12, 12, NOW() - INTERVAL '1 days', NOW(), 0, '/posts/videos/room_132/video_01.mp4', '/rooms/images/room_132/image_01.jpg');
INSERT INTO post_images (post_id, image_order, image_url) VALUES (152, 0, '/rooms/images/room_132/image_01.jpg');
INSERT INTO post_images (post_id, image_order, image_url) VALUES (152, 1, '/rooms/images/room_132/image_02.jpg');
INSERT INTO post_images (post_id, image_order, image_url) VALUES (152, 2, '/rooms/images/room_132/image_03.jpg');
INSERT INTO post_images (post_id, image_order, image_url) VALUES (152, 3, '/rooms/images/room_132/image_04.jpg');
INSERT INTO post_images (post_id, image_order, image_url) VALUES (152, 4, '/rooms/images/room_132/image_05.jpg');

-- ==========================================
-- ROOM 153 near NLU - Dist: 2.87km - Price: 1,700,000
-- ==========================================
INSERT INTO rooms (id, landlord_id, room_number, address, province, district, ward, latitude, longitude, area, floor, max_occupancy, direction, has_windows, has_balcony, thumbnail_url, is_pet_friendly, is_parking_available, curfew, rules, view_count, favorite_count, created_at, updated_at, version, nearby_university_id, nearby_university_name, distance_to_university, nearest_bus_station)
VALUES (153, 4, 'P.365', 'Số 60 Võ Văn Ngân, Phường Linh Chiểu, Thủ Đức, TP Hồ Chí Minh', 'TP Hồ Chí Minh', 'Thủ Đức', 'Linh Chiểu', 10.893838, 106.777499, 31.0, 1, 6, 'EAST', true, false, '/rooms/images/room_133/image_01.jpg', true, false, '22:00', 'Giữ trật tự chung sau 22h, dọn dẹp vệ sinh phòng sạch sẽ, phòng cháy chữa cháy an toàn.', 85, 29, NOW() - INTERVAL '15 days', NOW(), 0, 1, 'Trường Đại học Nông Lâm TP.HCM', 2.87, 0.17);
INSERT INTO room_amenities (room_id, amenity_id) VALUES (153, 1) ON CONFLICT DO NOTHING;
INSERT INTO room_amenities (room_id, amenity_id) VALUES (153, 2) ON CONFLICT DO NOTHING;
INSERT INTO room_amenities (room_id, amenity_id) VALUES (153, 3) ON CONFLICT DO NOTHING;
INSERT INTO room_amenities (room_id, amenity_id) VALUES (153, 4) ON CONFLICT DO NOTHING;
INSERT INTO room_amenities (room_id, amenity_id) VALUES (153, 5) ON CONFLICT DO NOTHING;
INSERT INTO room_amenities (room_id, amenity_id) VALUES (153, 7) ON CONFLICT DO NOTHING;
INSERT INTO room_amenities (room_id, amenity_id) VALUES (153, 11) ON CONFLICT DO NOTHING;
INSERT INTO room_amenities (room_id, amenity_id) VALUES (153, 12) ON CONFLICT DO NOTHING;
INSERT INTO room_images (room_id, image_url) VALUES (153, '/rooms/images/room_133/image_01.jpg');
INSERT INTO room_images (room_id, image_url) VALUES (153, '/rooms/images/room_133/image_02.jpg');
INSERT INTO room_images (room_id, image_url) VALUES (153, '/rooms/images/room_133/image_03.jpg');
INSERT INTO posts (id, landlord_id, room_id, title, description, price, deposit_amount, price_type, status, approved_by, approved_at, expires_at, is_boosted, boosted_until, view_count, favorite_count, contact_count, booking_count, created_at, updated_at, version, video_url, video_thumbnail)
VALUES (153, 4, 153, 'Sleepbox cao cấp tiện nghi, bảo mật 31m2 cách NLU 2.87km - Võ Văn Ngân', '**Vị trí thuận tiện và yên tĩnh**
- Địa chỉ: Võ Văn Ngân, Phường Linh Chiểu, Thủ Đức.
- Chỉ cách khuôn viên trường Trường Đại học Nông Lâm TP.HCM (NLU) khoảng 2.87km. Việc đi học hàng ngày cực kỳ thuận tiện và nhanh chóng bằng xe máy, xe buýt hoặc đi bộ. Khu vực xung quanh cao ráo, không bị ngập nước, đường sá thông thoáng.

**Thiết kế căn phòng**
- Diện tích sử dụng: 31m2. Thiết kế tối ưu không gian, sạch sẽ, thoáng mát, thích hợp cho việc học tập lâu dài.
- Sở hữu cửa sổ lớn đón ánh sáng tự nhiên tốt, giữ phòng luôn khô ráo.

**Các tiện ích lắp sẵn**
- Wifi internet tốc độ cao riêng biệt từng phòng
- Máy điều hòa nhiệt độ Inverter hoạt động êm ái, tiết kiệm điện
- Hệ thống nước nóng lạnh an toàn
- Chỗ để xe máy rộng rãi dưới tầng trệt, an ninh đảm bảo
- Khu vực giặt sấy/máy giặt tiện nghi

**An ninh và quy định**
- Hệ thống cửa cổng kiểm soát bằng khóa vân tay bảo mật cao kết hợp camera giám sát 24/7.
- Giờ đóng cổng: 22:00 đêm nhằm đảm bảo trật tự chung.
- Môi trường sống văn minh, hàng xóm chủ yếu là sinh viên ngoan ngoãn và nhân viên văn phòng lịch sự.

**Thông tin chi phí thuê**
- Giá thuê hàng tháng: 1,700,000 đ/tháng.
- Tiền đặt cọc: 1,700,000 đ (cam kết hoàn trả đầy đủ khi kết thúc hợp đồng theo đúng thỏa thuận).
- Chỉ số điện nước tính theo đồng hồ riêng gắn trước cửa phòng, cam kết thu đúng chỉ số tiêu thụ thực tế.', 1700000.0, 1700000.0, 'MONTHLY', 'APPROVED', 1, NOW() - INTERVAL '3 days', NOW() + INTERVAL '27 days', false, NULL, 228, 68, 25, 3, NOW() - INTERVAL '7 days', NOW(), 0, '/posts/videos/room_133/video_01.mp4', '/rooms/images/room_133/image_01.jpg');
INSERT INTO post_images (post_id, image_order, image_url) VALUES (153, 0, '/rooms/images/room_133/image_01.jpg');
INSERT INTO post_images (post_id, image_order, image_url) VALUES (153, 1, '/rooms/images/room_133/image_02.jpg');
INSERT INTO post_images (post_id, image_order, image_url) VALUES (153, 2, '/rooms/images/room_133/image_03.jpg');

-- ==========================================
-- ROOM 154 near HCMUTE - Dist: 2.47km - Price: 2,800,000
-- ==========================================
INSERT INTO rooms (id, landlord_id, room_number, address, province, district, ward, latitude, longitude, area, floor, max_occupancy, direction, has_windows, has_balcony, thumbnail_url, is_pet_friendly, is_parking_available, curfew, rules, view_count, favorite_count, created_at, updated_at, version, nearby_university_id, nearby_university_name, distance_to_university, nearest_bus_station)
VALUES (154, 2, 'P.387', 'Số 34 Hoàng Diệu 2, Phường Hiệp Phú, Thủ Đức, TP Hồ Chí Minh', 'TP Hồ Chí Minh', 'Thủ Đức', 'Hiệp Phú', 10.847444, 106.79425, 22.0, 6, 2, 'EAST', true, true, '/rooms/images/room_134/image_01.jpg', true, true, '23:00', 'Giữ trật tự chung sau 22h, dọn dẹp vệ sinh phòng sạch sẽ, phòng cháy chữa cháy an toàn.', 112, 22, NOW() - INTERVAL '12 days', NOW(), 0, 2, 'Trường Đại học Sư phạm Kỹ thuật TP.HCM', 2.47, 0.32);
INSERT INTO room_amenities (room_id, amenity_id) VALUES (154, 1) ON CONFLICT DO NOTHING;
INSERT INTO room_amenities (room_id, amenity_id) VALUES (154, 2) ON CONFLICT DO NOTHING;
INSERT INTO room_amenities (room_id, amenity_id) VALUES (154, 3) ON CONFLICT DO NOTHING;
INSERT INTO room_amenities (room_id, amenity_id) VALUES (154, 4) ON CONFLICT DO NOTHING;
INSERT INTO room_amenities (room_id, amenity_id) VALUES (154, 5) ON CONFLICT DO NOTHING;
INSERT INTO room_amenities (room_id, amenity_id) VALUES (154, 6) ON CONFLICT DO NOTHING;
INSERT INTO room_amenities (room_id, amenity_id) VALUES (154, 9) ON CONFLICT DO NOTHING;
INSERT INTO room_images (room_id, image_url) VALUES (154, '/rooms/images/room_134/image_01.jpg');
INSERT INTO room_images (room_id, image_url) VALUES (154, '/rooms/images/room_134/image_02.jpg');
INSERT INTO room_images (room_id, image_url) VALUES (154, '/rooms/images/room_134/image_03.jpg');
INSERT INTO room_images (room_id, image_url) VALUES (154, '/rooms/images/room_134/image_04.jpg');
INSERT INTO room_images (room_id, image_url) VALUES (154, '/rooms/images/room_134/image_05.jpg');
INSERT INTO posts (id, landlord_id, room_id, title, description, price, deposit_amount, price_type, status, approved_by, approved_at, expires_at, is_boosted, boosted_until, view_count, favorite_count, contact_count, booking_count, created_at, updated_at, version, video_url, video_thumbnail)
VALUES (154, 2, 154, 'Phòng trọ ban công thoáng mát gần trường 22m2 cách HCMUTE 2.47km - Hoàng Diệu 2', '**Vị trí thuận tiện và yên tĩnh**
- Địa chỉ: Hoàng Diệu 2, Phường Hiệp Phú, Thủ Đức.
- Chỉ cách khuôn viên trường Trường Đại học Sư phạm Kỹ thuật TP.HCM (HCMUTE) khoảng 2.47km. Việc đi học hàng ngày cực kỳ thuận tiện và nhanh chóng bằng xe máy, xe buýt hoặc đi bộ. Khu vực xung quanh cao ráo, không bị ngập nước, đường sá thông thoáng.

**Thiết kế căn phòng**
- Diện tích sử dụng: 22m2. Thiết kế tối ưu không gian, sạch sẽ, thoáng mát, thích hợp cho việc học tập lâu dài.
- Sở hữu cửa sổ lớn đón ánh sáng tự nhiên tốt, giữ phòng luôn khô ráo.
- Có ban công riêng đón gió mát mẻ, thuận tiện cho việc phơi đồ hoặc làm góc thư giãn.

**Các tiện ích lắp sẵn**
- Wifi internet tốc độ cao riêng biệt từng phòng
- Máy điều hòa nhiệt độ Inverter hoạt động êm ái, tiết kiệm điện
- Hệ thống nước nóng lạnh an toàn
- Chỗ để xe máy rộng rãi dưới tầng trệt, an ninh đảm bảo
- Tủ lạnh dung tích lớn tiện lợi lưu trữ đồ ăn
- Kệ bếp nấu ăn thoáng khí, tủ bếp sạch sẽ

**An ninh và quy định**
- Hệ thống cửa cổng kiểm soát bằng khóa vân tay bảo mật cao kết hợp camera giám sát 24/7.
- Giờ đóng cổng: 23:00 đêm nhằm đảm bảo trật tự chung.
- Môi trường sống văn minh, hàng xóm chủ yếu là sinh viên ngoan ngoãn và nhân viên văn phòng lịch sự.

**Thông tin chi phí thuê**
- Giá thuê hàng tháng: 2,800,000 đ/tháng.
- Tiền đặt cọc: 2,800,000 đ (cam kết hoàn trả đầy đủ khi kết thúc hợp đồng theo đúng thỏa thuận).
- Chỉ số điện nước tính theo đồng hồ riêng gắn trước cửa phòng, cam kết thu đúng chỉ số tiêu thụ thực tế.', 2800000.0, 2800000.0, 'MONTHLY', 'APPROVED', 1, NOW() - INTERVAL '3 days', NOW() + INTERVAL '27 days', false, NULL, 211, 21, 17, 4, NOW() - INTERVAL '9 days', NOW(), 0, '/posts/videos/room_134/video_01.mp4', '/rooms/images/room_134/image_01.jpg');
INSERT INTO post_images (post_id, image_order, image_url) VALUES (154, 0, '/rooms/images/room_134/image_01.jpg');
INSERT INTO post_images (post_id, image_order, image_url) VALUES (154, 1, '/rooms/images/room_134/image_02.jpg');
INSERT INTO post_images (post_id, image_order, image_url) VALUES (154, 2, '/rooms/images/room_134/image_03.jpg');
INSERT INTO post_images (post_id, image_order, image_url) VALUES (154, 3, '/rooms/images/room_134/image_04.jpg');
INSERT INTO post_images (post_id, image_order, image_url) VALUES (154, 4, '/rooms/images/room_134/image_05.jpg');

-- ==========================================
-- ROOM 155 near UIT - Dist: 4.66km - Price: 5,000,000
-- ==========================================
INSERT INTO rooms (id, landlord_id, room_number, address, province, district, ward, latitude, longitude, area, floor, max_occupancy, direction, has_windows, has_balcony, thumbnail_url, is_pet_friendly, is_parking_available, curfew, rules, view_count, favorite_count, created_at, updated_at, version, nearby_university_id, nearby_university_name, distance_to_university, nearest_bus_station)
VALUES (155, 3, 'P.180', 'Số 26 Lê Văn Chí, Phường Linh Chiểu, Thủ Đức, TP Hồ Chí Minh', 'TP Hồ Chí Minh', 'Thủ Đức', 'Linh Chiểu', 10.831803, 106.785425, 39.0, 3, 3, 'SOUTHWEST', true, true, '/rooms/images/room_135/image_01.jpg', false, true, '22:00', 'Giữ trật tự chung sau 22h, dọn dẹp vệ sinh phòng sạch sẽ, phòng cháy chữa cháy an toàn.', 51, 7, NOW() - INTERVAL '2 days', NOW(), 0, 3, 'Trường Đại học Công nghệ thông tin - ĐHQG TP.HCM', 4.66, 0.13);
INSERT INTO room_amenities (room_id, amenity_id) VALUES (155, 1) ON CONFLICT DO NOTHING;
INSERT INTO room_amenities (room_id, amenity_id) VALUES (155, 2) ON CONFLICT DO NOTHING;
INSERT INTO room_amenities (room_id, amenity_id) VALUES (155, 3) ON CONFLICT DO NOTHING;
INSERT INTO room_amenities (room_id, amenity_id) VALUES (155, 4) ON CONFLICT DO NOTHING;
INSERT INTO room_amenities (room_id, amenity_id) VALUES (155, 5) ON CONFLICT DO NOTHING;
INSERT INTO room_amenities (room_id, amenity_id) VALUES (155, 6) ON CONFLICT DO NOTHING;
INSERT INTO room_amenities (room_id, amenity_id) VALUES (155, 7) ON CONFLICT DO NOTHING;
INSERT INTO room_amenities (room_id, amenity_id) VALUES (155, 8) ON CONFLICT DO NOTHING;
INSERT INTO room_amenities (room_id, amenity_id) VALUES (155, 9) ON CONFLICT DO NOTHING;
INSERT INTO room_amenities (room_id, amenity_id) VALUES (155, 10) ON CONFLICT DO NOTHING;
INSERT INTO room_amenities (room_id, amenity_id) VALUES (155, 11) ON CONFLICT DO NOTHING;
INSERT INTO room_amenities (room_id, amenity_id) VALUES (155, 12) ON CONFLICT DO NOTHING;
INSERT INTO room_images (room_id, image_url) VALUES (155, '/rooms/images/room_135/image_01.jpg');
INSERT INTO room_images (room_id, image_url) VALUES (155, '/rooms/images/room_135/image_02.jpg');
INSERT INTO room_images (room_id, image_url) VALUES (155, '/rooms/images/room_135/image_03.jpg');
INSERT INTO room_images (room_id, image_url) VALUES (155, '/rooms/images/room_135/image_04.jpg');
INSERT INTO room_images (room_id, image_url) VALUES (155, '/rooms/images/room_135/image_05.jpg');
INSERT INTO room_images (room_id, image_url) VALUES (155, '/rooms/images/room_135/image_06.jpg');
INSERT INTO room_images (room_id, image_url) VALUES (155, '/rooms/images/room_135/image_07.jpg');
INSERT INTO room_images (room_id, image_url) VALUES (155, '/rooms/images/room_135/image_08.jpg');
INSERT INTO room_images (room_id, image_url) VALUES (155, '/rooms/images/room_135/image_09.jpg');
INSERT INTO room_images (room_id, image_url) VALUES (155, '/rooms/images/room_135/image_10.jpg');
INSERT INTO room_images (room_id, image_url) VALUES (155, '/rooms/images/room_135/image_11.jpg');
INSERT INTO posts (id, landlord_id, room_id, title, description, price, deposit_amount, price_type, status, approved_by, approved_at, expires_at, is_boosted, boosted_until, view_count, favorite_count, contact_count, booking_count, created_at, updated_at, version, video_url, video_thumbnail)
VALUES (155, 3, 155, 'Căn hộ dịch vụ 1PN sang trọng, an ninh 39m2 cách UIT 4.66km - Lê Văn Chí', '**Vị trí thuận tiện và yên tĩnh**
- Địa chỉ: Lê Văn Chí, Phường Linh Chiểu, Thủ Đức.
- Chỉ cách khuôn viên trường Trường Đại học Công nghệ thông tin - ĐHQG TP.HCM (UIT) khoảng 4.66km. Việc đi học hàng ngày cực kỳ thuận tiện và nhanh chóng bằng xe máy, xe buýt hoặc đi bộ. Khu vực xung quanh cao ráo, không bị ngập nước, đường sá thông thoáng.

**Thiết kế căn phòng**
- Diện tích sử dụng: 39m2. Thiết kế tối ưu không gian, sạch sẽ, thoáng mát, thích hợp cho việc học tập lâu dài.
- Sở hữu cửa sổ lớn đón ánh sáng tự nhiên tốt, giữ phòng luôn khô ráo.
- Có ban công riêng đón gió mát mẻ, thuận tiện cho việc phơi đồ hoặc làm góc thư giãn.

**Các tiện ích lắp sẵn**
- Wifi internet tốc độ cao riêng biệt từng phòng
- Máy điều hòa nhiệt độ Inverter hoạt động êm ái, tiết kiệm điện
- Hệ thống nước nóng lạnh an toàn
- Chỗ để xe máy rộng rãi dưới tầng trệt, an ninh đảm bảo
- Tủ lạnh dung tích lớn tiện lợi lưu trữ đồ ăn
- Khu vực giặt sấy/máy giặt tiện nghi
- Kệ bếp nấu ăn thoáng khí, tủ bếp sạch sẽ

**An ninh và quy định**
- Hệ thống cửa cổng kiểm soát bằng khóa vân tay bảo mật cao kết hợp camera giám sát 24/7.
- Giờ đóng cổng: 22:00 đêm nhằm đảm bảo trật tự chung.
- Môi trường sống văn minh, hàng xóm chủ yếu là sinh viên ngoan ngoãn và nhân viên văn phòng lịch sự.

**Thông tin chi phí thuê**
- Giá thuê hàng tháng: 5,000,000 đ/tháng.
- Tiền đặt cọc: 5,000,000 đ (cam kết hoàn trả đầy đủ khi kết thúc hợp đồng theo đúng thỏa thuận).
- Chỉ số điện nước tính theo đồng hồ riêng gắn trước cửa phòng, cam kết thu đúng chỉ số tiêu thụ thực tế.', 5000000.0, 5000000.0, 'MONTHLY', 'APPROVED', 1, NOW() - INTERVAL '3 days', NOW() + INTERVAL '27 days', false, NULL, 258, 50, 16, 10, NOW() - INTERVAL '10 days', NOW(), 0, '/posts/videos/room_135/video_01.mp4', '/rooms/images/room_135/image_01.jpg');
INSERT INTO post_images (post_id, image_order, image_url) VALUES (155, 0, '/rooms/images/room_135/image_01.jpg');
INSERT INTO post_images (post_id, image_order, image_url) VALUES (155, 1, '/rooms/images/room_135/image_02.jpg');
INSERT INTO post_images (post_id, image_order, image_url) VALUES (155, 2, '/rooms/images/room_135/image_03.jpg');
INSERT INTO post_images (post_id, image_order, image_url) VALUES (155, 3, '/rooms/images/room_135/image_04.jpg');
INSERT INTO post_images (post_id, image_order, image_url) VALUES (155, 4, '/rooms/images/room_135/image_05.jpg');
INSERT INTO post_images (post_id, image_order, image_url) VALUES (155, 5, '/rooms/images/room_135/image_06.jpg');
INSERT INTO post_images (post_id, image_order, image_url) VALUES (155, 6, '/rooms/images/room_135/image_07.jpg');
INSERT INTO post_images (post_id, image_order, image_url) VALUES (155, 7, '/rooms/images/room_135/image_08.jpg');
INSERT INTO post_images (post_id, image_order, image_url) VALUES (155, 8, '/rooms/images/room_135/image_09.jpg');
INSERT INTO post_images (post_id, image_order, image_url) VALUES (155, 9, '/rooms/images/room_135/image_10.jpg');
INSERT INTO post_images (post_id, image_order, image_url) VALUES (155, 10, '/rooms/images/room_135/image_11.jpg');

-- ==========================================
-- CENTRAL MEDIA FILES METADATA
-- ==========================================
INSERT INTO central_media_files (id, owner_id, category, original_name, file_name, file_path, file_url, file_size, mime_type, extension, is_primary, reference_type, reference_id, status, created_at, updated_at, version) VALUES (1, 2, 'ROOM_THUMBNAIL', '5dc6daf370cde57302a8abd758794b7a-2989637164126043799.jpg', '5dc6daf370cde57302a8abd758794b7a-2989637164126043799.jpg', 'uploads/rooms/images/phongtro_1/5dc6daf370cde57302a8abd758794b7a-2989637164126043799.jpg', '/rooms/images/phongtro_1/5dc6daf370cde57302a8abd758794b7a-2989637164126043799.jpg', 101904, 'image/jpeg', 'jpg', true, 'ROOM', 1, 'READY', NOW(), NOW(), 0);
INSERT INTO central_media_files (id, owner_id, category, original_name, file_name, file_path, file_url, file_size, mime_type, extension, is_primary, reference_type, reference_id, status, created_at, updated_at, version) VALUES (2, 2, 'ROOM_IMAGE', '606c81e230f7acf166310d405027b8f8-2989637163813005937.jpg', '606c81e230f7acf166310d405027b8f8-2989637163813005937.jpg', 'uploads/rooms/images/phongtro_1/606c81e230f7acf166310d405027b8f8-2989637163813005937.jpg', '/rooms/images/phongtro_1/606c81e230f7acf166310d405027b8f8-2989637163813005937.jpg', 105060, 'image/jpeg', 'jpg', false, 'ROOM', 1, 'READY', NOW(), NOW(), 0);
INSERT INTO central_media_files (id, owner_id, category, original_name, file_name, file_path, file_url, file_size, mime_type, extension, is_primary, reference_type, reference_id, status, created_at, updated_at, version) VALUES (3, 2, 'ROOM_IMAGE', '6cfc97e1c0e4b39585be7594a10d834a-2989637163939142641.jpg', '6cfc97e1c0e4b39585be7594a10d834a-2989637163939142641.jpg', 'uploads/rooms/images/phongtro_1/6cfc97e1c0e4b39585be7594a10d834a-2989637163939142641.jpg', '/rooms/images/phongtro_1/6cfc97e1c0e4b39585be7594a10d834a-2989637163939142641.jpg', 109980, 'image/jpeg', 'jpg', false, 'ROOM', 1, 'READY', NOW(), NOW(), 0);
INSERT INTO central_media_files (id, owner_id, category, original_name, file_name, file_path, file_url, file_size, mime_type, extension, is_primary, reference_type, reference_id, status, created_at, updated_at, version) VALUES (4, 2, 'ROOM_IMAGE', '7c99f2d319a2fa5538e6b363edcd2591-2989637164133435203.jpg', '7c99f2d319a2fa5538e6b363edcd2591-2989637164133435203.jpg', 'uploads/rooms/images/phongtro_1/7c99f2d319a2fa5538e6b363edcd2591-2989637164133435203.jpg', '/rooms/images/phongtro_1/7c99f2d319a2fa5538e6b363edcd2591-2989637164133435203.jpg', 100563, 'image/jpeg', 'jpg', false, 'ROOM', 1, 'READY', NOW(), NOW(), 0);
INSERT INTO central_media_files (id, owner_id, category, original_name, file_name, file_path, file_url, file_size, mime_type, extension, is_primary, reference_type, reference_id, status, created_at, updated_at, version) VALUES (5, 2, 'ROOM_IMAGE', '8a85e52814aeea812e850426d52c7a2b-2989637164243235621.jpg', '8a85e52814aeea812e850426d52c7a2b-2989637164243235621.jpg', 'uploads/rooms/images/phongtro_1/8a85e52814aeea812e850426d52c7a2b-2989637164243235621.jpg', '/rooms/images/phongtro_1/8a85e52814aeea812e850426d52c7a2b-2989637164243235621.jpg', 145869, 'image/jpeg', 'jpg', false, 'ROOM', 1, 'READY', NOW(), NOW(), 0);
INSERT INTO central_media_files (id, owner_id, category, original_name, file_name, file_path, file_url, file_size, mime_type, extension, is_primary, reference_type, reference_id, status, created_at, updated_at, version) VALUES (6, 2, 'ROOM_IMAGE', 'a64865e8baaed6fe6db4f52f91d22454-2989637163993819346.jpg', 'a64865e8baaed6fe6db4f52f91d22454-2989637163993819346.jpg', 'uploads/rooms/images/phongtro_1/a64865e8baaed6fe6db4f52f91d22454-2989637163993819346.jpg', '/rooms/images/phongtro_1/a64865e8baaed6fe6db4f52f91d22454-2989637163993819346.jpg', 145492, 'image/jpeg', 'jpg', false, 'ROOM', 1, 'READY', NOW(), NOW(), 0);
INSERT INTO central_media_files (id, owner_id, category, original_name, file_name, file_path, file_url, file_size, mime_type, extension, is_primary, reference_type, reference_id, status, created_at, updated_at, version) VALUES (7, 2, 'ROOM_IMAGE', 'a855e8a4b1adcc4d766190410d4fa79f-2989637163862569046.jpg', 'a855e8a4b1adcc4d766190410d4fa79f-2989637163862569046.jpg', 'uploads/rooms/images/phongtro_1/a855e8a4b1adcc4d766190410d4fa79f-2989637163862569046.jpg', '/rooms/images/phongtro_1/a855e8a4b1adcc4d766190410d4fa79f-2989637163862569046.jpg', 98616, 'image/jpeg', 'jpg', false, 'ROOM', 1, 'READY', NOW(), NOW(), 0);
INSERT INTO central_media_files (id, owner_id, category, original_name, file_name, file_path, file_url, file_size, mime_type, extension, is_primary, reference_type, reference_id, status, created_at, updated_at, version) VALUES (8, 2, 'ROOM_IMAGE', 'e2ee3fe97e6085d3493eab0c78e2dc84-2989637164256485762.jpg', 'e2ee3fe97e6085d3493eab0c78e2dc84-2989637164256485762.jpg', 'uploads/rooms/images/phongtro_1/e2ee3fe97e6085d3493eab0c78e2dc84-2989637164256485762.jpg', '/rooms/images/phongtro_1/e2ee3fe97e6085d3493eab0c78e2dc84-2989637164256485762.jpg', 113811, 'image/jpeg', 'jpg', false, 'ROOM', 1, 'READY', NOW(), NOW(), 0);
INSERT INTO central_media_files (id, owner_id, category, original_name, file_name, file_path, file_url, file_size, mime_type, extension, is_primary, reference_type, reference_id, status, created_at, updated_at, version) VALUES (9, 2, 'POST_VIDEO', 'Phongtro1.mp4', 'Phongtro1.mp4', 'uploads/posts/videos/phongtro_1/Phongtro1.mp4', '/posts/videos/phongtro_1/Phongtro1.mp4', 31956460, 'video/mp4', 'mp4', true, 'POST', 1, 'READY', NOW(), NOW(), 0);
INSERT INTO central_media_files (id, owner_id, category, original_name, file_name, file_path, file_url, file_size, mime_type, extension, is_primary, reference_type, reference_id, status, created_at, updated_at, version) VALUES (10, 3, 'ROOM_THUMBNAIL', '250c6e1b4961153251ad191939f00e57-2989574838275780694.jpg', '250c6e1b4961153251ad191939f00e57-2989574838275780694.jpg', 'uploads/rooms/images/phongtro_2/250c6e1b4961153251ad191939f00e57-2989574838275780694.jpg', '/rooms/images/phongtro_2/250c6e1b4961153251ad191939f00e57-2989574838275780694.jpg', 101408, 'image/jpeg', 'jpg', true, 'ROOM', 2, 'READY', NOW(), NOW(), 0);
INSERT INTO central_media_files (id, owner_id, category, original_name, file_name, file_path, file_url, file_size, mime_type, extension, is_primary, reference_type, reference_id, status, created_at, updated_at, version) VALUES (11, 3, 'ROOM_IMAGE', '509f56070ee9cd6a990506e2005f13bc-2989574823444459606.jpg', '509f56070ee9cd6a990506e2005f13bc-2989574823444459606.jpg', 'uploads/rooms/images/phongtro_2/509f56070ee9cd6a990506e2005f13bc-2989574823444459606.jpg', '/rooms/images/phongtro_2/509f56070ee9cd6a990506e2005f13bc-2989574823444459606.jpg', 98021, 'image/jpeg', 'jpg', false, 'ROOM', 2, 'READY', NOW(), NOW(), 0);
INSERT INTO central_media_files (id, owner_id, category, original_name, file_name, file_path, file_url, file_size, mime_type, extension, is_primary, reference_type, reference_id, status, created_at, updated_at, version) VALUES (12, 3, 'ROOM_IMAGE', '82becc563d486ddb5f8ce31f231b5f61-2989574823844322289.jpg', '82becc563d486ddb5f8ce31f231b5f61-2989574823844322289.jpg', 'uploads/rooms/images/phongtro_2/82becc563d486ddb5f8ce31f231b5f61-2989574823844322289.jpg', '/rooms/images/phongtro_2/82becc563d486ddb5f8ce31f231b5f61-2989574823844322289.jpg', 96560, 'image/jpeg', 'jpg', false, 'ROOM', 2, 'READY', NOW(), NOW(), 0);
INSERT INTO central_media_files (id, owner_id, category, original_name, file_name, file_path, file_url, file_size, mime_type, extension, is_primary, reference_type, reference_id, status, created_at, updated_at, version) VALUES (13, 3, 'POST_VIDEO', 'Phongtro2.mp4', 'Phongtro2.mp4', 'uploads/posts/videos/phongtro_2/Phongtro2.mp4', '/posts/videos/phongtro_2/Phongtro2.mp4', 9960657, 'video/mp4', 'mp4', true, 'POST', 2, 'READY', NOW(), NOW(), 0);
INSERT INTO central_media_files (id, owner_id, category, original_name, file_name, file_path, file_url, file_size, mime_type, extension, is_primary, reference_type, reference_id, status, created_at, updated_at, version) VALUES (14, 4, 'ROOM_THUMBNAIL', '0ddefc1d14ca02a0c9e8aaf3a72e473a-2976602908688307922.jpg', '0ddefc1d14ca02a0c9e8aaf3a72e473a-2976602908688307922.jpg', 'uploads/rooms/images/phongtro_3/0ddefc1d14ca02a0c9e8aaf3a72e473a-2976602908688307922.jpg', '/rooms/images/phongtro_3/0ddefc1d14ca02a0c9e8aaf3a72e473a-2976602908688307922.jpg', 119394, 'image/jpeg', 'jpg', true, 'ROOM', 3, 'READY', NOW(), NOW(), 0);
INSERT INTO central_media_files (id, owner_id, category, original_name, file_name, file_path, file_url, file_size, mime_type, extension, is_primary, reference_type, reference_id, status, created_at, updated_at, version) VALUES (15, 4, 'ROOM_IMAGE', '18543739a33d66a5b7124697a366b019-2976602909885621519.jpg', '18543739a33d66a5b7124697a366b019-2976602909885621519.jpg', 'uploads/rooms/images/phongtro_3/18543739a33d66a5b7124697a366b019-2976602909885621519.jpg', '/rooms/images/phongtro_3/18543739a33d66a5b7124697a366b019-2976602909885621519.jpg', 75788, 'image/jpeg', 'jpg', false, 'ROOM', 3, 'READY', NOW(), NOW(), 0);
INSERT INTO central_media_files (id, owner_id, category, original_name, file_name, file_path, file_url, file_size, mime_type, extension, is_primary, reference_type, reference_id, status, created_at, updated_at, version) VALUES (16, 4, 'ROOM_IMAGE', '6a96347d2f72a1a67f8c2dd14e2ffc06-2976602908536194592.jpg', '6a96347d2f72a1a67f8c2dd14e2ffc06-2976602908536194592.jpg', 'uploads/rooms/images/phongtro_3/6a96347d2f72a1a67f8c2dd14e2ffc06-2976602908536194592.jpg', '/rooms/images/phongtro_3/6a96347d2f72a1a67f8c2dd14e2ffc06-2976602908536194592.jpg', 112589, 'image/jpeg', 'jpg', false, 'ROOM', 3, 'READY', NOW(), NOW(), 0);
INSERT INTO central_media_files (id, owner_id, category, original_name, file_name, file_path, file_url, file_size, mime_type, extension, is_primary, reference_type, reference_id, status, created_at, updated_at, version) VALUES (17, 4, 'ROOM_IMAGE', '85c3733ce057bbf4bb6b3a13d877bbcd-2976602910024703708.jpg', '85c3733ce057bbf4bb6b3a13d877bbcd-2976602910024703708.jpg', 'uploads/rooms/images/phongtro_3/85c3733ce057bbf4bb6b3a13d877bbcd-2976602910024703708.jpg', '/rooms/images/phongtro_3/85c3733ce057bbf4bb6b3a13d877bbcd-2976602910024703708.jpg', 84689, 'image/jpeg', 'jpg', false, 'ROOM', 3, 'READY', NOW(), NOW(), 0);
INSERT INTO central_media_files (id, owner_id, category, original_name, file_name, file_path, file_url, file_size, mime_type, extension, is_primary, reference_type, reference_id, status, created_at, updated_at, version) VALUES (18, 4, 'ROOM_IMAGE', 'f54af2d02db59c187ffc157ec556228b-2976602911266283228.jpg', 'f54af2d02db59c187ffc157ec556228b-2976602911266283228.jpg', 'uploads/rooms/images/phongtro_3/f54af2d02db59c187ffc157ec556228b-2976602911266283228.jpg', '/rooms/images/phongtro_3/f54af2d02db59c187ffc157ec556228b-2976602911266283228.jpg', 83380, 'image/jpeg', 'jpg', false, 'ROOM', 3, 'READY', NOW(), NOW(), 0);
INSERT INTO central_media_files (id, owner_id, category, original_name, file_name, file_path, file_url, file_size, mime_type, extension, is_primary, reference_type, reference_id, status, created_at, updated_at, version) VALUES (19, 4, 'POST_VIDEO', 'Phongtro3.mp4', 'Phongtro3.mp4', 'uploads/posts/videos/phongtro_3/Phongtro3.mp4', '/posts/videos/phongtro_3/Phongtro3.mp4', 23048544, 'video/mp4', 'mp4', true, 'POST', 3, 'READY', NOW(), NOW(), 0);
INSERT INTO central_media_files (id, owner_id, category, original_name, file_name, file_path, file_url, file_size, mime_type, extension, is_primary, reference_type, reference_id, status, created_at, updated_at, version) VALUES (20, 2, 'ROOM_THUMBNAIL', '5880fda59b860cca33cca70589c74889-2989294794715688185.jpg', '5880fda59b860cca33cca70589c74889-2989294794715688185.jpg', 'uploads/rooms/images/phongtro_4/5880fda59b860cca33cca70589c74889-2989294794715688185.jpg', '/rooms/images/phongtro_4/5880fda59b860cca33cca70589c74889-2989294794715688185.jpg', 111104, 'image/jpeg', 'jpg', true, 'ROOM', 4, 'READY', NOW(), NOW(), 0);
INSERT INTO central_media_files (id, owner_id, category, original_name, file_name, file_path, file_url, file_size, mime_type, extension, is_primary, reference_type, reference_id, status, created_at, updated_at, version) VALUES (21, 2, 'ROOM_IMAGE', 'a91bba470753079c6bc0cb2fc5bc6566-2989294794741309629.jpg', 'a91bba470753079c6bc0cb2fc5bc6566-2989294794741309629.jpg', 'uploads/rooms/images/phongtro_4/a91bba470753079c6bc0cb2fc5bc6566-2989294794741309629.jpg', '/rooms/images/phongtro_4/a91bba470753079c6bc0cb2fc5bc6566-2989294794741309629.jpg', 96204, 'image/jpeg', 'jpg', false, 'ROOM', 4, 'READY', NOW(), NOW(), 0);
INSERT INTO central_media_files (id, owner_id, category, original_name, file_name, file_path, file_url, file_size, mime_type, extension, is_primary, reference_type, reference_id, status, created_at, updated_at, version) VALUES (22, 2, 'ROOM_IMAGE', 'f37fbe1426d7c922c1ed9649468221ac-2989294794625461924.jpg', 'f37fbe1426d7c922c1ed9649468221ac-2989294794625461924.jpg', 'uploads/rooms/images/phongtro_4/f37fbe1426d7c922c1ed9649468221ac-2989294794625461924.jpg', '/rooms/images/phongtro_4/f37fbe1426d7c922c1ed9649468221ac-2989294794625461924.jpg', 98986, 'image/jpeg', 'jpg', false, 'ROOM', 4, 'READY', NOW(), NOW(), 0);
INSERT INTO central_media_files (id, owner_id, category, original_name, file_name, file_path, file_url, file_size, mime_type, extension, is_primary, reference_type, reference_id, status, created_at, updated_at, version) VALUES (23, 2, 'POST_VIDEO', 'Phongtro4.mp4', 'Phongtro4.mp4', 'uploads/posts/videos/phongtro_4/Phongtro4.mp4', '/posts/videos/phongtro_4/Phongtro4.mp4', 3727763, 'video/mp4', 'mp4', true, 'POST', 4, 'READY', NOW(), NOW(), 0);
INSERT INTO central_media_files (id, owner_id, category, original_name, file_name, file_path, file_url, file_size, mime_type, extension, is_primary, reference_type, reference_id, status, created_at, updated_at, version) VALUES (24, 3, 'ROOM_THUMBNAIL', '0e7b23f55df680325169ffadd8b7aca8-2988046123518002883.jpg', '0e7b23f55df680325169ffadd8b7aca8-2988046123518002883.jpg', 'uploads/rooms/images/phongtro_5/0e7b23f55df680325169ffadd8b7aca8-2988046123518002883.jpg', '/rooms/images/phongtro_5/0e7b23f55df680325169ffadd8b7aca8-2988046123518002883.jpg', 44199, 'image/jpeg', 'jpg', true, 'ROOM', 5, 'READY', NOW(), NOW(), 0);
INSERT INTO central_media_files (id, owner_id, category, original_name, file_name, file_path, file_url, file_size, mime_type, extension, is_primary, reference_type, reference_id, status, created_at, updated_at, version) VALUES (25, 3, 'ROOM_IMAGE', '14a52577e97bbbb022acaad70adad1a3-2988046124608587459.jpg', '14a52577e97bbbb022acaad70adad1a3-2988046124608587459.jpg', 'uploads/rooms/images/phongtro_5/14a52577e97bbbb022acaad70adad1a3-2988046124608587459.jpg', '/rooms/images/phongtro_5/14a52577e97bbbb022acaad70adad1a3-2988046124608587459.jpg', 58328, 'image/jpeg', 'jpg', false, 'ROOM', 5, 'READY', NOW(), NOW(), 0);
INSERT INTO central_media_files (id, owner_id, category, original_name, file_name, file_path, file_url, file_size, mime_type, extension, is_primary, reference_type, reference_id, status, created_at, updated_at, version) VALUES (26, 3, 'ROOM_IMAGE', 'a1ada929e3a48de5a96e9bbfdec92023-2988046123576327051.jpg', 'a1ada929e3a48de5a96e9bbfdec92023-2988046123576327051.jpg', 'uploads/rooms/images/phongtro_5/a1ada929e3a48de5a96e9bbfdec92023-2988046123576327051.jpg', '/rooms/images/phongtro_5/a1ada929e3a48de5a96e9bbfdec92023-2988046123576327051.jpg', 61221, 'image/jpeg', 'jpg', false, 'ROOM', 5, 'READY', NOW(), NOW(), 0);
INSERT INTO central_media_files (id, owner_id, category, original_name, file_name, file_path, file_url, file_size, mime_type, extension, is_primary, reference_type, reference_id, status, created_at, updated_at, version) VALUES (27, 3, 'POST_VIDEO', 'Phongtro5.mp4', 'Phongtro5.mp4', 'uploads/posts/videos/phongtro_5/Phongtro5.mp4', '/posts/videos/phongtro_5/Phongtro5.mp4', 9149894, 'video/mp4', 'mp4', true, 'POST', 5, 'READY', NOW(), NOW(), 0);
INSERT INTO central_media_files (id, owner_id, category, original_name, file_name, file_path, file_url, file_size, mime_type, extension, is_primary, reference_type, reference_id, status, created_at, updated_at, version) VALUES (28, 4, 'ROOM_THUMBNAIL', '11159ac48b52f6b91c3fdb560d94ca64-2988628146912536256.jpg', '11159ac48b52f6b91c3fdb560d94ca64-2988628146912536256.jpg', 'uploads/rooms/images/phongtro_6/11159ac48b52f6b91c3fdb560d94ca64-2988628146912536256.jpg', '/rooms/images/phongtro_6/11159ac48b52f6b91c3fdb560d94ca64-2988628146912536256.jpg', 46928, 'image/jpeg', 'jpg', true, 'ROOM', 6, 'READY', NOW(), NOW(), 0);
INSERT INTO central_media_files (id, owner_id, category, original_name, file_name, file_path, file_url, file_size, mime_type, extension, is_primary, reference_type, reference_id, status, created_at, updated_at, version) VALUES (29, 4, 'ROOM_IMAGE', '126fb1ef108e256667b9be8bd3145fe9-2988628196138251729.jpg', '126fb1ef108e256667b9be8bd3145fe9-2988628196138251729.jpg', 'uploads/rooms/images/phongtro_6/126fb1ef108e256667b9be8bd3145fe9-2988628196138251729.jpg', '/rooms/images/phongtro_6/126fb1ef108e256667b9be8bd3145fe9-2988628196138251729.jpg', 81514, 'image/jpeg', 'jpg', false, 'ROOM', 6, 'READY', NOW(), NOW(), 0);
INSERT INTO central_media_files (id, owner_id, category, original_name, file_name, file_path, file_url, file_size, mime_type, extension, is_primary, reference_type, reference_id, status, created_at, updated_at, version) VALUES (30, 4, 'ROOM_IMAGE', '3176f69670d396d671460aa26ea348dc-2988628195684755136.jpg', '3176f69670d396d671460aa26ea348dc-2988628195684755136.jpg', 'uploads/rooms/images/phongtro_6/3176f69670d396d671460aa26ea348dc-2988628195684755136.jpg', '/rooms/images/phongtro_6/3176f69670d396d671460aa26ea348dc-2988628195684755136.jpg', 70023, 'image/jpeg', 'jpg', false, 'ROOM', 6, 'READY', NOW(), NOW(), 0);
INSERT INTO central_media_files (id, owner_id, category, original_name, file_name, file_path, file_url, file_size, mime_type, extension, is_primary, reference_type, reference_id, status, created_at, updated_at, version) VALUES (31, 4, 'ROOM_IMAGE', '3ed15594b1228894b2f219d8e5812be4-2988628196414862249.jpg', '3ed15594b1228894b2f219d8e5812be4-2988628196414862249.jpg', 'uploads/rooms/images/phongtro_6/3ed15594b1228894b2f219d8e5812be4-2988628196414862249.jpg', '/rooms/images/phongtro_6/3ed15594b1228894b2f219d8e5812be4-2988628196414862249.jpg', 88758, 'image/jpeg', 'jpg', false, 'ROOM', 6, 'READY', NOW(), NOW(), 0);
INSERT INTO central_media_files (id, owner_id, category, original_name, file_name, file_path, file_url, file_size, mime_type, extension, is_primary, reference_type, reference_id, status, created_at, updated_at, version) VALUES (32, 4, 'ROOM_IMAGE', '53838b80ecbf6a34307a8fb648e47786-2988628195975345127.jpg', '53838b80ecbf6a34307a8fb648e47786-2988628195975345127.jpg', 'uploads/rooms/images/phongtro_6/53838b80ecbf6a34307a8fb648e47786-2988628195975345127.jpg', '/rooms/images/phongtro_6/53838b80ecbf6a34307a8fb648e47786-2988628195975345127.jpg', 52050, 'image/jpeg', 'jpg', false, 'ROOM', 6, 'READY', NOW(), NOW(), 0);
INSERT INTO central_media_files (id, owner_id, category, original_name, file_name, file_path, file_url, file_size, mime_type, extension, is_primary, reference_type, reference_id, status, created_at, updated_at, version) VALUES (33, 4, 'ROOM_IMAGE', '64f5808d35c32f9618d40e386258954b-2988628195831497132.jpg', '64f5808d35c32f9618d40e386258954b-2988628195831497132.jpg', 'uploads/rooms/images/phongtro_6/64f5808d35c32f9618d40e386258954b-2988628195831497132.jpg', '/rooms/images/phongtro_6/64f5808d35c32f9618d40e386258954b-2988628195831497132.jpg', 50614, 'image/jpeg', 'jpg', false, 'ROOM', 6, 'READY', NOW(), NOW(), 0);
INSERT INTO central_media_files (id, owner_id, category, original_name, file_name, file_path, file_url, file_size, mime_type, extension, is_primary, reference_type, reference_id, status, created_at, updated_at, version) VALUES (34, 4, 'ROOM_IMAGE', '6b669c8ebd13609894e39fda1e912e84-2988628195780264036.jpg', '6b669c8ebd13609894e39fda1e912e84-2988628195780264036.jpg', 'uploads/rooms/images/phongtro_6/6b669c8ebd13609894e39fda1e912e84-2988628195780264036.jpg', '/rooms/images/phongtro_6/6b669c8ebd13609894e39fda1e912e84-2988628195780264036.jpg', 69645, 'image/jpeg', 'jpg', false, 'ROOM', 6, 'READY', NOW(), NOW(), 0);
INSERT INTO central_media_files (id, owner_id, category, original_name, file_name, file_path, file_url, file_size, mime_type, extension, is_primary, reference_type, reference_id, status, created_at, updated_at, version) VALUES (35, 4, 'ROOM_IMAGE', 'bf66b9bdb1883ff1cefda98c45854297-2988628196022905582.jpg', 'bf66b9bdb1883ff1cefda98c45854297-2988628196022905582.jpg', 'uploads/rooms/images/phongtro_6/bf66b9bdb1883ff1cefda98c45854297-2988628196022905582.jpg', '/rooms/images/phongtro_6/bf66b9bdb1883ff1cefda98c45854297-2988628196022905582.jpg', 71053, 'image/jpeg', 'jpg', false, 'ROOM', 6, 'READY', NOW(), NOW(), 0);
INSERT INTO central_media_files (id, owner_id, category, original_name, file_name, file_path, file_url, file_size, mime_type, extension, is_primary, reference_type, reference_id, status, created_at, updated_at, version) VALUES (36, 4, 'POST_VIDEO', 'Phongtro6.mp4', 'Phongtro6.mp4', 'uploads/posts/videos/phongtro_6/Phongtro6.mp4', '/posts/videos/phongtro_6/Phongtro6.mp4', 18917768, 'video/mp4', 'mp4', true, 'POST', 6, 'READY', NOW(), NOW(), 0);
INSERT INTO central_media_files (id, owner_id, category, original_name, file_name, file_path, file_url, file_size, mime_type, extension, is_primary, reference_type, reference_id, status, created_at, updated_at, version) VALUES (37, 2, 'ROOM_THUMBNAIL', '39d9e8a91494d7e61ba76d6837548805-2989735965459823799.jpg', '39d9e8a91494d7e61ba76d6837548805-2989735965459823799.jpg', 'uploads/rooms/images/phongtro_7/39d9e8a91494d7e61ba76d6837548805-2989735965459823799.jpg', '/rooms/images/phongtro_7/39d9e8a91494d7e61ba76d6837548805-2989735965459823799.jpg', 136582, 'image/jpeg', 'jpg', true, 'ROOM', 7, 'READY', NOW(), NOW(), 0);
INSERT INTO central_media_files (id, owner_id, category, original_name, file_name, file_path, file_url, file_size, mime_type, extension, is_primary, reference_type, reference_id, status, created_at, updated_at, version) VALUES (38, 2, 'ROOM_IMAGE', '557e62d52d3557d0d05e20eeef02c489-2989736028610444471.jpg', '557e62d52d3557d0d05e20eeef02c489-2989736028610444471.jpg', 'uploads/rooms/images/phongtro_7/557e62d52d3557d0d05e20eeef02c489-2989736028610444471.jpg', '/rooms/images/phongtro_7/557e62d52d3557d0d05e20eeef02c489-2989736028610444471.jpg', 118789, 'image/jpeg', 'jpg', false, 'ROOM', 7, 'READY', NOW(), NOW(), 0);
INSERT INTO central_media_files (id, owner_id, category, original_name, file_name, file_path, file_url, file_size, mime_type, extension, is_primary, reference_type, reference_id, status, created_at, updated_at, version) VALUES (39, 2, 'ROOM_IMAGE', '7260a62ed7ea9f974c44852187418a32-2989736043947175610.jpg', '7260a62ed7ea9f974c44852187418a32-2989736043947175610.jpg', 'uploads/rooms/images/phongtro_7/7260a62ed7ea9f974c44852187418a32-2989736043947175610.jpg', '/rooms/images/phongtro_7/7260a62ed7ea9f974c44852187418a32-2989736043947175610.jpg', 126668, 'image/jpeg', 'jpg', false, 'ROOM', 7, 'READY', NOW(), NOW(), 0);
INSERT INTO central_media_files (id, owner_id, category, original_name, file_name, file_path, file_url, file_size, mime_type, extension, is_primary, reference_type, reference_id, status, created_at, updated_at, version) VALUES (40, 2, 'ROOM_IMAGE', '8abd3acfb92fa88c2199fa4e3e464eb1-2989736023333894583.jpg', '8abd3acfb92fa88c2199fa4e3e464eb1-2989736023333894583.jpg', 'uploads/rooms/images/phongtro_7/8abd3acfb92fa88c2199fa4e3e464eb1-2989736023333894583.jpg', '/rooms/images/phongtro_7/8abd3acfb92fa88c2199fa4e3e464eb1-2989736023333894583.jpg', 114356, 'image/jpeg', 'jpg', false, 'ROOM', 7, 'READY', NOW(), NOW(), 0);
INSERT INTO central_media_files (id, owner_id, category, original_name, file_name, file_path, file_url, file_size, mime_type, extension, is_primary, reference_type, reference_id, status, created_at, updated_at, version) VALUES (41, 2, 'ROOM_IMAGE', '993a5b26e9ea8e7acb410dd2a74227c5-2989735998206712817.jpg', '993a5b26e9ea8e7acb410dd2a74227c5-2989735998206712817.jpg', 'uploads/rooms/images/phongtro_7/993a5b26e9ea8e7acb410dd2a74227c5-2989735998206712817.jpg', '/rooms/images/phongtro_7/993a5b26e9ea8e7acb410dd2a74227c5-2989735998206712817.jpg', 130880, 'image/jpeg', 'jpg', false, 'ROOM', 7, 'READY', NOW(), NOW(), 0);
INSERT INTO central_media_files (id, owner_id, category, original_name, file_name, file_path, file_url, file_size, mime_type, extension, is_primary, reference_type, reference_id, status, created_at, updated_at, version) VALUES (42, 2, 'POST_VIDEO', 'Phongtro7.mp4', 'Phongtro7.mp4', 'uploads/posts/videos/phongtro_7/Phongtro7.mp4', '/posts/videos/phongtro_7/Phongtro7.mp4', 10048146, 'video/mp4', 'mp4', true, 'POST', 7, 'READY', NOW(), NOW(), 0);
INSERT INTO central_media_files (id, owner_id, category, original_name, file_name, file_path, file_url, file_size, mime_type, extension, is_primary, reference_type, reference_id, status, created_at, updated_at, version) VALUES (43, 3, 'ROOM_THUMBNAIL', '061624540dc3a8b9d577a5e3a9c8451c-2987576326513607683.jpg', '061624540dc3a8b9d577a5e3a9c8451c-2987576326513607683.jpg', 'uploads/rooms/images/phongtro_8/061624540dc3a8b9d577a5e3a9c8451c-2987576326513607683.jpg', '/rooms/images/phongtro_8/061624540dc3a8b9d577a5e3a9c8451c-2987576326513607683.jpg', 62091, 'image/jpeg', 'jpg', true, 'ROOM', 8, 'READY', NOW(), NOW(), 0);
INSERT INTO central_media_files (id, owner_id, category, original_name, file_name, file_path, file_url, file_size, mime_type, extension, is_primary, reference_type, reference_id, status, created_at, updated_at, version) VALUES (44, 3, 'ROOM_IMAGE', '1ca9b8f59e4ff26dde4bbec55a3d0dc4-2987576318467588797.jpg', '1ca9b8f59e4ff26dde4bbec55a3d0dc4-2987576318467588797.jpg', 'uploads/rooms/images/phongtro_8/1ca9b8f59e4ff26dde4bbec55a3d0dc4-2987576318467588797.jpg', '/rooms/images/phongtro_8/1ca9b8f59e4ff26dde4bbec55a3d0dc4-2987576318467588797.jpg', 61845, 'image/jpeg', 'jpg', false, 'ROOM', 8, 'READY', NOW(), NOW(), 0);
INSERT INTO central_media_files (id, owner_id, category, original_name, file_name, file_path, file_url, file_size, mime_type, extension, is_primary, reference_type, reference_id, status, created_at, updated_at, version) VALUES (45, 3, 'ROOM_IMAGE', '3d59e98c9f8581f302f981b8024ac4bc-2987576318538607311.jpg', '3d59e98c9f8581f302f981b8024ac4bc-2987576318538607311.jpg', 'uploads/rooms/images/phongtro_8/3d59e98c9f8581f302f981b8024ac4bc-2987576318538607311.jpg', '/rooms/images/phongtro_8/3d59e98c9f8581f302f981b8024ac4bc-2987576318538607311.jpg', 64183, 'image/jpeg', 'jpg', false, 'ROOM', 8, 'READY', NOW(), NOW(), 0);
INSERT INTO central_media_files (id, owner_id, category, original_name, file_name, file_path, file_url, file_size, mime_type, extension, is_primary, reference_type, reference_id, status, created_at, updated_at, version) VALUES (46, 3, 'ROOM_IMAGE', 'df2f16b20f74e09cd7c8cbaff87d295a-2987576323185961679.jpg', 'df2f16b20f74e09cd7c8cbaff87d295a-2987576323185961679.jpg', 'uploads/rooms/images/phongtro_8/df2f16b20f74e09cd7c8cbaff87d295a-2987576323185961679.jpg', '/rooms/images/phongtro_8/df2f16b20f74e09cd7c8cbaff87d295a-2987576323185961679.jpg', 71073, 'image/jpeg', 'jpg', false, 'ROOM', 8, 'READY', NOW(), NOW(), 0);
INSERT INTO central_media_files (id, owner_id, category, original_name, file_name, file_path, file_url, file_size, mime_type, extension, is_primary, reference_type, reference_id, status, created_at, updated_at, version) VALUES (47, 3, 'ROOM_IMAGE', 'f48ee27ce4a57ba83e5eacb7c38d6b66-2987576323890670287.jpg', 'f48ee27ce4a57ba83e5eacb7c38d6b66-2987576323890670287.jpg', 'uploads/rooms/images/phongtro_8/f48ee27ce4a57ba83e5eacb7c38d6b66-2987576323890670287.jpg', '/rooms/images/phongtro_8/f48ee27ce4a57ba83e5eacb7c38d6b66-2987576323890670287.jpg', 80778, 'image/jpeg', 'jpg', false, 'ROOM', 8, 'READY', NOW(), NOW(), 0);
INSERT INTO central_media_files (id, owner_id, category, original_name, file_name, file_path, file_url, file_size, mime_type, extension, is_primary, reference_type, reference_id, status, created_at, updated_at, version) VALUES (48, 3, 'POST_VIDEO', 'Phongtro8.mp4', 'Phongtro8.mp4', 'uploads/posts/videos/phongtro_8/Phongtro8.mp4', '/posts/videos/phongtro_8/Phongtro8.mp4', 2980724, 'video/mp4', 'mp4', true, 'POST', 8, 'READY', NOW(), NOW(), 0);
INSERT INTO central_media_files (id, owner_id, category, original_name, file_name, file_path, file_url, file_size, mime_type, extension, is_primary, reference_type, reference_id, status, created_at, updated_at, version) VALUES (49, 4, 'ROOM_THUMBNAIL', '75de2dcaffef9b2736c328a07571cc59-2988789374010458212.jpg', '75de2dcaffef9b2736c328a07571cc59-2988789374010458212.jpg', 'uploads/rooms/images/phongtro_9/75de2dcaffef9b2736c328a07571cc59-2988789374010458212.jpg', '/rooms/images/phongtro_9/75de2dcaffef9b2736c328a07571cc59-2988789374010458212.jpg', 56492, 'image/jpeg', 'jpg', true, 'ROOM', 9, 'READY', NOW(), NOW(), 0);
INSERT INTO central_media_files (id, owner_id, category, original_name, file_name, file_path, file_url, file_size, mime_type, extension, is_primary, reference_type, reference_id, status, created_at, updated_at, version) VALUES (50, 4, 'ROOM_IMAGE', 'a8c35a09e10dc4a4d9beb465efda72ac-2988789375166294412.jpg', 'a8c35a09e10dc4a4d9beb465efda72ac-2988789375166294412.jpg', 'uploads/rooms/images/phongtro_9/a8c35a09e10dc4a4d9beb465efda72ac-2988789375166294412.jpg', '/rooms/images/phongtro_9/a8c35a09e10dc4a4d9beb465efda72ac-2988789375166294412.jpg', 61248, 'image/jpeg', 'jpg', false, 'ROOM', 9, 'READY', NOW(), NOW(), 0);
INSERT INTO central_media_files (id, owner_id, category, original_name, file_name, file_path, file_url, file_size, mime_type, extension, is_primary, reference_type, reference_id, status, created_at, updated_at, version) VALUES (51, 4, 'ROOM_IMAGE', 'd9c651789839c6466fe78b87bc5372e5-2988789373891160460.jpg', 'd9c651789839c6466fe78b87bc5372e5-2988789373891160460.jpg', 'uploads/rooms/images/phongtro_9/d9c651789839c6466fe78b87bc5372e5-2988789373891160460.jpg', '/rooms/images/phongtro_9/d9c651789839c6466fe78b87bc5372e5-2988789373891160460.jpg', 57330, 'image/jpeg', 'jpg', false, 'ROOM', 9, 'READY', NOW(), NOW(), 0);
INSERT INTO central_media_files (id, owner_id, category, original_name, file_name, file_path, file_url, file_size, mime_type, extension, is_primary, reference_type, reference_id, status, created_at, updated_at, version) VALUES (52, 4, 'ROOM_IMAGE', 'dc941ced214bffc3c9e84cdcdf4d6550-2988789373988546240.jpg', 'dc941ced214bffc3c9e84cdcdf4d6550-2988789373988546240.jpg', 'uploads/rooms/images/phongtro_9/dc941ced214bffc3c9e84cdcdf4d6550-2988789373988546240.jpg', '/rooms/images/phongtro_9/dc941ced214bffc3c9e84cdcdf4d6550-2988789373988546240.jpg', 54011, 'image/jpeg', 'jpg', false, 'ROOM', 9, 'READY', NOW(), NOW(), 0);
INSERT INTO central_media_files (id, owner_id, category, original_name, file_name, file_path, file_url, file_size, mime_type, extension, is_primary, reference_type, reference_id, status, created_at, updated_at, version) VALUES (53, 4, 'POST_VIDEO', 'Phongtro9.mp4', 'Phongtro9.mp4', 'uploads/posts/videos/phongtro_9/Phongtro9.mp4', '/posts/videos/phongtro_9/Phongtro9.mp4', 2313435, 'video/mp4', 'mp4', true, 'POST', 9, 'READY', NOW(), NOW(), 0);
INSERT INTO central_media_files (id, owner_id, category, original_name, file_name, file_path, file_url, file_size, mime_type, extension, is_primary, reference_type, reference_id, status, created_at, updated_at, version) VALUES (54, 2, 'ROOM_THUMBNAIL', '3cb5aee1163ff7c46e8c4dd5dfdb30d2-2986540915029740820.jpg', '3cb5aee1163ff7c46e8c4dd5dfdb30d2-2986540915029740820.jpg', 'uploads/rooms/images/phongtro_10/3cb5aee1163ff7c46e8c4dd5dfdb30d2-2986540915029740820.jpg', '/rooms/images/phongtro_10/3cb5aee1163ff7c46e8c4dd5dfdb30d2-2986540915029740820.jpg', 103076, 'image/jpeg', 'jpg', true, 'ROOM', 10, 'READY', NOW(), NOW(), 0);
INSERT INTO central_media_files (id, owner_id, category, original_name, file_name, file_path, file_url, file_size, mime_type, extension, is_primary, reference_type, reference_id, status, created_at, updated_at, version) VALUES (55, 2, 'ROOM_IMAGE', '3dec80f039a2b6df31a2cf447b1bbefd-2986540914927935210.jpg', '3dec80f039a2b6df31a2cf447b1bbefd-2986540914927935210.jpg', 'uploads/rooms/images/phongtro_10/3dec80f039a2b6df31a2cf447b1bbefd-2986540914927935210.jpg', '/rooms/images/phongtro_10/3dec80f039a2b6df31a2cf447b1bbefd-2986540914927935210.jpg', 117929, 'image/jpeg', 'jpg', false, 'ROOM', 10, 'READY', NOW(), NOW(), 0);
INSERT INTO central_media_files (id, owner_id, category, original_name, file_name, file_path, file_url, file_size, mime_type, extension, is_primary, reference_type, reference_id, status, created_at, updated_at, version) VALUES (56, 2, 'ROOM_IMAGE', 'b4aa44af513fac39302368cd97b5065b-2986540914961452236.jpg', 'b4aa44af513fac39302368cd97b5065b-2986540914961452236.jpg', 'uploads/rooms/images/phongtro_10/b4aa44af513fac39302368cd97b5065b-2986540914961452236.jpg', '/rooms/images/phongtro_10/b4aa44af513fac39302368cd97b5065b-2986540914961452236.jpg', 99895, 'image/jpeg', 'jpg', false, 'ROOM', 10, 'READY', NOW(), NOW(), 0);
INSERT INTO central_media_files (id, owner_id, category, original_name, file_name, file_path, file_url, file_size, mime_type, extension, is_primary, reference_type, reference_id, status, created_at, updated_at, version) VALUES (57, 2, 'ROOM_IMAGE', 'd77ee794fcb68c1592cee04e26600eed-2986540914573905628.jpg', 'd77ee794fcb68c1592cee04e26600eed-2986540914573905628.jpg', 'uploads/rooms/images/phongtro_10/d77ee794fcb68c1592cee04e26600eed-2986540914573905628.jpg', '/rooms/images/phongtro_10/d77ee794fcb68c1592cee04e26600eed-2986540914573905628.jpg', 109022, 'image/jpeg', 'jpg', false, 'ROOM', 10, 'READY', NOW(), NOW(), 0);
INSERT INTO central_media_files (id, owner_id, category, original_name, file_name, file_path, file_url, file_size, mime_type, extension, is_primary, reference_type, reference_id, status, created_at, updated_at, version) VALUES (58, 2, 'ROOM_IMAGE', 'f7d53058360acf7df51fc6f5e3bb1d9b-2986540914668056988.jpg', 'f7d53058360acf7df51fc6f5e3bb1d9b-2986540914668056988.jpg', 'uploads/rooms/images/phongtro_10/f7d53058360acf7df51fc6f5e3bb1d9b-2986540914668056988.jpg', '/rooms/images/phongtro_10/f7d53058360acf7df51fc6f5e3bb1d9b-2986540914668056988.jpg', 102493, 'image/jpeg', 'jpg', false, 'ROOM', 10, 'READY', NOW(), NOW(), 0);
INSERT INTO central_media_files (id, owner_id, category, original_name, file_name, file_path, file_url, file_size, mime_type, extension, is_primary, reference_type, reference_id, status, created_at, updated_at, version) VALUES (59, 2, 'POST_VIDEO', 'Phongtro10.mp4', 'Phongtro10.mp4', 'uploads/posts/videos/phongtro_10/Phongtro10.mp4', '/posts/videos/phongtro_10/Phongtro10.mp4', 8850993, 'video/mp4', 'mp4', true, 'POST', 10, 'READY', NOW(), NOW(), 0);
INSERT INTO central_media_files (id, owner_id, category, original_name, file_name, file_path, file_url, file_size, mime_type, extension, is_primary, reference_type, reference_id, status, created_at, updated_at, version) VALUES (60, 3, 'ROOM_THUMBNAIL', '00c2958c4ef960b3ab9d7c6538ba11ad-2985827689788563791.jpg', '00c2958c4ef960b3ab9d7c6538ba11ad-2985827689788563791.jpg', 'uploads/rooms/images/phongtro_11/00c2958c4ef960b3ab9d7c6538ba11ad-2985827689788563791.jpg', '/rooms/images/phongtro_11/00c2958c4ef960b3ab9d7c6538ba11ad-2985827689788563791.jpg', 111820, 'image/jpeg', 'jpg', true, 'ROOM', 11, 'READY', NOW(), NOW(), 0);
INSERT INTO central_media_files (id, owner_id, category, original_name, file_name, file_path, file_url, file_size, mime_type, extension, is_primary, reference_type, reference_id, status, created_at, updated_at, version) VALUES (61, 3, 'ROOM_IMAGE', '1c7d82f78549b026ccdb88d8f33c56c9-2985827689816017763.jpg', '1c7d82f78549b026ccdb88d8f33c56c9-2985827689816017763.jpg', 'uploads/rooms/images/phongtro_11/1c7d82f78549b026ccdb88d8f33c56c9-2985827689816017763.jpg', '/rooms/images/phongtro_11/1c7d82f78549b026ccdb88d8f33c56c9-2985827689816017763.jpg', 120429, 'image/jpeg', 'jpg', false, 'ROOM', 11, 'READY', NOW(), NOW(), 0);
INSERT INTO central_media_files (id, owner_id, category, original_name, file_name, file_path, file_url, file_size, mime_type, extension, is_primary, reference_type, reference_id, status, created_at, updated_at, version) VALUES (62, 3, 'ROOM_IMAGE', '5b491002ef1fc89fe3f1a79abf1ceef6-2985827689658164051.jpg', '5b491002ef1fc89fe3f1a79abf1ceef6-2985827689658164051.jpg', 'uploads/rooms/images/phongtro_11/5b491002ef1fc89fe3f1a79abf1ceef6-2985827689658164051.jpg', '/rooms/images/phongtro_11/5b491002ef1fc89fe3f1a79abf1ceef6-2985827689658164051.jpg', 113196, 'image/jpeg', 'jpg', false, 'ROOM', 11, 'READY', NOW(), NOW(), 0);
INSERT INTO central_media_files (id, owner_id, category, original_name, file_name, file_path, file_url, file_size, mime_type, extension, is_primary, reference_type, reference_id, status, created_at, updated_at, version) VALUES (63, 3, 'ROOM_IMAGE', 'b1570d781da157d5a754eae87805f154-2985827689823300441.jpg', 'b1570d781da157d5a754eae87805f154-2985827689823300441.jpg', 'uploads/rooms/images/phongtro_11/b1570d781da157d5a754eae87805f154-2985827689823300441.jpg', '/rooms/images/phongtro_11/b1570d781da157d5a754eae87805f154-2985827689823300441.jpg', 104525, 'image/jpeg', 'jpg', false, 'ROOM', 11, 'READY', NOW(), NOW(), 0);
INSERT INTO central_media_files (id, owner_id, category, original_name, file_name, file_path, file_url, file_size, mime_type, extension, is_primary, reference_type, reference_id, status, created_at, updated_at, version) VALUES (64, 3, 'ROOM_IMAGE', 'b81185731e644aa89e488836cfd542c4-2985827689763524805.jpg', 'b81185731e644aa89e488836cfd542c4-2985827689763524805.jpg', 'uploads/rooms/images/phongtro_11/b81185731e644aa89e488836cfd542c4-2985827689763524805.jpg', '/rooms/images/phongtro_11/b81185731e644aa89e488836cfd542c4-2985827689763524805.jpg', 104645, 'image/jpeg', 'jpg', false, 'ROOM', 11, 'READY', NOW(), NOW(), 0);
INSERT INTO central_media_files (id, owner_id, category, original_name, file_name, file_path, file_url, file_size, mime_type, extension, is_primary, reference_type, reference_id, status, created_at, updated_at, version) VALUES (65, 3, 'POST_VIDEO', 'Phongtro11.mp4', 'Phongtro11.mp4', 'uploads/posts/videos/phongtro_11/Phongtro11.mp4', '/posts/videos/phongtro_11/Phongtro11.mp4', 5117487, 'video/mp4', 'mp4', true, 'POST', 11, 'READY', NOW(), NOW(), 0);
INSERT INTO central_media_files (id, owner_id, category, original_name, file_name, file_path, file_url, file_size, mime_type, extension, is_primary, reference_type, reference_id, status, created_at, updated_at, version) VALUES (66, 4, 'ROOM_THUMBNAIL', '74a3ae72959a90ed7d510cc5155f3a72-2988123015039113438.jpg', '74a3ae72959a90ed7d510cc5155f3a72-2988123015039113438.jpg', 'uploads/rooms/images/phongtro_12/74a3ae72959a90ed7d510cc5155f3a72-2988123015039113438.jpg', '/rooms/images/phongtro_12/74a3ae72959a90ed7d510cc5155f3a72-2988123015039113438.jpg', 80677, 'image/jpeg', 'jpg', true, 'ROOM', 12, 'READY', NOW(), NOW(), 0);
INSERT INTO central_media_files (id, owner_id, category, original_name, file_name, file_path, file_url, file_size, mime_type, extension, is_primary, reference_type, reference_id, status, created_at, updated_at, version) VALUES (67, 4, 'ROOM_IMAGE', '9a321cd596c1e11efad3debf74ab6b2d-2988123014811019983.jpg', '9a321cd596c1e11efad3debf74ab6b2d-2988123014811019983.jpg', 'uploads/rooms/images/phongtro_12/9a321cd596c1e11efad3debf74ab6b2d-2988123014811019983.jpg', '/rooms/images/phongtro_12/9a321cd596c1e11efad3debf74ab6b2d-2988123014811019983.jpg', 88991, 'image/jpeg', 'jpg', false, 'ROOM', 12, 'READY', NOW(), NOW(), 0);
INSERT INTO central_media_files (id, owner_id, category, original_name, file_name, file_path, file_url, file_size, mime_type, extension, is_primary, reference_type, reference_id, status, created_at, updated_at, version) VALUES (68, 4, 'ROOM_IMAGE', 'b033a7194be7a78c6f9eb6c392717f36-2988123015564134505.jpg', 'b033a7194be7a78c6f9eb6c392717f36-2988123015564134505.jpg', 'uploads/rooms/images/phongtro_12/b033a7194be7a78c6f9eb6c392717f36-2988123015564134505.jpg', '/rooms/images/phongtro_12/b033a7194be7a78c6f9eb6c392717f36-2988123015564134505.jpg', 99122, 'image/jpeg', 'jpg', false, 'ROOM', 12, 'READY', NOW(), NOW(), 0);
INSERT INTO central_media_files (id, owner_id, category, original_name, file_name, file_path, file_url, file_size, mime_type, extension, is_primary, reference_type, reference_id, status, created_at, updated_at, version) VALUES (69, 4, 'ROOM_IMAGE', 'e682ac48ab6d985f31dde4ef01421962-2988123014970036738.jpg', 'e682ac48ab6d985f31dde4ef01421962-2988123014970036738.jpg', 'uploads/rooms/images/phongtro_12/e682ac48ab6d985f31dde4ef01421962-2988123014970036738.jpg', '/rooms/images/phongtro_12/e682ac48ab6d985f31dde4ef01421962-2988123014970036738.jpg', 98630, 'image/jpeg', 'jpg', false, 'ROOM', 12, 'READY', NOW(), NOW(), 0);
INSERT INTO central_media_files (id, owner_id, category, original_name, file_name, file_path, file_url, file_size, mime_type, extension, is_primary, reference_type, reference_id, status, created_at, updated_at, version) VALUES (70, 4, 'ROOM_IMAGE', 'f35e79f8c5c289628dd86a6d19fb9f3e-2988123014911329349.jpg', 'f35e79f8c5c289628dd86a6d19fb9f3e-2988123014911329349.jpg', 'uploads/rooms/images/phongtro_12/f35e79f8c5c289628dd86a6d19fb9f3e-2988123014911329349.jpg', '/rooms/images/phongtro_12/f35e79f8c5c289628dd86a6d19fb9f3e-2988123014911329349.jpg', 65288, 'image/jpeg', 'jpg', false, 'ROOM', 12, 'READY', NOW(), NOW(), 0);
INSERT INTO central_media_files (id, owner_id, category, original_name, file_name, file_path, file_url, file_size, mime_type, extension, is_primary, reference_type, reference_id, status, created_at, updated_at, version) VALUES (71, 4, 'ROOM_IMAGE', 'ffe30ce4a00014604c0219a1b60fdffe-2988123015942601191.jpg', 'ffe30ce4a00014604c0219a1b60fdffe-2988123015942601191.jpg', 'uploads/rooms/images/phongtro_12/ffe30ce4a00014604c0219a1b60fdffe-2988123015942601191.jpg', '/rooms/images/phongtro_12/ffe30ce4a00014604c0219a1b60fdffe-2988123015942601191.jpg', 100241, 'image/jpeg', 'jpg', false, 'ROOM', 12, 'READY', NOW(), NOW(), 0);
INSERT INTO central_media_files (id, owner_id, category, original_name, file_name, file_path, file_url, file_size, mime_type, extension, is_primary, reference_type, reference_id, status, created_at, updated_at, version) VALUES (72, 4, 'POST_VIDEO', 'Phongtro12.mp4', 'Phongtro12.mp4', 'uploads/posts/videos/phongtro_12/Phongtro12.mp4', '/posts/videos/phongtro_12/Phongtro12.mp4', 27771634, 'video/mp4', 'mp4', true, 'POST', 12, 'READY', NOW(), NOW(), 0);
INSERT INTO central_media_files (id, owner_id, category, original_name, file_name, file_path, file_url, file_size, mime_type, extension, is_primary, reference_type, reference_id, status, created_at, updated_at, version) VALUES (73, 2, 'ROOM_THUMBNAIL', '0ad5de76eabd0c2a32a7edd50775d0db-2973213529848415490.jpg', '0ad5de76eabd0c2a32a7edd50775d0db-2973213529848415490.jpg', 'uploads/rooms/images/phongtro_13/0ad5de76eabd0c2a32a7edd50775d0db-2973213529848415490.jpg', '/rooms/images/phongtro_13/0ad5de76eabd0c2a32a7edd50775d0db-2973213529848415490.jpg', 94247, 'image/jpeg', 'jpg', true, 'ROOM', 13, 'READY', NOW(), NOW(), 0);
INSERT INTO central_media_files (id, owner_id, category, original_name, file_name, file_path, file_url, file_size, mime_type, extension, is_primary, reference_type, reference_id, status, created_at, updated_at, version) VALUES (74, 2, 'ROOM_IMAGE', '153c091b1a02d26c1a84fe21a020a94c-2973213525979160389.jpg', '153c091b1a02d26c1a84fe21a020a94c-2973213525979160389.jpg', 'uploads/rooms/images/phongtro_13/153c091b1a02d26c1a84fe21a020a94c-2973213525979160389.jpg', '/rooms/images/phongtro_13/153c091b1a02d26c1a84fe21a020a94c-2973213525979160389.jpg', 120462, 'image/jpeg', 'jpg', false, 'ROOM', 13, 'READY', NOW(), NOW(), 0);
INSERT INTO central_media_files (id, owner_id, category, original_name, file_name, file_path, file_url, file_size, mime_type, extension, is_primary, reference_type, reference_id, status, created_at, updated_at, version) VALUES (75, 2, 'ROOM_IMAGE', '248ae717e7d4122ec9a29b8222afbe5b-2973213528623241246.jpg', '248ae717e7d4122ec9a29b8222afbe5b-2973213528623241246.jpg', 'uploads/rooms/images/phongtro_13/248ae717e7d4122ec9a29b8222afbe5b-2973213528623241246.jpg', '/rooms/images/phongtro_13/248ae717e7d4122ec9a29b8222afbe5b-2973213528623241246.jpg', 125525, 'image/jpeg', 'jpg', false, 'ROOM', 13, 'READY', NOW(), NOW(), 0);
INSERT INTO central_media_files (id, owner_id, category, original_name, file_name, file_path, file_url, file_size, mime_type, extension, is_primary, reference_type, reference_id, status, created_at, updated_at, version) VALUES (76, 2, 'ROOM_IMAGE', '4c5bce202d58fe050ae8e5cf40bc5342-2973213524539337918.jpg', '4c5bce202d58fe050ae8e5cf40bc5342-2973213524539337918.jpg', 'uploads/rooms/images/phongtro_13/4c5bce202d58fe050ae8e5cf40bc5342-2973213524539337918.jpg', '/rooms/images/phongtro_13/4c5bce202d58fe050ae8e5cf40bc5342-2973213524539337918.jpg', 116210, 'image/jpeg', 'jpg', false, 'ROOM', 13, 'READY', NOW(), NOW(), 0);
INSERT INTO central_media_files (id, owner_id, category, original_name, file_name, file_path, file_url, file_size, mime_type, extension, is_primary, reference_type, reference_id, status, created_at, updated_at, version) VALUES (77, 2, 'ROOM_IMAGE', '7bdad63aeb325206d3b23aff68263054-2973213527247815938.jpg', '7bdad63aeb325206d3b23aff68263054-2973213527247815938.jpg', 'uploads/rooms/images/phongtro_13/7bdad63aeb325206d3b23aff68263054-2973213527247815938.jpg', '/rooms/images/phongtro_13/7bdad63aeb325206d3b23aff68263054-2973213527247815938.jpg', 108196, 'image/jpeg', 'jpg', false, 'ROOM', 13, 'READY', NOW(), NOW(), 0);
INSERT INTO central_media_files (id, owner_id, category, original_name, file_name, file_path, file_url, file_size, mime_type, extension, is_primary, reference_type, reference_id, status, created_at, updated_at, version) VALUES (78, 2, 'ROOM_IMAGE', 'b5f7a59eb144d0c299da8d0180d428bd-2973213524596512798.jpg', 'b5f7a59eb144d0c299da8d0180d428bd-2973213524596512798.jpg', 'uploads/rooms/images/phongtro_13/b5f7a59eb144d0c299da8d0180d428bd-2973213524596512798.jpg', '/rooms/images/phongtro_13/b5f7a59eb144d0c299da8d0180d428bd-2973213524596512798.jpg', 97780, 'image/jpeg', 'jpg', false, 'ROOM', 13, 'READY', NOW(), NOW(), 0);
INSERT INTO central_media_files (id, owner_id, category, original_name, file_name, file_path, file_url, file_size, mime_type, extension, is_primary, reference_type, reference_id, status, created_at, updated_at, version) VALUES (79, 2, 'ROOM_IMAGE', 'e198fd8d5e1738ce7977bc413f54e948-2973213525972310046.jpg', 'e198fd8d5e1738ce7977bc413f54e948-2973213525972310046.jpg', 'uploads/rooms/images/phongtro_13/e198fd8d5e1738ce7977bc413f54e948-2973213525972310046.jpg', '/rooms/images/phongtro_13/e198fd8d5e1738ce7977bc413f54e948-2973213525972310046.jpg', 130063, 'image/jpeg', 'jpg', false, 'ROOM', 13, 'READY', NOW(), NOW(), 0);
INSERT INTO central_media_files (id, owner_id, category, original_name, file_name, file_path, file_url, file_size, mime_type, extension, is_primary, reference_type, reference_id, status, created_at, updated_at, version) VALUES (80, 2, 'POST_VIDEO', 'Phongtro13.mp4', 'Phongtro13.mp4', 'uploads/posts/videos/phongtro_13/Phongtro13.mp4', '/posts/videos/phongtro_13/Phongtro13.mp4', 4053722, 'video/mp4', 'mp4', true, 'POST', 13, 'READY', NOW(), NOW(), 0);
INSERT INTO central_media_files (id, owner_id, category, original_name, file_name, file_path, file_url, file_size, mime_type, extension, is_primary, reference_type, reference_id, status, created_at, updated_at, version) VALUES (81, 3, 'ROOM_THUMBNAIL', '205a153a964154299770c4a551d22e40-2985849781988818751.jpg', '205a153a964154299770c4a551d22e40-2985849781988818751.jpg', 'uploads/rooms/images/phongtro_14/205a153a964154299770c4a551d22e40-2985849781988818751.jpg', '/rooms/images/phongtro_14/205a153a964154299770c4a551d22e40-2985849781988818751.jpg', 71139, 'image/jpeg', 'jpg', true, 'ROOM', 14, 'READY', NOW(), NOW(), 0);
INSERT INTO central_media_files (id, owner_id, category, original_name, file_name, file_path, file_url, file_size, mime_type, extension, is_primary, reference_type, reference_id, status, created_at, updated_at, version) VALUES (82, 3, 'ROOM_IMAGE', '27a051df1bd31f3f0e587ee210e90de1-2985849784275223740.jpg', '27a051df1bd31f3f0e587ee210e90de1-2985849784275223740.jpg', 'uploads/rooms/images/phongtro_14/27a051df1bd31f3f0e587ee210e90de1-2985849784275223740.jpg', '/rooms/images/phongtro_14/27a051df1bd31f3f0e587ee210e90de1-2985849784275223740.jpg', 88499, 'image/jpeg', 'jpg', false, 'ROOM', 14, 'READY', NOW(), NOW(), 0);
INSERT INTO central_media_files (id, owner_id, category, original_name, file_name, file_path, file_url, file_size, mime_type, extension, is_primary, reference_type, reference_id, status, created_at, updated_at, version) VALUES (83, 3, 'ROOM_IMAGE', '40ad21bdb89a334971fa841be99b1d99-2985849736683272630.jpg', '40ad21bdb89a334971fa841be99b1d99-2985849736683272630.jpg', 'uploads/rooms/images/phongtro_14/40ad21bdb89a334971fa841be99b1d99-2985849736683272630.jpg', '/rooms/images/phongtro_14/40ad21bdb89a334971fa841be99b1d99-2985849736683272630.jpg', 79641, 'image/jpeg', 'jpg', false, 'ROOM', 14, 'READY', NOW(), NOW(), 0);
INSERT INTO central_media_files (id, owner_id, category, original_name, file_name, file_path, file_url, file_size, mime_type, extension, is_primary, reference_type, reference_id, status, created_at, updated_at, version) VALUES (84, 3, 'ROOM_IMAGE', '78b752b01e93c1d4ae55937474fd9c8f-2985849788122741174.jpg', '78b752b01e93c1d4ae55937474fd9c8f-2985849788122741174.jpg', 'uploads/rooms/images/phongtro_14/78b752b01e93c1d4ae55937474fd9c8f-2985849788122741174.jpg', '/rooms/images/phongtro_14/78b752b01e93c1d4ae55937474fd9c8f-2985849788122741174.jpg', 84198, 'image/jpeg', 'jpg', false, 'ROOM', 14, 'READY', NOW(), NOW(), 0);
INSERT INTO central_media_files (id, owner_id, category, original_name, file_name, file_path, file_url, file_size, mime_type, extension, is_primary, reference_type, reference_id, status, created_at, updated_at, version) VALUES (85, 3, 'ROOM_IMAGE', 'd7b03503cf78be4f133732e864bea338-2985849738132651839.jpg', 'd7b03503cf78be4f133732e864bea338-2985849738132651839.jpg', 'uploads/rooms/images/phongtro_14/d7b03503cf78be4f133732e864bea338-2985849738132651839.jpg', '/rooms/images/phongtro_14/d7b03503cf78be4f133732e864bea338-2985849738132651839.jpg', 81958, 'image/jpeg', 'jpg', false, 'ROOM', 14, 'READY', NOW(), NOW(), 0);
INSERT INTO central_media_files (id, owner_id, category, original_name, file_name, file_path, file_url, file_size, mime_type, extension, is_primary, reference_type, reference_id, status, created_at, updated_at, version) VALUES (86, 3, 'ROOM_IMAGE', 'dc8039e9b91f37d5824d051919a2afa4-2985849784943408331.jpg', 'dc8039e9b91f37d5824d051919a2afa4-2985849784943408331.jpg', 'uploads/rooms/images/phongtro_14/dc8039e9b91f37d5824d051919a2afa4-2985849784943408331.jpg', '/rooms/images/phongtro_14/dc8039e9b91f37d5824d051919a2afa4-2985849784943408331.jpg', 78043, 'image/jpeg', 'jpg', false, 'ROOM', 14, 'READY', NOW(), NOW(), 0);
INSERT INTO central_media_files (id, owner_id, category, original_name, file_name, file_path, file_url, file_size, mime_type, extension, is_primary, reference_type, reference_id, status, created_at, updated_at, version) VALUES (87, 3, 'POST_VIDEO', 'Phongtro14.mp4', 'Phongtro14.mp4', 'uploads/posts/videos/phongtro_14/Phongtro14.mp4', '/posts/videos/phongtro_14/Phongtro14.mp4', 13030220, 'video/mp4', 'mp4', true, 'POST', 14, 'READY', NOW(), NOW(), 0);
INSERT INTO central_media_files (id, owner_id, category, original_name, file_name, file_path, file_url, file_size, mime_type, extension, is_primary, reference_type, reference_id, status, created_at, updated_at, version) VALUES (88, 4, 'ROOM_THUMBNAIL', '1605cea7941dd77e9ab578a732033fbf-2985262841514720847.jpg', '1605cea7941dd77e9ab578a732033fbf-2985262841514720847.jpg', 'uploads/rooms/images/phongtro_15/1605cea7941dd77e9ab578a732033fbf-2985262841514720847.jpg', '/rooms/images/phongtro_15/1605cea7941dd77e9ab578a732033fbf-2985262841514720847.jpg', 77072, 'image/jpeg', 'jpg', true, 'ROOM', 15, 'READY', NOW(), NOW(), 0);
INSERT INTO central_media_files (id, owner_id, category, original_name, file_name, file_path, file_url, file_size, mime_type, extension, is_primary, reference_type, reference_id, status, created_at, updated_at, version) VALUES (89, 4, 'ROOM_IMAGE', '2d8b7f9f8d4653c298aa2ceb18a122e8-2985262841494333861.jpg', '2d8b7f9f8d4653c298aa2ceb18a122e8-2985262841494333861.jpg', 'uploads/rooms/images/phongtro_15/2d8b7f9f8d4653c298aa2ceb18a122e8-2985262841494333861.jpg', '/rooms/images/phongtro_15/2d8b7f9f8d4653c298aa2ceb18a122e8-2985262841494333861.jpg', 95590, 'image/jpeg', 'jpg', false, 'ROOM', 15, 'READY', NOW(), NOW(), 0);
INSERT INTO central_media_files (id, owner_id, category, original_name, file_name, file_path, file_url, file_size, mime_type, extension, is_primary, reference_type, reference_id, status, created_at, updated_at, version) VALUES (90, 4, 'ROOM_IMAGE', '6604012ee4b7627b4112a5fc683529b1-2985262841313136446.jpg', '6604012ee4b7627b4112a5fc683529b1-2985262841313136446.jpg', 'uploads/rooms/images/phongtro_15/6604012ee4b7627b4112a5fc683529b1-2985262841313136446.jpg', '/rooms/images/phongtro_15/6604012ee4b7627b4112a5fc683529b1-2985262841313136446.jpg', 84459, 'image/jpeg', 'jpg', false, 'ROOM', 15, 'READY', NOW(), NOW(), 0);
INSERT INTO central_media_files (id, owner_id, category, original_name, file_name, file_path, file_url, file_size, mime_type, extension, is_primary, reference_type, reference_id, status, created_at, updated_at, version) VALUES (91, 4, 'ROOM_IMAGE', '81a382ca0461a2f2710bcb0542a1a98e-2985262841482134276.jpg', '81a382ca0461a2f2710bcb0542a1a98e-2985262841482134276.jpg', 'uploads/rooms/images/phongtro_15/81a382ca0461a2f2710bcb0542a1a98e-2985262841482134276.jpg', '/rooms/images/phongtro_15/81a382ca0461a2f2710bcb0542a1a98e-2985262841482134276.jpg', 87402, 'image/jpeg', 'jpg', false, 'ROOM', 15, 'READY', NOW(), NOW(), 0);
INSERT INTO central_media_files (id, owner_id, category, original_name, file_name, file_path, file_url, file_size, mime_type, extension, is_primary, reference_type, reference_id, status, created_at, updated_at, version) VALUES (92, 4, 'ROOM_IMAGE', 'be6d40224494e2d29383baad4c7a8736-2985262841367055852.jpg', 'be6d40224494e2d29383baad4c7a8736-2985262841367055852.jpg', 'uploads/rooms/images/phongtro_15/be6d40224494e2d29383baad4c7a8736-2985262841367055852.jpg', '/rooms/images/phongtro_15/be6d40224494e2d29383baad4c7a8736-2985262841367055852.jpg', 77164, 'image/jpeg', 'jpg', false, 'ROOM', 15, 'READY', NOW(), NOW(), 0);
INSERT INTO central_media_files (id, owner_id, category, original_name, file_name, file_path, file_url, file_size, mime_type, extension, is_primary, reference_type, reference_id, status, created_at, updated_at, version) VALUES (93, 4, 'POST_VIDEO', 'Phongtro15.mp4', 'Phongtro15.mp4', 'uploads/posts/videos/phongtro_15/Phongtro15.mp4', '/posts/videos/phongtro_15/Phongtro15.mp4', 4296084, 'video/mp4', 'mp4', true, 'POST', 15, 'READY', NOW(), NOW(), 0);
INSERT INTO central_media_files (id, owner_id, category, original_name, file_name, file_path, file_url, file_size, mime_type, extension, is_primary, reference_type, reference_id, status, created_at, updated_at, version) VALUES (94, 2, 'ROOM_THUMBNAIL', '021be717f703b7fbc36481f9243aa9a6-2986120240527078603.jpg', '021be717f703b7fbc36481f9243aa9a6-2986120240527078603.jpg', 'uploads/rooms/images/phongtro_16/021be717f703b7fbc36481f9243aa9a6-2986120240527078603.jpg', '/rooms/images/phongtro_16/021be717f703b7fbc36481f9243aa9a6-2986120240527078603.jpg', 107316, 'image/jpeg', 'jpg', true, 'ROOM', 16, 'READY', NOW(), NOW(), 0);
INSERT INTO central_media_files (id, owner_id, category, original_name, file_name, file_path, file_url, file_size, mime_type, extension, is_primary, reference_type, reference_id, status, created_at, updated_at, version) VALUES (95, 2, 'ROOM_IMAGE', '1dd5761706d72adc5c85a25e3feff822-2986120243228341451.jpg', '1dd5761706d72adc5c85a25e3feff822-2986120243228341451.jpg', 'uploads/rooms/images/phongtro_16/1dd5761706d72adc5c85a25e3feff822-2986120243228341451.jpg', '/rooms/images/phongtro_16/1dd5761706d72adc5c85a25e3feff822-2986120243228341451.jpg', 97328, 'image/jpeg', 'jpg', false, 'ROOM', 16, 'READY', NOW(), NOW(), 0);
INSERT INTO central_media_files (id, owner_id, category, original_name, file_name, file_path, file_url, file_size, mime_type, extension, is_primary, reference_type, reference_id, status, created_at, updated_at, version) VALUES (96, 2, 'ROOM_IMAGE', '333d72e7ea065fcbabc9d056f11da556-2986120239120563620.jpg', '333d72e7ea065fcbabc9d056f11da556-2986120239120563620.jpg', 'uploads/rooms/images/phongtro_16/333d72e7ea065fcbabc9d056f11da556-2986120239120563620.jpg', '/rooms/images/phongtro_16/333d72e7ea065fcbabc9d056f11da556-2986120239120563620.jpg', 98201, 'image/jpeg', 'jpg', false, 'ROOM', 16, 'READY', NOW(), NOW(), 0);
INSERT INTO central_media_files (id, owner_id, category, original_name, file_name, file_path, file_url, file_size, mime_type, extension, is_primary, reference_type, reference_id, status, created_at, updated_at, version) VALUES (97, 2, 'ROOM_IMAGE', '38a7197aa5a8409a5507da615848e739-2986120241869321419.jpg', '38a7197aa5a8409a5507da615848e739-2986120241869321419.jpg', 'uploads/rooms/images/phongtro_16/38a7197aa5a8409a5507da615848e739-2986120241869321419.jpg', '/rooms/images/phongtro_16/38a7197aa5a8409a5507da615848e739-2986120241869321419.jpg', 84311, 'image/jpeg', 'jpg', false, 'ROOM', 16, 'READY', NOW(), NOW(), 0);
INSERT INTO central_media_files (id, owner_id, category, original_name, file_name, file_path, file_url, file_size, mime_type, extension, is_primary, reference_type, reference_id, status, created_at, updated_at, version) VALUES (98, 2, 'ROOM_IMAGE', '8cad3fa7c371a51dd3ad33c6835bfe1a-2986120239304066236.jpg', '8cad3fa7c371a51dd3ad33c6835bfe1a-2986120239304066236.jpg', 'uploads/rooms/images/phongtro_16/8cad3fa7c371a51dd3ad33c6835bfe1a-2986120239304066236.jpg', '/rooms/images/phongtro_16/8cad3fa7c371a51dd3ad33c6835bfe1a-2986120239304066236.jpg', 78043, 'image/jpeg', 'jpg', false, 'ROOM', 16, 'READY', NOW(), NOW(), 0);
INSERT INTO central_media_files (id, owner_id, category, original_name, file_name, file_path, file_url, file_size, mime_type, extension, is_primary, reference_type, reference_id, status, created_at, updated_at, version) VALUES (99, 2, 'ROOM_IMAGE', '9f4450155863609dae4a26bceda247eb-2986120237761456513.jpg', '9f4450155863609dae4a26bceda247eb-2986120237761456513.jpg', 'uploads/rooms/images/phongtro_16/9f4450155863609dae4a26bceda247eb-2986120237761456513.jpg', '/rooms/images/phongtro_16/9f4450155863609dae4a26bceda247eb-2986120237761456513.jpg', 86657, 'image/jpeg', 'jpg', false, 'ROOM', 16, 'READY', NOW(), NOW(), 0);
INSERT INTO central_media_files (id, owner_id, category, original_name, file_name, file_path, file_url, file_size, mime_type, extension, is_primary, reference_type, reference_id, status, created_at, updated_at, version) VALUES (100, 2, 'ROOM_IMAGE', 'a0bf430ac8c68403269c99c4fa581405-2986120236266064637.jpg', 'a0bf430ac8c68403269c99c4fa581405-2986120236266064637.jpg', 'uploads/rooms/images/phongtro_16/a0bf430ac8c68403269c99c4fa581405-2986120236266064637.jpg', '/rooms/images/phongtro_16/a0bf430ac8c68403269c99c4fa581405-2986120236266064637.jpg', 85684, 'image/jpeg', 'jpg', false, 'ROOM', 16, 'READY', NOW(), NOW(), 0);
INSERT INTO central_media_files (id, owner_id, category, original_name, file_name, file_path, file_url, file_size, mime_type, extension, is_primary, reference_type, reference_id, status, created_at, updated_at, version) VALUES (101, 2, 'ROOM_IMAGE', 'f52717b9af8fbb1afbf862ee11df5226-2986120237731717971.jpg', 'f52717b9af8fbb1afbf862ee11df5226-2986120237731717971.jpg', 'uploads/rooms/images/phongtro_16/f52717b9af8fbb1afbf862ee11df5226-2986120237731717971.jpg', '/rooms/images/phongtro_16/f52717b9af8fbb1afbf862ee11df5226-2986120237731717971.jpg', 66757, 'image/jpeg', 'jpg', false, 'ROOM', 16, 'READY', NOW(), NOW(), 0);
INSERT INTO central_media_files (id, owner_id, category, original_name, file_name, file_path, file_url, file_size, mime_type, extension, is_primary, reference_type, reference_id, status, created_at, updated_at, version) VALUES (102, 2, 'ROOM_IMAGE', 'fb7b6dc62f9dd739c5a163aec649c460-2986120236203240900.jpg', 'fb7b6dc62f9dd739c5a163aec649c460-2986120236203240900.jpg', 'uploads/rooms/images/phongtro_16/fb7b6dc62f9dd739c5a163aec649c460-2986120236203240900.jpg', '/rooms/images/phongtro_16/fb7b6dc62f9dd739c5a163aec649c460-2986120236203240900.jpg', 91769, 'image/jpeg', 'jpg', false, 'ROOM', 16, 'READY', NOW(), NOW(), 0);
INSERT INTO central_media_files (id, owner_id, category, original_name, file_name, file_path, file_url, file_size, mime_type, extension, is_primary, reference_type, reference_id, status, created_at, updated_at, version) VALUES (103, 2, 'POST_VIDEO', 'Phongtro16.mp4', 'Phongtro16.mp4', 'uploads/posts/videos/phongtro_16/Phongtro16.mp4', '/posts/videos/phongtro_16/Phongtro16.mp4', 5259733, 'video/mp4', 'mp4', true, 'POST', 16, 'READY', NOW(), NOW(), 0);
INSERT INTO central_media_files (id, owner_id, category, original_name, file_name, file_path, file_url, file_size, mime_type, extension, is_primary, reference_type, reference_id, status, created_at, updated_at, version) VALUES (104, 3, 'ROOM_THUMBNAIL', '00124d61916a8fc45d99b1aaccdc81c6-2984362370071304851.jpg', '00124d61916a8fc45d99b1aaccdc81c6-2984362370071304851.jpg', 'uploads/rooms/images/phongtro_17/00124d61916a8fc45d99b1aaccdc81c6-2984362370071304851.jpg', '/rooms/images/phongtro_17/00124d61916a8fc45d99b1aaccdc81c6-2984362370071304851.jpg', 143840, 'image/jpeg', 'jpg', true, 'ROOM', 17, 'READY', NOW(), NOW(), 0);
INSERT INTO central_media_files (id, owner_id, category, original_name, file_name, file_path, file_url, file_size, mime_type, extension, is_primary, reference_type, reference_id, status, created_at, updated_at, version) VALUES (105, 3, 'ROOM_IMAGE', '57cd306451deee45b0c8ac93e2fd4a75-2984362370166149223.jpg', '57cd306451deee45b0c8ac93e2fd4a75-2984362370166149223.jpg', 'uploads/rooms/images/phongtro_17/57cd306451deee45b0c8ac93e2fd4a75-2984362370166149223.jpg', '/rooms/images/phongtro_17/57cd306451deee45b0c8ac93e2fd4a75-2984362370166149223.jpg', 114705, 'image/jpeg', 'jpg', false, 'ROOM', 17, 'READY', NOW(), NOW(), 0);
INSERT INTO central_media_files (id, owner_id, category, original_name, file_name, file_path, file_url, file_size, mime_type, extension, is_primary, reference_type, reference_id, status, created_at, updated_at, version) VALUES (106, 3, 'ROOM_IMAGE', '5f989b3379ef6e3777f5c0e755a9fb34-2984362369863709905.jpg', '5f989b3379ef6e3777f5c0e755a9fb34-2984362369863709905.jpg', 'uploads/rooms/images/phongtro_17/5f989b3379ef6e3777f5c0e755a9fb34-2984362369863709905.jpg', '/rooms/images/phongtro_17/5f989b3379ef6e3777f5c0e755a9fb34-2984362369863709905.jpg', 131573, 'image/jpeg', 'jpg', false, 'ROOM', 17, 'READY', NOW(), NOW(), 0);
INSERT INTO central_media_files (id, owner_id, category, original_name, file_name, file_path, file_url, file_size, mime_type, extension, is_primary, reference_type, reference_id, status, created_at, updated_at, version) VALUES (107, 3, 'ROOM_IMAGE', '82fe99e58f350640f45fa7ea9a7e52f0-2984362370690231649.jpg', '82fe99e58f350640f45fa7ea9a7e52f0-2984362370690231649.jpg', 'uploads/rooms/images/phongtro_17/82fe99e58f350640f45fa7ea9a7e52f0-2984362370690231649.jpg', '/rooms/images/phongtro_17/82fe99e58f350640f45fa7ea9a7e52f0-2984362370690231649.jpg', 142461, 'image/jpeg', 'jpg', false, 'ROOM', 17, 'READY', NOW(), NOW(), 0);
INSERT INTO central_media_files (id, owner_id, category, original_name, file_name, file_path, file_url, file_size, mime_type, extension, is_primary, reference_type, reference_id, status, created_at, updated_at, version) VALUES (108, 3, 'ROOM_IMAGE', '868a89d6320fde9086ff8b32c8434ff8-2984362370035667669.jpg', '868a89d6320fde9086ff8b32c8434ff8-2984362370035667669.jpg', 'uploads/rooms/images/phongtro_17/868a89d6320fde9086ff8b32c8434ff8-2984362370035667669.jpg', '/rooms/images/phongtro_17/868a89d6320fde9086ff8b32c8434ff8-2984362370035667669.jpg', 109829, 'image/jpeg', 'jpg', false, 'ROOM', 17, 'READY', NOW(), NOW(), 0);
INSERT INTO central_media_files (id, owner_id, category, original_name, file_name, file_path, file_url, file_size, mime_type, extension, is_primary, reference_type, reference_id, status, created_at, updated_at, version) VALUES (109, 3, 'ROOM_IMAGE', 'bd7c8f322d0f3d801749ce3ecd87b5a2-2984362370673218071.jpg', 'bd7c8f322d0f3d801749ce3ecd87b5a2-2984362370673218071.jpg', 'uploads/rooms/images/phongtro_17/bd7c8f322d0f3d801749ce3ecd87b5a2-2984362370673218071.jpg', '/rooms/images/phongtro_17/bd7c8f322d0f3d801749ce3ecd87b5a2-2984362370673218071.jpg', 129590, 'image/jpeg', 'jpg', false, 'ROOM', 17, 'READY', NOW(), NOW(), 0);
INSERT INTO central_media_files (id, owner_id, category, original_name, file_name, file_path, file_url, file_size, mime_type, extension, is_primary, reference_type, reference_id, status, created_at, updated_at, version) VALUES (110, 3, 'ROOM_IMAGE', 'c390b8bce2e539ca85e5d4e105565cba-2984362370744093042.jpg', 'c390b8bce2e539ca85e5d4e105565cba-2984362370744093042.jpg', 'uploads/rooms/images/phongtro_17/c390b8bce2e539ca85e5d4e105565cba-2984362370744093042.jpg', '/rooms/images/phongtro_17/c390b8bce2e539ca85e5d4e105565cba-2984362370744093042.jpg', 130344, 'image/jpeg', 'jpg', false, 'ROOM', 17, 'READY', NOW(), NOW(), 0);
INSERT INTO central_media_files (id, owner_id, category, original_name, file_name, file_path, file_url, file_size, mime_type, extension, is_primary, reference_type, reference_id, status, created_at, updated_at, version) VALUES (111, 3, 'POST_VIDEO', 'Phongtro17.mp4', 'Phongtro17.mp4', 'uploads/posts/videos/phongtro_17/Phongtro17.mp4', '/posts/videos/phongtro_17/Phongtro17.mp4', 21945871, 'video/mp4', 'mp4', true, 'POST', 17, 'READY', NOW(), NOW(), 0);
INSERT INTO central_media_files (id, owner_id, category, original_name, file_name, file_path, file_url, file_size, mime_type, extension, is_primary, reference_type, reference_id, status, created_at, updated_at, version) VALUES (112, 4, 'ROOM_THUMBNAIL', '30c019652c2b7ed2241dca0801aa11ff-2984097799781501314.jpg', '30c019652c2b7ed2241dca0801aa11ff-2984097799781501314.jpg', 'uploads/rooms/images/phongtro_18/30c019652c2b7ed2241dca0801aa11ff-2984097799781501314.jpg', '/rooms/images/phongtro_18/30c019652c2b7ed2241dca0801aa11ff-2984097799781501314.jpg', 99930, 'image/jpeg', 'jpg', true, 'ROOM', 18, 'READY', NOW(), NOW(), 0);
INSERT INTO central_media_files (id, owner_id, category, original_name, file_name, file_path, file_url, file_size, mime_type, extension, is_primary, reference_type, reference_id, status, created_at, updated_at, version) VALUES (113, 4, 'ROOM_IMAGE', '3de60b3f989e502b44c91b2851b4b681-2984097800273529395.jpg', '3de60b3f989e502b44c91b2851b4b681-2984097800273529395.jpg', 'uploads/rooms/images/phongtro_18/3de60b3f989e502b44c91b2851b4b681-2984097800273529395.jpg', '/rooms/images/phongtro_18/3de60b3f989e502b44c91b2851b4b681-2984097800273529395.jpg', 93925, 'image/jpeg', 'jpg', false, 'ROOM', 18, 'READY', NOW(), NOW(), 0);
INSERT INTO central_media_files (id, owner_id, category, original_name, file_name, file_path, file_url, file_size, mime_type, extension, is_primary, reference_type, reference_id, status, created_at, updated_at, version) VALUES (114, 4, 'ROOM_IMAGE', '87ff9a5c4ed18d223639c1a2bd0e139f-2984097801588540535.jpg', '87ff9a5c4ed18d223639c1a2bd0e139f-2984097801588540535.jpg', 'uploads/rooms/images/phongtro_18/87ff9a5c4ed18d223639c1a2bd0e139f-2984097801588540535.jpg', '/rooms/images/phongtro_18/87ff9a5c4ed18d223639c1a2bd0e139f-2984097801588540535.jpg', 105139, 'image/jpeg', 'jpg', false, 'ROOM', 18, 'READY', NOW(), NOW(), 0);
INSERT INTO central_media_files (id, owner_id, category, original_name, file_name, file_path, file_url, file_size, mime_type, extension, is_primary, reference_type, reference_id, status, created_at, updated_at, version) VALUES (115, 4, 'ROOM_IMAGE', '9707ca78fc96300a71f5595b4d2df651-2984097799239196949.jpg', '9707ca78fc96300a71f5595b4d2df651-2984097799239196949.jpg', 'uploads/rooms/images/phongtro_18/9707ca78fc96300a71f5595b4d2df651-2984097799239196949.jpg', '/rooms/images/phongtro_18/9707ca78fc96300a71f5595b4d2df651-2984097799239196949.jpg', 99033, 'image/jpeg', 'jpg', false, 'ROOM', 18, 'READY', NOW(), NOW(), 0);
INSERT INTO central_media_files (id, owner_id, category, original_name, file_name, file_path, file_url, file_size, mime_type, extension, is_primary, reference_type, reference_id, status, created_at, updated_at, version) VALUES (116, 4, 'ROOM_IMAGE', '9bc8d2dea46d9f4122f148b1a6294afd-2984097800819489351.jpg', '9bc8d2dea46d9f4122f148b1a6294afd-2984097800819489351.jpg', 'uploads/rooms/images/phongtro_18/9bc8d2dea46d9f4122f148b1a6294afd-2984097800819489351.jpg', '/rooms/images/phongtro_18/9bc8d2dea46d9f4122f148b1a6294afd-2984097800819489351.jpg', 98026, 'image/jpeg', 'jpg', false, 'ROOM', 18, 'READY', NOW(), NOW(), 0);
INSERT INTO central_media_files (id, owner_id, category, original_name, file_name, file_path, file_url, file_size, mime_type, extension, is_primary, reference_type, reference_id, status, created_at, updated_at, version) VALUES (117, 4, 'ROOM_IMAGE', 'b91a5660b5ec8aed8035727423a43cc8-2984097799438202065.jpg', 'b91a5660b5ec8aed8035727423a43cc8-2984097799438202065.jpg', 'uploads/rooms/images/phongtro_18/b91a5660b5ec8aed8035727423a43cc8-2984097799438202065.jpg', '/rooms/images/phongtro_18/b91a5660b5ec8aed8035727423a43cc8-2984097799438202065.jpg', 74002, 'image/jpeg', 'jpg', false, 'ROOM', 18, 'READY', NOW(), NOW(), 0);
INSERT INTO central_media_files (id, owner_id, category, original_name, file_name, file_path, file_url, file_size, mime_type, extension, is_primary, reference_type, reference_id, status, created_at, updated_at, version) VALUES (118, 4, 'ROOM_IMAGE', 'e2e6102e30db637c6478f9eab543f60f-2984097800956402560.jpg', 'e2e6102e30db637c6478f9eab543f60f-2984097800956402560.jpg', 'uploads/rooms/images/phongtro_18/e2e6102e30db637c6478f9eab543f60f-2984097800956402560.jpg', '/rooms/images/phongtro_18/e2e6102e30db637c6478f9eab543f60f-2984097800956402560.jpg', 77767, 'image/jpeg', 'jpg', false, 'ROOM', 18, 'READY', NOW(), NOW(), 0);
INSERT INTO central_media_files (id, owner_id, category, original_name, file_name, file_path, file_url, file_size, mime_type, extension, is_primary, reference_type, reference_id, status, created_at, updated_at, version) VALUES (119, 4, 'ROOM_IMAGE', 'f106625738bc604be06bebf67b5d6405-2984097800859472991.jpg', 'f106625738bc604be06bebf67b5d6405-2984097800859472991.jpg', 'uploads/rooms/images/phongtro_18/f106625738bc604be06bebf67b5d6405-2984097800859472991.jpg', '/rooms/images/phongtro_18/f106625738bc604be06bebf67b5d6405-2984097800859472991.jpg', 99435, 'image/jpeg', 'jpg', false, 'ROOM', 18, 'READY', NOW(), NOW(), 0);
INSERT INTO central_media_files (id, owner_id, category, original_name, file_name, file_path, file_url, file_size, mime_type, extension, is_primary, reference_type, reference_id, status, created_at, updated_at, version) VALUES (120, 4, 'POST_VIDEO', 'Phongtro18.mp4', 'Phongtro18.mp4', 'uploads/posts/videos/phongtro_18/Phongtro18.mp4', '/posts/videos/phongtro_18/Phongtro18.mp4', 17622872, 'video/mp4', 'mp4', true, 'POST', 18, 'READY', NOW(), NOW(), 0);
INSERT INTO central_media_files (id, owner_id, category, original_name, file_name, file_path, file_url, file_size, mime_type, extension, is_primary, reference_type, reference_id, status, created_at, updated_at, version) VALUES (121, 2, 'ROOM_THUMBNAIL', '02878909b428659c431780589afaaea7-2979012387903198935.jpg', '02878909b428659c431780589afaaea7-2979012387903198935.jpg', 'uploads/rooms/images/phongtro_19/02878909b428659c431780589afaaea7-2979012387903198935.jpg', '/rooms/images/phongtro_19/02878909b428659c431780589afaaea7-2979012387903198935.jpg', 97415, 'image/jpeg', 'jpg', true, 'ROOM', 19, 'READY', NOW(), NOW(), 0);
INSERT INTO central_media_files (id, owner_id, category, original_name, file_name, file_path, file_url, file_size, mime_type, extension, is_primary, reference_type, reference_id, status, created_at, updated_at, version) VALUES (122, 2, 'ROOM_IMAGE', '2998c642bba31ced96a4b6a2dd1b4eac-2979012387820833397.jpg', '2998c642bba31ced96a4b6a2dd1b4eac-2979012387820833397.jpg', 'uploads/rooms/images/phongtro_19/2998c642bba31ced96a4b6a2dd1b4eac-2979012387820833397.jpg', '/rooms/images/phongtro_19/2998c642bba31ced96a4b6a2dd1b4eac-2979012387820833397.jpg', 88543, 'image/jpeg', 'jpg', false, 'ROOM', 19, 'READY', NOW(), NOW(), 0);
INSERT INTO central_media_files (id, owner_id, category, original_name, file_name, file_path, file_url, file_size, mime_type, extension, is_primary, reference_type, reference_id, status, created_at, updated_at, version) VALUES (123, 2, 'ROOM_IMAGE', '9df163353343e520e3e27c25ee90e49c-2979012387733972360.jpg', '9df163353343e520e3e27c25ee90e49c-2979012387733972360.jpg', 'uploads/rooms/images/phongtro_19/9df163353343e520e3e27c25ee90e49c-2979012387733972360.jpg', '/rooms/images/phongtro_19/9df163353343e520e3e27c25ee90e49c-2979012387733972360.jpg', 105665, 'image/jpeg', 'jpg', false, 'ROOM', 19, 'READY', NOW(), NOW(), 0);
INSERT INTO central_media_files (id, owner_id, category, original_name, file_name, file_path, file_url, file_size, mime_type, extension, is_primary, reference_type, reference_id, status, created_at, updated_at, version) VALUES (124, 2, 'POST_VIDEO', 'Phongtro19.mp4', 'Phongtro19.mp4', 'uploads/posts/videos/phongtro_19/Phongtro19.mp4', '/posts/videos/phongtro_19/Phongtro19.mp4', 2483329, 'video/mp4', 'mp4', true, 'POST', 19, 'READY', NOW(), NOW(), 0);
INSERT INTO central_media_files (id, owner_id, category, original_name, file_name, file_path, file_url, file_size, mime_type, extension, is_primary, reference_type, reference_id, status, created_at, updated_at, version) VALUES (125, 3, 'ROOM_THUMBNAIL', '3b6643aecd7e3dab3a4ad62b2a449052-2984984411008979669.jpg', '3b6643aecd7e3dab3a4ad62b2a449052-2984984411008979669.jpg', 'uploads/rooms/images/phongtro_20/3b6643aecd7e3dab3a4ad62b2a449052-2984984411008979669.jpg', '/rooms/images/phongtro_20/3b6643aecd7e3dab3a4ad62b2a449052-2984984411008979669.jpg', 138358, 'image/jpeg', 'jpg', true, 'ROOM', 20, 'READY', NOW(), NOW(), 0);
INSERT INTO central_media_files (id, owner_id, category, original_name, file_name, file_path, file_url, file_size, mime_type, extension, is_primary, reference_type, reference_id, status, created_at, updated_at, version) VALUES (126, 3, 'ROOM_IMAGE', '4cc1c57ae41cb1ebc1025c77d7875cc8-2984984411897043856.jpg', '4cc1c57ae41cb1ebc1025c77d7875cc8-2984984411897043856.jpg', 'uploads/rooms/images/phongtro_20/4cc1c57ae41cb1ebc1025c77d7875cc8-2984984411897043856.jpg', '/rooms/images/phongtro_20/4cc1c57ae41cb1ebc1025c77d7875cc8-2984984411897043856.jpg', 110417, 'image/jpeg', 'jpg', false, 'ROOM', 20, 'READY', NOW(), NOW(), 0);
INSERT INTO central_media_files (id, owner_id, category, original_name, file_name, file_path, file_url, file_size, mime_type, extension, is_primary, reference_type, reference_id, status, created_at, updated_at, version) VALUES (127, 3, 'ROOM_IMAGE', '86911d6ff50131ff6778338fd8951df3-2984984411159868833.jpg', '86911d6ff50131ff6778338fd8951df3-2984984411159868833.jpg', 'uploads/rooms/images/phongtro_20/86911d6ff50131ff6778338fd8951df3-2984984411159868833.jpg', '/rooms/images/phongtro_20/86911d6ff50131ff6778338fd8951df3-2984984411159868833.jpg', 140315, 'image/jpeg', 'jpg', false, 'ROOM', 20, 'READY', NOW(), NOW(), 0);
INSERT INTO central_media_files (id, owner_id, category, original_name, file_name, file_path, file_url, file_size, mime_type, extension, is_primary, reference_type, reference_id, status, created_at, updated_at, version) VALUES (128, 3, 'ROOM_IMAGE', 'ad44c81255e3139d4286471ebdd7fdfa-2984984410946139345.jpg', 'ad44c81255e3139d4286471ebdd7fdfa-2984984410946139345.jpg', 'uploads/rooms/images/phongtro_20/ad44c81255e3139d4286471ebdd7fdfa-2984984410946139345.jpg', '/rooms/images/phongtro_20/ad44c81255e3139d4286471ebdd7fdfa-2984984410946139345.jpg', 122830, 'image/jpeg', 'jpg', false, 'ROOM', 20, 'READY', NOW(), NOW(), 0);
INSERT INTO central_media_files (id, owner_id, category, original_name, file_name, file_path, file_url, file_size, mime_type, extension, is_primary, reference_type, reference_id, status, created_at, updated_at, version) VALUES (129, 3, 'ROOM_IMAGE', 'd18774db6431517fb68791df4ad73125-2984984410932410121.jpg', 'd18774db6431517fb68791df4ad73125-2984984410932410121.jpg', 'uploads/rooms/images/phongtro_20/d18774db6431517fb68791df4ad73125-2984984410932410121.jpg', '/rooms/images/phongtro_20/d18774db6431517fb68791df4ad73125-2984984410932410121.jpg', 117840, 'image/jpeg', 'jpg', false, 'ROOM', 20, 'READY', NOW(), NOW(), 0);
INSERT INTO central_media_files (id, owner_id, category, original_name, file_name, file_path, file_url, file_size, mime_type, extension, is_primary, reference_type, reference_id, status, created_at, updated_at, version) VALUES (130, 3, 'POST_VIDEO', 'Phongtro20.mp4', 'Phongtro20.mp4', 'uploads/posts/videos/phongtro_20/Phongtro20.mp4', '/posts/videos/phongtro_20/Phongtro20.mp4', 4060553, 'video/mp4', 'mp4', true, 'POST', 20, 'READY', NOW(), NOW(), 0);
INSERT INTO central_media_files (id, owner_id, category, original_name, file_name, file_path, file_url, file_size, mime_type, extension, is_primary, reference_type, reference_id, status, created_at, updated_at, version) VALUES (131, 4, 'ROOM_THUMBNAIL', 'image_01 (1).jpg', 'image_01_1.jpg', 'uploads/rooms/images/room_1/image_01_1.jpg', '/rooms/images/room_1/image_01_1.jpg', 107415, 'image/jpeg', 'jpg', true, 'ROOM', 21, 'READY', NOW(), NOW(), 0);
INSERT INTO central_media_files (id, owner_id, category, original_name, file_name, file_path, file_url, file_size, mime_type, extension, is_primary, reference_type, reference_id, status, created_at, updated_at, version) VALUES (132, 4, 'ROOM_IMAGE', 'image_02 (1).jpg', 'image_02_1.jpg', 'uploads/rooms/images/room_1/image_02_1.jpg', '/rooms/images/room_1/image_02_1.jpg', 122243, 'image/jpeg', 'jpg', false, 'ROOM', 21, 'READY', NOW(), NOW(), 0);
INSERT INTO central_media_files (id, owner_id, category, original_name, file_name, file_path, file_url, file_size, mime_type, extension, is_primary, reference_type, reference_id, status, created_at, updated_at, version) VALUES (133, 4, 'ROOM_IMAGE', 'image_03 (1).jpg', 'image_03_1.jpg', 'uploads/rooms/images/room_1/image_03_1.jpg', '/rooms/images/room_1/image_03_1.jpg', 54597, 'image/jpeg', 'jpg', false, 'ROOM', 21, 'READY', NOW(), NOW(), 0);
INSERT INTO central_media_files (id, owner_id, category, original_name, file_name, file_path, file_url, file_size, mime_type, extension, is_primary, reference_type, reference_id, status, created_at, updated_at, version) VALUES (134, 4, 'ROOM_IMAGE', 'image_04 (1).jpg', 'image_04_1.jpg', 'uploads/rooms/images/room_1/image_04_1.jpg', '/rooms/images/room_1/image_04_1.jpg', 84054, 'image/jpeg', 'jpg', false, 'ROOM', 21, 'READY', NOW(), NOW(), 0);
INSERT INTO central_media_files (id, owner_id, category, original_name, file_name, file_path, file_url, file_size, mime_type, extension, is_primary, reference_type, reference_id, status, created_at, updated_at, version) VALUES (135, 4, 'ROOM_IMAGE', 'image_05 (1).jpg', 'image_05_1.jpg', 'uploads/rooms/images/room_1/image_05_1.jpg', '/rooms/images/room_1/image_05_1.jpg', 81741, 'image/jpeg', 'jpg', false, 'ROOM', 21, 'READY', NOW(), NOW(), 0);
INSERT INTO central_media_files (id, owner_id, category, original_name, file_name, file_path, file_url, file_size, mime_type, extension, is_primary, reference_type, reference_id, status, created_at, updated_at, version) VALUES (136, 4, 'ROOM_IMAGE', 'image_06 (1).jpg', 'image_06_1.jpg', 'uploads/rooms/images/room_1/image_06_1.jpg', '/rooms/images/room_1/image_06_1.jpg', 47001, 'image/jpeg', 'jpg', false, 'ROOM', 21, 'READY', NOW(), NOW(), 0);
INSERT INTO central_media_files (id, owner_id, category, original_name, file_name, file_path, file_url, file_size, mime_type, extension, is_primary, reference_type, reference_id, status, created_at, updated_at, version) VALUES (137, 4, 'POST_VIDEO', 'video_01 (1).mp4', 'video_01_1.mp4', 'uploads/posts/videos/room_1/video_01_1.mp4', '/posts/videos/room_1/video_01_1.mp4', 21831938, 'video/mp4', 'mp4', true, 'POST', 21, 'READY', NOW(), NOW(), 0);
INSERT INTO central_media_files (id, owner_id, category, original_name, file_name, file_path, file_url, file_size, mime_type, extension, is_primary, reference_type, reference_id, status, created_at, updated_at, version) VALUES (138, 2, 'ROOM_THUMBNAIL', 'image_01 (1).jpg', 'image_01_1.jpg', 'uploads/rooms/images/room_2/image_01_1.jpg', '/rooms/images/room_2/image_01_1.jpg', 130295, 'image/jpeg', 'jpg', true, 'ROOM', 22, 'READY', NOW(), NOW(), 0);
INSERT INTO central_media_files (id, owner_id, category, original_name, file_name, file_path, file_url, file_size, mime_type, extension, is_primary, reference_type, reference_id, status, created_at, updated_at, version) VALUES (139, 2, 'ROOM_IMAGE', 'image_02 (1).jpg', 'image_02_1.jpg', 'uploads/rooms/images/room_2/image_02_1.jpg', '/rooms/images/room_2/image_02_1.jpg', 123842, 'image/jpeg', 'jpg', false, 'ROOM', 22, 'READY', NOW(), NOW(), 0);
INSERT INTO central_media_files (id, owner_id, category, original_name, file_name, file_path, file_url, file_size, mime_type, extension, is_primary, reference_type, reference_id, status, created_at, updated_at, version) VALUES (140, 2, 'ROOM_IMAGE', 'image_03 (1).jpg', 'image_03_1.jpg', 'uploads/rooms/images/room_2/image_03_1.jpg', '/rooms/images/room_2/image_03_1.jpg', 84861, 'image/jpeg', 'jpg', false, 'ROOM', 22, 'READY', NOW(), NOW(), 0);
INSERT INTO central_media_files (id, owner_id, category, original_name, file_name, file_path, file_url, file_size, mime_type, extension, is_primary, reference_type, reference_id, status, created_at, updated_at, version) VALUES (141, 2, 'POST_VIDEO', 'video_01 (1).mp4', 'video_01_1.mp4', 'uploads/posts/videos/room_2/video_01_1.mp4', '/posts/videos/room_2/video_01_1.mp4', 15790741, 'video/mp4', 'mp4', true, 'POST', 22, 'READY', NOW(), NOW(), 0);
INSERT INTO central_media_files (id, owner_id, category, original_name, file_name, file_path, file_url, file_size, mime_type, extension, is_primary, reference_type, reference_id, status, created_at, updated_at, version) VALUES (142, 3, 'ROOM_THUMBNAIL', 'image_01 (1).jpg', 'image_01_1.jpg', 'uploads/rooms/images/room_3/image_01_1.jpg', '/rooms/images/room_3/image_01_1.jpg', 128174, 'image/jpeg', 'jpg', true, 'ROOM', 23, 'READY', NOW(), NOW(), 0);
INSERT INTO central_media_files (id, owner_id, category, original_name, file_name, file_path, file_url, file_size, mime_type, extension, is_primary, reference_type, reference_id, status, created_at, updated_at, version) VALUES (143, 3, 'ROOM_IMAGE', 'image_02 (1).jpg', 'image_02_1.jpg', 'uploads/rooms/images/room_3/image_02_1.jpg', '/rooms/images/room_3/image_02_1.jpg', 124991, 'image/jpeg', 'jpg', false, 'ROOM', 23, 'READY', NOW(), NOW(), 0);
INSERT INTO central_media_files (id, owner_id, category, original_name, file_name, file_path, file_url, file_size, mime_type, extension, is_primary, reference_type, reference_id, status, created_at, updated_at, version) VALUES (144, 3, 'ROOM_IMAGE', 'image_03 (1).jpg', 'image_03_1.jpg', 'uploads/rooms/images/room_3/image_03_1.jpg', '/rooms/images/room_3/image_03_1.jpg', 146272, 'image/jpeg', 'jpg', false, 'ROOM', 23, 'READY', NOW(), NOW(), 0);
INSERT INTO central_media_files (id, owner_id, category, original_name, file_name, file_path, file_url, file_size, mime_type, extension, is_primary, reference_type, reference_id, status, created_at, updated_at, version) VALUES (145, 3, 'ROOM_IMAGE', 'image_04 (1).jpg', 'image_04_1.jpg', 'uploads/rooms/images/room_3/image_04_1.jpg', '/rooms/images/room_3/image_04_1.jpg', 134508, 'image/jpeg', 'jpg', false, 'ROOM', 23, 'READY', NOW(), NOW(), 0);
INSERT INTO central_media_files (id, owner_id, category, original_name, file_name, file_path, file_url, file_size, mime_type, extension, is_primary, reference_type, reference_id, status, created_at, updated_at, version) VALUES (146, 3, 'ROOM_IMAGE', 'image_05 (1).jpg', 'image_05_1.jpg', 'uploads/rooms/images/room_3/image_05_1.jpg', '/rooms/images/room_3/image_05_1.jpg', 135129, 'image/jpeg', 'jpg', false, 'ROOM', 23, 'READY', NOW(), NOW(), 0);
INSERT INTO central_media_files (id, owner_id, category, original_name, file_name, file_path, file_url, file_size, mime_type, extension, is_primary, reference_type, reference_id, status, created_at, updated_at, version) VALUES (147, 3, 'ROOM_IMAGE', 'image_06 (1).jpg', 'image_06_1.jpg', 'uploads/rooms/images/room_3/image_06_1.jpg', '/rooms/images/room_3/image_06_1.jpg', 127944, 'image/jpeg', 'jpg', false, 'ROOM', 23, 'READY', NOW(), NOW(), 0);
INSERT INTO central_media_files (id, owner_id, category, original_name, file_name, file_path, file_url, file_size, mime_type, extension, is_primary, reference_type, reference_id, status, created_at, updated_at, version) VALUES (148, 3, 'POST_VIDEO', 'video_01 (1).mp4', 'video_01_1.mp4', 'uploads/posts/videos/room_3/video_01_1.mp4', '/posts/videos/room_3/video_01_1.mp4', 2358171, 'video/mp4', 'mp4', true, 'POST', 23, 'READY', NOW(), NOW(), 0);
INSERT INTO central_media_files (id, owner_id, category, original_name, file_name, file_path, file_url, file_size, mime_type, extension, is_primary, reference_type, reference_id, status, created_at, updated_at, version) VALUES (149, 4, 'ROOM_THUMBNAIL', 'image_01 (1).jpg', 'image_01_1.jpg', 'uploads/rooms/images/room_4/image_01_1.jpg', '/rooms/images/room_4/image_01_1.jpg', 136039, 'image/jpeg', 'jpg', true, 'ROOM', 24, 'READY', NOW(), NOW(), 0);
INSERT INTO central_media_files (id, owner_id, category, original_name, file_name, file_path, file_url, file_size, mime_type, extension, is_primary, reference_type, reference_id, status, created_at, updated_at, version) VALUES (150, 4, 'ROOM_IMAGE', 'image_02 (1).jpg', 'image_02_1.jpg', 'uploads/rooms/images/room_4/image_02_1.jpg', '/rooms/images/room_4/image_02_1.jpg', 141451, 'image/jpeg', 'jpg', false, 'ROOM', 24, 'READY', NOW(), NOW(), 0);
INSERT INTO central_media_files (id, owner_id, category, original_name, file_name, file_path, file_url, file_size, mime_type, extension, is_primary, reference_type, reference_id, status, created_at, updated_at, version) VALUES (151, 4, 'ROOM_IMAGE', 'image_03 (1).jpg', 'image_03_1.jpg', 'uploads/rooms/images/room_4/image_03_1.jpg', '/rooms/images/room_4/image_03_1.jpg', 101535, 'image/jpeg', 'jpg', false, 'ROOM', 24, 'READY', NOW(), NOW(), 0);
INSERT INTO central_media_files (id, owner_id, category, original_name, file_name, file_path, file_url, file_size, mime_type, extension, is_primary, reference_type, reference_id, status, created_at, updated_at, version) VALUES (152, 4, 'ROOM_IMAGE', 'image_04 (1).jpg', 'image_04_1.jpg', 'uploads/rooms/images/room_4/image_04_1.jpg', '/rooms/images/room_4/image_04_1.jpg', 136555, 'image/jpeg', 'jpg', false, 'ROOM', 24, 'READY', NOW(), NOW(), 0);
INSERT INTO central_media_files (id, owner_id, category, original_name, file_name, file_path, file_url, file_size, mime_type, extension, is_primary, reference_type, reference_id, status, created_at, updated_at, version) VALUES (153, 4, 'ROOM_IMAGE', 'image_05 (1).jpg', 'image_05_1.jpg', 'uploads/rooms/images/room_4/image_05_1.jpg', '/rooms/images/room_4/image_05_1.jpg', 94194, 'image/jpeg', 'jpg', false, 'ROOM', 24, 'READY', NOW(), NOW(), 0);
INSERT INTO central_media_files (id, owner_id, category, original_name, file_name, file_path, file_url, file_size, mime_type, extension, is_primary, reference_type, reference_id, status, created_at, updated_at, version) VALUES (154, 4, 'ROOM_IMAGE', 'image_06 (1).jpg', 'image_06_1.jpg', 'uploads/rooms/images/room_4/image_06_1.jpg', '/rooms/images/room_4/image_06_1.jpg', 94194, 'image/jpeg', 'jpg', false, 'ROOM', 24, 'READY', NOW(), NOW(), 0);
INSERT INTO central_media_files (id, owner_id, category, original_name, file_name, file_path, file_url, file_size, mime_type, extension, is_primary, reference_type, reference_id, status, created_at, updated_at, version) VALUES (155, 4, 'ROOM_IMAGE', 'image_07 (1).jpg', 'image_07_1.jpg', 'uploads/rooms/images/room_4/image_07_1.jpg', '/rooms/images/room_4/image_07_1.jpg', 126368, 'image/jpeg', 'jpg', false, 'ROOM', 24, 'READY', NOW(), NOW(), 0);
INSERT INTO central_media_files (id, owner_id, category, original_name, file_name, file_path, file_url, file_size, mime_type, extension, is_primary, reference_type, reference_id, status, created_at, updated_at, version) VALUES (156, 4, 'ROOM_IMAGE', 'image_08 (1).jpg', 'image_08_1.jpg', 'uploads/rooms/images/room_4/image_08_1.jpg', '/rooms/images/room_4/image_08_1.jpg', 132278, 'image/jpeg', 'jpg', false, 'ROOM', 24, 'READY', NOW(), NOW(), 0);
INSERT INTO central_media_files (id, owner_id, category, original_name, file_name, file_path, file_url, file_size, mime_type, extension, is_primary, reference_type, reference_id, status, created_at, updated_at, version) VALUES (157, 4, 'ROOM_IMAGE', 'image_09.jpg', 'image_09.jpg', 'uploads/rooms/images/room_4/image_09.jpg', '/rooms/images/room_4/image_09.jpg', 112350, 'image/jpeg', 'jpg', false, 'ROOM', 24, 'READY', NOW(), NOW(), 0);
INSERT INTO central_media_files (id, owner_id, category, original_name, file_name, file_path, file_url, file_size, mime_type, extension, is_primary, reference_type, reference_id, status, created_at, updated_at, version) VALUES (158, 4, 'POST_VIDEO', 'video_01 (1).mp4', 'video_01_1.mp4', 'uploads/posts/videos/room_4/video_01_1.mp4', '/posts/videos/room_4/video_01_1.mp4', 6750909, 'video/mp4', 'mp4', true, 'POST', 24, 'READY', NOW(), NOW(), 0);
INSERT INTO central_media_files (id, owner_id, category, original_name, file_name, file_path, file_url, file_size, mime_type, extension, is_primary, reference_type, reference_id, status, created_at, updated_at, version) VALUES (159, 2, 'ROOM_THUMBNAIL', 'image_01 (1).jpg', 'image_01_1.jpg', 'uploads/rooms/images/room_5/image_01_1.jpg', '/rooms/images/room_5/image_01_1.jpg', 78821, 'image/jpeg', 'jpg', true, 'ROOM', 25, 'READY', NOW(), NOW(), 0);
INSERT INTO central_media_files (id, owner_id, category, original_name, file_name, file_path, file_url, file_size, mime_type, extension, is_primary, reference_type, reference_id, status, created_at, updated_at, version) VALUES (160, 2, 'ROOM_IMAGE', 'image_02 (1).jpg', 'image_02_1.jpg', 'uploads/rooms/images/room_5/image_02_1.jpg', '/rooms/images/room_5/image_02_1.jpg', 143555, 'image/jpeg', 'jpg', false, 'ROOM', 25, 'READY', NOW(), NOW(), 0);
INSERT INTO central_media_files (id, owner_id, category, original_name, file_name, file_path, file_url, file_size, mime_type, extension, is_primary, reference_type, reference_id, status, created_at, updated_at, version) VALUES (161, 2, 'ROOM_IMAGE', 'image_03 (1).jpg', 'image_03_1.jpg', 'uploads/rooms/images/room_5/image_03_1.jpg', '/rooms/images/room_5/image_03_1.jpg', 99332, 'image/jpeg', 'jpg', false, 'ROOM', 25, 'READY', NOW(), NOW(), 0);
INSERT INTO central_media_files (id, owner_id, category, original_name, file_name, file_path, file_url, file_size, mime_type, extension, is_primary, reference_type, reference_id, status, created_at, updated_at, version) VALUES (162, 2, 'ROOM_IMAGE', 'image_04 (1).jpg', 'image_04_1.jpg', 'uploads/rooms/images/room_5/image_04_1.jpg', '/rooms/images/room_5/image_04_1.jpg', 143101, 'image/jpeg', 'jpg', false, 'ROOM', 25, 'READY', NOW(), NOW(), 0);
INSERT INTO central_media_files (id, owner_id, category, original_name, file_name, file_path, file_url, file_size, mime_type, extension, is_primary, reference_type, reference_id, status, created_at, updated_at, version) VALUES (163, 2, 'ROOM_IMAGE', 'image_05 (1).jpg', 'image_05_1.jpg', 'uploads/rooms/images/room_5/image_05_1.jpg', '/rooms/images/room_5/image_05_1.jpg', 94480, 'image/jpeg', 'jpg', false, 'ROOM', 25, 'READY', NOW(), NOW(), 0);
INSERT INTO central_media_files (id, owner_id, category, original_name, file_name, file_path, file_url, file_size, mime_type, extension, is_primary, reference_type, reference_id, status, created_at, updated_at, version) VALUES (164, 2, 'ROOM_IMAGE', 'image_06 (1).jpg', 'image_06_1.jpg', 'uploads/rooms/images/room_5/image_06_1.jpg', '/rooms/images/room_5/image_06_1.jpg', 66059, 'image/jpeg', 'jpg', false, 'ROOM', 25, 'READY', NOW(), NOW(), 0);
INSERT INTO central_media_files (id, owner_id, category, original_name, file_name, file_path, file_url, file_size, mime_type, extension, is_primary, reference_type, reference_id, status, created_at, updated_at, version) VALUES (165, 2, 'ROOM_IMAGE', 'image_07 (1).jpg', 'image_07_1.jpg', 'uploads/rooms/images/room_5/image_07_1.jpg', '/rooms/images/room_5/image_07_1.jpg', 47350, 'image/jpeg', 'jpg', false, 'ROOM', 25, 'READY', NOW(), NOW(), 0);
INSERT INTO central_media_files (id, owner_id, category, original_name, file_name, file_path, file_url, file_size, mime_type, extension, is_primary, reference_type, reference_id, status, created_at, updated_at, version) VALUES (166, 2, 'POST_VIDEO', 'video_01 (1).mp4', 'video_01_1.mp4', 'uploads/posts/videos/room_5/video_01_1.mp4', '/posts/videos/room_5/video_01_1.mp4', 1782787, 'video/mp4', 'mp4', true, 'POST', 25, 'READY', NOW(), NOW(), 0);
INSERT INTO central_media_files (id, owner_id, category, original_name, file_name, file_path, file_url, file_size, mime_type, extension, is_primary, reference_type, reference_id, status, created_at, updated_at, version) VALUES (167, 3, 'ROOM_THUMBNAIL', 'image_01 (1).jpg', 'image_01_1.jpg', 'uploads/rooms/images/room_6/image_01_1.jpg', '/rooms/images/room_6/image_01_1.jpg', 118679, 'image/jpeg', 'jpg', true, 'ROOM', 26, 'READY', NOW(), NOW(), 0);
INSERT INTO central_media_files (id, owner_id, category, original_name, file_name, file_path, file_url, file_size, mime_type, extension, is_primary, reference_type, reference_id, status, created_at, updated_at, version) VALUES (168, 3, 'ROOM_IMAGE', 'image_02 (1).jpg', 'image_02_1.jpg', 'uploads/rooms/images/room_6/image_02_1.jpg', '/rooms/images/room_6/image_02_1.jpg', 61433, 'image/jpeg', 'jpg', false, 'ROOM', 26, 'READY', NOW(), NOW(), 0);
INSERT INTO central_media_files (id, owner_id, category, original_name, file_name, file_path, file_url, file_size, mime_type, extension, is_primary, reference_type, reference_id, status, created_at, updated_at, version) VALUES (169, 3, 'ROOM_IMAGE', 'image_03 (1).jpg', 'image_03_1.jpg', 'uploads/rooms/images/room_6/image_03_1.jpg', '/rooms/images/room_6/image_03_1.jpg', 64298, 'image/jpeg', 'jpg', false, 'ROOM', 26, 'READY', NOW(), NOW(), 0);
INSERT INTO central_media_files (id, owner_id, category, original_name, file_name, file_path, file_url, file_size, mime_type, extension, is_primary, reference_type, reference_id, status, created_at, updated_at, version) VALUES (170, 3, 'ROOM_IMAGE', 'image_04 (1).jpg', 'image_04_1.jpg', 'uploads/rooms/images/room_6/image_04_1.jpg', '/rooms/images/room_6/image_04_1.jpg', 62153, 'image/jpeg', 'jpg', false, 'ROOM', 26, 'READY', NOW(), NOW(), 0);
INSERT INTO central_media_files (id, owner_id, category, original_name, file_name, file_path, file_url, file_size, mime_type, extension, is_primary, reference_type, reference_id, status, created_at, updated_at, version) VALUES (171, 3, 'ROOM_IMAGE', 'image_05 (1).jpg', 'image_05_1.jpg', 'uploads/rooms/images/room_6/image_05_1.jpg', '/rooms/images/room_6/image_05_1.jpg', 61994, 'image/jpeg', 'jpg', false, 'ROOM', 26, 'READY', NOW(), NOW(), 0);
INSERT INTO central_media_files (id, owner_id, category, original_name, file_name, file_path, file_url, file_size, mime_type, extension, is_primary, reference_type, reference_id, status, created_at, updated_at, version) VALUES (172, 3, 'POST_VIDEO', 'video_01 (1).mp4', 'video_01_1.mp4', 'uploads/posts/videos/room_6/video_01_1.mp4', '/posts/videos/room_6/video_01_1.mp4', 6668684, 'video/mp4', 'mp4', true, 'POST', 26, 'READY', NOW(), NOW(), 0);
INSERT INTO central_media_files (id, owner_id, category, original_name, file_name, file_path, file_url, file_size, mime_type, extension, is_primary, reference_type, reference_id, status, created_at, updated_at, version) VALUES (173, 4, 'ROOM_THUMBNAIL', 'image_01 (1).jpg', 'image_01_1.jpg', 'uploads/rooms/images/room_7/image_01_1.jpg', '/rooms/images/room_7/image_01_1.jpg', 143072, 'image/jpeg', 'jpg', true, 'ROOM', 27, 'READY', NOW(), NOW(), 0);
INSERT INTO central_media_files (id, owner_id, category, original_name, file_name, file_path, file_url, file_size, mime_type, extension, is_primary, reference_type, reference_id, status, created_at, updated_at, version) VALUES (174, 4, 'ROOM_IMAGE', 'image_02 (1).jpg', 'image_02_1.jpg', 'uploads/rooms/images/room_7/image_02_1.jpg', '/rooms/images/room_7/image_02_1.jpg', 125799, 'image/jpeg', 'jpg', false, 'ROOM', 27, 'READY', NOW(), NOW(), 0);
INSERT INTO central_media_files (id, owner_id, category, original_name, file_name, file_path, file_url, file_size, mime_type, extension, is_primary, reference_type, reference_id, status, created_at, updated_at, version) VALUES (175, 4, 'ROOM_IMAGE', 'image_03 (1).jpg', 'image_03_1.jpg', 'uploads/rooms/images/room_7/image_03_1.jpg', '/rooms/images/room_7/image_03_1.jpg', 120614, 'image/jpeg', 'jpg', false, 'ROOM', 27, 'READY', NOW(), NOW(), 0);
INSERT INTO central_media_files (id, owner_id, category, original_name, file_name, file_path, file_url, file_size, mime_type, extension, is_primary, reference_type, reference_id, status, created_at, updated_at, version) VALUES (176, 4, 'ROOM_IMAGE', 'image_04 (1).jpg', 'image_04_1.jpg', 'uploads/rooms/images/room_7/image_04_1.jpg', '/rooms/images/room_7/image_04_1.jpg', 217069, 'image/jpeg', 'jpg', false, 'ROOM', 27, 'READY', NOW(), NOW(), 0);
INSERT INTO central_media_files (id, owner_id, category, original_name, file_name, file_path, file_url, file_size, mime_type, extension, is_primary, reference_type, reference_id, status, created_at, updated_at, version) VALUES (177, 4, 'ROOM_IMAGE', 'image_05 (1).jpg', 'image_05_1.jpg', 'uploads/rooms/images/room_7/image_05_1.jpg', '/rooms/images/room_7/image_05_1.jpg', 219469, 'image/jpeg', 'jpg', false, 'ROOM', 27, 'READY', NOW(), NOW(), 0);
INSERT INTO central_media_files (id, owner_id, category, original_name, file_name, file_path, file_url, file_size, mime_type, extension, is_primary, reference_type, reference_id, status, created_at, updated_at, version) VALUES (178, 4, 'POST_VIDEO', 'video_01 (1).mp4', 'video_01_1.mp4', 'uploads/posts/videos/room_7/video_01_1.mp4', '/posts/videos/room_7/video_01_1.mp4', 4968559, 'video/mp4', 'mp4', true, 'POST', 27, 'READY', NOW(), NOW(), 0);
INSERT INTO central_media_files (id, owner_id, category, original_name, file_name, file_path, file_url, file_size, mime_type, extension, is_primary, reference_type, reference_id, status, created_at, updated_at, version) VALUES (179, 2, 'ROOM_THUMBNAIL', 'image_01 (1).jpg', 'image_01_1.jpg', 'uploads/rooms/images/room_8/image_01_1.jpg', '/rooms/images/room_8/image_01_1.jpg', 70075, 'image/jpeg', 'jpg', true, 'ROOM', 28, 'READY', NOW(), NOW(), 0);
INSERT INTO central_media_files (id, owner_id, category, original_name, file_name, file_path, file_url, file_size, mime_type, extension, is_primary, reference_type, reference_id, status, created_at, updated_at, version) VALUES (180, 2, 'ROOM_IMAGE', 'image_02 (1).jpg', 'image_02_1.jpg', 'uploads/rooms/images/room_8/image_02_1.jpg', '/rooms/images/room_8/image_02_1.jpg', 70288, 'image/jpeg', 'jpg', false, 'ROOM', 28, 'READY', NOW(), NOW(), 0);
INSERT INTO central_media_files (id, owner_id, category, original_name, file_name, file_path, file_url, file_size, mime_type, extension, is_primary, reference_type, reference_id, status, created_at, updated_at, version) VALUES (181, 2, 'ROOM_IMAGE', 'image_03 (1).jpg', 'image_03_1.jpg', 'uploads/rooms/images/room_8/image_03_1.jpg', '/rooms/images/room_8/image_03_1.jpg', 67789, 'image/jpeg', 'jpg', false, 'ROOM', 28, 'READY', NOW(), NOW(), 0);
INSERT INTO central_media_files (id, owner_id, category, original_name, file_name, file_path, file_url, file_size, mime_type, extension, is_primary, reference_type, reference_id, status, created_at, updated_at, version) VALUES (182, 2, 'ROOM_IMAGE', 'image_04 (1).jpg', 'image_04_1.jpg', 'uploads/rooms/images/room_8/image_04_1.jpg', '/rooms/images/room_8/image_04_1.jpg', 99593, 'image/jpeg', 'jpg', false, 'ROOM', 28, 'READY', NOW(), NOW(), 0);
INSERT INTO central_media_files (id, owner_id, category, original_name, file_name, file_path, file_url, file_size, mime_type, extension, is_primary, reference_type, reference_id, status, created_at, updated_at, version) VALUES (183, 2, 'ROOM_IMAGE', 'image_05.jpg', 'image_05.jpg', 'uploads/rooms/images/room_8/image_05.jpg', '/rooms/images/room_8/image_05.jpg', 109684, 'image/jpeg', 'jpg', false, 'ROOM', 28, 'READY', NOW(), NOW(), 0);
INSERT INTO central_media_files (id, owner_id, category, original_name, file_name, file_path, file_url, file_size, mime_type, extension, is_primary, reference_type, reference_id, status, created_at, updated_at, version) VALUES (184, 2, 'ROOM_IMAGE', 'image_06.jpg', 'image_06.jpg', 'uploads/rooms/images/room_8/image_06.jpg', '/rooms/images/room_8/image_06.jpg', 115547, 'image/jpeg', 'jpg', false, 'ROOM', 28, 'READY', NOW(), NOW(), 0);
INSERT INTO central_media_files (id, owner_id, category, original_name, file_name, file_path, file_url, file_size, mime_type, extension, is_primary, reference_type, reference_id, status, created_at, updated_at, version) VALUES (185, 2, 'ROOM_IMAGE', 'image_07.jpg', 'image_07.jpg', 'uploads/rooms/images/room_8/image_07.jpg', '/rooms/images/room_8/image_07.jpg', 87359, 'image/jpeg', 'jpg', false, 'ROOM', 28, 'READY', NOW(), NOW(), 0);
INSERT INTO central_media_files (id, owner_id, category, original_name, file_name, file_path, file_url, file_size, mime_type, extension, is_primary, reference_type, reference_id, status, created_at, updated_at, version) VALUES (186, 2, 'ROOM_IMAGE', 'image_08.jpg', 'image_08.jpg', 'uploads/rooms/images/room_8/image_08.jpg', '/rooms/images/room_8/image_08.jpg', 98105, 'image/jpeg', 'jpg', false, 'ROOM', 28, 'READY', NOW(), NOW(), 0);
INSERT INTO central_media_files (id, owner_id, category, original_name, file_name, file_path, file_url, file_size, mime_type, extension, is_primary, reference_type, reference_id, status, created_at, updated_at, version) VALUES (187, 2, 'POST_VIDEO', 'video_01 (1).mp4', 'video_01_1.mp4', 'uploads/posts/videos/room_8/video_01_1.mp4', '/posts/videos/room_8/video_01_1.mp4', 5161275, 'video/mp4', 'mp4', true, 'POST', 28, 'READY', NOW(), NOW(), 0);
INSERT INTO central_media_files (id, owner_id, category, original_name, file_name, file_path, file_url, file_size, mime_type, extension, is_primary, reference_type, reference_id, status, created_at, updated_at, version) VALUES (188, 3, 'ROOM_THUMBNAIL', 'image_01 (1).jpg', 'image_01_1.jpg', 'uploads/rooms/images/room_9/image_01_1.jpg', '/rooms/images/room_9/image_01_1.jpg', 125942, 'image/jpeg', 'jpg', true, 'ROOM', 29, 'READY', NOW(), NOW(), 0);
INSERT INTO central_media_files (id, owner_id, category, original_name, file_name, file_path, file_url, file_size, mime_type, extension, is_primary, reference_type, reference_id, status, created_at, updated_at, version) VALUES (189, 3, 'ROOM_IMAGE', 'image_02 (1).jpg', 'image_02_1.jpg', 'uploads/rooms/images/room_9/image_02_1.jpg', '/rooms/images/room_9/image_02_1.jpg', 147789, 'image/jpeg', 'jpg', false, 'ROOM', 29, 'READY', NOW(), NOW(), 0);
INSERT INTO central_media_files (id, owner_id, category, original_name, file_name, file_path, file_url, file_size, mime_type, extension, is_primary, reference_type, reference_id, status, created_at, updated_at, version) VALUES (190, 3, 'ROOM_IMAGE', 'image_03 (1).jpg', 'image_03_1.jpg', 'uploads/rooms/images/room_9/image_03_1.jpg', '/rooms/images/room_9/image_03_1.jpg', 135482, 'image/jpeg', 'jpg', false, 'ROOM', 29, 'READY', NOW(), NOW(), 0);
INSERT INTO central_media_files (id, owner_id, category, original_name, file_name, file_path, file_url, file_size, mime_type, extension, is_primary, reference_type, reference_id, status, created_at, updated_at, version) VALUES (191, 3, 'ROOM_IMAGE', 'image_04 (1).jpg', 'image_04_1.jpg', 'uploads/rooms/images/room_9/image_04_1.jpg', '/rooms/images/room_9/image_04_1.jpg', 151307, 'image/jpeg', 'jpg', false, 'ROOM', 29, 'READY', NOW(), NOW(), 0);
INSERT INTO central_media_files (id, owner_id, category, original_name, file_name, file_path, file_url, file_size, mime_type, extension, is_primary, reference_type, reference_id, status, created_at, updated_at, version) VALUES (192, 3, 'ROOM_IMAGE', 'image_05.jpg', 'image_05.jpg', 'uploads/rooms/images/room_9/image_05.jpg', '/rooms/images/room_9/image_05.jpg', 154821, 'image/jpeg', 'jpg', false, 'ROOM', 29, 'READY', NOW(), NOW(), 0);
INSERT INTO central_media_files (id, owner_id, category, original_name, file_name, file_path, file_url, file_size, mime_type, extension, is_primary, reference_type, reference_id, status, created_at, updated_at, version) VALUES (193, 3, 'ROOM_IMAGE', 'image_06.jpg', 'image_06.jpg', 'uploads/rooms/images/room_9/image_06.jpg', '/rooms/images/room_9/image_06.jpg', 131843, 'image/jpeg', 'jpg', false, 'ROOM', 29, 'READY', NOW(), NOW(), 0);
INSERT INTO central_media_files (id, owner_id, category, original_name, file_name, file_path, file_url, file_size, mime_type, extension, is_primary, reference_type, reference_id, status, created_at, updated_at, version) VALUES (194, 3, 'POST_VIDEO', 'video_01 (1).mp4', 'video_01_1.mp4', 'uploads/posts/videos/room_9/video_01_1.mp4', '/posts/videos/room_9/video_01_1.mp4', 7079930, 'video/mp4', 'mp4', true, 'POST', 29, 'READY', NOW(), NOW(), 0);
INSERT INTO central_media_files (id, owner_id, category, original_name, file_name, file_path, file_url, file_size, mime_type, extension, is_primary, reference_type, reference_id, status, created_at, updated_at, version) VALUES (195, 4, 'ROOM_THUMBNAIL', 'image_01 (1).jpg', 'image_01_1.jpg', 'uploads/rooms/images/room_10/image_01_1.jpg', '/rooms/images/room_10/image_01_1.jpg', 116091, 'image/jpeg', 'jpg', true, 'ROOM', 30, 'READY', NOW(), NOW(), 0);
INSERT INTO central_media_files (id, owner_id, category, original_name, file_name, file_path, file_url, file_size, mime_type, extension, is_primary, reference_type, reference_id, status, created_at, updated_at, version) VALUES (196, 4, 'ROOM_IMAGE', 'image_02 (1).jpg', 'image_02_1.jpg', 'uploads/rooms/images/room_10/image_02_1.jpg', '/rooms/images/room_10/image_02_1.jpg', 120799, 'image/jpeg', 'jpg', false, 'ROOM', 30, 'READY', NOW(), NOW(), 0);
INSERT INTO central_media_files (id, owner_id, category, original_name, file_name, file_path, file_url, file_size, mime_type, extension, is_primary, reference_type, reference_id, status, created_at, updated_at, version) VALUES (197, 4, 'ROOM_IMAGE', 'image_03 (1).jpg', 'image_03_1.jpg', 'uploads/rooms/images/room_10/image_03_1.jpg', '/rooms/images/room_10/image_03_1.jpg', 135522, 'image/jpeg', 'jpg', false, 'ROOM', 30, 'READY', NOW(), NOW(), 0);
INSERT INTO central_media_files (id, owner_id, category, original_name, file_name, file_path, file_url, file_size, mime_type, extension, is_primary, reference_type, reference_id, status, created_at, updated_at, version) VALUES (198, 4, 'ROOM_IMAGE', 'image_04 (1).jpg', 'image_04_1.jpg', 'uploads/rooms/images/room_10/image_04_1.jpg', '/rooms/images/room_10/image_04_1.jpg', 119468, 'image/jpeg', 'jpg', false, 'ROOM', 30, 'READY', NOW(), NOW(), 0);
INSERT INTO central_media_files (id, owner_id, category, original_name, file_name, file_path, file_url, file_size, mime_type, extension, is_primary, reference_type, reference_id, status, created_at, updated_at, version) VALUES (199, 4, 'ROOM_IMAGE', 'image_05.jpg', 'image_05.jpg', 'uploads/rooms/images/room_10/image_05.jpg', '/rooms/images/room_10/image_05.jpg', 115727, 'image/jpeg', 'jpg', false, 'ROOM', 30, 'READY', NOW(), NOW(), 0);
INSERT INTO central_media_files (id, owner_id, category, original_name, file_name, file_path, file_url, file_size, mime_type, extension, is_primary, reference_type, reference_id, status, created_at, updated_at, version) VALUES (200, 4, 'ROOM_IMAGE', 'image_06.jpg', 'image_06.jpg', 'uploads/rooms/images/room_10/image_06.jpg', '/rooms/images/room_10/image_06.jpg', 111356, 'image/jpeg', 'jpg', false, 'ROOM', 30, 'READY', NOW(), NOW(), 0);
INSERT INTO central_media_files (id, owner_id, category, original_name, file_name, file_path, file_url, file_size, mime_type, extension, is_primary, reference_type, reference_id, status, created_at, updated_at, version) VALUES (201, 4, 'ROOM_IMAGE', 'image_07.jpg', 'image_07.jpg', 'uploads/rooms/images/room_10/image_07.jpg', '/rooms/images/room_10/image_07.jpg', 134630, 'image/jpeg', 'jpg', false, 'ROOM', 30, 'READY', NOW(), NOW(), 0);
INSERT INTO central_media_files (id, owner_id, category, original_name, file_name, file_path, file_url, file_size, mime_type, extension, is_primary, reference_type, reference_id, status, created_at, updated_at, version) VALUES (202, 4, 'ROOM_IMAGE', 'image_08.jpg', 'image_08.jpg', 'uploads/rooms/images/room_10/image_08.jpg', '/rooms/images/room_10/image_08.jpg', 133741, 'image/jpeg', 'jpg', false, 'ROOM', 30, 'READY', NOW(), NOW(), 0);
INSERT INTO central_media_files (id, owner_id, category, original_name, file_name, file_path, file_url, file_size, mime_type, extension, is_primary, reference_type, reference_id, status, created_at, updated_at, version) VALUES (203, 4, 'POST_VIDEO', 'video_01 (1).mp4', 'video_01_1.mp4', 'uploads/posts/videos/room_10/video_01_1.mp4', '/posts/videos/room_10/video_01_1.mp4', 11865173, 'video/mp4', 'mp4', true, 'POST', 30, 'READY', NOW(), NOW(), 0);
INSERT INTO central_media_files (id, owner_id, category, original_name, file_name, file_path, file_url, file_size, mime_type, extension, is_primary, reference_type, reference_id, status, created_at, updated_at, version) VALUES (204, 2, 'ROOM_THUMBNAIL', 'image_01 (1).jpg', 'image_01_1.jpg', 'uploads/rooms/images/room_11/image_01_1.jpg', '/rooms/images/room_11/image_01_1.jpg', 94496, 'image/jpeg', 'jpg', true, 'ROOM', 31, 'READY', NOW(), NOW(), 0);
INSERT INTO central_media_files (id, owner_id, category, original_name, file_name, file_path, file_url, file_size, mime_type, extension, is_primary, reference_type, reference_id, status, created_at, updated_at, version) VALUES (205, 2, 'ROOM_IMAGE', 'image_02 (1).jpg', 'image_02_1.jpg', 'uploads/rooms/images/room_11/image_02_1.jpg', '/rooms/images/room_11/image_02_1.jpg', 108685, 'image/jpeg', 'jpg', false, 'ROOM', 31, 'READY', NOW(), NOW(), 0);
INSERT INTO central_media_files (id, owner_id, category, original_name, file_name, file_path, file_url, file_size, mime_type, extension, is_primary, reference_type, reference_id, status, created_at, updated_at, version) VALUES (206, 2, 'ROOM_IMAGE', 'image_03 (1).jpg', 'image_03_1.jpg', 'uploads/rooms/images/room_11/image_03_1.jpg', '/rooms/images/room_11/image_03_1.jpg', 94565, 'image/jpeg', 'jpg', false, 'ROOM', 31, 'READY', NOW(), NOW(), 0);
INSERT INTO central_media_files (id, owner_id, category, original_name, file_name, file_path, file_url, file_size, mime_type, extension, is_primary, reference_type, reference_id, status, created_at, updated_at, version) VALUES (207, 2, 'ROOM_IMAGE', 'image_04 (1).jpg', 'image_04_1.jpg', 'uploads/rooms/images/room_11/image_04_1.jpg', '/rooms/images/room_11/image_04_1.jpg', 71932, 'image/jpeg', 'jpg', false, 'ROOM', 31, 'READY', NOW(), NOW(), 0);
INSERT INTO central_media_files (id, owner_id, category, original_name, file_name, file_path, file_url, file_size, mime_type, extension, is_primary, reference_type, reference_id, status, created_at, updated_at, version) VALUES (208, 2, 'ROOM_IMAGE', 'image_05.jpg', 'image_05.jpg', 'uploads/rooms/images/room_11/image_05.jpg', '/rooms/images/room_11/image_05.jpg', 95509, 'image/jpeg', 'jpg', false, 'ROOM', 31, 'READY', NOW(), NOW(), 0);
INSERT INTO central_media_files (id, owner_id, category, original_name, file_name, file_path, file_url, file_size, mime_type, extension, is_primary, reference_type, reference_id, status, created_at, updated_at, version) VALUES (209, 2, 'ROOM_IMAGE', 'image_06.jpg', 'image_06.jpg', 'uploads/rooms/images/room_11/image_06.jpg', '/rooms/images/room_11/image_06.jpg', 173644, 'image/jpeg', 'jpg', false, 'ROOM', 31, 'READY', NOW(), NOW(), 0);
INSERT INTO central_media_files (id, owner_id, category, original_name, file_name, file_path, file_url, file_size, mime_type, extension, is_primary, reference_type, reference_id, status, created_at, updated_at, version) VALUES (210, 2, 'POST_VIDEO', 'video_01 (1).mp4', 'video_01_1.mp4', 'uploads/posts/videos/room_11/video_01_1.mp4', '/posts/videos/room_11/video_01_1.mp4', 7018810, 'video/mp4', 'mp4', true, 'POST', 31, 'READY', NOW(), NOW(), 0);
INSERT INTO central_media_files (id, owner_id, category, original_name, file_name, file_path, file_url, file_size, mime_type, extension, is_primary, reference_type, reference_id, status, created_at, updated_at, version) VALUES (211, 3, 'ROOM_THUMBNAIL', 'image_01 (1).jpg', 'image_01_1.jpg', 'uploads/rooms/images/room_12/image_01_1.jpg', '/rooms/images/room_12/image_01_1.jpg', 107415, 'image/jpeg', 'jpg', true, 'ROOM', 32, 'READY', NOW(), NOW(), 0);
INSERT INTO central_media_files (id, owner_id, category, original_name, file_name, file_path, file_url, file_size, mime_type, extension, is_primary, reference_type, reference_id, status, created_at, updated_at, version) VALUES (212, 3, 'ROOM_IMAGE', 'image_02 (1).jpg', 'image_02_1.jpg', 'uploads/rooms/images/room_12/image_02_1.jpg', '/rooms/images/room_12/image_02_1.jpg', 122243, 'image/jpeg', 'jpg', false, 'ROOM', 32, 'READY', NOW(), NOW(), 0);
INSERT INTO central_media_files (id, owner_id, category, original_name, file_name, file_path, file_url, file_size, mime_type, extension, is_primary, reference_type, reference_id, status, created_at, updated_at, version) VALUES (213, 3, 'ROOM_IMAGE', 'image_03 (1).jpg', 'image_03_1.jpg', 'uploads/rooms/images/room_12/image_03_1.jpg', '/rooms/images/room_12/image_03_1.jpg', 54597, 'image/jpeg', 'jpg', false, 'ROOM', 32, 'READY', NOW(), NOW(), 0);
INSERT INTO central_media_files (id, owner_id, category, original_name, file_name, file_path, file_url, file_size, mime_type, extension, is_primary, reference_type, reference_id, status, created_at, updated_at, version) VALUES (214, 3, 'ROOM_IMAGE', 'image_04 (1).jpg', 'image_04_1.jpg', 'uploads/rooms/images/room_12/image_04_1.jpg', '/rooms/images/room_12/image_04_1.jpg', 84054, 'image/jpeg', 'jpg', false, 'ROOM', 32, 'READY', NOW(), NOW(), 0);
INSERT INTO central_media_files (id, owner_id, category, original_name, file_name, file_path, file_url, file_size, mime_type, extension, is_primary, reference_type, reference_id, status, created_at, updated_at, version) VALUES (215, 3, 'ROOM_IMAGE', 'image_05.jpg', 'image_05.jpg', 'uploads/rooms/images/room_12/image_05.jpg', '/rooms/images/room_12/image_05.jpg', 81741, 'image/jpeg', 'jpg', false, 'ROOM', 32, 'READY', NOW(), NOW(), 0);
INSERT INTO central_media_files (id, owner_id, category, original_name, file_name, file_path, file_url, file_size, mime_type, extension, is_primary, reference_type, reference_id, status, created_at, updated_at, version) VALUES (216, 3, 'ROOM_IMAGE', 'image_06.jpg', 'image_06.jpg', 'uploads/rooms/images/room_12/image_06.jpg', '/rooms/images/room_12/image_06.jpg', 47001, 'image/jpeg', 'jpg', false, 'ROOM', 32, 'READY', NOW(), NOW(), 0);
INSERT INTO central_media_files (id, owner_id, category, original_name, file_name, file_path, file_url, file_size, mime_type, extension, is_primary, reference_type, reference_id, status, created_at, updated_at, version) VALUES (217, 3, 'POST_VIDEO', 'video_01 (1).mp4', 'video_01_1.mp4', 'uploads/posts/videos/room_12/video_01_1.mp4', '/posts/videos/room_12/video_01_1.mp4', 21831938, 'video/mp4', 'mp4', true, 'POST', 32, 'READY', NOW(), NOW(), 0);
INSERT INTO central_media_files (id, owner_id, category, original_name, file_name, file_path, file_url, file_size, mime_type, extension, is_primary, reference_type, reference_id, status, created_at, updated_at, version) VALUES (218, 4, 'ROOM_THUMBNAIL', 'image_01.jpg', 'image_01.jpg', 'uploads/rooms/images/room_13/image_01.jpg', '/rooms/images/room_13/image_01.jpg', 130295, 'image/jpeg', 'jpg', true, 'ROOM', 33, 'READY', NOW(), NOW(), 0);
INSERT INTO central_media_files (id, owner_id, category, original_name, file_name, file_path, file_url, file_size, mime_type, extension, is_primary, reference_type, reference_id, status, created_at, updated_at, version) VALUES (219, 4, 'ROOM_IMAGE', 'image_02.jpg', 'image_02.jpg', 'uploads/rooms/images/room_13/image_02.jpg', '/rooms/images/room_13/image_02.jpg', 123842, 'image/jpeg', 'jpg', false, 'ROOM', 33, 'READY', NOW(), NOW(), 0);
INSERT INTO central_media_files (id, owner_id, category, original_name, file_name, file_path, file_url, file_size, mime_type, extension, is_primary, reference_type, reference_id, status, created_at, updated_at, version) VALUES (220, 4, 'ROOM_IMAGE', 'image_03.jpg', 'image_03.jpg', 'uploads/rooms/images/room_13/image_03.jpg', '/rooms/images/room_13/image_03.jpg', 84861, 'image/jpeg', 'jpg', false, 'ROOM', 33, 'READY', NOW(), NOW(), 0);
INSERT INTO central_media_files (id, owner_id, category, original_name, file_name, file_path, file_url, file_size, mime_type, extension, is_primary, reference_type, reference_id, status, created_at, updated_at, version) VALUES (221, 4, 'POST_VIDEO', 'video_01 (1).mp4', 'video_01_1.mp4', 'uploads/posts/videos/room_13/video_01_1.mp4', '/posts/videos/room_13/video_01_1.mp4', 15790741, 'video/mp4', 'mp4', true, 'POST', 33, 'READY', NOW(), NOW(), 0);
INSERT INTO central_media_files (id, owner_id, category, original_name, file_name, file_path, file_url, file_size, mime_type, extension, is_primary, reference_type, reference_id, status, created_at, updated_at, version) VALUES (222, 2, 'ROOM_THUMBNAIL', 'image_01 (1).jpg', 'image_01_1.jpg', 'uploads/rooms/images/room_14/image_01_1.jpg', '/rooms/images/room_14/image_01_1.jpg', 128174, 'image/jpeg', 'jpg', true, 'ROOM', 34, 'READY', NOW(), NOW(), 0);
INSERT INTO central_media_files (id, owner_id, category, original_name, file_name, file_path, file_url, file_size, mime_type, extension, is_primary, reference_type, reference_id, status, created_at, updated_at, version) VALUES (223, 2, 'ROOM_IMAGE', 'image_02 (1).jpg', 'image_02_1.jpg', 'uploads/rooms/images/room_14/image_02_1.jpg', '/rooms/images/room_14/image_02_1.jpg', 124991, 'image/jpeg', 'jpg', false, 'ROOM', 34, 'READY', NOW(), NOW(), 0);
INSERT INTO central_media_files (id, owner_id, category, original_name, file_name, file_path, file_url, file_size, mime_type, extension, is_primary, reference_type, reference_id, status, created_at, updated_at, version) VALUES (224, 2, 'ROOM_IMAGE', 'image_03 (1).jpg', 'image_03_1.jpg', 'uploads/rooms/images/room_14/image_03_1.jpg', '/rooms/images/room_14/image_03_1.jpg', 146272, 'image/jpeg', 'jpg', false, 'ROOM', 34, 'READY', NOW(), NOW(), 0);
INSERT INTO central_media_files (id, owner_id, category, original_name, file_name, file_path, file_url, file_size, mime_type, extension, is_primary, reference_type, reference_id, status, created_at, updated_at, version) VALUES (225, 2, 'ROOM_IMAGE', 'image_04.jpg', 'image_04.jpg', 'uploads/rooms/images/room_14/image_04.jpg', '/rooms/images/room_14/image_04.jpg', 134508, 'image/jpeg', 'jpg', false, 'ROOM', 34, 'READY', NOW(), NOW(), 0);
INSERT INTO central_media_files (id, owner_id, category, original_name, file_name, file_path, file_url, file_size, mime_type, extension, is_primary, reference_type, reference_id, status, created_at, updated_at, version) VALUES (226, 2, 'ROOM_IMAGE', 'image_05.jpg', 'image_05.jpg', 'uploads/rooms/images/room_14/image_05.jpg', '/rooms/images/room_14/image_05.jpg', 135129, 'image/jpeg', 'jpg', false, 'ROOM', 34, 'READY', NOW(), NOW(), 0);
INSERT INTO central_media_files (id, owner_id, category, original_name, file_name, file_path, file_url, file_size, mime_type, extension, is_primary, reference_type, reference_id, status, created_at, updated_at, version) VALUES (227, 2, 'ROOM_IMAGE', 'image_06.jpg', 'image_06.jpg', 'uploads/rooms/images/room_14/image_06.jpg', '/rooms/images/room_14/image_06.jpg', 127944, 'image/jpeg', 'jpg', false, 'ROOM', 34, 'READY', NOW(), NOW(), 0);
INSERT INTO central_media_files (id, owner_id, category, original_name, file_name, file_path, file_url, file_size, mime_type, extension, is_primary, reference_type, reference_id, status, created_at, updated_at, version) VALUES (228, 2, 'POST_VIDEO', 'video_01 (1).mp4', 'video_01_1.mp4', 'uploads/posts/videos/room_14/video_01_1.mp4', '/posts/videos/room_14/video_01_1.mp4', 2358171, 'video/mp4', 'mp4', true, 'POST', 34, 'READY', NOW(), NOW(), 0);
INSERT INTO central_media_files (id, owner_id, category, original_name, file_name, file_path, file_url, file_size, mime_type, extension, is_primary, reference_type, reference_id, status, created_at, updated_at, version) VALUES (229, 3, 'ROOM_THUMBNAIL', 'image_01 (1).jpg', 'image_01_1.jpg', 'uploads/rooms/images/room_15/image_01_1.jpg', '/rooms/images/room_15/image_01_1.jpg', 136039, 'image/jpeg', 'jpg', true, 'ROOM', 35, 'READY', NOW(), NOW(), 0);
INSERT INTO central_media_files (id, owner_id, category, original_name, file_name, file_path, file_url, file_size, mime_type, extension, is_primary, reference_type, reference_id, status, created_at, updated_at, version) VALUES (230, 3, 'ROOM_IMAGE', 'image_02 (1).jpg', 'image_02_1.jpg', 'uploads/rooms/images/room_15/image_02_1.jpg', '/rooms/images/room_15/image_02_1.jpg', 141451, 'image/jpeg', 'jpg', false, 'ROOM', 35, 'READY', NOW(), NOW(), 0);
INSERT INTO central_media_files (id, owner_id, category, original_name, file_name, file_path, file_url, file_size, mime_type, extension, is_primary, reference_type, reference_id, status, created_at, updated_at, version) VALUES (231, 3, 'ROOM_IMAGE', 'image_03 (1).jpg', 'image_03_1.jpg', 'uploads/rooms/images/room_15/image_03_1.jpg', '/rooms/images/room_15/image_03_1.jpg', 101535, 'image/jpeg', 'jpg', false, 'ROOM', 35, 'READY', NOW(), NOW(), 0);
INSERT INTO central_media_files (id, owner_id, category, original_name, file_name, file_path, file_url, file_size, mime_type, extension, is_primary, reference_type, reference_id, status, created_at, updated_at, version) VALUES (232, 3, 'ROOM_IMAGE', 'image_04 (1).jpg', 'image_04_1.jpg', 'uploads/rooms/images/room_15/image_04_1.jpg', '/rooms/images/room_15/image_04_1.jpg', 136555, 'image/jpeg', 'jpg', false, 'ROOM', 35, 'READY', NOW(), NOW(), 0);
INSERT INTO central_media_files (id, owner_id, category, original_name, file_name, file_path, file_url, file_size, mime_type, extension, is_primary, reference_type, reference_id, status, created_at, updated_at, version) VALUES (233, 3, 'ROOM_IMAGE', 'image_05.jpg', 'image_05.jpg', 'uploads/rooms/images/room_15/image_05.jpg', '/rooms/images/room_15/image_05.jpg', 94194, 'image/jpeg', 'jpg', false, 'ROOM', 35, 'READY', NOW(), NOW(), 0);
INSERT INTO central_media_files (id, owner_id, category, original_name, file_name, file_path, file_url, file_size, mime_type, extension, is_primary, reference_type, reference_id, status, created_at, updated_at, version) VALUES (234, 3, 'ROOM_IMAGE', 'image_06.jpg', 'image_06.jpg', 'uploads/rooms/images/room_15/image_06.jpg', '/rooms/images/room_15/image_06.jpg', 94194, 'image/jpeg', 'jpg', false, 'ROOM', 35, 'READY', NOW(), NOW(), 0);
INSERT INTO central_media_files (id, owner_id, category, original_name, file_name, file_path, file_url, file_size, mime_type, extension, is_primary, reference_type, reference_id, status, created_at, updated_at, version) VALUES (235, 3, 'ROOM_IMAGE', 'image_07.jpg', 'image_07.jpg', 'uploads/rooms/images/room_15/image_07.jpg', '/rooms/images/room_15/image_07.jpg', 126368, 'image/jpeg', 'jpg', false, 'ROOM', 35, 'READY', NOW(), NOW(), 0);
INSERT INTO central_media_files (id, owner_id, category, original_name, file_name, file_path, file_url, file_size, mime_type, extension, is_primary, reference_type, reference_id, status, created_at, updated_at, version) VALUES (236, 3, 'ROOM_IMAGE', 'image_08.jpg', 'image_08.jpg', 'uploads/rooms/images/room_15/image_08.jpg', '/rooms/images/room_15/image_08.jpg', 132278, 'image/jpeg', 'jpg', false, 'ROOM', 35, 'READY', NOW(), NOW(), 0);
INSERT INTO central_media_files (id, owner_id, category, original_name, file_name, file_path, file_url, file_size, mime_type, extension, is_primary, reference_type, reference_id, status, created_at, updated_at, version) VALUES (237, 3, 'ROOM_IMAGE', 'image_09.jpg', 'image_09.jpg', 'uploads/rooms/images/room_15/image_09.jpg', '/rooms/images/room_15/image_09.jpg', 112350, 'image/jpeg', 'jpg', false, 'ROOM', 35, 'READY', NOW(), NOW(), 0);
INSERT INTO central_media_files (id, owner_id, category, original_name, file_name, file_path, file_url, file_size, mime_type, extension, is_primary, reference_type, reference_id, status, created_at, updated_at, version) VALUES (238, 3, 'POST_VIDEO', 'video_01 (1).mp4', 'video_01_1.mp4', 'uploads/posts/videos/room_15/video_01_1.mp4', '/posts/videos/room_15/video_01_1.mp4', 6750909, 'video/mp4', 'mp4', true, 'POST', 35, 'READY', NOW(), NOW(), 0);
INSERT INTO central_media_files (id, owner_id, category, original_name, file_name, file_path, file_url, file_size, mime_type, extension, is_primary, reference_type, reference_id, status, created_at, updated_at, version) VALUES (239, 4, 'ROOM_THUMBNAIL', 'image_01 (1).jpg', 'image_01_1.jpg', 'uploads/rooms/images/room_16/image_01_1.jpg', '/rooms/images/room_16/image_01_1.jpg', 78821, 'image/jpeg', 'jpg', true, 'ROOM', 36, 'READY', NOW(), NOW(), 0);
INSERT INTO central_media_files (id, owner_id, category, original_name, file_name, file_path, file_url, file_size, mime_type, extension, is_primary, reference_type, reference_id, status, created_at, updated_at, version) VALUES (240, 4, 'ROOM_IMAGE', 'image_02 (1).jpg', 'image_02_1.jpg', 'uploads/rooms/images/room_16/image_02_1.jpg', '/rooms/images/room_16/image_02_1.jpg', 143555, 'image/jpeg', 'jpg', false, 'ROOM', 36, 'READY', NOW(), NOW(), 0);
INSERT INTO central_media_files (id, owner_id, category, original_name, file_name, file_path, file_url, file_size, mime_type, extension, is_primary, reference_type, reference_id, status, created_at, updated_at, version) VALUES (241, 4, 'ROOM_IMAGE', 'image_03 (1).jpg', 'image_03_1.jpg', 'uploads/rooms/images/room_16/image_03_1.jpg', '/rooms/images/room_16/image_03_1.jpg', 99332, 'image/jpeg', 'jpg', false, 'ROOM', 36, 'READY', NOW(), NOW(), 0);
INSERT INTO central_media_files (id, owner_id, category, original_name, file_name, file_path, file_url, file_size, mime_type, extension, is_primary, reference_type, reference_id, status, created_at, updated_at, version) VALUES (242, 4, 'ROOM_IMAGE', 'image_04 (1).jpg', 'image_04_1.jpg', 'uploads/rooms/images/room_16/image_04_1.jpg', '/rooms/images/room_16/image_04_1.jpg', 143101, 'image/jpeg', 'jpg', false, 'ROOM', 36, 'READY', NOW(), NOW(), 0);
INSERT INTO central_media_files (id, owner_id, category, original_name, file_name, file_path, file_url, file_size, mime_type, extension, is_primary, reference_type, reference_id, status, created_at, updated_at, version) VALUES (243, 4, 'ROOM_IMAGE', 'image_05.jpg', 'image_05.jpg', 'uploads/rooms/images/room_16/image_05.jpg', '/rooms/images/room_16/image_05.jpg', 94480, 'image/jpeg', 'jpg', false, 'ROOM', 36, 'READY', NOW(), NOW(), 0);
INSERT INTO central_media_files (id, owner_id, category, original_name, file_name, file_path, file_url, file_size, mime_type, extension, is_primary, reference_type, reference_id, status, created_at, updated_at, version) VALUES (244, 4, 'ROOM_IMAGE', 'image_06.jpg', 'image_06.jpg', 'uploads/rooms/images/room_16/image_06.jpg', '/rooms/images/room_16/image_06.jpg', 66059, 'image/jpeg', 'jpg', false, 'ROOM', 36, 'READY', NOW(), NOW(), 0);
INSERT INTO central_media_files (id, owner_id, category, original_name, file_name, file_path, file_url, file_size, mime_type, extension, is_primary, reference_type, reference_id, status, created_at, updated_at, version) VALUES (245, 4, 'ROOM_IMAGE', 'image_07.jpg', 'image_07.jpg', 'uploads/rooms/images/room_16/image_07.jpg', '/rooms/images/room_16/image_07.jpg', 47350, 'image/jpeg', 'jpg', false, 'ROOM', 36, 'READY', NOW(), NOW(), 0);
INSERT INTO central_media_files (id, owner_id, category, original_name, file_name, file_path, file_url, file_size, mime_type, extension, is_primary, reference_type, reference_id, status, created_at, updated_at, version) VALUES (246, 4, 'POST_VIDEO', 'video_01 (1).mp4', 'video_01_1.mp4', 'uploads/posts/videos/room_16/video_01_1.mp4', '/posts/videos/room_16/video_01_1.mp4', 1782787, 'video/mp4', 'mp4', true, 'POST', 36, 'READY', NOW(), NOW(), 0);
INSERT INTO central_media_files (id, owner_id, category, original_name, file_name, file_path, file_url, file_size, mime_type, extension, is_primary, reference_type, reference_id, status, created_at, updated_at, version) VALUES (247, 2, 'ROOM_THUMBNAIL', 'image_01 (1).jpg', 'image_01_1.jpg', 'uploads/rooms/images/room_17/image_01_1.jpg', '/rooms/images/room_17/image_01_1.jpg', 118679, 'image/jpeg', 'jpg', true, 'ROOM', 37, 'READY', NOW(), NOW(), 0);
INSERT INTO central_media_files (id, owner_id, category, original_name, file_name, file_path, file_url, file_size, mime_type, extension, is_primary, reference_type, reference_id, status, created_at, updated_at, version) VALUES (248, 2, 'ROOM_IMAGE', 'image_02 (1).jpg', 'image_02_1.jpg', 'uploads/rooms/images/room_17/image_02_1.jpg', '/rooms/images/room_17/image_02_1.jpg', 61433, 'image/jpeg', 'jpg', false, 'ROOM', 37, 'READY', NOW(), NOW(), 0);
INSERT INTO central_media_files (id, owner_id, category, original_name, file_name, file_path, file_url, file_size, mime_type, extension, is_primary, reference_type, reference_id, status, created_at, updated_at, version) VALUES (249, 2, 'ROOM_IMAGE', 'image_03 (1).jpg', 'image_03_1.jpg', 'uploads/rooms/images/room_17/image_03_1.jpg', '/rooms/images/room_17/image_03_1.jpg', 64298, 'image/jpeg', 'jpg', false, 'ROOM', 37, 'READY', NOW(), NOW(), 0);
INSERT INTO central_media_files (id, owner_id, category, original_name, file_name, file_path, file_url, file_size, mime_type, extension, is_primary, reference_type, reference_id, status, created_at, updated_at, version) VALUES (250, 2, 'ROOM_IMAGE', 'image_04 (1).jpg', 'image_04_1.jpg', 'uploads/rooms/images/room_17/image_04_1.jpg', '/rooms/images/room_17/image_04_1.jpg', 62153, 'image/jpeg', 'jpg', false, 'ROOM', 37, 'READY', NOW(), NOW(), 0);
INSERT INTO central_media_files (id, owner_id, category, original_name, file_name, file_path, file_url, file_size, mime_type, extension, is_primary, reference_type, reference_id, status, created_at, updated_at, version) VALUES (251, 2, 'ROOM_IMAGE', 'image_05.jpg', 'image_05.jpg', 'uploads/rooms/images/room_17/image_05.jpg', '/rooms/images/room_17/image_05.jpg', 61994, 'image/jpeg', 'jpg', false, 'ROOM', 37, 'READY', NOW(), NOW(), 0);
INSERT INTO central_media_files (id, owner_id, category, original_name, file_name, file_path, file_url, file_size, mime_type, extension, is_primary, reference_type, reference_id, status, created_at, updated_at, version) VALUES (252, 2, 'POST_VIDEO', 'video_01 (1).mp4', 'video_01_1.mp4', 'uploads/posts/videos/room_17/video_01_1.mp4', '/posts/videos/room_17/video_01_1.mp4', 6668684, 'video/mp4', 'mp4', true, 'POST', 37, 'READY', NOW(), NOW(), 0);
INSERT INTO central_media_files (id, owner_id, category, original_name, file_name, file_path, file_url, file_size, mime_type, extension, is_primary, reference_type, reference_id, status, created_at, updated_at, version) VALUES (253, 3, 'ROOM_THUMBNAIL', 'image_01 (1).jpg', 'image_01_1.jpg', 'uploads/rooms/images/room_18/image_01_1.jpg', '/rooms/images/room_18/image_01_1.jpg', 143072, 'image/jpeg', 'jpg', true, 'ROOM', 38, 'READY', NOW(), NOW(), 0);
INSERT INTO central_media_files (id, owner_id, category, original_name, file_name, file_path, file_url, file_size, mime_type, extension, is_primary, reference_type, reference_id, status, created_at, updated_at, version) VALUES (254, 3, 'ROOM_IMAGE', 'image_02 (1).jpg', 'image_02_1.jpg', 'uploads/rooms/images/room_18/image_02_1.jpg', '/rooms/images/room_18/image_02_1.jpg', 125799, 'image/jpeg', 'jpg', false, 'ROOM', 38, 'READY', NOW(), NOW(), 0);
INSERT INTO central_media_files (id, owner_id, category, original_name, file_name, file_path, file_url, file_size, mime_type, extension, is_primary, reference_type, reference_id, status, created_at, updated_at, version) VALUES (255, 3, 'ROOM_IMAGE', 'image_03 (1).jpg', 'image_03_1.jpg', 'uploads/rooms/images/room_18/image_03_1.jpg', '/rooms/images/room_18/image_03_1.jpg', 120614, 'image/jpeg', 'jpg', false, 'ROOM', 38, 'READY', NOW(), NOW(), 0);
INSERT INTO central_media_files (id, owner_id, category, original_name, file_name, file_path, file_url, file_size, mime_type, extension, is_primary, reference_type, reference_id, status, created_at, updated_at, version) VALUES (256, 3, 'ROOM_IMAGE', 'image_04 (1).jpg', 'image_04_1.jpg', 'uploads/rooms/images/room_18/image_04_1.jpg', '/rooms/images/room_18/image_04_1.jpg', 217069, 'image/jpeg', 'jpg', false, 'ROOM', 38, 'READY', NOW(), NOW(), 0);
INSERT INTO central_media_files (id, owner_id, category, original_name, file_name, file_path, file_url, file_size, mime_type, extension, is_primary, reference_type, reference_id, status, created_at, updated_at, version) VALUES (257, 3, 'ROOM_IMAGE', 'image_05.jpg', 'image_05.jpg', 'uploads/rooms/images/room_18/image_05.jpg', '/rooms/images/room_18/image_05.jpg', 219469, 'image/jpeg', 'jpg', false, 'ROOM', 38, 'READY', NOW(), NOW(), 0);
INSERT INTO central_media_files (id, owner_id, category, original_name, file_name, file_path, file_url, file_size, mime_type, extension, is_primary, reference_type, reference_id, status, created_at, updated_at, version) VALUES (258, 3, 'POST_VIDEO', 'video_01 (1).mp4', 'video_01_1.mp4', 'uploads/posts/videos/room_18/video_01_1.mp4', '/posts/videos/room_18/video_01_1.mp4', 4968559, 'video/mp4', 'mp4', true, 'POST', 38, 'READY', NOW(), NOW(), 0);
INSERT INTO central_media_files (id, owner_id, category, original_name, file_name, file_path, file_url, file_size, mime_type, extension, is_primary, reference_type, reference_id, status, created_at, updated_at, version) VALUES (259, 4, 'ROOM_THUMBNAIL', 'image_01.jpg', 'image_01.jpg', 'uploads/rooms/images/room_19/image_01.jpg', '/rooms/images/room_19/image_01.jpg', 70075, 'image/jpeg', 'jpg', true, 'ROOM', 39, 'READY', NOW(), NOW(), 0);
INSERT INTO central_media_files (id, owner_id, category, original_name, file_name, file_path, file_url, file_size, mime_type, extension, is_primary, reference_type, reference_id, status, created_at, updated_at, version) VALUES (260, 4, 'ROOM_IMAGE', 'image_02.jpg', 'image_02.jpg', 'uploads/rooms/images/room_19/image_02.jpg', '/rooms/images/room_19/image_02.jpg', 70288, 'image/jpeg', 'jpg', false, 'ROOM', 39, 'READY', NOW(), NOW(), 0);
INSERT INTO central_media_files (id, owner_id, category, original_name, file_name, file_path, file_url, file_size, mime_type, extension, is_primary, reference_type, reference_id, status, created_at, updated_at, version) VALUES (261, 4, 'ROOM_IMAGE', 'image_03.jpg', 'image_03.jpg', 'uploads/rooms/images/room_19/image_03.jpg', '/rooms/images/room_19/image_03.jpg', 67789, 'image/jpeg', 'jpg', false, 'ROOM', 39, 'READY', NOW(), NOW(), 0);
INSERT INTO central_media_files (id, owner_id, category, original_name, file_name, file_path, file_url, file_size, mime_type, extension, is_primary, reference_type, reference_id, status, created_at, updated_at, version) VALUES (262, 4, 'ROOM_IMAGE', 'image_04.jpg', 'image_04.jpg', 'uploads/rooms/images/room_19/image_04.jpg', '/rooms/images/room_19/image_04.jpg', 99593, 'image/jpeg', 'jpg', false, 'ROOM', 39, 'READY', NOW(), NOW(), 0);
INSERT INTO central_media_files (id, owner_id, category, original_name, file_name, file_path, file_url, file_size, mime_type, extension, is_primary, reference_type, reference_id, status, created_at, updated_at, version) VALUES (263, 4, 'ROOM_IMAGE', 'image_05.jpg', 'image_05.jpg', 'uploads/rooms/images/room_19/image_05.jpg', '/rooms/images/room_19/image_05.jpg', 109684, 'image/jpeg', 'jpg', false, 'ROOM', 39, 'READY', NOW(), NOW(), 0);
INSERT INTO central_media_files (id, owner_id, category, original_name, file_name, file_path, file_url, file_size, mime_type, extension, is_primary, reference_type, reference_id, status, created_at, updated_at, version) VALUES (264, 4, 'ROOM_IMAGE', 'image_06.jpg', 'image_06.jpg', 'uploads/rooms/images/room_19/image_06.jpg', '/rooms/images/room_19/image_06.jpg', 115547, 'image/jpeg', 'jpg', false, 'ROOM', 39, 'READY', NOW(), NOW(), 0);
INSERT INTO central_media_files (id, owner_id, category, original_name, file_name, file_path, file_url, file_size, mime_type, extension, is_primary, reference_type, reference_id, status, created_at, updated_at, version) VALUES (265, 4, 'ROOM_IMAGE', 'image_07.jpg', 'image_07.jpg', 'uploads/rooms/images/room_19/image_07.jpg', '/rooms/images/room_19/image_07.jpg', 87359, 'image/jpeg', 'jpg', false, 'ROOM', 39, 'READY', NOW(), NOW(), 0);
INSERT INTO central_media_files (id, owner_id, category, original_name, file_name, file_path, file_url, file_size, mime_type, extension, is_primary, reference_type, reference_id, status, created_at, updated_at, version) VALUES (266, 4, 'ROOM_IMAGE', 'image_08.jpg', 'image_08.jpg', 'uploads/rooms/images/room_19/image_08.jpg', '/rooms/images/room_19/image_08.jpg', 98105, 'image/jpeg', 'jpg', false, 'ROOM', 39, 'READY', NOW(), NOW(), 0);
INSERT INTO central_media_files (id, owner_id, category, original_name, file_name, file_path, file_url, file_size, mime_type, extension, is_primary, reference_type, reference_id, status, created_at, updated_at, version) VALUES (267, 4, 'POST_VIDEO', 'video_01 (1).mp4', 'video_01_1.mp4', 'uploads/posts/videos/room_19/video_01_1.mp4', '/posts/videos/room_19/video_01_1.mp4', 5161275, 'video/mp4', 'mp4', true, 'POST', 39, 'READY', NOW(), NOW(), 0);
INSERT INTO central_media_files (id, owner_id, category, original_name, file_name, file_path, file_url, file_size, mime_type, extension, is_primary, reference_type, reference_id, status, created_at, updated_at, version) VALUES (268, 2, 'ROOM_THUMBNAIL', 'image_01 (1).jpg', 'image_01_1.jpg', 'uploads/rooms/images/room_20/image_01_1.jpg', '/rooms/images/room_20/image_01_1.jpg', 125942, 'image/jpeg', 'jpg', true, 'ROOM', 40, 'READY', NOW(), NOW(), 0);
INSERT INTO central_media_files (id, owner_id, category, original_name, file_name, file_path, file_url, file_size, mime_type, extension, is_primary, reference_type, reference_id, status, created_at, updated_at, version) VALUES (269, 2, 'ROOM_IMAGE', 'image_02 (1).jpg', 'image_02_1.jpg', 'uploads/rooms/images/room_20/image_02_1.jpg', '/rooms/images/room_20/image_02_1.jpg', 147789, 'image/jpeg', 'jpg', false, 'ROOM', 40, 'READY', NOW(), NOW(), 0);
INSERT INTO central_media_files (id, owner_id, category, original_name, file_name, file_path, file_url, file_size, mime_type, extension, is_primary, reference_type, reference_id, status, created_at, updated_at, version) VALUES (270, 2, 'ROOM_IMAGE', 'image_03 (1).jpg', 'image_03_1.jpg', 'uploads/rooms/images/room_20/image_03_1.jpg', '/rooms/images/room_20/image_03_1.jpg', 135482, 'image/jpeg', 'jpg', false, 'ROOM', 40, 'READY', NOW(), NOW(), 0);
INSERT INTO central_media_files (id, owner_id, category, original_name, file_name, file_path, file_url, file_size, mime_type, extension, is_primary, reference_type, reference_id, status, created_at, updated_at, version) VALUES (271, 2, 'ROOM_IMAGE', 'image_04 (1).jpg', 'image_04_1.jpg', 'uploads/rooms/images/room_20/image_04_1.jpg', '/rooms/images/room_20/image_04_1.jpg', 151307, 'image/jpeg', 'jpg', false, 'ROOM', 40, 'READY', NOW(), NOW(), 0);
INSERT INTO central_media_files (id, owner_id, category, original_name, file_name, file_path, file_url, file_size, mime_type, extension, is_primary, reference_type, reference_id, status, created_at, updated_at, version) VALUES (272, 2, 'ROOM_IMAGE', 'image_05.jpg', 'image_05.jpg', 'uploads/rooms/images/room_20/image_05.jpg', '/rooms/images/room_20/image_05.jpg', 154821, 'image/jpeg', 'jpg', false, 'ROOM', 40, 'READY', NOW(), NOW(), 0);
INSERT INTO central_media_files (id, owner_id, category, original_name, file_name, file_path, file_url, file_size, mime_type, extension, is_primary, reference_type, reference_id, status, created_at, updated_at, version) VALUES (273, 2, 'ROOM_IMAGE', 'image_06.jpg', 'image_06.jpg', 'uploads/rooms/images/room_20/image_06.jpg', '/rooms/images/room_20/image_06.jpg', 131843, 'image/jpeg', 'jpg', false, 'ROOM', 40, 'READY', NOW(), NOW(), 0);
INSERT INTO central_media_files (id, owner_id, category, original_name, file_name, file_path, file_url, file_size, mime_type, extension, is_primary, reference_type, reference_id, status, created_at, updated_at, version) VALUES (274, 2, 'POST_VIDEO', 'video_01 (1).mp4', 'video_01_1.mp4', 'uploads/posts/videos/room_20/video_01_1.mp4', '/posts/videos/room_20/video_01_1.mp4', 7079930, 'video/mp4', 'mp4', true, 'POST', 40, 'READY', NOW(), NOW(), 0);
INSERT INTO central_media_files (id, owner_id, category, original_name, file_name, file_path, file_url, file_size, mime_type, extension, is_primary, reference_type, reference_id, status, created_at, updated_at, version) VALUES (275, 3, 'ROOM_THUMBNAIL', 'image_01.jpg', 'image_01.jpg', 'uploads/rooms/images/room_21/image_01.jpg', '/rooms/images/room_21/image_01.jpg', 116091, 'image/jpeg', 'jpg', true, 'ROOM', 41, 'READY', NOW(), NOW(), 0);
INSERT INTO central_media_files (id, owner_id, category, original_name, file_name, file_path, file_url, file_size, mime_type, extension, is_primary, reference_type, reference_id, status, created_at, updated_at, version) VALUES (276, 3, 'ROOM_IMAGE', 'image_02.jpg', 'image_02.jpg', 'uploads/rooms/images/room_21/image_02.jpg', '/rooms/images/room_21/image_02.jpg', 120799, 'image/jpeg', 'jpg', false, 'ROOM', 41, 'READY', NOW(), NOW(), 0);
INSERT INTO central_media_files (id, owner_id, category, original_name, file_name, file_path, file_url, file_size, mime_type, extension, is_primary, reference_type, reference_id, status, created_at, updated_at, version) VALUES (277, 3, 'ROOM_IMAGE', 'image_03.jpg', 'image_03.jpg', 'uploads/rooms/images/room_21/image_03.jpg', '/rooms/images/room_21/image_03.jpg', 135522, 'image/jpeg', 'jpg', false, 'ROOM', 41, 'READY', NOW(), NOW(), 0);
INSERT INTO central_media_files (id, owner_id, category, original_name, file_name, file_path, file_url, file_size, mime_type, extension, is_primary, reference_type, reference_id, status, created_at, updated_at, version) VALUES (278, 3, 'ROOM_IMAGE', 'image_04.jpg', 'image_04.jpg', 'uploads/rooms/images/room_21/image_04.jpg', '/rooms/images/room_21/image_04.jpg', 119468, 'image/jpeg', 'jpg', false, 'ROOM', 41, 'READY', NOW(), NOW(), 0);
INSERT INTO central_media_files (id, owner_id, category, original_name, file_name, file_path, file_url, file_size, mime_type, extension, is_primary, reference_type, reference_id, status, created_at, updated_at, version) VALUES (279, 3, 'ROOM_IMAGE', 'image_05.jpg', 'image_05.jpg', 'uploads/rooms/images/room_21/image_05.jpg', '/rooms/images/room_21/image_05.jpg', 115727, 'image/jpeg', 'jpg', false, 'ROOM', 41, 'READY', NOW(), NOW(), 0);
INSERT INTO central_media_files (id, owner_id, category, original_name, file_name, file_path, file_url, file_size, mime_type, extension, is_primary, reference_type, reference_id, status, created_at, updated_at, version) VALUES (280, 3, 'ROOM_IMAGE', 'image_06.jpg', 'image_06.jpg', 'uploads/rooms/images/room_21/image_06.jpg', '/rooms/images/room_21/image_06.jpg', 111356, 'image/jpeg', 'jpg', false, 'ROOM', 41, 'READY', NOW(), NOW(), 0);
INSERT INTO central_media_files (id, owner_id, category, original_name, file_name, file_path, file_url, file_size, mime_type, extension, is_primary, reference_type, reference_id, status, created_at, updated_at, version) VALUES (281, 3, 'ROOM_IMAGE', 'image_07.jpg', 'image_07.jpg', 'uploads/rooms/images/room_21/image_07.jpg', '/rooms/images/room_21/image_07.jpg', 134630, 'image/jpeg', 'jpg', false, 'ROOM', 41, 'READY', NOW(), NOW(), 0);
INSERT INTO central_media_files (id, owner_id, category, original_name, file_name, file_path, file_url, file_size, mime_type, extension, is_primary, reference_type, reference_id, status, created_at, updated_at, version) VALUES (282, 3, 'ROOM_IMAGE', 'image_08.jpg', 'image_08.jpg', 'uploads/rooms/images/room_21/image_08.jpg', '/rooms/images/room_21/image_08.jpg', 133741, 'image/jpeg', 'jpg', false, 'ROOM', 41, 'READY', NOW(), NOW(), 0);
INSERT INTO central_media_files (id, owner_id, category, original_name, file_name, file_path, file_url, file_size, mime_type, extension, is_primary, reference_type, reference_id, status, created_at, updated_at, version) VALUES (283, 3, 'POST_VIDEO', 'video_01 (1).mp4', 'video_01_1.mp4', 'uploads/posts/videos/room_21/video_01_1.mp4', '/posts/videos/room_21/video_01_1.mp4', 11865173, 'video/mp4', 'mp4', true, 'POST', 41, 'READY', NOW(), NOW(), 0);
INSERT INTO central_media_files (id, owner_id, category, original_name, file_name, file_path, file_url, file_size, mime_type, extension, is_primary, reference_type, reference_id, status, created_at, updated_at, version) VALUES (284, 4, 'ROOM_THUMBNAIL', 'image_01 (1).jpg', 'image_01_1.jpg', 'uploads/rooms/images/room_22/image_01_1.jpg', '/rooms/images/room_22/image_01_1.jpg', 82963, 'image/jpeg', 'jpg', true, 'ROOM', 42, 'READY', NOW(), NOW(), 0);
INSERT INTO central_media_files (id, owner_id, category, original_name, file_name, file_path, file_url, file_size, mime_type, extension, is_primary, reference_type, reference_id, status, created_at, updated_at, version) VALUES (285, 4, 'ROOM_IMAGE', 'image_02 (1).jpg', 'image_02_1.jpg', 'uploads/rooms/images/room_22/image_02_1.jpg', '/rooms/images/room_22/image_02_1.jpg', 69370, 'image/jpeg', 'jpg', false, 'ROOM', 42, 'READY', NOW(), NOW(), 0);
INSERT INTO central_media_files (id, owner_id, category, original_name, file_name, file_path, file_url, file_size, mime_type, extension, is_primary, reference_type, reference_id, status, created_at, updated_at, version) VALUES (286, 4, 'ROOM_IMAGE', 'image_03 (1).jpg', 'image_03_1.jpg', 'uploads/rooms/images/room_22/image_03_1.jpg', '/rooms/images/room_22/image_03_1.jpg', 161734, 'image/jpeg', 'jpg', false, 'ROOM', 42, 'READY', NOW(), NOW(), 0);
INSERT INTO central_media_files (id, owner_id, category, original_name, file_name, file_path, file_url, file_size, mime_type, extension, is_primary, reference_type, reference_id, status, created_at, updated_at, version) VALUES (287, 4, 'ROOM_IMAGE', 'image_04.jpg', 'image_04.jpg', 'uploads/rooms/images/room_22/image_04.jpg', '/rooms/images/room_22/image_04.jpg', 104515, 'image/jpeg', 'jpg', false, 'ROOM', 42, 'READY', NOW(), NOW(), 0);
INSERT INTO central_media_files (id, owner_id, category, original_name, file_name, file_path, file_url, file_size, mime_type, extension, is_primary, reference_type, reference_id, status, created_at, updated_at, version) VALUES (288, 4, 'POST_VIDEO', 'video_01 (1).mp4', 'video_01_1.mp4', 'uploads/posts/videos/room_22/video_01_1.mp4', '/posts/videos/room_22/video_01_1.mp4', 7749017, 'video/mp4', 'mp4', true, 'POST', 42, 'READY', NOW(), NOW(), 0);
INSERT INTO central_media_files (id, owner_id, category, original_name, file_name, file_path, file_url, file_size, mime_type, extension, is_primary, reference_type, reference_id, status, created_at, updated_at, version) VALUES (289, 2, 'ROOM_THUMBNAIL', 'image_01 (1).jpg', 'image_01_1.jpg', 'uploads/rooms/images/room_23/image_01_1.jpg', '/rooms/images/room_23/image_01_1.jpg', 90663, 'image/jpeg', 'jpg', true, 'ROOM', 43, 'READY', NOW(), NOW(), 0);
INSERT INTO central_media_files (id, owner_id, category, original_name, file_name, file_path, file_url, file_size, mime_type, extension, is_primary, reference_type, reference_id, status, created_at, updated_at, version) VALUES (290, 2, 'ROOM_IMAGE', 'image_02 (1).jpg', 'image_02_1.jpg', 'uploads/rooms/images/room_23/image_02_1.jpg', '/rooms/images/room_23/image_02_1.jpg', 89763, 'image/jpeg', 'jpg', false, 'ROOM', 43, 'READY', NOW(), NOW(), 0);
INSERT INTO central_media_files (id, owner_id, category, original_name, file_name, file_path, file_url, file_size, mime_type, extension, is_primary, reference_type, reference_id, status, created_at, updated_at, version) VALUES (291, 2, 'ROOM_IMAGE', 'image_03 (1).jpg', 'image_03_1.jpg', 'uploads/rooms/images/room_23/image_03_1.jpg', '/rooms/images/room_23/image_03_1.jpg', 61146, 'image/jpeg', 'jpg', false, 'ROOM', 43, 'READY', NOW(), NOW(), 0);
INSERT INTO central_media_files (id, owner_id, category, original_name, file_name, file_path, file_url, file_size, mime_type, extension, is_primary, reference_type, reference_id, status, created_at, updated_at, version) VALUES (292, 2, 'ROOM_IMAGE', 'image_04 (1).jpg', 'image_04_1.jpg', 'uploads/rooms/images/room_23/image_04_1.jpg', '/rooms/images/room_23/image_04_1.jpg', 56954, 'image/jpeg', 'jpg', false, 'ROOM', 43, 'READY', NOW(), NOW(), 0);
INSERT INTO central_media_files (id, owner_id, category, original_name, file_name, file_path, file_url, file_size, mime_type, extension, is_primary, reference_type, reference_id, status, created_at, updated_at, version) VALUES (293, 2, 'ROOM_IMAGE', 'image_05.jpg', 'image_05.jpg', 'uploads/rooms/images/room_23/image_05.jpg', '/rooms/images/room_23/image_05.jpg', 144684, 'image/jpeg', 'jpg', false, 'ROOM', 43, 'READY', NOW(), NOW(), 0);
INSERT INTO central_media_files (id, owner_id, category, original_name, file_name, file_path, file_url, file_size, mime_type, extension, is_primary, reference_type, reference_id, status, created_at, updated_at, version) VALUES (294, 2, 'POST_VIDEO', 'video_01 (1).mp4', 'video_01_1.mp4', 'uploads/posts/videos/room_23/video_01_1.mp4', '/posts/videos/room_23/video_01_1.mp4', 10689435, 'video/mp4', 'mp4', true, 'POST', 43, 'READY', NOW(), NOW(), 0);
INSERT INTO central_media_files (id, owner_id, category, original_name, file_name, file_path, file_url, file_size, mime_type, extension, is_primary, reference_type, reference_id, status, created_at, updated_at, version) VALUES (295, 3, 'ROOM_THUMBNAIL', 'image_01.jpg', 'image_01.jpg', 'uploads/rooms/images/room_24/image_01.jpg', '/rooms/images/room_24/image_01.jpg', 44877, 'image/jpeg', 'jpg', true, 'ROOM', 44, 'READY', NOW(), NOW(), 0);
INSERT INTO central_media_files (id, owner_id, category, original_name, file_name, file_path, file_url, file_size, mime_type, extension, is_primary, reference_type, reference_id, status, created_at, updated_at, version) VALUES (296, 3, 'ROOM_IMAGE', 'image_02.jpg', 'image_02.jpg', 'uploads/rooms/images/room_24/image_02.jpg', '/rooms/images/room_24/image_02.jpg', 52885, 'image/jpeg', 'jpg', false, 'ROOM', 44, 'READY', NOW(), NOW(), 0);
INSERT INTO central_media_files (id, owner_id, category, original_name, file_name, file_path, file_url, file_size, mime_type, extension, is_primary, reference_type, reference_id, status, created_at, updated_at, version) VALUES (297, 3, 'ROOM_IMAGE', 'image_03.jpg', 'image_03.jpg', 'uploads/rooms/images/room_24/image_03.jpg', '/rooms/images/room_24/image_03.jpg', 167547, 'image/jpeg', 'jpg', false, 'ROOM', 44, 'READY', NOW(), NOW(), 0);
INSERT INTO central_media_files (id, owner_id, category, original_name, file_name, file_path, file_url, file_size, mime_type, extension, is_primary, reference_type, reference_id, status, created_at, updated_at, version) VALUES (298, 3, 'ROOM_IMAGE', 'image_04.jpg', 'image_04.jpg', 'uploads/rooms/images/room_24/image_04.jpg', '/rooms/images/room_24/image_04.jpg', 163131, 'image/jpeg', 'jpg', false, 'ROOM', 44, 'READY', NOW(), NOW(), 0);
INSERT INTO central_media_files (id, owner_id, category, original_name, file_name, file_path, file_url, file_size, mime_type, extension, is_primary, reference_type, reference_id, status, created_at, updated_at, version) VALUES (299, 3, 'POST_VIDEO', 'video_01 (1).mp4', 'video_01_1.mp4', 'uploads/posts/videos/room_24/video_01_1.mp4', '/posts/videos/room_24/video_01_1.mp4', 4148738, 'video/mp4', 'mp4', true, 'POST', 44, 'READY', NOW(), NOW(), 0);
INSERT INTO central_media_files (id, owner_id, category, original_name, file_name, file_path, file_url, file_size, mime_type, extension, is_primary, reference_type, reference_id, status, created_at, updated_at, version) VALUES (300, 4, 'ROOM_THUMBNAIL', 'image_01 (1).jpg', 'image_01_1.jpg', 'uploads/rooms/images/room_25/image_01_1.jpg', '/rooms/images/room_25/image_01_1.jpg', 117710, 'image/jpeg', 'jpg', true, 'ROOM', 45, 'READY', NOW(), NOW(), 0);
INSERT INTO central_media_files (id, owner_id, category, original_name, file_name, file_path, file_url, file_size, mime_type, extension, is_primary, reference_type, reference_id, status, created_at, updated_at, version) VALUES (301, 4, 'ROOM_IMAGE', 'image_02 (1).jpg', 'image_02_1.jpg', 'uploads/rooms/images/room_25/image_02_1.jpg', '/rooms/images/room_25/image_02_1.jpg', 93713, 'image/jpeg', 'jpg', false, 'ROOM', 45, 'READY', NOW(), NOW(), 0);
INSERT INTO central_media_files (id, owner_id, category, original_name, file_name, file_path, file_url, file_size, mime_type, extension, is_primary, reference_type, reference_id, status, created_at, updated_at, version) VALUES (302, 4, 'ROOM_IMAGE', 'image_03 (1).jpg', 'image_03_1.jpg', 'uploads/rooms/images/room_25/image_03_1.jpg', '/rooms/images/room_25/image_03_1.jpg', 88548, 'image/jpeg', 'jpg', false, 'ROOM', 45, 'READY', NOW(), NOW(), 0);
INSERT INTO central_media_files (id, owner_id, category, original_name, file_name, file_path, file_url, file_size, mime_type, extension, is_primary, reference_type, reference_id, status, created_at, updated_at, version) VALUES (303, 4, 'POST_VIDEO', 'video_01 (1).mp4', 'video_01_1.mp4', 'uploads/posts/videos/room_25/video_01_1.mp4', '/posts/videos/room_25/video_01_1.mp4', 12724756, 'video/mp4', 'mp4', true, 'POST', 45, 'READY', NOW(), NOW(), 0);
INSERT INTO central_media_files (id, owner_id, category, original_name, file_name, file_path, file_url, file_size, mime_type, extension, is_primary, reference_type, reference_id, status, created_at, updated_at, version) VALUES (304, 2, 'ROOM_THUMBNAIL', 'image_01 (1).jpg', 'image_01_1.jpg', 'uploads/rooms/images/room_26/image_01_1.jpg', '/rooms/images/room_26/image_01_1.jpg', 42764, 'image/jpeg', 'jpg', true, 'ROOM', 46, 'READY', NOW(), NOW(), 0);
INSERT INTO central_media_files (id, owner_id, category, original_name, file_name, file_path, file_url, file_size, mime_type, extension, is_primary, reference_type, reference_id, status, created_at, updated_at, version) VALUES (305, 2, 'ROOM_IMAGE', 'image_02 (1).jpg', 'image_02_1.jpg', 'uploads/rooms/images/room_26/image_02_1.jpg', '/rooms/images/room_26/image_02_1.jpg', 38320, 'image/jpeg', 'jpg', false, 'ROOM', 46, 'READY', NOW(), NOW(), 0);
INSERT INTO central_media_files (id, owner_id, category, original_name, file_name, file_path, file_url, file_size, mime_type, extension, is_primary, reference_type, reference_id, status, created_at, updated_at, version) VALUES (306, 2, 'ROOM_IMAGE', 'image_03 (1).jpg', 'image_03_1.jpg', 'uploads/rooms/images/room_26/image_03_1.jpg', '/rooms/images/room_26/image_03_1.jpg', 37539, 'image/jpeg', 'jpg', false, 'ROOM', 46, 'READY', NOW(), NOW(), 0);
INSERT INTO central_media_files (id, owner_id, category, original_name, file_name, file_path, file_url, file_size, mime_type, extension, is_primary, reference_type, reference_id, status, created_at, updated_at, version) VALUES (307, 2, 'ROOM_IMAGE', 'image_04 (1).jpg', 'image_04_1.jpg', 'uploads/rooms/images/room_26/image_04_1.jpg', '/rooms/images/room_26/image_04_1.jpg', 39444, 'image/jpeg', 'jpg', false, 'ROOM', 46, 'READY', NOW(), NOW(), 0);
INSERT INTO central_media_files (id, owner_id, category, original_name, file_name, file_path, file_url, file_size, mime_type, extension, is_primary, reference_type, reference_id, status, created_at, updated_at, version) VALUES (308, 2, 'ROOM_IMAGE', 'image_05.jpg', 'image_05.jpg', 'uploads/rooms/images/room_26/image_05.jpg', '/rooms/images/room_26/image_05.jpg', 106088, 'image/jpeg', 'jpg', false, 'ROOM', 46, 'READY', NOW(), NOW(), 0);
INSERT INTO central_media_files (id, owner_id, category, original_name, file_name, file_path, file_url, file_size, mime_type, extension, is_primary, reference_type, reference_id, status, created_at, updated_at, version) VALUES (309, 2, 'ROOM_IMAGE', 'image_06.jpg', 'image_06.jpg', 'uploads/rooms/images/room_26/image_06.jpg', '/rooms/images/room_26/image_06.jpg', 29149, 'image/jpeg', 'jpg', false, 'ROOM', 46, 'READY', NOW(), NOW(), 0);
INSERT INTO central_media_files (id, owner_id, category, original_name, file_name, file_path, file_url, file_size, mime_type, extension, is_primary, reference_type, reference_id, status, created_at, updated_at, version) VALUES (310, 2, 'ROOM_IMAGE', 'image_07.jpg', 'image_07.jpg', 'uploads/rooms/images/room_26/image_07.jpg', '/rooms/images/room_26/image_07.jpg', 38776, 'image/jpeg', 'jpg', false, 'ROOM', 46, 'READY', NOW(), NOW(), 0);
INSERT INTO central_media_files (id, owner_id, category, original_name, file_name, file_path, file_url, file_size, mime_type, extension, is_primary, reference_type, reference_id, status, created_at, updated_at, version) VALUES (311, 2, 'ROOM_IMAGE', 'image_08.jpg', 'image_08.jpg', 'uploads/rooms/images/room_26/image_08.jpg', '/rooms/images/room_26/image_08.jpg', 29149, 'image/jpeg', 'jpg', false, 'ROOM', 46, 'READY', NOW(), NOW(), 0);
INSERT INTO central_media_files (id, owner_id, category, original_name, file_name, file_path, file_url, file_size, mime_type, extension, is_primary, reference_type, reference_id, status, created_at, updated_at, version) VALUES (312, 2, 'POST_VIDEO', 'video_01 (1).mp4', 'video_01_1.mp4', 'uploads/posts/videos/room_26/video_01_1.mp4', '/posts/videos/room_26/video_01_1.mp4', 5926135, 'video/mp4', 'mp4', true, 'POST', 46, 'READY', NOW(), NOW(), 0);
INSERT INTO central_media_files (id, owner_id, category, original_name, file_name, file_path, file_url, file_size, mime_type, extension, is_primary, reference_type, reference_id, status, created_at, updated_at, version) VALUES (313, 3, 'ROOM_THUMBNAIL', 'image_01.jpg', 'image_01.jpg', 'uploads/rooms/images/room_27/image_01.jpg', '/rooms/images/room_27/image_01.jpg', 105207, 'image/jpeg', 'jpg', true, 'ROOM', 47, 'READY', NOW(), NOW(), 0);
INSERT INTO central_media_files (id, owner_id, category, original_name, file_name, file_path, file_url, file_size, mime_type, extension, is_primary, reference_type, reference_id, status, created_at, updated_at, version) VALUES (314, 3, 'ROOM_IMAGE', 'image_02.jpg', 'image_02.jpg', 'uploads/rooms/images/room_27/image_02.jpg', '/rooms/images/room_27/image_02.jpg', 103823, 'image/jpeg', 'jpg', false, 'ROOM', 47, 'READY', NOW(), NOW(), 0);
INSERT INTO central_media_files (id, owner_id, category, original_name, file_name, file_path, file_url, file_size, mime_type, extension, is_primary, reference_type, reference_id, status, created_at, updated_at, version) VALUES (315, 3, 'ROOM_IMAGE', 'image_03.jpg', 'image_03.jpg', 'uploads/rooms/images/room_27/image_03.jpg', '/rooms/images/room_27/image_03.jpg', 89508, 'image/jpeg', 'jpg', false, 'ROOM', 47, 'READY', NOW(), NOW(), 0);
INSERT INTO central_media_files (id, owner_id, category, original_name, file_name, file_path, file_url, file_size, mime_type, extension, is_primary, reference_type, reference_id, status, created_at, updated_at, version) VALUES (316, 3, 'ROOM_IMAGE', 'image_04.jpg', 'image_04.jpg', 'uploads/rooms/images/room_27/image_04.jpg', '/rooms/images/room_27/image_04.jpg', 88719, 'image/jpeg', 'jpg', false, 'ROOM', 47, 'READY', NOW(), NOW(), 0);
INSERT INTO central_media_files (id, owner_id, category, original_name, file_name, file_path, file_url, file_size, mime_type, extension, is_primary, reference_type, reference_id, status, created_at, updated_at, version) VALUES (317, 3, 'ROOM_IMAGE', 'image_05.jpg', 'image_05.jpg', 'uploads/rooms/images/room_27/image_05.jpg', '/rooms/images/room_27/image_05.jpg', 106488, 'image/jpeg', 'jpg', false, 'ROOM', 47, 'READY', NOW(), NOW(), 0);
INSERT INTO central_media_files (id, owner_id, category, original_name, file_name, file_path, file_url, file_size, mime_type, extension, is_primary, reference_type, reference_id, status, created_at, updated_at, version) VALUES (318, 3, 'ROOM_IMAGE', 'image_06.jpg', 'image_06.jpg', 'uploads/rooms/images/room_27/image_06.jpg', '/rooms/images/room_27/image_06.jpg', 121045, 'image/jpeg', 'jpg', false, 'ROOM', 47, 'READY', NOW(), NOW(), 0);
INSERT INTO central_media_files (id, owner_id, category, original_name, file_name, file_path, file_url, file_size, mime_type, extension, is_primary, reference_type, reference_id, status, created_at, updated_at, version) VALUES (319, 3, 'ROOM_IMAGE', 'image_07.jpg', 'image_07.jpg', 'uploads/rooms/images/room_27/image_07.jpg', '/rooms/images/room_27/image_07.jpg', 113771, 'image/jpeg', 'jpg', false, 'ROOM', 47, 'READY', NOW(), NOW(), 0);
INSERT INTO central_media_files (id, owner_id, category, original_name, file_name, file_path, file_url, file_size, mime_type, extension, is_primary, reference_type, reference_id, status, created_at, updated_at, version) VALUES (320, 3, 'ROOM_IMAGE', 'image_08.jpg', 'image_08.jpg', 'uploads/rooms/images/room_27/image_08.jpg', '/rooms/images/room_27/image_08.jpg', 83630, 'image/jpeg', 'jpg', false, 'ROOM', 47, 'READY', NOW(), NOW(), 0);
INSERT INTO central_media_files (id, owner_id, category, original_name, file_name, file_path, file_url, file_size, mime_type, extension, is_primary, reference_type, reference_id, status, created_at, updated_at, version) VALUES (321, 3, 'ROOM_IMAGE', 'image_09.jpg', 'image_09.jpg', 'uploads/rooms/images/room_27/image_09.jpg', '/rooms/images/room_27/image_09.jpg', 86924, 'image/jpeg', 'jpg', false, 'ROOM', 47, 'READY', NOW(), NOW(), 0);
INSERT INTO central_media_files (id, owner_id, category, original_name, file_name, file_path, file_url, file_size, mime_type, extension, is_primary, reference_type, reference_id, status, created_at, updated_at, version) VALUES (322, 3, 'ROOM_IMAGE', 'image_10.jpg', 'image_10.jpg', 'uploads/rooms/images/room_27/image_10.jpg', '/rooms/images/room_27/image_10.jpg', 91834, 'image/jpeg', 'jpg', false, 'ROOM', 47, 'READY', NOW(), NOW(), 0);
INSERT INTO central_media_files (id, owner_id, category, original_name, file_name, file_path, file_url, file_size, mime_type, extension, is_primary, reference_type, reference_id, status, created_at, updated_at, version) VALUES (323, 3, 'ROOM_IMAGE', 'image_11.jpg', 'image_11.jpg', 'uploads/rooms/images/room_27/image_11.jpg', '/rooms/images/room_27/image_11.jpg', 80849, 'image/jpeg', 'jpg', false, 'ROOM', 47, 'READY', NOW(), NOW(), 0);
INSERT INTO central_media_files (id, owner_id, category, original_name, file_name, file_path, file_url, file_size, mime_type, extension, is_primary, reference_type, reference_id, status, created_at, updated_at, version) VALUES (324, 3, 'ROOM_IMAGE', 'image_12.jpg', 'image_12.jpg', 'uploads/rooms/images/room_27/image_12.jpg', '/rooms/images/room_27/image_12.jpg', 92892, 'image/jpeg', 'jpg', false, 'ROOM', 47, 'READY', NOW(), NOW(), 0);
INSERT INTO central_media_files (id, owner_id, category, original_name, file_name, file_path, file_url, file_size, mime_type, extension, is_primary, reference_type, reference_id, status, created_at, updated_at, version) VALUES (325, 3, 'POST_VIDEO', 'video_01 (1).mp4', 'video_01_1.mp4', 'uploads/posts/videos/room_27/video_01_1.mp4', '/posts/videos/room_27/video_01_1.mp4', 5737465, 'video/mp4', 'mp4', true, 'POST', 47, 'READY', NOW(), NOW(), 0);
INSERT INTO central_media_files (id, owner_id, category, original_name, file_name, file_path, file_url, file_size, mime_type, extension, is_primary, reference_type, reference_id, status, created_at, updated_at, version) VALUES (326, 4, 'ROOM_THUMBNAIL', 'image_01 (1).jpg', 'image_01_1.jpg', 'uploads/rooms/images/room_28/image_01_1.jpg', '/rooms/images/room_28/image_01_1.jpg', 168321, 'image/jpeg', 'jpg', true, 'ROOM', 48, 'READY', NOW(), NOW(), 0);
INSERT INTO central_media_files (id, owner_id, category, original_name, file_name, file_path, file_url, file_size, mime_type, extension, is_primary, reference_type, reference_id, status, created_at, updated_at, version) VALUES (327, 4, 'ROOM_IMAGE', 'image_02.jpg', 'image_02.jpg', 'uploads/rooms/images/room_28/image_02.jpg', '/rooms/images/room_28/image_02.jpg', 97746, 'image/jpeg', 'jpg', false, 'ROOM', 48, 'READY', NOW(), NOW(), 0);
INSERT INTO central_media_files (id, owner_id, category, original_name, file_name, file_path, file_url, file_size, mime_type, extension, is_primary, reference_type, reference_id, status, created_at, updated_at, version) VALUES (328, 4, 'ROOM_IMAGE', 'image_03.jpg', 'image_03.jpg', 'uploads/rooms/images/room_28/image_03.jpg', '/rooms/images/room_28/image_03.jpg', 68004, 'image/jpeg', 'jpg', false, 'ROOM', 48, 'READY', NOW(), NOW(), 0);
INSERT INTO central_media_files (id, owner_id, category, original_name, file_name, file_path, file_url, file_size, mime_type, extension, is_primary, reference_type, reference_id, status, created_at, updated_at, version) VALUES (329, 4, 'POST_VIDEO', 'video_01 (1).mp4', 'video_01_1.mp4', 'uploads/posts/videos/room_28/video_01_1.mp4', '/posts/videos/room_28/video_01_1.mp4', 28124578, 'video/mp4', 'mp4', true, 'POST', 48, 'READY', NOW(), NOW(), 0);
INSERT INTO central_media_files (id, owner_id, category, original_name, file_name, file_path, file_url, file_size, mime_type, extension, is_primary, reference_type, reference_id, status, created_at, updated_at, version) VALUES (330, 2, 'ROOM_THUMBNAIL', 'image_01 (1).jpg', 'image_01_1.jpg', 'uploads/rooms/images/room_29/image_01_1.jpg', '/rooms/images/room_29/image_01_1.jpg', 77267, 'image/jpeg', 'jpg', true, 'ROOM', 49, 'READY', NOW(), NOW(), 0);
INSERT INTO central_media_files (id, owner_id, category, original_name, file_name, file_path, file_url, file_size, mime_type, extension, is_primary, reference_type, reference_id, status, created_at, updated_at, version) VALUES (331, 2, 'ROOM_IMAGE', 'image_02 (1).jpg', 'image_02_1.jpg', 'uploads/rooms/images/room_29/image_02_1.jpg', '/rooms/images/room_29/image_02_1.jpg', 78838, 'image/jpeg', 'jpg', false, 'ROOM', 49, 'READY', NOW(), NOW(), 0);
INSERT INTO central_media_files (id, owner_id, category, original_name, file_name, file_path, file_url, file_size, mime_type, extension, is_primary, reference_type, reference_id, status, created_at, updated_at, version) VALUES (332, 2, 'ROOM_IMAGE', 'image_03 (1).jpg', 'image_03_1.jpg', 'uploads/rooms/images/room_29/image_03_1.jpg', '/rooms/images/room_29/image_03_1.jpg', 88671, 'image/jpeg', 'jpg', false, 'ROOM', 49, 'READY', NOW(), NOW(), 0);
INSERT INTO central_media_files (id, owner_id, category, original_name, file_name, file_path, file_url, file_size, mime_type, extension, is_primary, reference_type, reference_id, status, created_at, updated_at, version) VALUES (333, 2, 'ROOM_IMAGE', 'image_04 (1).jpg', 'image_04_1.jpg', 'uploads/rooms/images/room_29/image_04_1.jpg', '/rooms/images/room_29/image_04_1.jpg', 81931, 'image/jpeg', 'jpg', false, 'ROOM', 49, 'READY', NOW(), NOW(), 0);
INSERT INTO central_media_files (id, owner_id, category, original_name, file_name, file_path, file_url, file_size, mime_type, extension, is_primary, reference_type, reference_id, status, created_at, updated_at, version) VALUES (334, 2, 'ROOM_IMAGE', 'image_05.jpg', 'image_05.jpg', 'uploads/rooms/images/room_29/image_05.jpg', '/rooms/images/room_29/image_05.jpg', 77267, 'image/jpeg', 'jpg', false, 'ROOM', 49, 'READY', NOW(), NOW(), 0);
INSERT INTO central_media_files (id, owner_id, category, original_name, file_name, file_path, file_url, file_size, mime_type, extension, is_primary, reference_type, reference_id, status, created_at, updated_at, version) VALUES (335, 2, 'POST_VIDEO', 'video_01 (1).mp4', 'video_01_1.mp4', 'uploads/posts/videos/room_29/video_01_1.mp4', '/posts/videos/room_29/video_01_1.mp4', 7326974, 'video/mp4', 'mp4', true, 'POST', 49, 'READY', NOW(), NOW(), 0);
INSERT INTO central_media_files (id, owner_id, category, original_name, file_name, file_path, file_url, file_size, mime_type, extension, is_primary, reference_type, reference_id, status, created_at, updated_at, version) VALUES (336, 3, 'ROOM_THUMBNAIL', 'image_01.jpg', 'image_01.jpg', 'uploads/rooms/images/room_30/image_01.jpg', '/rooms/images/room_30/image_01.jpg', 73655, 'image/jpeg', 'jpg', true, 'ROOM', 50, 'READY', NOW(), NOW(), 0);
INSERT INTO central_media_files (id, owner_id, category, original_name, file_name, file_path, file_url, file_size, mime_type, extension, is_primary, reference_type, reference_id, status, created_at, updated_at, version) VALUES (337, 3, 'ROOM_IMAGE', 'image_02.jpg', 'image_02.jpg', 'uploads/rooms/images/room_30/image_02.jpg', '/rooms/images/room_30/image_02.jpg', 70371, 'image/jpeg', 'jpg', false, 'ROOM', 50, 'READY', NOW(), NOW(), 0);
INSERT INTO central_media_files (id, owner_id, category, original_name, file_name, file_path, file_url, file_size, mime_type, extension, is_primary, reference_type, reference_id, status, created_at, updated_at, version) VALUES (338, 3, 'ROOM_IMAGE', 'image_03.jpg', 'image_03.jpg', 'uploads/rooms/images/room_30/image_03.jpg', '/rooms/images/room_30/image_03.jpg', 64853, 'image/jpeg', 'jpg', false, 'ROOM', 50, 'READY', NOW(), NOW(), 0);
INSERT INTO central_media_files (id, owner_id, category, original_name, file_name, file_path, file_url, file_size, mime_type, extension, is_primary, reference_type, reference_id, status, created_at, updated_at, version) VALUES (339, 3, 'ROOM_IMAGE', 'image_04.jpg', 'image_04.jpg', 'uploads/rooms/images/room_30/image_04.jpg', '/rooms/images/room_30/image_04.jpg', 150940, 'image/jpeg', 'jpg', false, 'ROOM', 50, 'READY', NOW(), NOW(), 0);
INSERT INTO central_media_files (id, owner_id, category, original_name, file_name, file_path, file_url, file_size, mime_type, extension, is_primary, reference_type, reference_id, status, created_at, updated_at, version) VALUES (340, 3, 'ROOM_IMAGE', 'image_05.jpg', 'image_05.jpg', 'uploads/rooms/images/room_30/image_05.jpg', '/rooms/images/room_30/image_05.jpg', 100705, 'image/jpeg', 'jpg', false, 'ROOM', 50, 'READY', NOW(), NOW(), 0);
INSERT INTO central_media_files (id, owner_id, category, original_name, file_name, file_path, file_url, file_size, mime_type, extension, is_primary, reference_type, reference_id, status, created_at, updated_at, version) VALUES (341, 3, 'POST_VIDEO', 'video_01 (1).mp4', 'video_01_1.mp4', 'uploads/posts/videos/room_30/video_01_1.mp4', '/posts/videos/room_30/video_01_1.mp4', 10326510, 'video/mp4', 'mp4', true, 'POST', 50, 'READY', NOW(), NOW(), 0);
INSERT INTO central_media_files (id, owner_id, category, original_name, file_name, file_path, file_url, file_size, mime_type, extension, is_primary, reference_type, reference_id, status, created_at, updated_at, version) VALUES (342, 4, 'ROOM_THUMBNAIL', 'image_01 (1).jpg', 'image_01_1.jpg', 'uploads/rooms/images/room_31/image_01_1.jpg', '/rooms/images/room_31/image_01_1.jpg', 109675, 'image/jpeg', 'jpg', true, 'ROOM', 51, 'READY', NOW(), NOW(), 0);
INSERT INTO central_media_files (id, owner_id, category, original_name, file_name, file_path, file_url, file_size, mime_type, extension, is_primary, reference_type, reference_id, status, created_at, updated_at, version) VALUES (343, 4, 'ROOM_IMAGE', 'image_02 (1).jpg', 'image_02_1.jpg', 'uploads/rooms/images/room_31/image_02_1.jpg', '/rooms/images/room_31/image_02_1.jpg', 117395, 'image/jpeg', 'jpg', false, 'ROOM', 51, 'READY', NOW(), NOW(), 0);
INSERT INTO central_media_files (id, owner_id, category, original_name, file_name, file_path, file_url, file_size, mime_type, extension, is_primary, reference_type, reference_id, status, created_at, updated_at, version) VALUES (344, 4, 'ROOM_IMAGE', 'image_03 (1).jpg', 'image_03_1.jpg', 'uploads/rooms/images/room_31/image_03_1.jpg', '/rooms/images/room_31/image_03_1.jpg', 115942, 'image/jpeg', 'jpg', false, 'ROOM', 51, 'READY', NOW(), NOW(), 0);
INSERT INTO central_media_files (id, owner_id, category, original_name, file_name, file_path, file_url, file_size, mime_type, extension, is_primary, reference_type, reference_id, status, created_at, updated_at, version) VALUES (345, 4, 'ROOM_IMAGE', 'image_04 (1).jpg', 'image_04_1.jpg', 'uploads/rooms/images/room_31/image_04_1.jpg', '/rooms/images/room_31/image_04_1.jpg', 130407, 'image/jpeg', 'jpg', false, 'ROOM', 51, 'READY', NOW(), NOW(), 0);
INSERT INTO central_media_files (id, owner_id, category, original_name, file_name, file_path, file_url, file_size, mime_type, extension, is_primary, reference_type, reference_id, status, created_at, updated_at, version) VALUES (346, 4, 'ROOM_IMAGE', 'image_05.jpg', 'image_05.jpg', 'uploads/rooms/images/room_31/image_05.jpg', '/rooms/images/room_31/image_05.jpg', 94682, 'image/jpeg', 'jpg', false, 'ROOM', 51, 'READY', NOW(), NOW(), 0);
INSERT INTO central_media_files (id, owner_id, category, original_name, file_name, file_path, file_url, file_size, mime_type, extension, is_primary, reference_type, reference_id, status, created_at, updated_at, version) VALUES (347, 4, 'ROOM_IMAGE', 'image_06.jpg', 'image_06.jpg', 'uploads/rooms/images/room_31/image_06.jpg', '/rooms/images/room_31/image_06.jpg', 125064, 'image/jpeg', 'jpg', false, 'ROOM', 51, 'READY', NOW(), NOW(), 0);
INSERT INTO central_media_files (id, owner_id, category, original_name, file_name, file_path, file_url, file_size, mime_type, extension, is_primary, reference_type, reference_id, status, created_at, updated_at, version) VALUES (348, 4, 'ROOM_IMAGE', 'image_07.jpg', 'image_07.jpg', 'uploads/rooms/images/room_31/image_07.jpg', '/rooms/images/room_31/image_07.jpg', 126670, 'image/jpeg', 'jpg', false, 'ROOM', 51, 'READY', NOW(), NOW(), 0);
INSERT INTO central_media_files (id, owner_id, category, original_name, file_name, file_path, file_url, file_size, mime_type, extension, is_primary, reference_type, reference_id, status, created_at, updated_at, version) VALUES (349, 4, 'ROOM_IMAGE', 'image_08.jpg', 'image_08.jpg', 'uploads/rooms/images/room_31/image_08.jpg', '/rooms/images/room_31/image_08.jpg', 112658, 'image/jpeg', 'jpg', false, 'ROOM', 51, 'READY', NOW(), NOW(), 0);
INSERT INTO central_media_files (id, owner_id, category, original_name, file_name, file_path, file_url, file_size, mime_type, extension, is_primary, reference_type, reference_id, status, created_at, updated_at, version) VALUES (350, 4, 'ROOM_IMAGE', 'image_09.jpg', 'image_09.jpg', 'uploads/rooms/images/room_31/image_09.jpg', '/rooms/images/room_31/image_09.jpg', 113046, 'image/jpeg', 'jpg', false, 'ROOM', 51, 'READY', NOW(), NOW(), 0);
INSERT INTO central_media_files (id, owner_id, category, original_name, file_name, file_path, file_url, file_size, mime_type, extension, is_primary, reference_type, reference_id, status, created_at, updated_at, version) VALUES (351, 4, 'POST_VIDEO', 'video_01 (1).mp4', 'video_01_1.mp4', 'uploads/posts/videos/room_31/video_01_1.mp4', '/posts/videos/room_31/video_01_1.mp4', 5779884, 'video/mp4', 'mp4', true, 'POST', 51, 'READY', NOW(), NOW(), 0);
INSERT INTO central_media_files (id, owner_id, category, original_name, file_name, file_path, file_url, file_size, mime_type, extension, is_primary, reference_type, reference_id, status, created_at, updated_at, version) VALUES (352, 2, 'ROOM_THUMBNAIL', 'image_01 (1).jpg', 'image_01_1.jpg', 'uploads/rooms/images/room_32/image_01_1.jpg', '/rooms/images/room_32/image_01_1.jpg', 176757, 'image/jpeg', 'jpg', true, 'ROOM', 52, 'READY', NOW(), NOW(), 0);
INSERT INTO central_media_files (id, owner_id, category, original_name, file_name, file_path, file_url, file_size, mime_type, extension, is_primary, reference_type, reference_id, status, created_at, updated_at, version) VALUES (353, 2, 'ROOM_IMAGE', 'image_02 (1).jpg', 'image_02_1.jpg', 'uploads/rooms/images/room_32/image_02_1.jpg', '/rooms/images/room_32/image_02_1.jpg', 99252, 'image/jpeg', 'jpg', false, 'ROOM', 52, 'READY', NOW(), NOW(), 0);
INSERT INTO central_media_files (id, owner_id, category, original_name, file_name, file_path, file_url, file_size, mime_type, extension, is_primary, reference_type, reference_id, status, created_at, updated_at, version) VALUES (354, 2, 'ROOM_IMAGE', 'image_03 (1).jpg', 'image_03_1.jpg', 'uploads/rooms/images/room_32/image_03_1.jpg', '/rooms/images/room_32/image_03_1.jpg', 116546, 'image/jpeg', 'jpg', false, 'ROOM', 52, 'READY', NOW(), NOW(), 0);
INSERT INTO central_media_files (id, owner_id, category, original_name, file_name, file_path, file_url, file_size, mime_type, extension, is_primary, reference_type, reference_id, status, created_at, updated_at, version) VALUES (355, 2, 'ROOM_IMAGE', 'image_04.jpg', 'image_04.jpg', 'uploads/rooms/images/room_32/image_04.jpg', '/rooms/images/room_32/image_04.jpg', 116198, 'image/jpeg', 'jpg', false, 'ROOM', 52, 'READY', NOW(), NOW(), 0);
INSERT INTO central_media_files (id, owner_id, category, original_name, file_name, file_path, file_url, file_size, mime_type, extension, is_primary, reference_type, reference_id, status, created_at, updated_at, version) VALUES (356, 2, 'ROOM_IMAGE', 'image_05.jpg', 'image_05.jpg', 'uploads/rooms/images/room_32/image_05.jpg', '/rooms/images/room_32/image_05.jpg', 71662, 'image/jpeg', 'jpg', false, 'ROOM', 52, 'READY', NOW(), NOW(), 0);
INSERT INTO central_media_files (id, owner_id, category, original_name, file_name, file_path, file_url, file_size, mime_type, extension, is_primary, reference_type, reference_id, status, created_at, updated_at, version) VALUES (357, 2, 'POST_VIDEO', 'video_01 (1).mp4', 'video_01_1.mp4', 'uploads/posts/videos/room_32/video_01_1.mp4', '/posts/videos/room_32/video_01_1.mp4', 6134355, 'video/mp4', 'mp4', true, 'POST', 52, 'READY', NOW(), NOW(), 0);
INSERT INTO central_media_files (id, owner_id, category, original_name, file_name, file_path, file_url, file_size, mime_type, extension, is_primary, reference_type, reference_id, status, created_at, updated_at, version) VALUES (358, 3, 'ROOM_THUMBNAIL', 'image_01 (1).jpg', 'image_01_1.jpg', 'uploads/rooms/images/room_33/image_01_1.jpg', '/rooms/images/room_33/image_01_1.jpg', 67870, 'image/jpeg', 'jpg', true, 'ROOM', 53, 'READY', NOW(), NOW(), 0);
INSERT INTO central_media_files (id, owner_id, category, original_name, file_name, file_path, file_url, file_size, mime_type, extension, is_primary, reference_type, reference_id, status, created_at, updated_at, version) VALUES (359, 3, 'ROOM_IMAGE', 'image_02 (1).jpg', 'image_02_1.jpg', 'uploads/rooms/images/room_33/image_02_1.jpg', '/rooms/images/room_33/image_02_1.jpg', 54945, 'image/jpeg', 'jpg', false, 'ROOM', 53, 'READY', NOW(), NOW(), 0);
INSERT INTO central_media_files (id, owner_id, category, original_name, file_name, file_path, file_url, file_size, mime_type, extension, is_primary, reference_type, reference_id, status, created_at, updated_at, version) VALUES (360, 3, 'ROOM_IMAGE', 'image_03 (1).jpg', 'image_03_1.jpg', 'uploads/rooms/images/room_33/image_03_1.jpg', '/rooms/images/room_33/image_03_1.jpg', 58406, 'image/jpeg', 'jpg', false, 'ROOM', 53, 'READY', NOW(), NOW(), 0);
INSERT INTO central_media_files (id, owner_id, category, original_name, file_name, file_path, file_url, file_size, mime_type, extension, is_primary, reference_type, reference_id, status, created_at, updated_at, version) VALUES (361, 3, 'ROOM_IMAGE', 'image_04.jpg', 'image_04.jpg', 'uploads/rooms/images/room_33/image_04.jpg', '/rooms/images/room_33/image_04.jpg', 77814, 'image/jpeg', 'jpg', false, 'ROOM', 53, 'READY', NOW(), NOW(), 0);
INSERT INTO central_media_files (id, owner_id, category, original_name, file_name, file_path, file_url, file_size, mime_type, extension, is_primary, reference_type, reference_id, status, created_at, updated_at, version) VALUES (362, 3, 'ROOM_IMAGE', 'image_05.jpg', 'image_05.jpg', 'uploads/rooms/images/room_33/image_05.jpg', '/rooms/images/room_33/image_05.jpg', 42021, 'image/jpeg', 'jpg', false, 'ROOM', 53, 'READY', NOW(), NOW(), 0);
INSERT INTO central_media_files (id, owner_id, category, original_name, file_name, file_path, file_url, file_size, mime_type, extension, is_primary, reference_type, reference_id, status, created_at, updated_at, version) VALUES (363, 3, 'ROOM_IMAGE', 'image_06.jpg', 'image_06.jpg', 'uploads/rooms/images/room_33/image_06.jpg', '/rooms/images/room_33/image_06.jpg', 60191, 'image/jpeg', 'jpg', false, 'ROOM', 53, 'READY', NOW(), NOW(), 0);
INSERT INTO central_media_files (id, owner_id, category, original_name, file_name, file_path, file_url, file_size, mime_type, extension, is_primary, reference_type, reference_id, status, created_at, updated_at, version) VALUES (364, 3, 'POST_VIDEO', 'video_01 (1).mp4', 'video_01_1.mp4', 'uploads/posts/videos/room_33/video_01_1.mp4', '/posts/videos/room_33/video_01_1.mp4', 11602103, 'video/mp4', 'mp4', true, 'POST', 53, 'READY', NOW(), NOW(), 0);
INSERT INTO central_media_files (id, owner_id, category, original_name, file_name, file_path, file_url, file_size, mime_type, extension, is_primary, reference_type, reference_id, status, created_at, updated_at, version) VALUES (365, 4, 'ROOM_THUMBNAIL', 'image_01.jpg', 'image_01.jpg', 'uploads/rooms/images/room_34/image_01.jpg', '/rooms/images/room_34/image_01.jpg', 128871, 'image/jpeg', 'jpg', true, 'ROOM', 54, 'READY', NOW(), NOW(), 0);
INSERT INTO central_media_files (id, owner_id, category, original_name, file_name, file_path, file_url, file_size, mime_type, extension, is_primary, reference_type, reference_id, status, created_at, updated_at, version) VALUES (366, 4, 'ROOM_IMAGE', 'image_02.jpg', 'image_02.jpg', 'uploads/rooms/images/room_34/image_02.jpg', '/rooms/images/room_34/image_02.jpg', 115469, 'image/jpeg', 'jpg', false, 'ROOM', 54, 'READY', NOW(), NOW(), 0);
INSERT INTO central_media_files (id, owner_id, category, original_name, file_name, file_path, file_url, file_size, mime_type, extension, is_primary, reference_type, reference_id, status, created_at, updated_at, version) VALUES (367, 4, 'ROOM_IMAGE', 'image_03.jpg', 'image_03.jpg', 'uploads/rooms/images/room_34/image_03.jpg', '/rooms/images/room_34/image_03.jpg', 113489, 'image/jpeg', 'jpg', false, 'ROOM', 54, 'READY', NOW(), NOW(), 0);
INSERT INTO central_media_files (id, owner_id, category, original_name, file_name, file_path, file_url, file_size, mime_type, extension, is_primary, reference_type, reference_id, status, created_at, updated_at, version) VALUES (368, 4, 'ROOM_IMAGE', 'image_04.jpg', 'image_04.jpg', 'uploads/rooms/images/room_34/image_04.jpg', '/rooms/images/room_34/image_04.jpg', 121508, 'image/jpeg', 'jpg', false, 'ROOM', 54, 'READY', NOW(), NOW(), 0);
INSERT INTO central_media_files (id, owner_id, category, original_name, file_name, file_path, file_url, file_size, mime_type, extension, is_primary, reference_type, reference_id, status, created_at, updated_at, version) VALUES (369, 4, 'ROOM_IMAGE', 'image_05.jpg', 'image_05.jpg', 'uploads/rooms/images/room_34/image_05.jpg', '/rooms/images/room_34/image_05.jpg', 126642, 'image/jpeg', 'jpg', false, 'ROOM', 54, 'READY', NOW(), NOW(), 0);
INSERT INTO central_media_files (id, owner_id, category, original_name, file_name, file_path, file_url, file_size, mime_type, extension, is_primary, reference_type, reference_id, status, created_at, updated_at, version) VALUES (370, 4, 'ROOM_IMAGE', 'image_06.jpg', 'image_06.jpg', 'uploads/rooms/images/room_34/image_06.jpg', '/rooms/images/room_34/image_06.jpg', 112130, 'image/jpeg', 'jpg', false, 'ROOM', 54, 'READY', NOW(), NOW(), 0);
INSERT INTO central_media_files (id, owner_id, category, original_name, file_name, file_path, file_url, file_size, mime_type, extension, is_primary, reference_type, reference_id, status, created_at, updated_at, version) VALUES (371, 4, 'ROOM_IMAGE', 'image_07.jpg', 'image_07.jpg', 'uploads/rooms/images/room_34/image_07.jpg', '/rooms/images/room_34/image_07.jpg', 106837, 'image/jpeg', 'jpg', false, 'ROOM', 54, 'READY', NOW(), NOW(), 0);
INSERT INTO central_media_files (id, owner_id, category, original_name, file_name, file_path, file_url, file_size, mime_type, extension, is_primary, reference_type, reference_id, status, created_at, updated_at, version) VALUES (372, 4, 'ROOM_IMAGE', 'image_08.jpg', 'image_08.jpg', 'uploads/rooms/images/room_34/image_08.jpg', '/rooms/images/room_34/image_08.jpg', 110746, 'image/jpeg', 'jpg', false, 'ROOM', 54, 'READY', NOW(), NOW(), 0);
INSERT INTO central_media_files (id, owner_id, category, original_name, file_name, file_path, file_url, file_size, mime_type, extension, is_primary, reference_type, reference_id, status, created_at, updated_at, version) VALUES (373, 4, 'ROOM_IMAGE', 'image_09.jpg', 'image_09.jpg', 'uploads/rooms/images/room_34/image_09.jpg', '/rooms/images/room_34/image_09.jpg', 126302, 'image/jpeg', 'jpg', false, 'ROOM', 54, 'READY', NOW(), NOW(), 0);
INSERT INTO central_media_files (id, owner_id, category, original_name, file_name, file_path, file_url, file_size, mime_type, extension, is_primary, reference_type, reference_id, status, created_at, updated_at, version) VALUES (374, 4, 'ROOM_IMAGE', 'image_10.jpg', 'image_10.jpg', 'uploads/rooms/images/room_34/image_10.jpg', '/rooms/images/room_34/image_10.jpg', 125502, 'image/jpeg', 'jpg', false, 'ROOM', 54, 'READY', NOW(), NOW(), 0);
INSERT INTO central_media_files (id, owner_id, category, original_name, file_name, file_path, file_url, file_size, mime_type, extension, is_primary, reference_type, reference_id, status, created_at, updated_at, version) VALUES (375, 4, 'ROOM_IMAGE', 'image_11.jpg', 'image_11.jpg', 'uploads/rooms/images/room_34/image_11.jpg', '/rooms/images/room_34/image_11.jpg', 105813, 'image/jpeg', 'jpg', false, 'ROOM', 54, 'READY', NOW(), NOW(), 0);
INSERT INTO central_media_files (id, owner_id, category, original_name, file_name, file_path, file_url, file_size, mime_type, extension, is_primary, reference_type, reference_id, status, created_at, updated_at, version) VALUES (376, 4, 'ROOM_IMAGE', 'image_12.jpg', 'image_12.jpg', 'uploads/rooms/images/room_34/image_12.jpg', '/rooms/images/room_34/image_12.jpg', 130489, 'image/jpeg', 'jpg', false, 'ROOM', 54, 'READY', NOW(), NOW(), 0);
INSERT INTO central_media_files (id, owner_id, category, original_name, file_name, file_path, file_url, file_size, mime_type, extension, is_primary, reference_type, reference_id, status, created_at, updated_at, version) VALUES (377, 4, 'POST_VIDEO', 'video_01 (1).mp4', 'video_01_1.mp4', 'uploads/posts/videos/room_34/video_01_1.mp4', '/posts/videos/room_34/video_01_1.mp4', 5653412, 'video/mp4', 'mp4', true, 'POST', 54, 'READY', NOW(), NOW(), 0);
INSERT INTO central_media_files (id, owner_id, category, original_name, file_name, file_path, file_url, file_size, mime_type, extension, is_primary, reference_type, reference_id, status, created_at, updated_at, version) VALUES (378, 2, 'ROOM_THUMBNAIL', 'image_01 (1).jpg', 'image_01_1.jpg', 'uploads/rooms/images/room_35/image_01_1.jpg', '/rooms/images/room_35/image_01_1.jpg', 68621, 'image/jpeg', 'jpg', true, 'ROOM', 55, 'READY', NOW(), NOW(), 0);
INSERT INTO central_media_files (id, owner_id, category, original_name, file_name, file_path, file_url, file_size, mime_type, extension, is_primary, reference_type, reference_id, status, created_at, updated_at, version) VALUES (379, 2, 'ROOM_IMAGE', 'image_02 (1).jpg', 'image_02_1.jpg', 'uploads/rooms/images/room_35/image_02_1.jpg', '/rooms/images/room_35/image_02_1.jpg', 110479, 'image/jpeg', 'jpg', false, 'ROOM', 55, 'READY', NOW(), NOW(), 0);
INSERT INTO central_media_files (id, owner_id, category, original_name, file_name, file_path, file_url, file_size, mime_type, extension, is_primary, reference_type, reference_id, status, created_at, updated_at, version) VALUES (380, 2, 'ROOM_IMAGE', 'image_03 (1).jpg', 'image_03_1.jpg', 'uploads/rooms/images/room_35/image_03_1.jpg', '/rooms/images/room_35/image_03_1.jpg', 66511, 'image/jpeg', 'jpg', false, 'ROOM', 55, 'READY', NOW(), NOW(), 0);
INSERT INTO central_media_files (id, owner_id, category, original_name, file_name, file_path, file_url, file_size, mime_type, extension, is_primary, reference_type, reference_id, status, created_at, updated_at, version) VALUES (381, 2, 'ROOM_IMAGE', 'image_04 (1).jpg', 'image_04_1.jpg', 'uploads/rooms/images/room_35/image_04_1.jpg', '/rooms/images/room_35/image_04_1.jpg', 70364, 'image/jpeg', 'jpg', false, 'ROOM', 55, 'READY', NOW(), NOW(), 0);
INSERT INTO central_media_files (id, owner_id, category, original_name, file_name, file_path, file_url, file_size, mime_type, extension, is_primary, reference_type, reference_id, status, created_at, updated_at, version) VALUES (382, 2, 'ROOM_IMAGE', 'image_05.jpg', 'image_05.jpg', 'uploads/rooms/images/room_35/image_05.jpg', '/rooms/images/room_35/image_05.jpg', 117814, 'image/jpeg', 'jpg', false, 'ROOM', 55, 'READY', NOW(), NOW(), 0);
INSERT INTO central_media_files (id, owner_id, category, original_name, file_name, file_path, file_url, file_size, mime_type, extension, is_primary, reference_type, reference_id, status, created_at, updated_at, version) VALUES (383, 2, 'ROOM_IMAGE', 'image_06.jpg', 'image_06.jpg', 'uploads/rooms/images/room_35/image_06.jpg', '/rooms/images/room_35/image_06.jpg', 66524, 'image/jpeg', 'jpg', false, 'ROOM', 55, 'READY', NOW(), NOW(), 0);
INSERT INTO central_media_files (id, owner_id, category, original_name, file_name, file_path, file_url, file_size, mime_type, extension, is_primary, reference_type, reference_id, status, created_at, updated_at, version) VALUES (384, 2, 'ROOM_IMAGE', 'image_07.jpg', 'image_07.jpg', 'uploads/rooms/images/room_35/image_07.jpg', '/rooms/images/room_35/image_07.jpg', 60629, 'image/jpeg', 'jpg', false, 'ROOM', 55, 'READY', NOW(), NOW(), 0);
INSERT INTO central_media_files (id, owner_id, category, original_name, file_name, file_path, file_url, file_size, mime_type, extension, is_primary, reference_type, reference_id, status, created_at, updated_at, version) VALUES (385, 2, 'POST_VIDEO', 'video_01 (1).mp4', 'video_01_1.mp4', 'uploads/posts/videos/room_35/video_01_1.mp4', '/posts/videos/room_35/video_01_1.mp4', 19353939, 'video/mp4', 'mp4', true, 'POST', 55, 'READY', NOW(), NOW(), 0);
INSERT INTO central_media_files (id, owner_id, category, original_name, file_name, file_path, file_url, file_size, mime_type, extension, is_primary, reference_type, reference_id, status, created_at, updated_at, version) VALUES (386, 3, 'ROOM_THUMBNAIL', 'image_01.jpg', 'image_01.jpg', 'uploads/rooms/images/room_36/image_01.jpg', '/rooms/images/room_36/image_01.jpg', 79008, 'image/jpeg', 'jpg', true, 'ROOM', 56, 'READY', NOW(), NOW(), 0);
INSERT INTO central_media_files (id, owner_id, category, original_name, file_name, file_path, file_url, file_size, mime_type, extension, is_primary, reference_type, reference_id, status, created_at, updated_at, version) VALUES (387, 3, 'ROOM_IMAGE', 'image_02.jpg', 'image_02.jpg', 'uploads/rooms/images/room_36/image_02.jpg', '/rooms/images/room_36/image_02.jpg', 88859, 'image/jpeg', 'jpg', false, 'ROOM', 56, 'READY', NOW(), NOW(), 0);
INSERT INTO central_media_files (id, owner_id, category, original_name, file_name, file_path, file_url, file_size, mime_type, extension, is_primary, reference_type, reference_id, status, created_at, updated_at, version) VALUES (388, 3, 'ROOM_IMAGE', 'image_03.jpg', 'image_03.jpg', 'uploads/rooms/images/room_36/image_03.jpg', '/rooms/images/room_36/image_03.jpg', 98646, 'image/jpeg', 'jpg', false, 'ROOM', 56, 'READY', NOW(), NOW(), 0);
INSERT INTO central_media_files (id, owner_id, category, original_name, file_name, file_path, file_url, file_size, mime_type, extension, is_primary, reference_type, reference_id, status, created_at, updated_at, version) VALUES (389, 3, 'ROOM_IMAGE', 'image_04.jpg', 'image_04.jpg', 'uploads/rooms/images/room_36/image_04.jpg', '/rooms/images/room_36/image_04.jpg', 87555, 'image/jpeg', 'jpg', false, 'ROOM', 56, 'READY', NOW(), NOW(), 0);
INSERT INTO central_media_files (id, owner_id, category, original_name, file_name, file_path, file_url, file_size, mime_type, extension, is_primary, reference_type, reference_id, status, created_at, updated_at, version) VALUES (390, 3, 'ROOM_IMAGE', 'image_05.jpg', 'image_05.jpg', 'uploads/rooms/images/room_36/image_05.jpg', '/rooms/images/room_36/image_05.jpg', 88912, 'image/jpeg', 'jpg', false, 'ROOM', 56, 'READY', NOW(), NOW(), 0);
INSERT INTO central_media_files (id, owner_id, category, original_name, file_name, file_path, file_url, file_size, mime_type, extension, is_primary, reference_type, reference_id, status, created_at, updated_at, version) VALUES (391, 3, 'POST_VIDEO', 'video_01 (1).mp4', 'video_01_1.mp4', 'uploads/posts/videos/room_36/video_01_1.mp4', '/posts/videos/room_36/video_01_1.mp4', 18948568, 'video/mp4', 'mp4', true, 'POST', 56, 'READY', NOW(), NOW(), 0);
INSERT INTO central_media_files (id, owner_id, category, original_name, file_name, file_path, file_url, file_size, mime_type, extension, is_primary, reference_type, reference_id, status, created_at, updated_at, version) VALUES (392, 4, 'ROOM_THUMBNAIL', 'image_01 (1).jpg', 'image_01_1.jpg', 'uploads/rooms/images/room_37/image_01_1.jpg', '/rooms/images/room_37/image_01_1.jpg', 105801, 'image/jpeg', 'jpg', true, 'ROOM', 57, 'READY', NOW(), NOW(), 0);
INSERT INTO central_media_files (id, owner_id, category, original_name, file_name, file_path, file_url, file_size, mime_type, extension, is_primary, reference_type, reference_id, status, created_at, updated_at, version) VALUES (393, 4, 'ROOM_IMAGE', 'image_02 (1).jpg', 'image_02_1.jpg', 'uploads/rooms/images/room_37/image_02_1.jpg', '/rooms/images/room_37/image_02_1.jpg', 66974, 'image/jpeg', 'jpg', false, 'ROOM', 57, 'READY', NOW(), NOW(), 0);
INSERT INTO central_media_files (id, owner_id, category, original_name, file_name, file_path, file_url, file_size, mime_type, extension, is_primary, reference_type, reference_id, status, created_at, updated_at, version) VALUES (394, 4, 'ROOM_IMAGE', 'image_03 (1).jpg', 'image_03_1.jpg', 'uploads/rooms/images/room_37/image_03_1.jpg', '/rooms/images/room_37/image_03_1.jpg', 93459, 'image/jpeg', 'jpg', false, 'ROOM', 57, 'READY', NOW(), NOW(), 0);
INSERT INTO central_media_files (id, owner_id, category, original_name, file_name, file_path, file_url, file_size, mime_type, extension, is_primary, reference_type, reference_id, status, created_at, updated_at, version) VALUES (395, 4, 'POST_VIDEO', 'video_01 (1).mp4', 'video_01_1.mp4', 'uploads/posts/videos/room_37/video_01_1.mp4', '/posts/videos/room_37/video_01_1.mp4', 2134409, 'video/mp4', 'mp4', true, 'POST', 57, 'READY', NOW(), NOW(), 0);
INSERT INTO central_media_files (id, owner_id, category, original_name, file_name, file_path, file_url, file_size, mime_type, extension, is_primary, reference_type, reference_id, status, created_at, updated_at, version) VALUES (396, 2, 'ROOM_THUMBNAIL', 'image_01.jpg', 'image_01.jpg', 'uploads/rooms/images/room_38/image_01.jpg', '/rooms/images/room_38/image_01.jpg', 131037, 'image/jpeg', 'jpg', true, 'ROOM', 58, 'READY', NOW(), NOW(), 0);
INSERT INTO central_media_files (id, owner_id, category, original_name, file_name, file_path, file_url, file_size, mime_type, extension, is_primary, reference_type, reference_id, status, created_at, updated_at, version) VALUES (397, 2, 'ROOM_IMAGE', 'image_02.jpg', 'image_02.jpg', 'uploads/rooms/images/room_38/image_02.jpg', '/rooms/images/room_38/image_02.jpg', 83738, 'image/jpeg', 'jpg', false, 'ROOM', 58, 'READY', NOW(), NOW(), 0);
INSERT INTO central_media_files (id, owner_id, category, original_name, file_name, file_path, file_url, file_size, mime_type, extension, is_primary, reference_type, reference_id, status, created_at, updated_at, version) VALUES (398, 2, 'ROOM_IMAGE', 'image_03.jpg', 'image_03.jpg', 'uploads/rooms/images/room_38/image_03.jpg', '/rooms/images/room_38/image_03.jpg', 83371, 'image/jpeg', 'jpg', false, 'ROOM', 58, 'READY', NOW(), NOW(), 0);
INSERT INTO central_media_files (id, owner_id, category, original_name, file_name, file_path, file_url, file_size, mime_type, extension, is_primary, reference_type, reference_id, status, created_at, updated_at, version) VALUES (399, 2, 'ROOM_IMAGE', 'image_04.jpg', 'image_04.jpg', 'uploads/rooms/images/room_38/image_04.jpg', '/rooms/images/room_38/image_04.jpg', 80660, 'image/jpeg', 'jpg', false, 'ROOM', 58, 'READY', NOW(), NOW(), 0);
INSERT INTO central_media_files (id, owner_id, category, original_name, file_name, file_path, file_url, file_size, mime_type, extension, is_primary, reference_type, reference_id, status, created_at, updated_at, version) VALUES (400, 2, 'ROOM_IMAGE', 'image_05.jpg', 'image_05.jpg', 'uploads/rooms/images/room_38/image_05.jpg', '/rooms/images/room_38/image_05.jpg', 90833, 'image/jpeg', 'jpg', false, 'ROOM', 58, 'READY', NOW(), NOW(), 0);
INSERT INTO central_media_files (id, owner_id, category, original_name, file_name, file_path, file_url, file_size, mime_type, extension, is_primary, reference_type, reference_id, status, created_at, updated_at, version) VALUES (401, 2, 'ROOM_IMAGE', 'image_06.jpg', 'image_06.jpg', 'uploads/rooms/images/room_38/image_06.jpg', '/rooms/images/room_38/image_06.jpg', 122796, 'image/jpeg', 'jpg', false, 'ROOM', 58, 'READY', NOW(), NOW(), 0);
INSERT INTO central_media_files (id, owner_id, category, original_name, file_name, file_path, file_url, file_size, mime_type, extension, is_primary, reference_type, reference_id, status, created_at, updated_at, version) VALUES (402, 2, 'POST_VIDEO', 'video_01 (1).mp4', 'video_01_1.mp4', 'uploads/posts/videos/room_38/video_01_1.mp4', '/posts/videos/room_38/video_01_1.mp4', 3824746, 'video/mp4', 'mp4', true, 'POST', 58, 'READY', NOW(), NOW(), 0);
INSERT INTO central_media_files (id, owner_id, category, original_name, file_name, file_path, file_url, file_size, mime_type, extension, is_primary, reference_type, reference_id, status, created_at, updated_at, version) VALUES (403, 3, 'ROOM_THUMBNAIL', 'image_01.jpg', 'image_01.jpg', 'uploads/rooms/images/room_39/image_01.jpg', '/rooms/images/room_39/image_01.jpg', 79327, 'image/jpeg', 'jpg', true, 'ROOM', 59, 'READY', NOW(), NOW(), 0);
INSERT INTO central_media_files (id, owner_id, category, original_name, file_name, file_path, file_url, file_size, mime_type, extension, is_primary, reference_type, reference_id, status, created_at, updated_at, version) VALUES (404, 3, 'ROOM_IMAGE', 'image_02.jpg', 'image_02.jpg', 'uploads/rooms/images/room_39/image_02.jpg', '/rooms/images/room_39/image_02.jpg', 76650, 'image/jpeg', 'jpg', false, 'ROOM', 59, 'READY', NOW(), NOW(), 0);
INSERT INTO central_media_files (id, owner_id, category, original_name, file_name, file_path, file_url, file_size, mime_type, extension, is_primary, reference_type, reference_id, status, created_at, updated_at, version) VALUES (405, 3, 'ROOM_IMAGE', 'image_03.jpg', 'image_03.jpg', 'uploads/rooms/images/room_39/image_03.jpg', '/rooms/images/room_39/image_03.jpg', 81275, 'image/jpeg', 'jpg', false, 'ROOM', 59, 'READY', NOW(), NOW(), 0);
INSERT INTO central_media_files (id, owner_id, category, original_name, file_name, file_path, file_url, file_size, mime_type, extension, is_primary, reference_type, reference_id, status, created_at, updated_at, version) VALUES (406, 3, 'ROOM_IMAGE', 'image_04.jpg', 'image_04.jpg', 'uploads/rooms/images/room_39/image_04.jpg', '/rooms/images/room_39/image_04.jpg', 87171, 'image/jpeg', 'jpg', false, 'ROOM', 59, 'READY', NOW(), NOW(), 0);
INSERT INTO central_media_files (id, owner_id, category, original_name, file_name, file_path, file_url, file_size, mime_type, extension, is_primary, reference_type, reference_id, status, created_at, updated_at, version) VALUES (407, 3, 'ROOM_IMAGE', 'image_05.jpg', 'image_05.jpg', 'uploads/rooms/images/room_39/image_05.jpg', '/rooms/images/room_39/image_05.jpg', 58810, 'image/jpeg', 'jpg', false, 'ROOM', 59, 'READY', NOW(), NOW(), 0);
INSERT INTO central_media_files (id, owner_id, category, original_name, file_name, file_path, file_url, file_size, mime_type, extension, is_primary, reference_type, reference_id, status, created_at, updated_at, version) VALUES (408, 3, 'ROOM_IMAGE', 'image_06.jpg', 'image_06.jpg', 'uploads/rooms/images/room_39/image_06.jpg', '/rooms/images/room_39/image_06.jpg', 64221, 'image/jpeg', 'jpg', false, 'ROOM', 59, 'READY', NOW(), NOW(), 0);
INSERT INTO central_media_files (id, owner_id, category, original_name, file_name, file_path, file_url, file_size, mime_type, extension, is_primary, reference_type, reference_id, status, created_at, updated_at, version) VALUES (409, 3, 'POST_VIDEO', 'video_01 (1).mp4', 'video_01_1.mp4', 'uploads/posts/videos/room_39/video_01_1.mp4', '/posts/videos/room_39/video_01_1.mp4', 8398463, 'video/mp4', 'mp4', true, 'POST', 59, 'READY', NOW(), NOW(), 0);
INSERT INTO central_media_files (id, owner_id, category, original_name, file_name, file_path, file_url, file_size, mime_type, extension, is_primary, reference_type, reference_id, status, created_at, updated_at, version) VALUES (410, 4, 'ROOM_THUMBNAIL', 'image_01.jpg', 'image_01.jpg', 'uploads/rooms/images/room_40/image_01.jpg', '/rooms/images/room_40/image_01.jpg', 113702, 'image/jpeg', 'jpg', true, 'ROOM', 60, 'READY', NOW(), NOW(), 0);
INSERT INTO central_media_files (id, owner_id, category, original_name, file_name, file_path, file_url, file_size, mime_type, extension, is_primary, reference_type, reference_id, status, created_at, updated_at, version) VALUES (411, 4, 'ROOM_IMAGE', 'image_02.jpg', 'image_02.jpg', 'uploads/rooms/images/room_40/image_02.jpg', '/rooms/images/room_40/image_02.jpg', 132751, 'image/jpeg', 'jpg', false, 'ROOM', 60, 'READY', NOW(), NOW(), 0);
INSERT INTO central_media_files (id, owner_id, category, original_name, file_name, file_path, file_url, file_size, mime_type, extension, is_primary, reference_type, reference_id, status, created_at, updated_at, version) VALUES (412, 4, 'ROOM_IMAGE', 'image_03.jpg', 'image_03.jpg', 'uploads/rooms/images/room_40/image_03.jpg', '/rooms/images/room_40/image_03.jpg', 117515, 'image/jpeg', 'jpg', false, 'ROOM', 60, 'READY', NOW(), NOW(), 0);
INSERT INTO central_media_files (id, owner_id, category, original_name, file_name, file_path, file_url, file_size, mime_type, extension, is_primary, reference_type, reference_id, status, created_at, updated_at, version) VALUES (413, 4, 'ROOM_IMAGE', 'image_04.jpg', 'image_04.jpg', 'uploads/rooms/images/room_40/image_04.jpg', '/rooms/images/room_40/image_04.jpg', 115094, 'image/jpeg', 'jpg', false, 'ROOM', 60, 'READY', NOW(), NOW(), 0);
INSERT INTO central_media_files (id, owner_id, category, original_name, file_name, file_path, file_url, file_size, mime_type, extension, is_primary, reference_type, reference_id, status, created_at, updated_at, version) VALUES (414, 4, 'ROOM_IMAGE', 'image_05.jpg', 'image_05.jpg', 'uploads/rooms/images/room_40/image_05.jpg', '/rooms/images/room_40/image_05.jpg', 127613, 'image/jpeg', 'jpg', false, 'ROOM', 60, 'READY', NOW(), NOW(), 0);
INSERT INTO central_media_files (id, owner_id, category, original_name, file_name, file_path, file_url, file_size, mime_type, extension, is_primary, reference_type, reference_id, status, created_at, updated_at, version) VALUES (415, 4, 'ROOM_IMAGE', 'image_06.jpg', 'image_06.jpg', 'uploads/rooms/images/room_40/image_06.jpg', '/rooms/images/room_40/image_06.jpg', 92668, 'image/jpeg', 'jpg', false, 'ROOM', 60, 'READY', NOW(), NOW(), 0);
INSERT INTO central_media_files (id, owner_id, category, original_name, file_name, file_path, file_url, file_size, mime_type, extension, is_primary, reference_type, reference_id, status, created_at, updated_at, version) VALUES (416, 4, 'ROOM_IMAGE', 'image_07.jpg', 'image_07.jpg', 'uploads/rooms/images/room_40/image_07.jpg', '/rooms/images/room_40/image_07.jpg', 95236, 'image/jpeg', 'jpg', false, 'ROOM', 60, 'READY', NOW(), NOW(), 0);
INSERT INTO central_media_files (id, owner_id, category, original_name, file_name, file_path, file_url, file_size, mime_type, extension, is_primary, reference_type, reference_id, status, created_at, updated_at, version) VALUES (417, 4, 'ROOM_IMAGE', 'image_08.jpg', 'image_08.jpg', 'uploads/rooms/images/room_40/image_08.jpg', '/rooms/images/room_40/image_08.jpg', 98576, 'image/jpeg', 'jpg', false, 'ROOM', 60, 'READY', NOW(), NOW(), 0);
INSERT INTO central_media_files (id, owner_id, category, original_name, file_name, file_path, file_url, file_size, mime_type, extension, is_primary, reference_type, reference_id, status, created_at, updated_at, version) VALUES (418, 4, 'ROOM_IMAGE', 'image_09.jpg', 'image_09.jpg', 'uploads/rooms/images/room_40/image_09.jpg', '/rooms/images/room_40/image_09.jpg', 93523, 'image/jpeg', 'jpg', false, 'ROOM', 60, 'READY', NOW(), NOW(), 0);
INSERT INTO central_media_files (id, owner_id, category, original_name, file_name, file_path, file_url, file_size, mime_type, extension, is_primary, reference_type, reference_id, status, created_at, updated_at, version) VALUES (419, 4, 'POST_VIDEO', 'video_01 (1).mp4', 'video_01_1.mp4', 'uploads/posts/videos/room_40/video_01_1.mp4', '/posts/videos/room_40/video_01_1.mp4', 26449095, 'video/mp4', 'mp4', true, 'POST', 60, 'READY', NOW(), NOW(), 0);
INSERT INTO central_media_files (id, owner_id, category, original_name, file_name, file_path, file_url, file_size, mime_type, extension, is_primary, reference_type, reference_id, status, created_at, updated_at, version) VALUES (420, 2, 'ROOM_THUMBNAIL', 'image_01 (1).jpg', 'image_01_1.jpg', 'uploads/rooms/images/room_41/image_01_1.jpg', '/rooms/images/room_41/image_01_1.jpg', 74186, 'image/jpeg', 'jpg', true, 'ROOM', 61, 'READY', NOW(), NOW(), 0);
INSERT INTO central_media_files (id, owner_id, category, original_name, file_name, file_path, file_url, file_size, mime_type, extension, is_primary, reference_type, reference_id, status, created_at, updated_at, version) VALUES (421, 2, 'ROOM_IMAGE', 'image_02 (1).jpg', 'image_02_1.jpg', 'uploads/rooms/images/room_41/image_02_1.jpg', '/rooms/images/room_41/image_02_1.jpg', 89817, 'image/jpeg', 'jpg', false, 'ROOM', 61, 'READY', NOW(), NOW(), 0);
INSERT INTO central_media_files (id, owner_id, category, original_name, file_name, file_path, file_url, file_size, mime_type, extension, is_primary, reference_type, reference_id, status, created_at, updated_at, version) VALUES (422, 2, 'ROOM_IMAGE', 'image_03 (1).jpg', 'image_03_1.jpg', 'uploads/rooms/images/room_41/image_03_1.jpg', '/rooms/images/room_41/image_03_1.jpg', 93064, 'image/jpeg', 'jpg', false, 'ROOM', 61, 'READY', NOW(), NOW(), 0);
INSERT INTO central_media_files (id, owner_id, category, original_name, file_name, file_path, file_url, file_size, mime_type, extension, is_primary, reference_type, reference_id, status, created_at, updated_at, version) VALUES (423, 2, 'POST_VIDEO', 'video_01 (1).mp4', 'video_01_1.mp4', 'uploads/posts/videos/room_41/video_01_1.mp4', '/posts/videos/room_41/video_01_1.mp4', 3464488, 'video/mp4', 'mp4', true, 'POST', 61, 'READY', NOW(), NOW(), 0);
INSERT INTO central_media_files (id, owner_id, category, original_name, file_name, file_path, file_url, file_size, mime_type, extension, is_primary, reference_type, reference_id, status, created_at, updated_at, version) VALUES (424, 3, 'ROOM_THUMBNAIL', 'image_01 (1).jpg', 'image_01_1.jpg', 'uploads/rooms/images/room_42/image_01_1.jpg', '/rooms/images/room_42/image_01_1.jpg', 83928, 'image/jpeg', 'jpg', true, 'ROOM', 62, 'READY', NOW(), NOW(), 0);
INSERT INTO central_media_files (id, owner_id, category, original_name, file_name, file_path, file_url, file_size, mime_type, extension, is_primary, reference_type, reference_id, status, created_at, updated_at, version) VALUES (425, 3, 'ROOM_IMAGE', 'image_02 (1).jpg', 'image_02_1.jpg', 'uploads/rooms/images/room_42/image_02_1.jpg', '/rooms/images/room_42/image_02_1.jpg', 40733, 'image/jpeg', 'jpg', false, 'ROOM', 62, 'READY', NOW(), NOW(), 0);
INSERT INTO central_media_files (id, owner_id, category, original_name, file_name, file_path, file_url, file_size, mime_type, extension, is_primary, reference_type, reference_id, status, created_at, updated_at, version) VALUES (426, 3, 'ROOM_IMAGE', 'image_03 (1).jpg', 'image_03_1.jpg', 'uploads/rooms/images/room_42/image_03_1.jpg', '/rooms/images/room_42/image_03_1.jpg', 75285, 'image/jpeg', 'jpg', false, 'ROOM', 62, 'READY', NOW(), NOW(), 0);
INSERT INTO central_media_files (id, owner_id, category, original_name, file_name, file_path, file_url, file_size, mime_type, extension, is_primary, reference_type, reference_id, status, created_at, updated_at, version) VALUES (427, 3, 'ROOM_IMAGE', 'image_04 (1).jpg', 'image_04_1.jpg', 'uploads/rooms/images/room_42/image_04_1.jpg', '/rooms/images/room_42/image_04_1.jpg', 43156, 'image/jpeg', 'jpg', false, 'ROOM', 62, 'READY', NOW(), NOW(), 0);
INSERT INTO central_media_files (id, owner_id, category, original_name, file_name, file_path, file_url, file_size, mime_type, extension, is_primary, reference_type, reference_id, status, created_at, updated_at, version) VALUES (428, 3, 'ROOM_IMAGE', 'image_05.jpg', 'image_05.jpg', 'uploads/rooms/images/room_42/image_05.jpg', '/rooms/images/room_42/image_05.jpg', 39625, 'image/jpeg', 'jpg', false, 'ROOM', 62, 'READY', NOW(), NOW(), 0);
INSERT INTO central_media_files (id, owner_id, category, original_name, file_name, file_path, file_url, file_size, mime_type, extension, is_primary, reference_type, reference_id, status, created_at, updated_at, version) VALUES (429, 3, 'ROOM_IMAGE', 'image_06.jpg', 'image_06.jpg', 'uploads/rooms/images/room_42/image_06.jpg', '/rooms/images/room_42/image_06.jpg', 29522, 'image/jpeg', 'jpg', false, 'ROOM', 62, 'READY', NOW(), NOW(), 0);
INSERT INTO central_media_files (id, owner_id, category, original_name, file_name, file_path, file_url, file_size, mime_type, extension, is_primary, reference_type, reference_id, status, created_at, updated_at, version) VALUES (430, 3, 'ROOM_IMAGE', 'image_07.jpg', 'image_07.jpg', 'uploads/rooms/images/room_42/image_07.jpg', '/rooms/images/room_42/image_07.jpg', 78094, 'image/jpeg', 'jpg', false, 'ROOM', 62, 'READY', NOW(), NOW(), 0);
INSERT INTO central_media_files (id, owner_id, category, original_name, file_name, file_path, file_url, file_size, mime_type, extension, is_primary, reference_type, reference_id, status, created_at, updated_at, version) VALUES (431, 3, 'ROOM_IMAGE', 'image_08.jpg', 'image_08.jpg', 'uploads/rooms/images/room_42/image_08.jpg', '/rooms/images/room_42/image_08.jpg', 85232, 'image/jpeg', 'jpg', false, 'ROOM', 62, 'READY', NOW(), NOW(), 0);
INSERT INTO central_media_files (id, owner_id, category, original_name, file_name, file_path, file_url, file_size, mime_type, extension, is_primary, reference_type, reference_id, status, created_at, updated_at, version) VALUES (432, 3, 'POST_VIDEO', 'video_01 (1).mp4', 'video_01_1.mp4', 'uploads/posts/videos/room_42/video_01_1.mp4', '/posts/videos/room_42/video_01_1.mp4', 1381477, 'video/mp4', 'mp4', true, 'POST', 62, 'READY', NOW(), NOW(), 0);
INSERT INTO central_media_files (id, owner_id, category, original_name, file_name, file_path, file_url, file_size, mime_type, extension, is_primary, reference_type, reference_id, status, created_at, updated_at, version) VALUES (433, 4, 'ROOM_THUMBNAIL', 'image_01 (1).jpg', 'image_01_1.jpg', 'uploads/rooms/images/room_43/image_01_1.jpg', '/rooms/images/room_43/image_01_1.jpg', 85718, 'image/jpeg', 'jpg', true, 'ROOM', 63, 'READY', NOW(), NOW(), 0);
INSERT INTO central_media_files (id, owner_id, category, original_name, file_name, file_path, file_url, file_size, mime_type, extension, is_primary, reference_type, reference_id, status, created_at, updated_at, version) VALUES (434, 4, 'ROOM_IMAGE', 'image_02 (1).jpg', 'image_02_1.jpg', 'uploads/rooms/images/room_43/image_02_1.jpg', '/rooms/images/room_43/image_02_1.jpg', 87849, 'image/jpeg', 'jpg', false, 'ROOM', 63, 'READY', NOW(), NOW(), 0);
INSERT INTO central_media_files (id, owner_id, category, original_name, file_name, file_path, file_url, file_size, mime_type, extension, is_primary, reference_type, reference_id, status, created_at, updated_at, version) VALUES (435, 4, 'ROOM_IMAGE', 'image_03 (1).jpg', 'image_03_1.jpg', 'uploads/rooms/images/room_43/image_03_1.jpg', '/rooms/images/room_43/image_03_1.jpg', 85201, 'image/jpeg', 'jpg', false, 'ROOM', 63, 'READY', NOW(), NOW(), 0);
INSERT INTO central_media_files (id, owner_id, category, original_name, file_name, file_path, file_url, file_size, mime_type, extension, is_primary, reference_type, reference_id, status, created_at, updated_at, version) VALUES (436, 4, 'ROOM_IMAGE', 'image_04 (1).jpg', 'image_04_1.jpg', 'uploads/rooms/images/room_43/image_04_1.jpg', '/rooms/images/room_43/image_04_1.jpg', 84676, 'image/jpeg', 'jpg', false, 'ROOM', 63, 'READY', NOW(), NOW(), 0);
INSERT INTO central_media_files (id, owner_id, category, original_name, file_name, file_path, file_url, file_size, mime_type, extension, is_primary, reference_type, reference_id, status, created_at, updated_at, version) VALUES (437, 4, 'ROOM_IMAGE', 'image_05.jpg', 'image_05.jpg', 'uploads/rooms/images/room_43/image_05.jpg', '/rooms/images/room_43/image_05.jpg', 87415, 'image/jpeg', 'jpg', false, 'ROOM', 63, 'READY', NOW(), NOW(), 0);
INSERT INTO central_media_files (id, owner_id, category, original_name, file_name, file_path, file_url, file_size, mime_type, extension, is_primary, reference_type, reference_id, status, created_at, updated_at, version) VALUES (438, 4, 'POST_VIDEO', 'video_01 (1).mp4', 'video_01_1.mp4', 'uploads/posts/videos/room_43/video_01_1.mp4', '/posts/videos/room_43/video_01_1.mp4', 6824439, 'video/mp4', 'mp4', true, 'POST', 63, 'READY', NOW(), NOW(), 0);
INSERT INTO central_media_files (id, owner_id, category, original_name, file_name, file_path, file_url, file_size, mime_type, extension, is_primary, reference_type, reference_id, status, created_at, updated_at, version) VALUES (439, 2, 'ROOM_THUMBNAIL', 'image_01 (1).jpg', 'image_01_1.jpg', 'uploads/rooms/images/room_44/image_01_1.jpg', '/rooms/images/room_44/image_01_1.jpg', 45111, 'image/jpeg', 'jpg', true, 'ROOM', 64, 'READY', NOW(), NOW(), 0);
INSERT INTO central_media_files (id, owner_id, category, original_name, file_name, file_path, file_url, file_size, mime_type, extension, is_primary, reference_type, reference_id, status, created_at, updated_at, version) VALUES (440, 2, 'ROOM_IMAGE', 'image_02 (1).jpg', 'image_02_1.jpg', 'uploads/rooms/images/room_44/image_02_1.jpg', '/rooms/images/room_44/image_02_1.jpg', 71340, 'image/jpeg', 'jpg', false, 'ROOM', 64, 'READY', NOW(), NOW(), 0);
INSERT INTO central_media_files (id, owner_id, category, original_name, file_name, file_path, file_url, file_size, mime_type, extension, is_primary, reference_type, reference_id, status, created_at, updated_at, version) VALUES (441, 2, 'ROOM_IMAGE', 'image_03 (1).jpg', 'image_03_1.jpg', 'uploads/rooms/images/room_44/image_03_1.jpg', '/rooms/images/room_44/image_03_1.jpg', 49876, 'image/jpeg', 'jpg', false, 'ROOM', 64, 'READY', NOW(), NOW(), 0);
INSERT INTO central_media_files (id, owner_id, category, original_name, file_name, file_path, file_url, file_size, mime_type, extension, is_primary, reference_type, reference_id, status, created_at, updated_at, version) VALUES (442, 2, 'ROOM_IMAGE', 'image_04 (1).jpg', 'image_04_1.jpg', 'uploads/rooms/images/room_44/image_04_1.jpg', '/rooms/images/room_44/image_04_1.jpg', 52511, 'image/jpeg', 'jpg', false, 'ROOM', 64, 'READY', NOW(), NOW(), 0);
INSERT INTO central_media_files (id, owner_id, category, original_name, file_name, file_path, file_url, file_size, mime_type, extension, is_primary, reference_type, reference_id, status, created_at, updated_at, version) VALUES (443, 2, 'ROOM_IMAGE', 'image_05.jpg', 'image_05.jpg', 'uploads/rooms/images/room_44/image_05.jpg', '/rooms/images/room_44/image_05.jpg', 49532, 'image/jpeg', 'jpg', false, 'ROOM', 64, 'READY', NOW(), NOW(), 0);
INSERT INTO central_media_files (id, owner_id, category, original_name, file_name, file_path, file_url, file_size, mime_type, extension, is_primary, reference_type, reference_id, status, created_at, updated_at, version) VALUES (444, 2, 'ROOM_IMAGE', 'image_06.jpg', 'image_06.jpg', 'uploads/rooms/images/room_44/image_06.jpg', '/rooms/images/room_44/image_06.jpg', 62612, 'image/jpeg', 'jpg', false, 'ROOM', 64, 'READY', NOW(), NOW(), 0);
INSERT INTO central_media_files (id, owner_id, category, original_name, file_name, file_path, file_url, file_size, mime_type, extension, is_primary, reference_type, reference_id, status, created_at, updated_at, version) VALUES (445, 2, 'ROOM_IMAGE', 'image_07.jpg', 'image_07.jpg', 'uploads/rooms/images/room_44/image_07.jpg', '/rooms/images/room_44/image_07.jpg', 40685, 'image/jpeg', 'jpg', false, 'ROOM', 64, 'READY', NOW(), NOW(), 0);
INSERT INTO central_media_files (id, owner_id, category, original_name, file_name, file_path, file_url, file_size, mime_type, extension, is_primary, reference_type, reference_id, status, created_at, updated_at, version) VALUES (446, 2, 'ROOM_IMAGE', 'image_08.jpg', 'image_08.jpg', 'uploads/rooms/images/room_44/image_08.jpg', '/rooms/images/room_44/image_08.jpg', 119311, 'image/jpeg', 'jpg', false, 'ROOM', 64, 'READY', NOW(), NOW(), 0);
INSERT INTO central_media_files (id, owner_id, category, original_name, file_name, file_path, file_url, file_size, mime_type, extension, is_primary, reference_type, reference_id, status, created_at, updated_at, version) VALUES (447, 2, 'ROOM_IMAGE', 'image_09.jpg', 'image_09.jpg', 'uploads/rooms/images/room_44/image_09.jpg', '/rooms/images/room_44/image_09.jpg', 82578, 'image/jpeg', 'jpg', false, 'ROOM', 64, 'READY', NOW(), NOW(), 0);
INSERT INTO central_media_files (id, owner_id, category, original_name, file_name, file_path, file_url, file_size, mime_type, extension, is_primary, reference_type, reference_id, status, created_at, updated_at, version) VALUES (448, 2, 'ROOM_IMAGE', 'image_10.jpg', 'image_10.jpg', 'uploads/rooms/images/room_44/image_10.jpg', '/rooms/images/room_44/image_10.jpg', 97346, 'image/jpeg', 'jpg', false, 'ROOM', 64, 'READY', NOW(), NOW(), 0);
INSERT INTO central_media_files (id, owner_id, category, original_name, file_name, file_path, file_url, file_size, mime_type, extension, is_primary, reference_type, reference_id, status, created_at, updated_at, version) VALUES (449, 2, 'ROOM_IMAGE', 'image_11.jpg', 'image_11.jpg', 'uploads/rooms/images/room_44/image_11.jpg', '/rooms/images/room_44/image_11.jpg', 61022, 'image/jpeg', 'jpg', false, 'ROOM', 64, 'READY', NOW(), NOW(), 0);
INSERT INTO central_media_files (id, owner_id, category, original_name, file_name, file_path, file_url, file_size, mime_type, extension, is_primary, reference_type, reference_id, status, created_at, updated_at, version) VALUES (450, 2, 'POST_VIDEO', 'video_01 (1).mp4', 'video_01_1.mp4', 'uploads/posts/videos/room_44/video_01_1.mp4', '/posts/videos/room_44/video_01_1.mp4', 11384936, 'video/mp4', 'mp4', true, 'POST', 64, 'READY', NOW(), NOW(), 0);
INSERT INTO central_media_files (id, owner_id, category, original_name, file_name, file_path, file_url, file_size, mime_type, extension, is_primary, reference_type, reference_id, status, created_at, updated_at, version) VALUES (451, 3, 'ROOM_THUMBNAIL', 'image_01 (1).jpg', 'image_01_1.jpg', 'uploads/rooms/images/room_45/image_01_1.jpg', '/rooms/images/room_45/image_01_1.jpg', 92568, 'image/jpeg', 'jpg', true, 'ROOM', 65, 'READY', NOW(), NOW(), 0);
INSERT INTO central_media_files (id, owner_id, category, original_name, file_name, file_path, file_url, file_size, mime_type, extension, is_primary, reference_type, reference_id, status, created_at, updated_at, version) VALUES (452, 3, 'ROOM_IMAGE', 'image_02 (1).jpg', 'image_02_1.jpg', 'uploads/rooms/images/room_45/image_02_1.jpg', '/rooms/images/room_45/image_02_1.jpg', 95242, 'image/jpeg', 'jpg', false, 'ROOM', 65, 'READY', NOW(), NOW(), 0);
INSERT INTO central_media_files (id, owner_id, category, original_name, file_name, file_path, file_url, file_size, mime_type, extension, is_primary, reference_type, reference_id, status, created_at, updated_at, version) VALUES (453, 3, 'ROOM_IMAGE', 'image_03 (1).jpg', 'image_03_1.jpg', 'uploads/rooms/images/room_45/image_03_1.jpg', '/rooms/images/room_45/image_03_1.jpg', 95886, 'image/jpeg', 'jpg', false, 'ROOM', 65, 'READY', NOW(), NOW(), 0);
INSERT INTO central_media_files (id, owner_id, category, original_name, file_name, file_path, file_url, file_size, mime_type, extension, is_primary, reference_type, reference_id, status, created_at, updated_at, version) VALUES (454, 3, 'ROOM_IMAGE', 'image_04 (1).jpg', 'image_04_1.jpg', 'uploads/rooms/images/room_45/image_04_1.jpg', '/rooms/images/room_45/image_04_1.jpg', 89609, 'image/jpeg', 'jpg', false, 'ROOM', 65, 'READY', NOW(), NOW(), 0);
INSERT INTO central_media_files (id, owner_id, category, original_name, file_name, file_path, file_url, file_size, mime_type, extension, is_primary, reference_type, reference_id, status, created_at, updated_at, version) VALUES (455, 3, 'ROOM_IMAGE', 'image_05.jpg', 'image_05.jpg', 'uploads/rooms/images/room_45/image_05.jpg', '/rooms/images/room_45/image_05.jpg', 97740, 'image/jpeg', 'jpg', false, 'ROOM', 65, 'READY', NOW(), NOW(), 0);
INSERT INTO central_media_files (id, owner_id, category, original_name, file_name, file_path, file_url, file_size, mime_type, extension, is_primary, reference_type, reference_id, status, created_at, updated_at, version) VALUES (456, 3, 'ROOM_IMAGE', 'image_06.jpg', 'image_06.jpg', 'uploads/rooms/images/room_45/image_06.jpg', '/rooms/images/room_45/image_06.jpg', 115611, 'image/jpeg', 'jpg', false, 'ROOM', 65, 'READY', NOW(), NOW(), 0);
INSERT INTO central_media_files (id, owner_id, category, original_name, file_name, file_path, file_url, file_size, mime_type, extension, is_primary, reference_type, reference_id, status, created_at, updated_at, version) VALUES (457, 3, 'ROOM_IMAGE', 'image_07.jpg', 'image_07.jpg', 'uploads/rooms/images/room_45/image_07.jpg', '/rooms/images/room_45/image_07.jpg', 74287, 'image/jpeg', 'jpg', false, 'ROOM', 65, 'READY', NOW(), NOW(), 0);
INSERT INTO central_media_files (id, owner_id, category, original_name, file_name, file_path, file_url, file_size, mime_type, extension, is_primary, reference_type, reference_id, status, created_at, updated_at, version) VALUES (458, 3, 'ROOM_IMAGE', 'image_08.jpg', 'image_08.jpg', 'uploads/rooms/images/room_45/image_08.jpg', '/rooms/images/room_45/image_08.jpg', 78820, 'image/jpeg', 'jpg', false, 'ROOM', 65, 'READY', NOW(), NOW(), 0);
INSERT INTO central_media_files (id, owner_id, category, original_name, file_name, file_path, file_url, file_size, mime_type, extension, is_primary, reference_type, reference_id, status, created_at, updated_at, version) VALUES (459, 3, 'POST_VIDEO', 'video_01 (1).mp4', 'video_01_1.mp4', 'uploads/posts/videos/room_45/video_01_1.mp4', '/posts/videos/room_45/video_01_1.mp4', 20685952, 'video/mp4', 'mp4', true, 'POST', 65, 'READY', NOW(), NOW(), 0);
INSERT INTO central_media_files (id, owner_id, category, original_name, file_name, file_path, file_url, file_size, mime_type, extension, is_primary, reference_type, reference_id, status, created_at, updated_at, version) VALUES (460, 4, 'ROOM_THUMBNAIL', 'image_01 (1).jpg', 'image_01_1.jpg', 'uploads/rooms/images/room_46/image_01_1.jpg', '/rooms/images/room_46/image_01_1.jpg', 93137, 'image/jpeg', 'jpg', true, 'ROOM', 66, 'READY', NOW(), NOW(), 0);
INSERT INTO central_media_files (id, owner_id, category, original_name, file_name, file_path, file_url, file_size, mime_type, extension, is_primary, reference_type, reference_id, status, created_at, updated_at, version) VALUES (461, 4, 'ROOM_IMAGE', 'image_02 (1).jpg', 'image_02_1.jpg', 'uploads/rooms/images/room_46/image_02_1.jpg', '/rooms/images/room_46/image_02_1.jpg', 89421, 'image/jpeg', 'jpg', false, 'ROOM', 66, 'READY', NOW(), NOW(), 0);
INSERT INTO central_media_files (id, owner_id, category, original_name, file_name, file_path, file_url, file_size, mime_type, extension, is_primary, reference_type, reference_id, status, created_at, updated_at, version) VALUES (462, 4, 'ROOM_IMAGE', 'image_03 (1).jpg', 'image_03_1.jpg', 'uploads/rooms/images/room_46/image_03_1.jpg', '/rooms/images/room_46/image_03_1.jpg', 94520, 'image/jpeg', 'jpg', false, 'ROOM', 66, 'READY', NOW(), NOW(), 0);
INSERT INTO central_media_files (id, owner_id, category, original_name, file_name, file_path, file_url, file_size, mime_type, extension, is_primary, reference_type, reference_id, status, created_at, updated_at, version) VALUES (463, 4, 'ROOM_IMAGE', 'image_04 (1).jpg', 'image_04_1.jpg', 'uploads/rooms/images/room_46/image_04_1.jpg', '/rooms/images/room_46/image_04_1.jpg', 178934, 'image/jpeg', 'jpg', false, 'ROOM', 66, 'READY', NOW(), NOW(), 0);
INSERT INTO central_media_files (id, owner_id, category, original_name, file_name, file_path, file_url, file_size, mime_type, extension, is_primary, reference_type, reference_id, status, created_at, updated_at, version) VALUES (464, 4, 'ROOM_IMAGE', 'image_05.jpg', 'image_05.jpg', 'uploads/rooms/images/room_46/image_05.jpg', '/rooms/images/room_46/image_05.jpg', 178861, 'image/jpeg', 'jpg', false, 'ROOM', 66, 'READY', NOW(), NOW(), 0);
INSERT INTO central_media_files (id, owner_id, category, original_name, file_name, file_path, file_url, file_size, mime_type, extension, is_primary, reference_type, reference_id, status, created_at, updated_at, version) VALUES (465, 4, 'POST_VIDEO', 'video_01 (1).mp4', 'video_01_1.mp4', 'uploads/posts/videos/room_46/video_01_1.mp4', '/posts/videos/room_46/video_01_1.mp4', 4653700, 'video/mp4', 'mp4', true, 'POST', 66, 'READY', NOW(), NOW(), 0);
INSERT INTO central_media_files (id, owner_id, category, original_name, file_name, file_path, file_url, file_size, mime_type, extension, is_primary, reference_type, reference_id, status, created_at, updated_at, version) VALUES (466, 2, 'ROOM_THUMBNAIL', 'image_01.jpg', 'image_01.jpg', 'uploads/rooms/images/room_47/image_01.jpg', '/rooms/images/room_47/image_01.jpg', 101083, 'image/jpeg', 'jpg', true, 'ROOM', 67, 'READY', NOW(), NOW(), 0);
INSERT INTO central_media_files (id, owner_id, category, original_name, file_name, file_path, file_url, file_size, mime_type, extension, is_primary, reference_type, reference_id, status, created_at, updated_at, version) VALUES (467, 2, 'ROOM_IMAGE', 'image_02.jpg', 'image_02.jpg', 'uploads/rooms/images/room_47/image_02.jpg', '/rooms/images/room_47/image_02.jpg', 85753, 'image/jpeg', 'jpg', false, 'ROOM', 67, 'READY', NOW(), NOW(), 0);
INSERT INTO central_media_files (id, owner_id, category, original_name, file_name, file_path, file_url, file_size, mime_type, extension, is_primary, reference_type, reference_id, status, created_at, updated_at, version) VALUES (468, 2, 'ROOM_IMAGE', 'image_03.jpg', 'image_03.jpg', 'uploads/rooms/images/room_47/image_03.jpg', '/rooms/images/room_47/image_03.jpg', 73095, 'image/jpeg', 'jpg', false, 'ROOM', 67, 'READY', NOW(), NOW(), 0);
INSERT INTO central_media_files (id, owner_id, category, original_name, file_name, file_path, file_url, file_size, mime_type, extension, is_primary, reference_type, reference_id, status, created_at, updated_at, version) VALUES (469, 2, 'ROOM_IMAGE', 'image_04.jpg', 'image_04.jpg', 'uploads/rooms/images/room_47/image_04.jpg', '/rooms/images/room_47/image_04.jpg', 93219, 'image/jpeg', 'jpg', false, 'ROOM', 67, 'READY', NOW(), NOW(), 0);
INSERT INTO central_media_files (id, owner_id, category, original_name, file_name, file_path, file_url, file_size, mime_type, extension, is_primary, reference_type, reference_id, status, created_at, updated_at, version) VALUES (470, 2, 'ROOM_IMAGE', 'image_05.jpg', 'image_05.jpg', 'uploads/rooms/images/room_47/image_05.jpg', '/rooms/images/room_47/image_05.jpg', 70358, 'image/jpeg', 'jpg', false, 'ROOM', 67, 'READY', NOW(), NOW(), 0);
INSERT INTO central_media_files (id, owner_id, category, original_name, file_name, file_path, file_url, file_size, mime_type, extension, is_primary, reference_type, reference_id, status, created_at, updated_at, version) VALUES (471, 2, 'ROOM_IMAGE', 'image_06.jpg', 'image_06.jpg', 'uploads/rooms/images/room_47/image_06.jpg', '/rooms/images/room_47/image_06.jpg', 90615, 'image/jpeg', 'jpg', false, 'ROOM', 67, 'READY', NOW(), NOW(), 0);
INSERT INTO central_media_files (id, owner_id, category, original_name, file_name, file_path, file_url, file_size, mime_type, extension, is_primary, reference_type, reference_id, status, created_at, updated_at, version) VALUES (472, 2, 'POST_VIDEO', 'video_01 (1).mp4', 'video_01_1.mp4', 'uploads/posts/videos/room_47/video_01_1.mp4', '/posts/videos/room_47/video_01_1.mp4', 7286807, 'video/mp4', 'mp4', true, 'POST', 67, 'READY', NOW(), NOW(), 0);
INSERT INTO central_media_files (id, owner_id, category, original_name, file_name, file_path, file_url, file_size, mime_type, extension, is_primary, reference_type, reference_id, status, created_at, updated_at, version) VALUES (473, 3, 'ROOM_THUMBNAIL', 'image_01 (1).jpg', 'image_01_1.jpg', 'uploads/rooms/images/room_48/image_01_1.jpg', '/rooms/images/room_48/image_01_1.jpg', 60613, 'image/jpeg', 'jpg', true, 'ROOM', 68, 'READY', NOW(), NOW(), 0);
INSERT INTO central_media_files (id, owner_id, category, original_name, file_name, file_path, file_url, file_size, mime_type, extension, is_primary, reference_type, reference_id, status, created_at, updated_at, version) VALUES (474, 3, 'ROOM_IMAGE', 'image_02 (1).jpg', 'image_02_1.jpg', 'uploads/rooms/images/room_48/image_02_1.jpg', '/rooms/images/room_48/image_02_1.jpg', 54559, 'image/jpeg', 'jpg', false, 'ROOM', 68, 'READY', NOW(), NOW(), 0);
INSERT INTO central_media_files (id, owner_id, category, original_name, file_name, file_path, file_url, file_size, mime_type, extension, is_primary, reference_type, reference_id, status, created_at, updated_at, version) VALUES (475, 3, 'ROOM_IMAGE', 'image_03 (1).jpg', 'image_03_1.jpg', 'uploads/rooms/images/room_48/image_03_1.jpg', '/rooms/images/room_48/image_03_1.jpg', 53805, 'image/jpeg', 'jpg', false, 'ROOM', 68, 'READY', NOW(), NOW(), 0);
INSERT INTO central_media_files (id, owner_id, category, original_name, file_name, file_path, file_url, file_size, mime_type, extension, is_primary, reference_type, reference_id, status, created_at, updated_at, version) VALUES (476, 3, 'ROOM_IMAGE', 'image_04 (1).jpg', 'image_04_1.jpg', 'uploads/rooms/images/room_48/image_04_1.jpg', '/rooms/images/room_48/image_04_1.jpg', 61173, 'image/jpeg', 'jpg', false, 'ROOM', 68, 'READY', NOW(), NOW(), 0);
INSERT INTO central_media_files (id, owner_id, category, original_name, file_name, file_path, file_url, file_size, mime_type, extension, is_primary, reference_type, reference_id, status, created_at, updated_at, version) VALUES (477, 3, 'ROOM_IMAGE', 'image_05.jpg', 'image_05.jpg', 'uploads/rooms/images/room_48/image_05.jpg', '/rooms/images/room_48/image_05.jpg', 58809, 'image/jpeg', 'jpg', false, 'ROOM', 68, 'READY', NOW(), NOW(), 0);
INSERT INTO central_media_files (id, owner_id, category, original_name, file_name, file_path, file_url, file_size, mime_type, extension, is_primary, reference_type, reference_id, status, created_at, updated_at, version) VALUES (478, 3, 'POST_VIDEO', 'video_01 (1).mp4', 'video_01_1.mp4', 'uploads/posts/videos/room_48/video_01_1.mp4', '/posts/videos/room_48/video_01_1.mp4', 3085645, 'video/mp4', 'mp4', true, 'POST', 68, 'READY', NOW(), NOW(), 0);
INSERT INTO central_media_files (id, owner_id, category, original_name, file_name, file_path, file_url, file_size, mime_type, extension, is_primary, reference_type, reference_id, status, created_at, updated_at, version) VALUES (479, 4, 'ROOM_THUMBNAIL', 'image_01 (1).jpg', 'image_01_1.jpg', 'uploads/rooms/images/room_49/image_01_1.jpg', '/rooms/images/room_49/image_01_1.jpg', 94496, 'image/jpeg', 'jpg', true, 'ROOM', 69, 'READY', NOW(), NOW(), 0);
INSERT INTO central_media_files (id, owner_id, category, original_name, file_name, file_path, file_url, file_size, mime_type, extension, is_primary, reference_type, reference_id, status, created_at, updated_at, version) VALUES (480, 4, 'ROOM_IMAGE', 'image_02 (1).jpg', 'image_02_1.jpg', 'uploads/rooms/images/room_49/image_02_1.jpg', '/rooms/images/room_49/image_02_1.jpg', 108685, 'image/jpeg', 'jpg', false, 'ROOM', 69, 'READY', NOW(), NOW(), 0);
INSERT INTO central_media_files (id, owner_id, category, original_name, file_name, file_path, file_url, file_size, mime_type, extension, is_primary, reference_type, reference_id, status, created_at, updated_at, version) VALUES (481, 4, 'ROOM_IMAGE', 'image_03 (1).jpg', 'image_03_1.jpg', 'uploads/rooms/images/room_49/image_03_1.jpg', '/rooms/images/room_49/image_03_1.jpg', 94565, 'image/jpeg', 'jpg', false, 'ROOM', 69, 'READY', NOW(), NOW(), 0);
INSERT INTO central_media_files (id, owner_id, category, original_name, file_name, file_path, file_url, file_size, mime_type, extension, is_primary, reference_type, reference_id, status, created_at, updated_at, version) VALUES (482, 4, 'ROOM_IMAGE', 'image_04 (1).jpg', 'image_04_1.jpg', 'uploads/rooms/images/room_49/image_04_1.jpg', '/rooms/images/room_49/image_04_1.jpg', 71932, 'image/jpeg', 'jpg', false, 'ROOM', 69, 'READY', NOW(), NOW(), 0);
INSERT INTO central_media_files (id, owner_id, category, original_name, file_name, file_path, file_url, file_size, mime_type, extension, is_primary, reference_type, reference_id, status, created_at, updated_at, version) VALUES (483, 4, 'ROOM_IMAGE', 'image_05.jpg', 'image_05.jpg', 'uploads/rooms/images/room_49/image_05.jpg', '/rooms/images/room_49/image_05.jpg', 95509, 'image/jpeg', 'jpg', false, 'ROOM', 69, 'READY', NOW(), NOW(), 0);
INSERT INTO central_media_files (id, owner_id, category, original_name, file_name, file_path, file_url, file_size, mime_type, extension, is_primary, reference_type, reference_id, status, created_at, updated_at, version) VALUES (484, 4, 'ROOM_IMAGE', 'image_06.jpg', 'image_06.jpg', 'uploads/rooms/images/room_49/image_06.jpg', '/rooms/images/room_49/image_06.jpg', 173644, 'image/jpeg', 'jpg', false, 'ROOM', 69, 'READY', NOW(), NOW(), 0);
INSERT INTO central_media_files (id, owner_id, category, original_name, file_name, file_path, file_url, file_size, mime_type, extension, is_primary, reference_type, reference_id, status, created_at, updated_at, version) VALUES (485, 4, 'POST_VIDEO', 'video_01 (1).mp4', 'video_01_1.mp4', 'uploads/posts/videos/room_49/video_01_1.mp4', '/posts/videos/room_49/video_01_1.mp4', 7018810, 'video/mp4', 'mp4', true, 'POST', 69, 'READY', NOW(), NOW(), 0);
INSERT INTO central_media_files (id, owner_id, category, original_name, file_name, file_path, file_url, file_size, mime_type, extension, is_primary, reference_type, reference_id, status, created_at, updated_at, version) VALUES (486, 2, 'ROOM_THUMBNAIL', 'image_01 (1).jpg', 'image_01_1.jpg', 'uploads/rooms/images/room_50/image_01_1.jpg', '/rooms/images/room_50/image_01_1.jpg', 107415, 'image/jpeg', 'jpg', true, 'ROOM', 70, 'READY', NOW(), NOW(), 0);
INSERT INTO central_media_files (id, owner_id, category, original_name, file_name, file_path, file_url, file_size, mime_type, extension, is_primary, reference_type, reference_id, status, created_at, updated_at, version) VALUES (487, 2, 'ROOM_IMAGE', 'image_02 (1).jpg', 'image_02_1.jpg', 'uploads/rooms/images/room_50/image_02_1.jpg', '/rooms/images/room_50/image_02_1.jpg', 122243, 'image/jpeg', 'jpg', false, 'ROOM', 70, 'READY', NOW(), NOW(), 0);
INSERT INTO central_media_files (id, owner_id, category, original_name, file_name, file_path, file_url, file_size, mime_type, extension, is_primary, reference_type, reference_id, status, created_at, updated_at, version) VALUES (488, 2, 'ROOM_IMAGE', 'image_03 (1).jpg', 'image_03_1.jpg', 'uploads/rooms/images/room_50/image_03_1.jpg', '/rooms/images/room_50/image_03_1.jpg', 54597, 'image/jpeg', 'jpg', false, 'ROOM', 70, 'READY', NOW(), NOW(), 0);
INSERT INTO central_media_files (id, owner_id, category, original_name, file_name, file_path, file_url, file_size, mime_type, extension, is_primary, reference_type, reference_id, status, created_at, updated_at, version) VALUES (489, 2, 'ROOM_IMAGE', 'image_04 (1).jpg', 'image_04_1.jpg', 'uploads/rooms/images/room_50/image_04_1.jpg', '/rooms/images/room_50/image_04_1.jpg', 84054, 'image/jpeg', 'jpg', false, 'ROOM', 70, 'READY', NOW(), NOW(), 0);
INSERT INTO central_media_files (id, owner_id, category, original_name, file_name, file_path, file_url, file_size, mime_type, extension, is_primary, reference_type, reference_id, status, created_at, updated_at, version) VALUES (490, 2, 'ROOM_IMAGE', 'image_05.jpg', 'image_05.jpg', 'uploads/rooms/images/room_50/image_05.jpg', '/rooms/images/room_50/image_05.jpg', 81741, 'image/jpeg', 'jpg', false, 'ROOM', 70, 'READY', NOW(), NOW(), 0);
INSERT INTO central_media_files (id, owner_id, category, original_name, file_name, file_path, file_url, file_size, mime_type, extension, is_primary, reference_type, reference_id, status, created_at, updated_at, version) VALUES (491, 2, 'ROOM_IMAGE', 'image_06.jpg', 'image_06.jpg', 'uploads/rooms/images/room_50/image_06.jpg', '/rooms/images/room_50/image_06.jpg', 47001, 'image/jpeg', 'jpg', false, 'ROOM', 70, 'READY', NOW(), NOW(), 0);
INSERT INTO central_media_files (id, owner_id, category, original_name, file_name, file_path, file_url, file_size, mime_type, extension, is_primary, reference_type, reference_id, status, created_at, updated_at, version) VALUES (492, 2, 'POST_VIDEO', 'video_01 (1).mp4', 'video_01_1.mp4', 'uploads/posts/videos/room_50/video_01_1.mp4', '/posts/videos/room_50/video_01_1.mp4', 21831938, 'video/mp4', 'mp4', true, 'POST', 70, 'READY', NOW(), NOW(), 0);
INSERT INTO central_media_files (id, owner_id, category, original_name, file_name, file_path, file_url, file_size, mime_type, extension, is_primary, reference_type, reference_id, status, created_at, updated_at, version) VALUES (493, 3, 'ROOM_THUMBNAIL', 'image_01 (1).jpg', 'image_01_1.jpg', 'uploads/rooms/images/room_51/image_01_1.jpg', '/rooms/images/room_51/image_01_1.jpg', 130295, 'image/jpeg', 'jpg', true, 'ROOM', 71, 'READY', NOW(), NOW(), 0);
INSERT INTO central_media_files (id, owner_id, category, original_name, file_name, file_path, file_url, file_size, mime_type, extension, is_primary, reference_type, reference_id, status, created_at, updated_at, version) VALUES (494, 3, 'ROOM_IMAGE', 'image_02 (1).jpg', 'image_02_1.jpg', 'uploads/rooms/images/room_51/image_02_1.jpg', '/rooms/images/room_51/image_02_1.jpg', 123842, 'image/jpeg', 'jpg', false, 'ROOM', 71, 'READY', NOW(), NOW(), 0);
INSERT INTO central_media_files (id, owner_id, category, original_name, file_name, file_path, file_url, file_size, mime_type, extension, is_primary, reference_type, reference_id, status, created_at, updated_at, version) VALUES (495, 3, 'ROOM_IMAGE', 'image_03 (1).jpg', 'image_03_1.jpg', 'uploads/rooms/images/room_51/image_03_1.jpg', '/rooms/images/room_51/image_03_1.jpg', 84861, 'image/jpeg', 'jpg', false, 'ROOM', 71, 'READY', NOW(), NOW(), 0);
INSERT INTO central_media_files (id, owner_id, category, original_name, file_name, file_path, file_url, file_size, mime_type, extension, is_primary, reference_type, reference_id, status, created_at, updated_at, version) VALUES (496, 3, 'POST_VIDEO', 'video_01 (1).mp4', 'video_01_1.mp4', 'uploads/posts/videos/room_51/video_01_1.mp4', '/posts/videos/room_51/video_01_1.mp4', 15790741, 'video/mp4', 'mp4', true, 'POST', 71, 'READY', NOW(), NOW(), 0);
INSERT INTO central_media_files (id, owner_id, category, original_name, file_name, file_path, file_url, file_size, mime_type, extension, is_primary, reference_type, reference_id, status, created_at, updated_at, version) VALUES (497, 4, 'ROOM_THUMBNAIL', 'image_01 (1).jpg', 'image_01_1.jpg', 'uploads/rooms/images/room_52/image_01_1.jpg', '/rooms/images/room_52/image_01_1.jpg', 128174, 'image/jpeg', 'jpg', true, 'ROOM', 72, 'READY', NOW(), NOW(), 0);
INSERT INTO central_media_files (id, owner_id, category, original_name, file_name, file_path, file_url, file_size, mime_type, extension, is_primary, reference_type, reference_id, status, created_at, updated_at, version) VALUES (498, 4, 'ROOM_IMAGE', 'image_02 (1).jpg', 'image_02_1.jpg', 'uploads/rooms/images/room_52/image_02_1.jpg', '/rooms/images/room_52/image_02_1.jpg', 124991, 'image/jpeg', 'jpg', false, 'ROOM', 72, 'READY', NOW(), NOW(), 0);
INSERT INTO central_media_files (id, owner_id, category, original_name, file_name, file_path, file_url, file_size, mime_type, extension, is_primary, reference_type, reference_id, status, created_at, updated_at, version) VALUES (499, 4, 'ROOM_IMAGE', 'image_03 (1).jpg', 'image_03_1.jpg', 'uploads/rooms/images/room_52/image_03_1.jpg', '/rooms/images/room_52/image_03_1.jpg', 146272, 'image/jpeg', 'jpg', false, 'ROOM', 72, 'READY', NOW(), NOW(), 0);
INSERT INTO central_media_files (id, owner_id, category, original_name, file_name, file_path, file_url, file_size, mime_type, extension, is_primary, reference_type, reference_id, status, created_at, updated_at, version) VALUES (500, 4, 'ROOM_IMAGE', 'image_04 (1).jpg', 'image_04_1.jpg', 'uploads/rooms/images/room_52/image_04_1.jpg', '/rooms/images/room_52/image_04_1.jpg', 134508, 'image/jpeg', 'jpg', false, 'ROOM', 72, 'READY', NOW(), NOW(), 0);
INSERT INTO central_media_files (id, owner_id, category, original_name, file_name, file_path, file_url, file_size, mime_type, extension, is_primary, reference_type, reference_id, status, created_at, updated_at, version) VALUES (501, 4, 'ROOM_IMAGE', 'image_05.jpg', 'image_05.jpg', 'uploads/rooms/images/room_52/image_05.jpg', '/rooms/images/room_52/image_05.jpg', 135129, 'image/jpeg', 'jpg', false, 'ROOM', 72, 'READY', NOW(), NOW(), 0);
INSERT INTO central_media_files (id, owner_id, category, original_name, file_name, file_path, file_url, file_size, mime_type, extension, is_primary, reference_type, reference_id, status, created_at, updated_at, version) VALUES (502, 4, 'ROOM_IMAGE', 'image_06.jpg', 'image_06.jpg', 'uploads/rooms/images/room_52/image_06.jpg', '/rooms/images/room_52/image_06.jpg', 127944, 'image/jpeg', 'jpg', false, 'ROOM', 72, 'READY', NOW(), NOW(), 0);
INSERT INTO central_media_files (id, owner_id, category, original_name, file_name, file_path, file_url, file_size, mime_type, extension, is_primary, reference_type, reference_id, status, created_at, updated_at, version) VALUES (503, 4, 'POST_VIDEO', 'video_01 (1).mp4', 'video_01_1.mp4', 'uploads/posts/videos/room_52/video_01_1.mp4', '/posts/videos/room_52/video_01_1.mp4', 2358171, 'video/mp4', 'mp4', true, 'POST', 72, 'READY', NOW(), NOW(), 0);
INSERT INTO central_media_files (id, owner_id, category, original_name, file_name, file_path, file_url, file_size, mime_type, extension, is_primary, reference_type, reference_id, status, created_at, updated_at, version) VALUES (504, 2, 'ROOM_THUMBNAIL', 'image_01 (1).jpg', 'image_01_1.jpg', 'uploads/rooms/images/room_53/image_01_1.jpg', '/rooms/images/room_53/image_01_1.jpg', 136039, 'image/jpeg', 'jpg', true, 'ROOM', 73, 'READY', NOW(), NOW(), 0);
INSERT INTO central_media_files (id, owner_id, category, original_name, file_name, file_path, file_url, file_size, mime_type, extension, is_primary, reference_type, reference_id, status, created_at, updated_at, version) VALUES (505, 2, 'ROOM_IMAGE', 'image_02 (1).jpg', 'image_02_1.jpg', 'uploads/rooms/images/room_53/image_02_1.jpg', '/rooms/images/room_53/image_02_1.jpg', 141451, 'image/jpeg', 'jpg', false, 'ROOM', 73, 'READY', NOW(), NOW(), 0);
INSERT INTO central_media_files (id, owner_id, category, original_name, file_name, file_path, file_url, file_size, mime_type, extension, is_primary, reference_type, reference_id, status, created_at, updated_at, version) VALUES (506, 2, 'ROOM_IMAGE', 'image_03 (1).jpg', 'image_03_1.jpg', 'uploads/rooms/images/room_53/image_03_1.jpg', '/rooms/images/room_53/image_03_1.jpg', 101535, 'image/jpeg', 'jpg', false, 'ROOM', 73, 'READY', NOW(), NOW(), 0);
INSERT INTO central_media_files (id, owner_id, category, original_name, file_name, file_path, file_url, file_size, mime_type, extension, is_primary, reference_type, reference_id, status, created_at, updated_at, version) VALUES (507, 2, 'ROOM_IMAGE', 'image_04 (1).jpg', 'image_04_1.jpg', 'uploads/rooms/images/room_53/image_04_1.jpg', '/rooms/images/room_53/image_04_1.jpg', 136555, 'image/jpeg', 'jpg', false, 'ROOM', 73, 'READY', NOW(), NOW(), 0);
INSERT INTO central_media_files (id, owner_id, category, original_name, file_name, file_path, file_url, file_size, mime_type, extension, is_primary, reference_type, reference_id, status, created_at, updated_at, version) VALUES (508, 2, 'ROOM_IMAGE', 'image_05.jpg', 'image_05.jpg', 'uploads/rooms/images/room_53/image_05.jpg', '/rooms/images/room_53/image_05.jpg', 94194, 'image/jpeg', 'jpg', false, 'ROOM', 73, 'READY', NOW(), NOW(), 0);
INSERT INTO central_media_files (id, owner_id, category, original_name, file_name, file_path, file_url, file_size, mime_type, extension, is_primary, reference_type, reference_id, status, created_at, updated_at, version) VALUES (509, 2, 'ROOM_IMAGE', 'image_06.jpg', 'image_06.jpg', 'uploads/rooms/images/room_53/image_06.jpg', '/rooms/images/room_53/image_06.jpg', 94194, 'image/jpeg', 'jpg', false, 'ROOM', 73, 'READY', NOW(), NOW(), 0);
INSERT INTO central_media_files (id, owner_id, category, original_name, file_name, file_path, file_url, file_size, mime_type, extension, is_primary, reference_type, reference_id, status, created_at, updated_at, version) VALUES (510, 2, 'ROOM_IMAGE', 'image_07.jpg', 'image_07.jpg', 'uploads/rooms/images/room_53/image_07.jpg', '/rooms/images/room_53/image_07.jpg', 126368, 'image/jpeg', 'jpg', false, 'ROOM', 73, 'READY', NOW(), NOW(), 0);
INSERT INTO central_media_files (id, owner_id, category, original_name, file_name, file_path, file_url, file_size, mime_type, extension, is_primary, reference_type, reference_id, status, created_at, updated_at, version) VALUES (511, 2, 'ROOM_IMAGE', 'image_08.jpg', 'image_08.jpg', 'uploads/rooms/images/room_53/image_08.jpg', '/rooms/images/room_53/image_08.jpg', 132278, 'image/jpeg', 'jpg', false, 'ROOM', 73, 'READY', NOW(), NOW(), 0);
INSERT INTO central_media_files (id, owner_id, category, original_name, file_name, file_path, file_url, file_size, mime_type, extension, is_primary, reference_type, reference_id, status, created_at, updated_at, version) VALUES (512, 2, 'ROOM_IMAGE', 'image_09.jpg', 'image_09.jpg', 'uploads/rooms/images/room_53/image_09.jpg', '/rooms/images/room_53/image_09.jpg', 112350, 'image/jpeg', 'jpg', false, 'ROOM', 73, 'READY', NOW(), NOW(), 0);
INSERT INTO central_media_files (id, owner_id, category, original_name, file_name, file_path, file_url, file_size, mime_type, extension, is_primary, reference_type, reference_id, status, created_at, updated_at, version) VALUES (513, 2, 'POST_VIDEO', 'video_01 (1).mp4', 'video_01_1.mp4', 'uploads/posts/videos/room_53/video_01_1.mp4', '/posts/videos/room_53/video_01_1.mp4', 6750909, 'video/mp4', 'mp4', true, 'POST', 73, 'READY', NOW(), NOW(), 0);
INSERT INTO central_media_files (id, owner_id, category, original_name, file_name, file_path, file_url, file_size, mime_type, extension, is_primary, reference_type, reference_id, status, created_at, updated_at, version) VALUES (514, 3, 'ROOM_THUMBNAIL', 'image_01 (1).jpg', 'image_01_1.jpg', 'uploads/rooms/images/room_54/image_01_1.jpg', '/rooms/images/room_54/image_01_1.jpg', 78821, 'image/jpeg', 'jpg', true, 'ROOM', 74, 'READY', NOW(), NOW(), 0);
INSERT INTO central_media_files (id, owner_id, category, original_name, file_name, file_path, file_url, file_size, mime_type, extension, is_primary, reference_type, reference_id, status, created_at, updated_at, version) VALUES (515, 3, 'ROOM_IMAGE', 'image_02 (1).jpg', 'image_02_1.jpg', 'uploads/rooms/images/room_54/image_02_1.jpg', '/rooms/images/room_54/image_02_1.jpg', 143555, 'image/jpeg', 'jpg', false, 'ROOM', 74, 'READY', NOW(), NOW(), 0);
INSERT INTO central_media_files (id, owner_id, category, original_name, file_name, file_path, file_url, file_size, mime_type, extension, is_primary, reference_type, reference_id, status, created_at, updated_at, version) VALUES (516, 3, 'ROOM_IMAGE', 'image_03 (1).jpg', 'image_03_1.jpg', 'uploads/rooms/images/room_54/image_03_1.jpg', '/rooms/images/room_54/image_03_1.jpg', 99332, 'image/jpeg', 'jpg', false, 'ROOM', 74, 'READY', NOW(), NOW(), 0);
INSERT INTO central_media_files (id, owner_id, category, original_name, file_name, file_path, file_url, file_size, mime_type, extension, is_primary, reference_type, reference_id, status, created_at, updated_at, version) VALUES (517, 3, 'ROOM_IMAGE', 'image_04 (1).jpg', 'image_04_1.jpg', 'uploads/rooms/images/room_54/image_04_1.jpg', '/rooms/images/room_54/image_04_1.jpg', 143101, 'image/jpeg', 'jpg', false, 'ROOM', 74, 'READY', NOW(), NOW(), 0);
INSERT INTO central_media_files (id, owner_id, category, original_name, file_name, file_path, file_url, file_size, mime_type, extension, is_primary, reference_type, reference_id, status, created_at, updated_at, version) VALUES (518, 3, 'ROOM_IMAGE', 'image_05.jpg', 'image_05.jpg', 'uploads/rooms/images/room_54/image_05.jpg', '/rooms/images/room_54/image_05.jpg', 94480, 'image/jpeg', 'jpg', false, 'ROOM', 74, 'READY', NOW(), NOW(), 0);
INSERT INTO central_media_files (id, owner_id, category, original_name, file_name, file_path, file_url, file_size, mime_type, extension, is_primary, reference_type, reference_id, status, created_at, updated_at, version) VALUES (519, 3, 'ROOM_IMAGE', 'image_06.jpg', 'image_06.jpg', 'uploads/rooms/images/room_54/image_06.jpg', '/rooms/images/room_54/image_06.jpg', 66059, 'image/jpeg', 'jpg', false, 'ROOM', 74, 'READY', NOW(), NOW(), 0);
INSERT INTO central_media_files (id, owner_id, category, original_name, file_name, file_path, file_url, file_size, mime_type, extension, is_primary, reference_type, reference_id, status, created_at, updated_at, version) VALUES (520, 3, 'ROOM_IMAGE', 'image_07.jpg', 'image_07.jpg', 'uploads/rooms/images/room_54/image_07.jpg', '/rooms/images/room_54/image_07.jpg', 47350, 'image/jpeg', 'jpg', false, 'ROOM', 74, 'READY', NOW(), NOW(), 0);
INSERT INTO central_media_files (id, owner_id, category, original_name, file_name, file_path, file_url, file_size, mime_type, extension, is_primary, reference_type, reference_id, status, created_at, updated_at, version) VALUES (521, 3, 'POST_VIDEO', 'video_01 (1).mp4', 'video_01_1.mp4', 'uploads/posts/videos/room_54/video_01_1.mp4', '/posts/videos/room_54/video_01_1.mp4', 1782787, 'video/mp4', 'mp4', true, 'POST', 74, 'READY', NOW(), NOW(), 0);
INSERT INTO central_media_files (id, owner_id, category, original_name, file_name, file_path, file_url, file_size, mime_type, extension, is_primary, reference_type, reference_id, status, created_at, updated_at, version) VALUES (522, 4, 'ROOM_THUMBNAIL', 'image_01.jpg', 'image_01.jpg', 'uploads/rooms/images/room_55/image_01.jpg', '/rooms/images/room_55/image_01.jpg', 118679, 'image/jpeg', 'jpg', true, 'ROOM', 75, 'READY', NOW(), NOW(), 0);
INSERT INTO central_media_files (id, owner_id, category, original_name, file_name, file_path, file_url, file_size, mime_type, extension, is_primary, reference_type, reference_id, status, created_at, updated_at, version) VALUES (523, 4, 'ROOM_IMAGE', 'image_02.jpg', 'image_02.jpg', 'uploads/rooms/images/room_55/image_02.jpg', '/rooms/images/room_55/image_02.jpg', 61433, 'image/jpeg', 'jpg', false, 'ROOM', 75, 'READY', NOW(), NOW(), 0);
INSERT INTO central_media_files (id, owner_id, category, original_name, file_name, file_path, file_url, file_size, mime_type, extension, is_primary, reference_type, reference_id, status, created_at, updated_at, version) VALUES (524, 4, 'ROOM_IMAGE', 'image_03.jpg', 'image_03.jpg', 'uploads/rooms/images/room_55/image_03.jpg', '/rooms/images/room_55/image_03.jpg', 64298, 'image/jpeg', 'jpg', false, 'ROOM', 75, 'READY', NOW(), NOW(), 0);
INSERT INTO central_media_files (id, owner_id, category, original_name, file_name, file_path, file_url, file_size, mime_type, extension, is_primary, reference_type, reference_id, status, created_at, updated_at, version) VALUES (525, 4, 'ROOM_IMAGE', 'image_04.jpg', 'image_04.jpg', 'uploads/rooms/images/room_55/image_04.jpg', '/rooms/images/room_55/image_04.jpg', 62153, 'image/jpeg', 'jpg', false, 'ROOM', 75, 'READY', NOW(), NOW(), 0);
INSERT INTO central_media_files (id, owner_id, category, original_name, file_name, file_path, file_url, file_size, mime_type, extension, is_primary, reference_type, reference_id, status, created_at, updated_at, version) VALUES (526, 4, 'ROOM_IMAGE', 'image_05.jpg', 'image_05.jpg', 'uploads/rooms/images/room_55/image_05.jpg', '/rooms/images/room_55/image_05.jpg', 61994, 'image/jpeg', 'jpg', false, 'ROOM', 75, 'READY', NOW(), NOW(), 0);
INSERT INTO central_media_files (id, owner_id, category, original_name, file_name, file_path, file_url, file_size, mime_type, extension, is_primary, reference_type, reference_id, status, created_at, updated_at, version) VALUES (527, 4, 'POST_VIDEO', 'video_01 (1).mp4', 'video_01_1.mp4', 'uploads/posts/videos/room_55/video_01_1.mp4', '/posts/videos/room_55/video_01_1.mp4', 6668684, 'video/mp4', 'mp4', true, 'POST', 75, 'READY', NOW(), NOW(), 0);
INSERT INTO central_media_files (id, owner_id, category, original_name, file_name, file_path, file_url, file_size, mime_type, extension, is_primary, reference_type, reference_id, status, created_at, updated_at, version) VALUES (528, 2, 'ROOM_THUMBNAIL', 'image_01.jpg', 'image_01.jpg', 'uploads/rooms/images/room_56/image_01.jpg', '/rooms/images/room_56/image_01.jpg', 143072, 'image/jpeg', 'jpg', true, 'ROOM', 76, 'READY', NOW(), NOW(), 0);
INSERT INTO central_media_files (id, owner_id, category, original_name, file_name, file_path, file_url, file_size, mime_type, extension, is_primary, reference_type, reference_id, status, created_at, updated_at, version) VALUES (529, 2, 'ROOM_IMAGE', 'image_02.jpg', 'image_02.jpg', 'uploads/rooms/images/room_56/image_02.jpg', '/rooms/images/room_56/image_02.jpg', 125799, 'image/jpeg', 'jpg', false, 'ROOM', 76, 'READY', NOW(), NOW(), 0);
INSERT INTO central_media_files (id, owner_id, category, original_name, file_name, file_path, file_url, file_size, mime_type, extension, is_primary, reference_type, reference_id, status, created_at, updated_at, version) VALUES (530, 2, 'ROOM_IMAGE', 'image_03.jpg', 'image_03.jpg', 'uploads/rooms/images/room_56/image_03.jpg', '/rooms/images/room_56/image_03.jpg', 120614, 'image/jpeg', 'jpg', false, 'ROOM', 76, 'READY', NOW(), NOW(), 0);
INSERT INTO central_media_files (id, owner_id, category, original_name, file_name, file_path, file_url, file_size, mime_type, extension, is_primary, reference_type, reference_id, status, created_at, updated_at, version) VALUES (531, 2, 'ROOM_IMAGE', 'image_04.jpg', 'image_04.jpg', 'uploads/rooms/images/room_56/image_04.jpg', '/rooms/images/room_56/image_04.jpg', 217069, 'image/jpeg', 'jpg', false, 'ROOM', 76, 'READY', NOW(), NOW(), 0);
INSERT INTO central_media_files (id, owner_id, category, original_name, file_name, file_path, file_url, file_size, mime_type, extension, is_primary, reference_type, reference_id, status, created_at, updated_at, version) VALUES (532, 2, 'ROOM_IMAGE', 'image_05.jpg', 'image_05.jpg', 'uploads/rooms/images/room_56/image_05.jpg', '/rooms/images/room_56/image_05.jpg', 219469, 'image/jpeg', 'jpg', false, 'ROOM', 76, 'READY', NOW(), NOW(), 0);
INSERT INTO central_media_files (id, owner_id, category, original_name, file_name, file_path, file_url, file_size, mime_type, extension, is_primary, reference_type, reference_id, status, created_at, updated_at, version) VALUES (533, 2, 'POST_VIDEO', 'video_01.mp4', 'video_01.mp4', 'uploads/posts/videos/room_56/video_01.mp4', '/posts/videos/room_56/video_01.mp4', 4968559, 'video/mp4', 'mp4', true, 'POST', 76, 'READY', NOW(), NOW(), 0);
INSERT INTO central_media_files (id, owner_id, category, original_name, file_name, file_path, file_url, file_size, mime_type, extension, is_primary, reference_type, reference_id, status, created_at, updated_at, version) VALUES (534, 3, 'ROOM_THUMBNAIL', 'image_01.jpg', 'image_01.jpg', 'uploads/rooms/images/room_57/image_01.jpg', '/rooms/images/room_57/image_01.jpg', 70075, 'image/jpeg', 'jpg', true, 'ROOM', 77, 'READY', NOW(), NOW(), 0);
INSERT INTO central_media_files (id, owner_id, category, original_name, file_name, file_path, file_url, file_size, mime_type, extension, is_primary, reference_type, reference_id, status, created_at, updated_at, version) VALUES (535, 3, 'ROOM_IMAGE', 'image_02.jpg', 'image_02.jpg', 'uploads/rooms/images/room_57/image_02.jpg', '/rooms/images/room_57/image_02.jpg', 70288, 'image/jpeg', 'jpg', false, 'ROOM', 77, 'READY', NOW(), NOW(), 0);
INSERT INTO central_media_files (id, owner_id, category, original_name, file_name, file_path, file_url, file_size, mime_type, extension, is_primary, reference_type, reference_id, status, created_at, updated_at, version) VALUES (536, 3, 'ROOM_IMAGE', 'image_03.jpg', 'image_03.jpg', 'uploads/rooms/images/room_57/image_03.jpg', '/rooms/images/room_57/image_03.jpg', 67789, 'image/jpeg', 'jpg', false, 'ROOM', 77, 'READY', NOW(), NOW(), 0);
INSERT INTO central_media_files (id, owner_id, category, original_name, file_name, file_path, file_url, file_size, mime_type, extension, is_primary, reference_type, reference_id, status, created_at, updated_at, version) VALUES (537, 3, 'ROOM_IMAGE', 'image_04.jpg', 'image_04.jpg', 'uploads/rooms/images/room_57/image_04.jpg', '/rooms/images/room_57/image_04.jpg', 99593, 'image/jpeg', 'jpg', false, 'ROOM', 77, 'READY', NOW(), NOW(), 0);
INSERT INTO central_media_files (id, owner_id, category, original_name, file_name, file_path, file_url, file_size, mime_type, extension, is_primary, reference_type, reference_id, status, created_at, updated_at, version) VALUES (538, 3, 'ROOM_IMAGE', 'image_05.jpg', 'image_05.jpg', 'uploads/rooms/images/room_57/image_05.jpg', '/rooms/images/room_57/image_05.jpg', 109684, 'image/jpeg', 'jpg', false, 'ROOM', 77, 'READY', NOW(), NOW(), 0);
INSERT INTO central_media_files (id, owner_id, category, original_name, file_name, file_path, file_url, file_size, mime_type, extension, is_primary, reference_type, reference_id, status, created_at, updated_at, version) VALUES (539, 3, 'ROOM_IMAGE', 'image_06.jpg', 'image_06.jpg', 'uploads/rooms/images/room_57/image_06.jpg', '/rooms/images/room_57/image_06.jpg', 115547, 'image/jpeg', 'jpg', false, 'ROOM', 77, 'READY', NOW(), NOW(), 0);
INSERT INTO central_media_files (id, owner_id, category, original_name, file_name, file_path, file_url, file_size, mime_type, extension, is_primary, reference_type, reference_id, status, created_at, updated_at, version) VALUES (540, 3, 'ROOM_IMAGE', 'image_07.jpg', 'image_07.jpg', 'uploads/rooms/images/room_57/image_07.jpg', '/rooms/images/room_57/image_07.jpg', 87359, 'image/jpeg', 'jpg', false, 'ROOM', 77, 'READY', NOW(), NOW(), 0);
INSERT INTO central_media_files (id, owner_id, category, original_name, file_name, file_path, file_url, file_size, mime_type, extension, is_primary, reference_type, reference_id, status, created_at, updated_at, version) VALUES (541, 3, 'ROOM_IMAGE', 'image_08.jpg', 'image_08.jpg', 'uploads/rooms/images/room_57/image_08.jpg', '/rooms/images/room_57/image_08.jpg', 98105, 'image/jpeg', 'jpg', false, 'ROOM', 77, 'READY', NOW(), NOW(), 0);
INSERT INTO central_media_files (id, owner_id, category, original_name, file_name, file_path, file_url, file_size, mime_type, extension, is_primary, reference_type, reference_id, status, created_at, updated_at, version) VALUES (542, 3, 'POST_VIDEO', 'video_01.mp4', 'video_01.mp4', 'uploads/posts/videos/room_57/video_01.mp4', '/posts/videos/room_57/video_01.mp4', 5161275, 'video/mp4', 'mp4', true, 'POST', 77, 'READY', NOW(), NOW(), 0);
INSERT INTO central_media_files (id, owner_id, category, original_name, file_name, file_path, file_url, file_size, mime_type, extension, is_primary, reference_type, reference_id, status, created_at, updated_at, version) VALUES (543, 4, 'ROOM_THUMBNAIL', 'image_01.jpg', 'image_01.jpg', 'uploads/rooms/images/room_58/image_01.jpg', '/rooms/images/room_58/image_01.jpg', 125942, 'image/jpeg', 'jpg', true, 'ROOM', 78, 'READY', NOW(), NOW(), 0);
INSERT INTO central_media_files (id, owner_id, category, original_name, file_name, file_path, file_url, file_size, mime_type, extension, is_primary, reference_type, reference_id, status, created_at, updated_at, version) VALUES (544, 4, 'ROOM_IMAGE', 'image_02.jpg', 'image_02.jpg', 'uploads/rooms/images/room_58/image_02.jpg', '/rooms/images/room_58/image_02.jpg', 147789, 'image/jpeg', 'jpg', false, 'ROOM', 78, 'READY', NOW(), NOW(), 0);
INSERT INTO central_media_files (id, owner_id, category, original_name, file_name, file_path, file_url, file_size, mime_type, extension, is_primary, reference_type, reference_id, status, created_at, updated_at, version) VALUES (545, 4, 'ROOM_IMAGE', 'image_03.jpg', 'image_03.jpg', 'uploads/rooms/images/room_58/image_03.jpg', '/rooms/images/room_58/image_03.jpg', 135482, 'image/jpeg', 'jpg', false, 'ROOM', 78, 'READY', NOW(), NOW(), 0);
INSERT INTO central_media_files (id, owner_id, category, original_name, file_name, file_path, file_url, file_size, mime_type, extension, is_primary, reference_type, reference_id, status, created_at, updated_at, version) VALUES (546, 4, 'ROOM_IMAGE', 'image_04.jpg', 'image_04.jpg', 'uploads/rooms/images/room_58/image_04.jpg', '/rooms/images/room_58/image_04.jpg', 151307, 'image/jpeg', 'jpg', false, 'ROOM', 78, 'READY', NOW(), NOW(), 0);
INSERT INTO central_media_files (id, owner_id, category, original_name, file_name, file_path, file_url, file_size, mime_type, extension, is_primary, reference_type, reference_id, status, created_at, updated_at, version) VALUES (547, 4, 'ROOM_IMAGE', 'image_05.jpg', 'image_05.jpg', 'uploads/rooms/images/room_58/image_05.jpg', '/rooms/images/room_58/image_05.jpg', 154821, 'image/jpeg', 'jpg', false, 'ROOM', 78, 'READY', NOW(), NOW(), 0);
INSERT INTO central_media_files (id, owner_id, category, original_name, file_name, file_path, file_url, file_size, mime_type, extension, is_primary, reference_type, reference_id, status, created_at, updated_at, version) VALUES (548, 4, 'ROOM_IMAGE', 'image_06.jpg', 'image_06.jpg', 'uploads/rooms/images/room_58/image_06.jpg', '/rooms/images/room_58/image_06.jpg', 131843, 'image/jpeg', 'jpg', false, 'ROOM', 78, 'READY', NOW(), NOW(), 0);
INSERT INTO central_media_files (id, owner_id, category, original_name, file_name, file_path, file_url, file_size, mime_type, extension, is_primary, reference_type, reference_id, status, created_at, updated_at, version) VALUES (549, 4, 'POST_VIDEO', 'video_01.mp4', 'video_01.mp4', 'uploads/posts/videos/room_58/video_01.mp4', '/posts/videos/room_58/video_01.mp4', 7079930, 'video/mp4', 'mp4', true, 'POST', 78, 'READY', NOW(), NOW(), 0);
INSERT INTO central_media_files (id, owner_id, category, original_name, file_name, file_path, file_url, file_size, mime_type, extension, is_primary, reference_type, reference_id, status, created_at, updated_at, version) VALUES (550, 2, 'ROOM_THUMBNAIL', 'image_01.jpg', 'image_01.jpg', 'uploads/rooms/images/room_59/image_01.jpg', '/rooms/images/room_59/image_01.jpg', 116091, 'image/jpeg', 'jpg', true, 'ROOM', 79, 'READY', NOW(), NOW(), 0);
INSERT INTO central_media_files (id, owner_id, category, original_name, file_name, file_path, file_url, file_size, mime_type, extension, is_primary, reference_type, reference_id, status, created_at, updated_at, version) VALUES (551, 2, 'ROOM_IMAGE', 'image_02.jpg', 'image_02.jpg', 'uploads/rooms/images/room_59/image_02.jpg', '/rooms/images/room_59/image_02.jpg', 120799, 'image/jpeg', 'jpg', false, 'ROOM', 79, 'READY', NOW(), NOW(), 0);
INSERT INTO central_media_files (id, owner_id, category, original_name, file_name, file_path, file_url, file_size, mime_type, extension, is_primary, reference_type, reference_id, status, created_at, updated_at, version) VALUES (552, 2, 'ROOM_IMAGE', 'image_03.jpg', 'image_03.jpg', 'uploads/rooms/images/room_59/image_03.jpg', '/rooms/images/room_59/image_03.jpg', 135522, 'image/jpeg', 'jpg', false, 'ROOM', 79, 'READY', NOW(), NOW(), 0);
INSERT INTO central_media_files (id, owner_id, category, original_name, file_name, file_path, file_url, file_size, mime_type, extension, is_primary, reference_type, reference_id, status, created_at, updated_at, version) VALUES (553, 2, 'ROOM_IMAGE', 'image_04.jpg', 'image_04.jpg', 'uploads/rooms/images/room_59/image_04.jpg', '/rooms/images/room_59/image_04.jpg', 119468, 'image/jpeg', 'jpg', false, 'ROOM', 79, 'READY', NOW(), NOW(), 0);
INSERT INTO central_media_files (id, owner_id, category, original_name, file_name, file_path, file_url, file_size, mime_type, extension, is_primary, reference_type, reference_id, status, created_at, updated_at, version) VALUES (554, 2, 'ROOM_IMAGE', 'image_05.jpg', 'image_05.jpg', 'uploads/rooms/images/room_59/image_05.jpg', '/rooms/images/room_59/image_05.jpg', 115727, 'image/jpeg', 'jpg', false, 'ROOM', 79, 'READY', NOW(), NOW(), 0);
INSERT INTO central_media_files (id, owner_id, category, original_name, file_name, file_path, file_url, file_size, mime_type, extension, is_primary, reference_type, reference_id, status, created_at, updated_at, version) VALUES (555, 2, 'ROOM_IMAGE', 'image_06.jpg', 'image_06.jpg', 'uploads/rooms/images/room_59/image_06.jpg', '/rooms/images/room_59/image_06.jpg', 111356, 'image/jpeg', 'jpg', false, 'ROOM', 79, 'READY', NOW(), NOW(), 0);
INSERT INTO central_media_files (id, owner_id, category, original_name, file_name, file_path, file_url, file_size, mime_type, extension, is_primary, reference_type, reference_id, status, created_at, updated_at, version) VALUES (556, 2, 'ROOM_IMAGE', 'image_07.jpg', 'image_07.jpg', 'uploads/rooms/images/room_59/image_07.jpg', '/rooms/images/room_59/image_07.jpg', 134630, 'image/jpeg', 'jpg', false, 'ROOM', 79, 'READY', NOW(), NOW(), 0);
INSERT INTO central_media_files (id, owner_id, category, original_name, file_name, file_path, file_url, file_size, mime_type, extension, is_primary, reference_type, reference_id, status, created_at, updated_at, version) VALUES (557, 2, 'ROOM_IMAGE', 'image_08.jpg', 'image_08.jpg', 'uploads/rooms/images/room_59/image_08.jpg', '/rooms/images/room_59/image_08.jpg', 133741, 'image/jpeg', 'jpg', false, 'ROOM', 79, 'READY', NOW(), NOW(), 0);
INSERT INTO central_media_files (id, owner_id, category, original_name, file_name, file_path, file_url, file_size, mime_type, extension, is_primary, reference_type, reference_id, status, created_at, updated_at, version) VALUES (558, 2, 'POST_VIDEO', 'video_01.mp4', 'video_01.mp4', 'uploads/posts/videos/room_59/video_01.mp4', '/posts/videos/room_59/video_01.mp4', 11865173, 'video/mp4', 'mp4', true, 'POST', 79, 'READY', NOW(), NOW(), 0);
INSERT INTO central_media_files (id, owner_id, category, original_name, file_name, file_path, file_url, file_size, mime_type, extension, is_primary, reference_type, reference_id, status, created_at, updated_at, version) VALUES (559, 3, 'ROOM_THUMBNAIL', 'image_01.jpg', 'image_01.jpg', 'uploads/rooms/images/room_60/image_01.jpg', '/rooms/images/room_60/image_01.jpg', 82963, 'image/jpeg', 'jpg', true, 'ROOM', 80, 'READY', NOW(), NOW(), 0);
INSERT INTO central_media_files (id, owner_id, category, original_name, file_name, file_path, file_url, file_size, mime_type, extension, is_primary, reference_type, reference_id, status, created_at, updated_at, version) VALUES (560, 3, 'ROOM_IMAGE', 'image_02.jpg', 'image_02.jpg', 'uploads/rooms/images/room_60/image_02.jpg', '/rooms/images/room_60/image_02.jpg', 69370, 'image/jpeg', 'jpg', false, 'ROOM', 80, 'READY', NOW(), NOW(), 0);
INSERT INTO central_media_files (id, owner_id, category, original_name, file_name, file_path, file_url, file_size, mime_type, extension, is_primary, reference_type, reference_id, status, created_at, updated_at, version) VALUES (561, 3, 'ROOM_IMAGE', 'image_03.jpg', 'image_03.jpg', 'uploads/rooms/images/room_60/image_03.jpg', '/rooms/images/room_60/image_03.jpg', 161734, 'image/jpeg', 'jpg', false, 'ROOM', 80, 'READY', NOW(), NOW(), 0);
INSERT INTO central_media_files (id, owner_id, category, original_name, file_name, file_path, file_url, file_size, mime_type, extension, is_primary, reference_type, reference_id, status, created_at, updated_at, version) VALUES (562, 3, 'ROOM_IMAGE', 'image_04.jpg', 'image_04.jpg', 'uploads/rooms/images/room_60/image_04.jpg', '/rooms/images/room_60/image_04.jpg', 104515, 'image/jpeg', 'jpg', false, 'ROOM', 80, 'READY', NOW(), NOW(), 0);
INSERT INTO central_media_files (id, owner_id, category, original_name, file_name, file_path, file_url, file_size, mime_type, extension, is_primary, reference_type, reference_id, status, created_at, updated_at, version) VALUES (563, 3, 'POST_VIDEO', 'video_01.mp4', 'video_01.mp4', 'uploads/posts/videos/room_60/video_01.mp4', '/posts/videos/room_60/video_01.mp4', 7749017, 'video/mp4', 'mp4', true, 'POST', 80, 'READY', NOW(), NOW(), 0);
INSERT INTO central_media_files (id, owner_id, category, original_name, file_name, file_path, file_url, file_size, mime_type, extension, is_primary, reference_type, reference_id, status, created_at, updated_at, version) VALUES (564, 4, 'ROOM_THUMBNAIL', 'image_01.jpg', 'image_01.jpg', 'uploads/rooms/images/room_61/image_01.jpg', '/rooms/images/room_61/image_01.jpg', 90663, 'image/jpeg', 'jpg', true, 'ROOM', 81, 'READY', NOW(), NOW(), 0);
INSERT INTO central_media_files (id, owner_id, category, original_name, file_name, file_path, file_url, file_size, mime_type, extension, is_primary, reference_type, reference_id, status, created_at, updated_at, version) VALUES (565, 4, 'ROOM_IMAGE', 'image_02.jpg', 'image_02.jpg', 'uploads/rooms/images/room_61/image_02.jpg', '/rooms/images/room_61/image_02.jpg', 89763, 'image/jpeg', 'jpg', false, 'ROOM', 81, 'READY', NOW(), NOW(), 0);
INSERT INTO central_media_files (id, owner_id, category, original_name, file_name, file_path, file_url, file_size, mime_type, extension, is_primary, reference_type, reference_id, status, created_at, updated_at, version) VALUES (566, 4, 'ROOM_IMAGE', 'image_03.jpg', 'image_03.jpg', 'uploads/rooms/images/room_61/image_03.jpg', '/rooms/images/room_61/image_03.jpg', 61146, 'image/jpeg', 'jpg', false, 'ROOM', 81, 'READY', NOW(), NOW(), 0);
INSERT INTO central_media_files (id, owner_id, category, original_name, file_name, file_path, file_url, file_size, mime_type, extension, is_primary, reference_type, reference_id, status, created_at, updated_at, version) VALUES (567, 4, 'ROOM_IMAGE', 'image_04.jpg', 'image_04.jpg', 'uploads/rooms/images/room_61/image_04.jpg', '/rooms/images/room_61/image_04.jpg', 56954, 'image/jpeg', 'jpg', false, 'ROOM', 81, 'READY', NOW(), NOW(), 0);
INSERT INTO central_media_files (id, owner_id, category, original_name, file_name, file_path, file_url, file_size, mime_type, extension, is_primary, reference_type, reference_id, status, created_at, updated_at, version) VALUES (568, 4, 'ROOM_IMAGE', 'image_05.jpg', 'image_05.jpg', 'uploads/rooms/images/room_61/image_05.jpg', '/rooms/images/room_61/image_05.jpg', 144684, 'image/jpeg', 'jpg', false, 'ROOM', 81, 'READY', NOW(), NOW(), 0);
INSERT INTO central_media_files (id, owner_id, category, original_name, file_name, file_path, file_url, file_size, mime_type, extension, is_primary, reference_type, reference_id, status, created_at, updated_at, version) VALUES (569, 4, 'POST_VIDEO', 'video_01.mp4', 'video_01.mp4', 'uploads/posts/videos/room_61/video_01.mp4', '/posts/videos/room_61/video_01.mp4', 10689435, 'video/mp4', 'mp4', true, 'POST', 81, 'READY', NOW(), NOW(), 0);
INSERT INTO central_media_files (id, owner_id, category, original_name, file_name, file_path, file_url, file_size, mime_type, extension, is_primary, reference_type, reference_id, status, created_at, updated_at, version) VALUES (570, 2, 'ROOM_THUMBNAIL', 'image_01.jpg', 'image_01.jpg', 'uploads/rooms/images/room_62/image_01.jpg', '/rooms/images/room_62/image_01.jpg', 44877, 'image/jpeg', 'jpg', true, 'ROOM', 82, 'READY', NOW(), NOW(), 0);
INSERT INTO central_media_files (id, owner_id, category, original_name, file_name, file_path, file_url, file_size, mime_type, extension, is_primary, reference_type, reference_id, status, created_at, updated_at, version) VALUES (571, 2, 'ROOM_IMAGE', 'image_02.jpg', 'image_02.jpg', 'uploads/rooms/images/room_62/image_02.jpg', '/rooms/images/room_62/image_02.jpg', 52885, 'image/jpeg', 'jpg', false, 'ROOM', 82, 'READY', NOW(), NOW(), 0);
INSERT INTO central_media_files (id, owner_id, category, original_name, file_name, file_path, file_url, file_size, mime_type, extension, is_primary, reference_type, reference_id, status, created_at, updated_at, version) VALUES (572, 2, 'ROOM_IMAGE', 'image_03.jpg', 'image_03.jpg', 'uploads/rooms/images/room_62/image_03.jpg', '/rooms/images/room_62/image_03.jpg', 167547, 'image/jpeg', 'jpg', false, 'ROOM', 82, 'READY', NOW(), NOW(), 0);
INSERT INTO central_media_files (id, owner_id, category, original_name, file_name, file_path, file_url, file_size, mime_type, extension, is_primary, reference_type, reference_id, status, created_at, updated_at, version) VALUES (573, 2, 'ROOM_IMAGE', 'image_04.jpg', 'image_04.jpg', 'uploads/rooms/images/room_62/image_04.jpg', '/rooms/images/room_62/image_04.jpg', 163131, 'image/jpeg', 'jpg', false, 'ROOM', 82, 'READY', NOW(), NOW(), 0);
INSERT INTO central_media_files (id, owner_id, category, original_name, file_name, file_path, file_url, file_size, mime_type, extension, is_primary, reference_type, reference_id, status, created_at, updated_at, version) VALUES (574, 2, 'POST_VIDEO', 'video_01.mp4', 'video_01.mp4', 'uploads/posts/videos/room_62/video_01.mp4', '/posts/videos/room_62/video_01.mp4', 4148738, 'video/mp4', 'mp4', true, 'POST', 82, 'READY', NOW(), NOW(), 0);
INSERT INTO central_media_files (id, owner_id, category, original_name, file_name, file_path, file_url, file_size, mime_type, extension, is_primary, reference_type, reference_id, status, created_at, updated_at, version) VALUES (575, 3, 'ROOM_THUMBNAIL', 'image_01.jpg', 'image_01.jpg', 'uploads/rooms/images/room_63/image_01.jpg', '/rooms/images/room_63/image_01.jpg', 117710, 'image/jpeg', 'jpg', true, 'ROOM', 83, 'READY', NOW(), NOW(), 0);
INSERT INTO central_media_files (id, owner_id, category, original_name, file_name, file_path, file_url, file_size, mime_type, extension, is_primary, reference_type, reference_id, status, created_at, updated_at, version) VALUES (576, 3, 'ROOM_IMAGE', 'image_02.jpg', 'image_02.jpg', 'uploads/rooms/images/room_63/image_02.jpg', '/rooms/images/room_63/image_02.jpg', 93713, 'image/jpeg', 'jpg', false, 'ROOM', 83, 'READY', NOW(), NOW(), 0);
INSERT INTO central_media_files (id, owner_id, category, original_name, file_name, file_path, file_url, file_size, mime_type, extension, is_primary, reference_type, reference_id, status, created_at, updated_at, version) VALUES (577, 3, 'ROOM_IMAGE', 'image_03.jpg', 'image_03.jpg', 'uploads/rooms/images/room_63/image_03.jpg', '/rooms/images/room_63/image_03.jpg', 88548, 'image/jpeg', 'jpg', false, 'ROOM', 83, 'READY', NOW(), NOW(), 0);
INSERT INTO central_media_files (id, owner_id, category, original_name, file_name, file_path, file_url, file_size, mime_type, extension, is_primary, reference_type, reference_id, status, created_at, updated_at, version) VALUES (578, 3, 'POST_VIDEO', 'video_01.mp4', 'video_01.mp4', 'uploads/posts/videos/room_63/video_01.mp4', '/posts/videos/room_63/video_01.mp4', 12724756, 'video/mp4', 'mp4', true, 'POST', 83, 'READY', NOW(), NOW(), 0);
INSERT INTO central_media_files (id, owner_id, category, original_name, file_name, file_path, file_url, file_size, mime_type, extension, is_primary, reference_type, reference_id, status, created_at, updated_at, version) VALUES (579, 4, 'ROOM_THUMBNAIL', 'image_01.jpg', 'image_01.jpg', 'uploads/rooms/images/room_64/image_01.jpg', '/rooms/images/room_64/image_01.jpg', 42764, 'image/jpeg', 'jpg', true, 'ROOM', 84, 'READY', NOW(), NOW(), 0);
INSERT INTO central_media_files (id, owner_id, category, original_name, file_name, file_path, file_url, file_size, mime_type, extension, is_primary, reference_type, reference_id, status, created_at, updated_at, version) VALUES (580, 4, 'ROOM_IMAGE', 'image_02.jpg', 'image_02.jpg', 'uploads/rooms/images/room_64/image_02.jpg', '/rooms/images/room_64/image_02.jpg', 38320, 'image/jpeg', 'jpg', false, 'ROOM', 84, 'READY', NOW(), NOW(), 0);
INSERT INTO central_media_files (id, owner_id, category, original_name, file_name, file_path, file_url, file_size, mime_type, extension, is_primary, reference_type, reference_id, status, created_at, updated_at, version) VALUES (581, 4, 'ROOM_IMAGE', 'image_03.jpg', 'image_03.jpg', 'uploads/rooms/images/room_64/image_03.jpg', '/rooms/images/room_64/image_03.jpg', 37539, 'image/jpeg', 'jpg', false, 'ROOM', 84, 'READY', NOW(), NOW(), 0);
INSERT INTO central_media_files (id, owner_id, category, original_name, file_name, file_path, file_url, file_size, mime_type, extension, is_primary, reference_type, reference_id, status, created_at, updated_at, version) VALUES (582, 4, 'ROOM_IMAGE', 'image_04.jpg', 'image_04.jpg', 'uploads/rooms/images/room_64/image_04.jpg', '/rooms/images/room_64/image_04.jpg', 39444, 'image/jpeg', 'jpg', false, 'ROOM', 84, 'READY', NOW(), NOW(), 0);
INSERT INTO central_media_files (id, owner_id, category, original_name, file_name, file_path, file_url, file_size, mime_type, extension, is_primary, reference_type, reference_id, status, created_at, updated_at, version) VALUES (583, 4, 'ROOM_IMAGE', 'image_05.jpg', 'image_05.jpg', 'uploads/rooms/images/room_64/image_05.jpg', '/rooms/images/room_64/image_05.jpg', 106088, 'image/jpeg', 'jpg', false, 'ROOM', 84, 'READY', NOW(), NOW(), 0);
INSERT INTO central_media_files (id, owner_id, category, original_name, file_name, file_path, file_url, file_size, mime_type, extension, is_primary, reference_type, reference_id, status, created_at, updated_at, version) VALUES (584, 4, 'ROOM_IMAGE', 'image_06.jpg', 'image_06.jpg', 'uploads/rooms/images/room_64/image_06.jpg', '/rooms/images/room_64/image_06.jpg', 29149, 'image/jpeg', 'jpg', false, 'ROOM', 84, 'READY', NOW(), NOW(), 0);
INSERT INTO central_media_files (id, owner_id, category, original_name, file_name, file_path, file_url, file_size, mime_type, extension, is_primary, reference_type, reference_id, status, created_at, updated_at, version) VALUES (585, 4, 'ROOM_IMAGE', 'image_07.jpg', 'image_07.jpg', 'uploads/rooms/images/room_64/image_07.jpg', '/rooms/images/room_64/image_07.jpg', 38776, 'image/jpeg', 'jpg', false, 'ROOM', 84, 'READY', NOW(), NOW(), 0);
INSERT INTO central_media_files (id, owner_id, category, original_name, file_name, file_path, file_url, file_size, mime_type, extension, is_primary, reference_type, reference_id, status, created_at, updated_at, version) VALUES (586, 4, 'ROOM_IMAGE', 'image_08.jpg', 'image_08.jpg', 'uploads/rooms/images/room_64/image_08.jpg', '/rooms/images/room_64/image_08.jpg', 29149, 'image/jpeg', 'jpg', false, 'ROOM', 84, 'READY', NOW(), NOW(), 0);
INSERT INTO central_media_files (id, owner_id, category, original_name, file_name, file_path, file_url, file_size, mime_type, extension, is_primary, reference_type, reference_id, status, created_at, updated_at, version) VALUES (587, 4, 'POST_VIDEO', 'video_01.mp4', 'video_01.mp4', 'uploads/posts/videos/room_64/video_01.mp4', '/posts/videos/room_64/video_01.mp4', 5926135, 'video/mp4', 'mp4', true, 'POST', 84, 'READY', NOW(), NOW(), 0);
INSERT INTO central_media_files (id, owner_id, category, original_name, file_name, file_path, file_url, file_size, mime_type, extension, is_primary, reference_type, reference_id, status, created_at, updated_at, version) VALUES (588, 2, 'ROOM_THUMBNAIL', 'image_01.jpg', 'image_01.jpg', 'uploads/rooms/images/room_65/image_01.jpg', '/rooms/images/room_65/image_01.jpg', 105207, 'image/jpeg', 'jpg', true, 'ROOM', 85, 'READY', NOW(), NOW(), 0);
INSERT INTO central_media_files (id, owner_id, category, original_name, file_name, file_path, file_url, file_size, mime_type, extension, is_primary, reference_type, reference_id, status, created_at, updated_at, version) VALUES (589, 2, 'ROOM_IMAGE', 'image_02.jpg', 'image_02.jpg', 'uploads/rooms/images/room_65/image_02.jpg', '/rooms/images/room_65/image_02.jpg', 103823, 'image/jpeg', 'jpg', false, 'ROOM', 85, 'READY', NOW(), NOW(), 0);
INSERT INTO central_media_files (id, owner_id, category, original_name, file_name, file_path, file_url, file_size, mime_type, extension, is_primary, reference_type, reference_id, status, created_at, updated_at, version) VALUES (590, 2, 'ROOM_IMAGE', 'image_03.jpg', 'image_03.jpg', 'uploads/rooms/images/room_65/image_03.jpg', '/rooms/images/room_65/image_03.jpg', 89508, 'image/jpeg', 'jpg', false, 'ROOM', 85, 'READY', NOW(), NOW(), 0);
INSERT INTO central_media_files (id, owner_id, category, original_name, file_name, file_path, file_url, file_size, mime_type, extension, is_primary, reference_type, reference_id, status, created_at, updated_at, version) VALUES (591, 2, 'ROOM_IMAGE', 'image_04.jpg', 'image_04.jpg', 'uploads/rooms/images/room_65/image_04.jpg', '/rooms/images/room_65/image_04.jpg', 88719, 'image/jpeg', 'jpg', false, 'ROOM', 85, 'READY', NOW(), NOW(), 0);
INSERT INTO central_media_files (id, owner_id, category, original_name, file_name, file_path, file_url, file_size, mime_type, extension, is_primary, reference_type, reference_id, status, created_at, updated_at, version) VALUES (592, 2, 'ROOM_IMAGE', 'image_05.jpg', 'image_05.jpg', 'uploads/rooms/images/room_65/image_05.jpg', '/rooms/images/room_65/image_05.jpg', 106488, 'image/jpeg', 'jpg', false, 'ROOM', 85, 'READY', NOW(), NOW(), 0);
INSERT INTO central_media_files (id, owner_id, category, original_name, file_name, file_path, file_url, file_size, mime_type, extension, is_primary, reference_type, reference_id, status, created_at, updated_at, version) VALUES (593, 2, 'ROOM_IMAGE', 'image_06.jpg', 'image_06.jpg', 'uploads/rooms/images/room_65/image_06.jpg', '/rooms/images/room_65/image_06.jpg', 121045, 'image/jpeg', 'jpg', false, 'ROOM', 85, 'READY', NOW(), NOW(), 0);
INSERT INTO central_media_files (id, owner_id, category, original_name, file_name, file_path, file_url, file_size, mime_type, extension, is_primary, reference_type, reference_id, status, created_at, updated_at, version) VALUES (594, 2, 'ROOM_IMAGE', 'image_07.jpg', 'image_07.jpg', 'uploads/rooms/images/room_65/image_07.jpg', '/rooms/images/room_65/image_07.jpg', 113771, 'image/jpeg', 'jpg', false, 'ROOM', 85, 'READY', NOW(), NOW(), 0);
INSERT INTO central_media_files (id, owner_id, category, original_name, file_name, file_path, file_url, file_size, mime_type, extension, is_primary, reference_type, reference_id, status, created_at, updated_at, version) VALUES (595, 2, 'ROOM_IMAGE', 'image_08.jpg', 'image_08.jpg', 'uploads/rooms/images/room_65/image_08.jpg', '/rooms/images/room_65/image_08.jpg', 83630, 'image/jpeg', 'jpg', false, 'ROOM', 85, 'READY', NOW(), NOW(), 0);
INSERT INTO central_media_files (id, owner_id, category, original_name, file_name, file_path, file_url, file_size, mime_type, extension, is_primary, reference_type, reference_id, status, created_at, updated_at, version) VALUES (596, 2, 'ROOM_IMAGE', 'image_09.jpg', 'image_09.jpg', 'uploads/rooms/images/room_65/image_09.jpg', '/rooms/images/room_65/image_09.jpg', 86924, 'image/jpeg', 'jpg', false, 'ROOM', 85, 'READY', NOW(), NOW(), 0);
INSERT INTO central_media_files (id, owner_id, category, original_name, file_name, file_path, file_url, file_size, mime_type, extension, is_primary, reference_type, reference_id, status, created_at, updated_at, version) VALUES (597, 2, 'ROOM_IMAGE', 'image_10.jpg', 'image_10.jpg', 'uploads/rooms/images/room_65/image_10.jpg', '/rooms/images/room_65/image_10.jpg', 91834, 'image/jpeg', 'jpg', false, 'ROOM', 85, 'READY', NOW(), NOW(), 0);
INSERT INTO central_media_files (id, owner_id, category, original_name, file_name, file_path, file_url, file_size, mime_type, extension, is_primary, reference_type, reference_id, status, created_at, updated_at, version) VALUES (598, 2, 'ROOM_IMAGE', 'image_11.jpg', 'image_11.jpg', 'uploads/rooms/images/room_65/image_11.jpg', '/rooms/images/room_65/image_11.jpg', 80849, 'image/jpeg', 'jpg', false, 'ROOM', 85, 'READY', NOW(), NOW(), 0);
INSERT INTO central_media_files (id, owner_id, category, original_name, file_name, file_path, file_url, file_size, mime_type, extension, is_primary, reference_type, reference_id, status, created_at, updated_at, version) VALUES (599, 2, 'ROOM_IMAGE', 'image_12.jpg', 'image_12.jpg', 'uploads/rooms/images/room_65/image_12.jpg', '/rooms/images/room_65/image_12.jpg', 92892, 'image/jpeg', 'jpg', false, 'ROOM', 85, 'READY', NOW(), NOW(), 0);
INSERT INTO central_media_files (id, owner_id, category, original_name, file_name, file_path, file_url, file_size, mime_type, extension, is_primary, reference_type, reference_id, status, created_at, updated_at, version) VALUES (600, 2, 'POST_VIDEO', 'video_01.mp4', 'video_01.mp4', 'uploads/posts/videos/room_65/video_01.mp4', '/posts/videos/room_65/video_01.mp4', 5737465, 'video/mp4', 'mp4', true, 'POST', 85, 'READY', NOW(), NOW(), 0);
INSERT INTO central_media_files (id, owner_id, category, original_name, file_name, file_path, file_url, file_size, mime_type, extension, is_primary, reference_type, reference_id, status, created_at, updated_at, version) VALUES (601, 3, 'ROOM_THUMBNAIL', 'image_01.jpg', 'image_01.jpg', 'uploads/rooms/images/room_66/image_01.jpg', '/rooms/images/room_66/image_01.jpg', 168321, 'image/jpeg', 'jpg', true, 'ROOM', 86, 'READY', NOW(), NOW(), 0);
INSERT INTO central_media_files (id, owner_id, category, original_name, file_name, file_path, file_url, file_size, mime_type, extension, is_primary, reference_type, reference_id, status, created_at, updated_at, version) VALUES (602, 3, 'ROOM_IMAGE', 'image_02.jpg', 'image_02.jpg', 'uploads/rooms/images/room_66/image_02.jpg', '/rooms/images/room_66/image_02.jpg', 97746, 'image/jpeg', 'jpg', false, 'ROOM', 86, 'READY', NOW(), NOW(), 0);
INSERT INTO central_media_files (id, owner_id, category, original_name, file_name, file_path, file_url, file_size, mime_type, extension, is_primary, reference_type, reference_id, status, created_at, updated_at, version) VALUES (603, 3, 'ROOM_IMAGE', 'image_03.jpg', 'image_03.jpg', 'uploads/rooms/images/room_66/image_03.jpg', '/rooms/images/room_66/image_03.jpg', 68004, 'image/jpeg', 'jpg', false, 'ROOM', 86, 'READY', NOW(), NOW(), 0);
INSERT INTO central_media_files (id, owner_id, category, original_name, file_name, file_path, file_url, file_size, mime_type, extension, is_primary, reference_type, reference_id, status, created_at, updated_at, version) VALUES (604, 3, 'POST_VIDEO', 'video_01.mp4', 'video_01.mp4', 'uploads/posts/videos/room_66/video_01.mp4', '/posts/videos/room_66/video_01.mp4', 28124578, 'video/mp4', 'mp4', true, 'POST', 86, 'READY', NOW(), NOW(), 0);
INSERT INTO central_media_files (id, owner_id, category, original_name, file_name, file_path, file_url, file_size, mime_type, extension, is_primary, reference_type, reference_id, status, created_at, updated_at, version) VALUES (605, 4, 'ROOM_THUMBNAIL', 'image_01.jpg', 'image_01.jpg', 'uploads/rooms/images/room_67/image_01.jpg', '/rooms/images/room_67/image_01.jpg', 77267, 'image/jpeg', 'jpg', true, 'ROOM', 87, 'READY', NOW(), NOW(), 0);
INSERT INTO central_media_files (id, owner_id, category, original_name, file_name, file_path, file_url, file_size, mime_type, extension, is_primary, reference_type, reference_id, status, created_at, updated_at, version) VALUES (606, 4, 'ROOM_IMAGE', 'image_02.jpg', 'image_02.jpg', 'uploads/rooms/images/room_67/image_02.jpg', '/rooms/images/room_67/image_02.jpg', 78838, 'image/jpeg', 'jpg', false, 'ROOM', 87, 'READY', NOW(), NOW(), 0);
INSERT INTO central_media_files (id, owner_id, category, original_name, file_name, file_path, file_url, file_size, mime_type, extension, is_primary, reference_type, reference_id, status, created_at, updated_at, version) VALUES (607, 4, 'ROOM_IMAGE', 'image_03.jpg', 'image_03.jpg', 'uploads/rooms/images/room_67/image_03.jpg', '/rooms/images/room_67/image_03.jpg', 88671, 'image/jpeg', 'jpg', false, 'ROOM', 87, 'READY', NOW(), NOW(), 0);
INSERT INTO central_media_files (id, owner_id, category, original_name, file_name, file_path, file_url, file_size, mime_type, extension, is_primary, reference_type, reference_id, status, created_at, updated_at, version) VALUES (608, 4, 'ROOM_IMAGE', 'image_04.jpg', 'image_04.jpg', 'uploads/rooms/images/room_67/image_04.jpg', '/rooms/images/room_67/image_04.jpg', 81931, 'image/jpeg', 'jpg', false, 'ROOM', 87, 'READY', NOW(), NOW(), 0);
INSERT INTO central_media_files (id, owner_id, category, original_name, file_name, file_path, file_url, file_size, mime_type, extension, is_primary, reference_type, reference_id, status, created_at, updated_at, version) VALUES (609, 4, 'ROOM_IMAGE', 'image_05.jpg', 'image_05.jpg', 'uploads/rooms/images/room_67/image_05.jpg', '/rooms/images/room_67/image_05.jpg', 77267, 'image/jpeg', 'jpg', false, 'ROOM', 87, 'READY', NOW(), NOW(), 0);
INSERT INTO central_media_files (id, owner_id, category, original_name, file_name, file_path, file_url, file_size, mime_type, extension, is_primary, reference_type, reference_id, status, created_at, updated_at, version) VALUES (610, 4, 'POST_VIDEO', 'video_01.mp4', 'video_01.mp4', 'uploads/posts/videos/room_67/video_01.mp4', '/posts/videos/room_67/video_01.mp4', 7326974, 'video/mp4', 'mp4', true, 'POST', 87, 'READY', NOW(), NOW(), 0);
INSERT INTO central_media_files (id, owner_id, category, original_name, file_name, file_path, file_url, file_size, mime_type, extension, is_primary, reference_type, reference_id, status, created_at, updated_at, version) VALUES (611, 2, 'ROOM_THUMBNAIL', 'image_01.jpg', 'image_01.jpg', 'uploads/rooms/images/room_68/image_01.jpg', '/rooms/images/room_68/image_01.jpg', 73655, 'image/jpeg', 'jpg', true, 'ROOM', 88, 'READY', NOW(), NOW(), 0);
INSERT INTO central_media_files (id, owner_id, category, original_name, file_name, file_path, file_url, file_size, mime_type, extension, is_primary, reference_type, reference_id, status, created_at, updated_at, version) VALUES (612, 2, 'ROOM_IMAGE', 'image_02.jpg', 'image_02.jpg', 'uploads/rooms/images/room_68/image_02.jpg', '/rooms/images/room_68/image_02.jpg', 70371, 'image/jpeg', 'jpg', false, 'ROOM', 88, 'READY', NOW(), NOW(), 0);
INSERT INTO central_media_files (id, owner_id, category, original_name, file_name, file_path, file_url, file_size, mime_type, extension, is_primary, reference_type, reference_id, status, created_at, updated_at, version) VALUES (613, 2, 'ROOM_IMAGE', 'image_03.jpg', 'image_03.jpg', 'uploads/rooms/images/room_68/image_03.jpg', '/rooms/images/room_68/image_03.jpg', 64853, 'image/jpeg', 'jpg', false, 'ROOM', 88, 'READY', NOW(), NOW(), 0);
INSERT INTO central_media_files (id, owner_id, category, original_name, file_name, file_path, file_url, file_size, mime_type, extension, is_primary, reference_type, reference_id, status, created_at, updated_at, version) VALUES (614, 2, 'ROOM_IMAGE', 'image_04.jpg', 'image_04.jpg', 'uploads/rooms/images/room_68/image_04.jpg', '/rooms/images/room_68/image_04.jpg', 150940, 'image/jpeg', 'jpg', false, 'ROOM', 88, 'READY', NOW(), NOW(), 0);
INSERT INTO central_media_files (id, owner_id, category, original_name, file_name, file_path, file_url, file_size, mime_type, extension, is_primary, reference_type, reference_id, status, created_at, updated_at, version) VALUES (615, 2, 'ROOM_IMAGE', 'image_05.jpg', 'image_05.jpg', 'uploads/rooms/images/room_68/image_05.jpg', '/rooms/images/room_68/image_05.jpg', 100705, 'image/jpeg', 'jpg', false, 'ROOM', 88, 'READY', NOW(), NOW(), 0);
INSERT INTO central_media_files (id, owner_id, category, original_name, file_name, file_path, file_url, file_size, mime_type, extension, is_primary, reference_type, reference_id, status, created_at, updated_at, version) VALUES (616, 2, 'POST_VIDEO', 'video_01.mp4', 'video_01.mp4', 'uploads/posts/videos/room_68/video_01.mp4', '/posts/videos/room_68/video_01.mp4', 10326510, 'video/mp4', 'mp4', true, 'POST', 88, 'READY', NOW(), NOW(), 0);
INSERT INTO central_media_files (id, owner_id, category, original_name, file_name, file_path, file_url, file_size, mime_type, extension, is_primary, reference_type, reference_id, status, created_at, updated_at, version) VALUES (617, 3, 'ROOM_THUMBNAIL', 'image_01.jpg', 'image_01.jpg', 'uploads/rooms/images/room_69/image_01.jpg', '/rooms/images/room_69/image_01.jpg', 109675, 'image/jpeg', 'jpg', true, 'ROOM', 89, 'READY', NOW(), NOW(), 0);
INSERT INTO central_media_files (id, owner_id, category, original_name, file_name, file_path, file_url, file_size, mime_type, extension, is_primary, reference_type, reference_id, status, created_at, updated_at, version) VALUES (618, 3, 'ROOM_IMAGE', 'image_02.jpg', 'image_02.jpg', 'uploads/rooms/images/room_69/image_02.jpg', '/rooms/images/room_69/image_02.jpg', 117395, 'image/jpeg', 'jpg', false, 'ROOM', 89, 'READY', NOW(), NOW(), 0);
INSERT INTO central_media_files (id, owner_id, category, original_name, file_name, file_path, file_url, file_size, mime_type, extension, is_primary, reference_type, reference_id, status, created_at, updated_at, version) VALUES (619, 3, 'ROOM_IMAGE', 'image_03.jpg', 'image_03.jpg', 'uploads/rooms/images/room_69/image_03.jpg', '/rooms/images/room_69/image_03.jpg', 115942, 'image/jpeg', 'jpg', false, 'ROOM', 89, 'READY', NOW(), NOW(), 0);
INSERT INTO central_media_files (id, owner_id, category, original_name, file_name, file_path, file_url, file_size, mime_type, extension, is_primary, reference_type, reference_id, status, created_at, updated_at, version) VALUES (620, 3, 'ROOM_IMAGE', 'image_04.jpg', 'image_04.jpg', 'uploads/rooms/images/room_69/image_04.jpg', '/rooms/images/room_69/image_04.jpg', 130407, 'image/jpeg', 'jpg', false, 'ROOM', 89, 'READY', NOW(), NOW(), 0);
INSERT INTO central_media_files (id, owner_id, category, original_name, file_name, file_path, file_url, file_size, mime_type, extension, is_primary, reference_type, reference_id, status, created_at, updated_at, version) VALUES (621, 3, 'ROOM_IMAGE', 'image_05.jpg', 'image_05.jpg', 'uploads/rooms/images/room_69/image_05.jpg', '/rooms/images/room_69/image_05.jpg', 94682, 'image/jpeg', 'jpg', false, 'ROOM', 89, 'READY', NOW(), NOW(), 0);
INSERT INTO central_media_files (id, owner_id, category, original_name, file_name, file_path, file_url, file_size, mime_type, extension, is_primary, reference_type, reference_id, status, created_at, updated_at, version) VALUES (622, 3, 'ROOM_IMAGE', 'image_06.jpg', 'image_06.jpg', 'uploads/rooms/images/room_69/image_06.jpg', '/rooms/images/room_69/image_06.jpg', 125064, 'image/jpeg', 'jpg', false, 'ROOM', 89, 'READY', NOW(), NOW(), 0);
INSERT INTO central_media_files (id, owner_id, category, original_name, file_name, file_path, file_url, file_size, mime_type, extension, is_primary, reference_type, reference_id, status, created_at, updated_at, version) VALUES (623, 3, 'ROOM_IMAGE', 'image_07.jpg', 'image_07.jpg', 'uploads/rooms/images/room_69/image_07.jpg', '/rooms/images/room_69/image_07.jpg', 126670, 'image/jpeg', 'jpg', false, 'ROOM', 89, 'READY', NOW(), NOW(), 0);
INSERT INTO central_media_files (id, owner_id, category, original_name, file_name, file_path, file_url, file_size, mime_type, extension, is_primary, reference_type, reference_id, status, created_at, updated_at, version) VALUES (624, 3, 'ROOM_IMAGE', 'image_08.jpg', 'image_08.jpg', 'uploads/rooms/images/room_69/image_08.jpg', '/rooms/images/room_69/image_08.jpg', 112658, 'image/jpeg', 'jpg', false, 'ROOM', 89, 'READY', NOW(), NOW(), 0);
INSERT INTO central_media_files (id, owner_id, category, original_name, file_name, file_path, file_url, file_size, mime_type, extension, is_primary, reference_type, reference_id, status, created_at, updated_at, version) VALUES (625, 3, 'ROOM_IMAGE', 'image_09.jpg', 'image_09.jpg', 'uploads/rooms/images/room_69/image_09.jpg', '/rooms/images/room_69/image_09.jpg', 113046, 'image/jpeg', 'jpg', false, 'ROOM', 89, 'READY', NOW(), NOW(), 0);
INSERT INTO central_media_files (id, owner_id, category, original_name, file_name, file_path, file_url, file_size, mime_type, extension, is_primary, reference_type, reference_id, status, created_at, updated_at, version) VALUES (626, 3, 'POST_VIDEO', 'video_01.mp4', 'video_01.mp4', 'uploads/posts/videos/room_69/video_01.mp4', '/posts/videos/room_69/video_01.mp4', 5779884, 'video/mp4', 'mp4', true, 'POST', 89, 'READY', NOW(), NOW(), 0);
INSERT INTO central_media_files (id, owner_id, category, original_name, file_name, file_path, file_url, file_size, mime_type, extension, is_primary, reference_type, reference_id, status, created_at, updated_at, version) VALUES (627, 4, 'ROOM_THUMBNAIL', 'image_01.jpg', 'image_01.jpg', 'uploads/rooms/images/room_70/image_01.jpg', '/rooms/images/room_70/image_01.jpg', 176757, 'image/jpeg', 'jpg', true, 'ROOM', 90, 'READY', NOW(), NOW(), 0);
INSERT INTO central_media_files (id, owner_id, category, original_name, file_name, file_path, file_url, file_size, mime_type, extension, is_primary, reference_type, reference_id, status, created_at, updated_at, version) VALUES (628, 4, 'ROOM_IMAGE', 'image_02.jpg', 'image_02.jpg', 'uploads/rooms/images/room_70/image_02.jpg', '/rooms/images/room_70/image_02.jpg', 99252, 'image/jpeg', 'jpg', false, 'ROOM', 90, 'READY', NOW(), NOW(), 0);
INSERT INTO central_media_files (id, owner_id, category, original_name, file_name, file_path, file_url, file_size, mime_type, extension, is_primary, reference_type, reference_id, status, created_at, updated_at, version) VALUES (629, 4, 'ROOM_IMAGE', 'image_03.jpg', 'image_03.jpg', 'uploads/rooms/images/room_70/image_03.jpg', '/rooms/images/room_70/image_03.jpg', 116546, 'image/jpeg', 'jpg', false, 'ROOM', 90, 'READY', NOW(), NOW(), 0);
INSERT INTO central_media_files (id, owner_id, category, original_name, file_name, file_path, file_url, file_size, mime_type, extension, is_primary, reference_type, reference_id, status, created_at, updated_at, version) VALUES (630, 4, 'ROOM_IMAGE', 'image_04.jpg', 'image_04.jpg', 'uploads/rooms/images/room_70/image_04.jpg', '/rooms/images/room_70/image_04.jpg', 116198, 'image/jpeg', 'jpg', false, 'ROOM', 90, 'READY', NOW(), NOW(), 0);
INSERT INTO central_media_files (id, owner_id, category, original_name, file_name, file_path, file_url, file_size, mime_type, extension, is_primary, reference_type, reference_id, status, created_at, updated_at, version) VALUES (631, 4, 'ROOM_IMAGE', 'image_05.jpg', 'image_05.jpg', 'uploads/rooms/images/room_70/image_05.jpg', '/rooms/images/room_70/image_05.jpg', 71662, 'image/jpeg', 'jpg', false, 'ROOM', 90, 'READY', NOW(), NOW(), 0);
INSERT INTO central_media_files (id, owner_id, category, original_name, file_name, file_path, file_url, file_size, mime_type, extension, is_primary, reference_type, reference_id, status, created_at, updated_at, version) VALUES (632, 4, 'POST_VIDEO', 'video_01.mp4', 'video_01.mp4', 'uploads/posts/videos/room_70/video_01.mp4', '/posts/videos/room_70/video_01.mp4', 6134355, 'video/mp4', 'mp4', true, 'POST', 90, 'READY', NOW(), NOW(), 0);
INSERT INTO central_media_files (id, owner_id, category, original_name, file_name, file_path, file_url, file_size, mime_type, extension, is_primary, reference_type, reference_id, status, created_at, updated_at, version) VALUES (633, 2, 'ROOM_THUMBNAIL', 'image_01.jpg', 'image_01.jpg', 'uploads/rooms/images/room_71/image_01.jpg', '/rooms/images/room_71/image_01.jpg', 67870, 'image/jpeg', 'jpg', true, 'ROOM', 91, 'READY', NOW(), NOW(), 0);
INSERT INTO central_media_files (id, owner_id, category, original_name, file_name, file_path, file_url, file_size, mime_type, extension, is_primary, reference_type, reference_id, status, created_at, updated_at, version) VALUES (634, 2, 'ROOM_IMAGE', 'image_02.jpg', 'image_02.jpg', 'uploads/rooms/images/room_71/image_02.jpg', '/rooms/images/room_71/image_02.jpg', 54945, 'image/jpeg', 'jpg', false, 'ROOM', 91, 'READY', NOW(), NOW(), 0);
INSERT INTO central_media_files (id, owner_id, category, original_name, file_name, file_path, file_url, file_size, mime_type, extension, is_primary, reference_type, reference_id, status, created_at, updated_at, version) VALUES (635, 2, 'ROOM_IMAGE', 'image_03.jpg', 'image_03.jpg', 'uploads/rooms/images/room_71/image_03.jpg', '/rooms/images/room_71/image_03.jpg', 58406, 'image/jpeg', 'jpg', false, 'ROOM', 91, 'READY', NOW(), NOW(), 0);
INSERT INTO central_media_files (id, owner_id, category, original_name, file_name, file_path, file_url, file_size, mime_type, extension, is_primary, reference_type, reference_id, status, created_at, updated_at, version) VALUES (636, 2, 'ROOM_IMAGE', 'image_04.jpg', 'image_04.jpg', 'uploads/rooms/images/room_71/image_04.jpg', '/rooms/images/room_71/image_04.jpg', 77814, 'image/jpeg', 'jpg', false, 'ROOM', 91, 'READY', NOW(), NOW(), 0);
INSERT INTO central_media_files (id, owner_id, category, original_name, file_name, file_path, file_url, file_size, mime_type, extension, is_primary, reference_type, reference_id, status, created_at, updated_at, version) VALUES (637, 2, 'ROOM_IMAGE', 'image_05.jpg', 'image_05.jpg', 'uploads/rooms/images/room_71/image_05.jpg', '/rooms/images/room_71/image_05.jpg', 42021, 'image/jpeg', 'jpg', false, 'ROOM', 91, 'READY', NOW(), NOW(), 0);
INSERT INTO central_media_files (id, owner_id, category, original_name, file_name, file_path, file_url, file_size, mime_type, extension, is_primary, reference_type, reference_id, status, created_at, updated_at, version) VALUES (638, 2, 'ROOM_IMAGE', 'image_06.jpg', 'image_06.jpg', 'uploads/rooms/images/room_71/image_06.jpg', '/rooms/images/room_71/image_06.jpg', 60191, 'image/jpeg', 'jpg', false, 'ROOM', 91, 'READY', NOW(), NOW(), 0);
INSERT INTO central_media_files (id, owner_id, category, original_name, file_name, file_path, file_url, file_size, mime_type, extension, is_primary, reference_type, reference_id, status, created_at, updated_at, version) VALUES (639, 2, 'POST_VIDEO', 'video_01.mp4', 'video_01.mp4', 'uploads/posts/videos/room_71/video_01.mp4', '/posts/videos/room_71/video_01.mp4', 11602103, 'video/mp4', 'mp4', true, 'POST', 91, 'READY', NOW(), NOW(), 0);
INSERT INTO central_media_files (id, owner_id, category, original_name, file_name, file_path, file_url, file_size, mime_type, extension, is_primary, reference_type, reference_id, status, created_at, updated_at, version) VALUES (640, 3, 'ROOM_THUMBNAIL', 'image_01.jpg', 'image_01.jpg', 'uploads/rooms/images/room_72/image_01.jpg', '/rooms/images/room_72/image_01.jpg', 128871, 'image/jpeg', 'jpg', true, 'ROOM', 92, 'READY', NOW(), NOW(), 0);
INSERT INTO central_media_files (id, owner_id, category, original_name, file_name, file_path, file_url, file_size, mime_type, extension, is_primary, reference_type, reference_id, status, created_at, updated_at, version) VALUES (641, 3, 'ROOM_IMAGE', 'image_02.jpg', 'image_02.jpg', 'uploads/rooms/images/room_72/image_02.jpg', '/rooms/images/room_72/image_02.jpg', 115469, 'image/jpeg', 'jpg', false, 'ROOM', 92, 'READY', NOW(), NOW(), 0);
INSERT INTO central_media_files (id, owner_id, category, original_name, file_name, file_path, file_url, file_size, mime_type, extension, is_primary, reference_type, reference_id, status, created_at, updated_at, version) VALUES (642, 3, 'ROOM_IMAGE', 'image_03.jpg', 'image_03.jpg', 'uploads/rooms/images/room_72/image_03.jpg', '/rooms/images/room_72/image_03.jpg', 113489, 'image/jpeg', 'jpg', false, 'ROOM', 92, 'READY', NOW(), NOW(), 0);
INSERT INTO central_media_files (id, owner_id, category, original_name, file_name, file_path, file_url, file_size, mime_type, extension, is_primary, reference_type, reference_id, status, created_at, updated_at, version) VALUES (643, 3, 'ROOM_IMAGE', 'image_04.jpg', 'image_04.jpg', 'uploads/rooms/images/room_72/image_04.jpg', '/rooms/images/room_72/image_04.jpg', 121508, 'image/jpeg', 'jpg', false, 'ROOM', 92, 'READY', NOW(), NOW(), 0);
INSERT INTO central_media_files (id, owner_id, category, original_name, file_name, file_path, file_url, file_size, mime_type, extension, is_primary, reference_type, reference_id, status, created_at, updated_at, version) VALUES (644, 3, 'ROOM_IMAGE', 'image_05.jpg', 'image_05.jpg', 'uploads/rooms/images/room_72/image_05.jpg', '/rooms/images/room_72/image_05.jpg', 126642, 'image/jpeg', 'jpg', false, 'ROOM', 92, 'READY', NOW(), NOW(), 0);
INSERT INTO central_media_files (id, owner_id, category, original_name, file_name, file_path, file_url, file_size, mime_type, extension, is_primary, reference_type, reference_id, status, created_at, updated_at, version) VALUES (645, 3, 'ROOM_IMAGE', 'image_06.jpg', 'image_06.jpg', 'uploads/rooms/images/room_72/image_06.jpg', '/rooms/images/room_72/image_06.jpg', 112130, 'image/jpeg', 'jpg', false, 'ROOM', 92, 'READY', NOW(), NOW(), 0);
INSERT INTO central_media_files (id, owner_id, category, original_name, file_name, file_path, file_url, file_size, mime_type, extension, is_primary, reference_type, reference_id, status, created_at, updated_at, version) VALUES (646, 3, 'ROOM_IMAGE', 'image_07.jpg', 'image_07.jpg', 'uploads/rooms/images/room_72/image_07.jpg', '/rooms/images/room_72/image_07.jpg', 106837, 'image/jpeg', 'jpg', false, 'ROOM', 92, 'READY', NOW(), NOW(), 0);
INSERT INTO central_media_files (id, owner_id, category, original_name, file_name, file_path, file_url, file_size, mime_type, extension, is_primary, reference_type, reference_id, status, created_at, updated_at, version) VALUES (647, 3, 'ROOM_IMAGE', 'image_08.jpg', 'image_08.jpg', 'uploads/rooms/images/room_72/image_08.jpg', '/rooms/images/room_72/image_08.jpg', 110746, 'image/jpeg', 'jpg', false, 'ROOM', 92, 'READY', NOW(), NOW(), 0);
INSERT INTO central_media_files (id, owner_id, category, original_name, file_name, file_path, file_url, file_size, mime_type, extension, is_primary, reference_type, reference_id, status, created_at, updated_at, version) VALUES (648, 3, 'ROOM_IMAGE', 'image_09.jpg', 'image_09.jpg', 'uploads/rooms/images/room_72/image_09.jpg', '/rooms/images/room_72/image_09.jpg', 126302, 'image/jpeg', 'jpg', false, 'ROOM', 92, 'READY', NOW(), NOW(), 0);
INSERT INTO central_media_files (id, owner_id, category, original_name, file_name, file_path, file_url, file_size, mime_type, extension, is_primary, reference_type, reference_id, status, created_at, updated_at, version) VALUES (649, 3, 'ROOM_IMAGE', 'image_10.jpg', 'image_10.jpg', 'uploads/rooms/images/room_72/image_10.jpg', '/rooms/images/room_72/image_10.jpg', 125502, 'image/jpeg', 'jpg', false, 'ROOM', 92, 'READY', NOW(), NOW(), 0);
INSERT INTO central_media_files (id, owner_id, category, original_name, file_name, file_path, file_url, file_size, mime_type, extension, is_primary, reference_type, reference_id, status, created_at, updated_at, version) VALUES (650, 3, 'ROOM_IMAGE', 'image_11.jpg', 'image_11.jpg', 'uploads/rooms/images/room_72/image_11.jpg', '/rooms/images/room_72/image_11.jpg', 105813, 'image/jpeg', 'jpg', false, 'ROOM', 92, 'READY', NOW(), NOW(), 0);
INSERT INTO central_media_files (id, owner_id, category, original_name, file_name, file_path, file_url, file_size, mime_type, extension, is_primary, reference_type, reference_id, status, created_at, updated_at, version) VALUES (651, 3, 'ROOM_IMAGE', 'image_12.jpg', 'image_12.jpg', 'uploads/rooms/images/room_72/image_12.jpg', '/rooms/images/room_72/image_12.jpg', 130489, 'image/jpeg', 'jpg', false, 'ROOM', 92, 'READY', NOW(), NOW(), 0);
INSERT INTO central_media_files (id, owner_id, category, original_name, file_name, file_path, file_url, file_size, mime_type, extension, is_primary, reference_type, reference_id, status, created_at, updated_at, version) VALUES (652, 3, 'POST_VIDEO', 'video_01.mp4', 'video_01.mp4', 'uploads/posts/videos/room_72/video_01.mp4', '/posts/videos/room_72/video_01.mp4', 5653412, 'video/mp4', 'mp4', true, 'POST', 92, 'READY', NOW(), NOW(), 0);
INSERT INTO central_media_files (id, owner_id, category, original_name, file_name, file_path, file_url, file_size, mime_type, extension, is_primary, reference_type, reference_id, status, created_at, updated_at, version) VALUES (653, 4, 'ROOM_THUMBNAIL', 'image_01.jpg', 'image_01.jpg', 'uploads/rooms/images/room_73/image_01.jpg', '/rooms/images/room_73/image_01.jpg', 68621, 'image/jpeg', 'jpg', true, 'ROOM', 93, 'READY', NOW(), NOW(), 0);
INSERT INTO central_media_files (id, owner_id, category, original_name, file_name, file_path, file_url, file_size, mime_type, extension, is_primary, reference_type, reference_id, status, created_at, updated_at, version) VALUES (654, 4, 'ROOM_IMAGE', 'image_02.jpg', 'image_02.jpg', 'uploads/rooms/images/room_73/image_02.jpg', '/rooms/images/room_73/image_02.jpg', 110479, 'image/jpeg', 'jpg', false, 'ROOM', 93, 'READY', NOW(), NOW(), 0);
INSERT INTO central_media_files (id, owner_id, category, original_name, file_name, file_path, file_url, file_size, mime_type, extension, is_primary, reference_type, reference_id, status, created_at, updated_at, version) VALUES (655, 4, 'ROOM_IMAGE', 'image_03.jpg', 'image_03.jpg', 'uploads/rooms/images/room_73/image_03.jpg', '/rooms/images/room_73/image_03.jpg', 66511, 'image/jpeg', 'jpg', false, 'ROOM', 93, 'READY', NOW(), NOW(), 0);
INSERT INTO central_media_files (id, owner_id, category, original_name, file_name, file_path, file_url, file_size, mime_type, extension, is_primary, reference_type, reference_id, status, created_at, updated_at, version) VALUES (656, 4, 'ROOM_IMAGE', 'image_04.jpg', 'image_04.jpg', 'uploads/rooms/images/room_73/image_04.jpg', '/rooms/images/room_73/image_04.jpg', 70364, 'image/jpeg', 'jpg', false, 'ROOM', 93, 'READY', NOW(), NOW(), 0);
INSERT INTO central_media_files (id, owner_id, category, original_name, file_name, file_path, file_url, file_size, mime_type, extension, is_primary, reference_type, reference_id, status, created_at, updated_at, version) VALUES (657, 4, 'ROOM_IMAGE', 'image_05.jpg', 'image_05.jpg', 'uploads/rooms/images/room_73/image_05.jpg', '/rooms/images/room_73/image_05.jpg', 117814, 'image/jpeg', 'jpg', false, 'ROOM', 93, 'READY', NOW(), NOW(), 0);
INSERT INTO central_media_files (id, owner_id, category, original_name, file_name, file_path, file_url, file_size, mime_type, extension, is_primary, reference_type, reference_id, status, created_at, updated_at, version) VALUES (658, 4, 'ROOM_IMAGE', 'image_06.jpg', 'image_06.jpg', 'uploads/rooms/images/room_73/image_06.jpg', '/rooms/images/room_73/image_06.jpg', 66524, 'image/jpeg', 'jpg', false, 'ROOM', 93, 'READY', NOW(), NOW(), 0);
INSERT INTO central_media_files (id, owner_id, category, original_name, file_name, file_path, file_url, file_size, mime_type, extension, is_primary, reference_type, reference_id, status, created_at, updated_at, version) VALUES (659, 4, 'ROOM_IMAGE', 'image_07.jpg', 'image_07.jpg', 'uploads/rooms/images/room_73/image_07.jpg', '/rooms/images/room_73/image_07.jpg', 60629, 'image/jpeg', 'jpg', false, 'ROOM', 93, 'READY', NOW(), NOW(), 0);
INSERT INTO central_media_files (id, owner_id, category, original_name, file_name, file_path, file_url, file_size, mime_type, extension, is_primary, reference_type, reference_id, status, created_at, updated_at, version) VALUES (660, 4, 'POST_VIDEO', 'video_01.mp4', 'video_01.mp4', 'uploads/posts/videos/room_73/video_01.mp4', '/posts/videos/room_73/video_01.mp4', 19353939, 'video/mp4', 'mp4', true, 'POST', 93, 'READY', NOW(), NOW(), 0);
INSERT INTO central_media_files (id, owner_id, category, original_name, file_name, file_path, file_url, file_size, mime_type, extension, is_primary, reference_type, reference_id, status, created_at, updated_at, version) VALUES (661, 2, 'ROOM_THUMBNAIL', 'image_01.jpg', 'image_01.jpg', 'uploads/rooms/images/room_74/image_01.jpg', '/rooms/images/room_74/image_01.jpg', 71556, 'image/jpeg', 'jpg', true, 'ROOM', 94, 'READY', NOW(), NOW(), 0);
INSERT INTO central_media_files (id, owner_id, category, original_name, file_name, file_path, file_url, file_size, mime_type, extension, is_primary, reference_type, reference_id, status, created_at, updated_at, version) VALUES (662, 2, 'ROOM_IMAGE', 'image_02.jpg', 'image_02.jpg', 'uploads/rooms/images/room_74/image_02.jpg', '/rooms/images/room_74/image_02.jpg', 95997, 'image/jpeg', 'jpg', false, 'ROOM', 94, 'READY', NOW(), NOW(), 0);
INSERT INTO central_media_files (id, owner_id, category, original_name, file_name, file_path, file_url, file_size, mime_type, extension, is_primary, reference_type, reference_id, status, created_at, updated_at, version) VALUES (663, 2, 'ROOM_IMAGE', 'image_03.jpg', 'image_03.jpg', 'uploads/rooms/images/room_74/image_03.jpg', '/rooms/images/room_74/image_03.jpg', 97925, 'image/jpeg', 'jpg', false, 'ROOM', 94, 'READY', NOW(), NOW(), 0);
INSERT INTO central_media_files (id, owner_id, category, original_name, file_name, file_path, file_url, file_size, mime_type, extension, is_primary, reference_type, reference_id, status, created_at, updated_at, version) VALUES (664, 2, 'ROOM_IMAGE', 'image_04.jpg', 'image_04.jpg', 'uploads/rooms/images/room_74/image_04.jpg', '/rooms/images/room_74/image_04.jpg', 110551, 'image/jpeg', 'jpg', false, 'ROOM', 94, 'READY', NOW(), NOW(), 0);
INSERT INTO central_media_files (id, owner_id, category, original_name, file_name, file_path, file_url, file_size, mime_type, extension, is_primary, reference_type, reference_id, status, created_at, updated_at, version) VALUES (665, 2, 'ROOM_IMAGE', 'image_05.jpg', 'image_05.jpg', 'uploads/rooms/images/room_74/image_05.jpg', '/rooms/images/room_74/image_05.jpg', 89636, 'image/jpeg', 'jpg', false, 'ROOM', 94, 'READY', NOW(), NOW(), 0);
INSERT INTO central_media_files (id, owner_id, category, original_name, file_name, file_path, file_url, file_size, mime_type, extension, is_primary, reference_type, reference_id, status, created_at, updated_at, version) VALUES (666, 2, 'POST_VIDEO', 'video_01.mp4', 'video_01.mp4', 'uploads/posts/videos/room_74/video_01.mp4', '/posts/videos/room_74/video_01.mp4', 5447943, 'video/mp4', 'mp4', true, 'POST', 94, 'READY', NOW(), NOW(), 0);
INSERT INTO central_media_files (id, owner_id, category, original_name, file_name, file_path, file_url, file_size, mime_type, extension, is_primary, reference_type, reference_id, status, created_at, updated_at, version) VALUES (667, 3, 'ROOM_THUMBNAIL', 'image_01.jpg', 'image_01.jpg', 'uploads/rooms/images/room_75/image_01.jpg', '/rooms/images/room_75/image_01.jpg', 102895, 'image/jpeg', 'jpg', true, 'ROOM', 95, 'READY', NOW(), NOW(), 0);
INSERT INTO central_media_files (id, owner_id, category, original_name, file_name, file_path, file_url, file_size, mime_type, extension, is_primary, reference_type, reference_id, status, created_at, updated_at, version) VALUES (668, 3, 'ROOM_IMAGE', 'image_02.jpg', 'image_02.jpg', 'uploads/rooms/images/room_75/image_02.jpg', '/rooms/images/room_75/image_02.jpg', 102002, 'image/jpeg', 'jpg', false, 'ROOM', 95, 'READY', NOW(), NOW(), 0);
INSERT INTO central_media_files (id, owner_id, category, original_name, file_name, file_path, file_url, file_size, mime_type, extension, is_primary, reference_type, reference_id, status, created_at, updated_at, version) VALUES (669, 3, 'ROOM_IMAGE', 'image_03.jpg', 'image_03.jpg', 'uploads/rooms/images/room_75/image_03.jpg', '/rooms/images/room_75/image_03.jpg', 101749, 'image/jpeg', 'jpg', false, 'ROOM', 95, 'READY', NOW(), NOW(), 0);
INSERT INTO central_media_files (id, owner_id, category, original_name, file_name, file_path, file_url, file_size, mime_type, extension, is_primary, reference_type, reference_id, status, created_at, updated_at, version) VALUES (670, 3, 'ROOM_IMAGE', 'image_04.jpg', 'image_04.jpg', 'uploads/rooms/images/room_75/image_04.jpg', '/rooms/images/room_75/image_04.jpg', 97784, 'image/jpeg', 'jpg', false, 'ROOM', 95, 'READY', NOW(), NOW(), 0);
INSERT INTO central_media_files (id, owner_id, category, original_name, file_name, file_path, file_url, file_size, mime_type, extension, is_primary, reference_type, reference_id, status, created_at, updated_at, version) VALUES (671, 3, 'ROOM_IMAGE', 'image_05.jpg', 'image_05.jpg', 'uploads/rooms/images/room_75/image_05.jpg', '/rooms/images/room_75/image_05.jpg', 81920, 'image/jpeg', 'jpg', false, 'ROOM', 95, 'READY', NOW(), NOW(), 0);
INSERT INTO central_media_files (id, owner_id, category, original_name, file_name, file_path, file_url, file_size, mime_type, extension, is_primary, reference_type, reference_id, status, created_at, updated_at, version) VALUES (672, 3, 'ROOM_IMAGE', 'image_06.jpg', 'image_06.jpg', 'uploads/rooms/images/room_75/image_06.jpg', '/rooms/images/room_75/image_06.jpg', 88202, 'image/jpeg', 'jpg', false, 'ROOM', 95, 'READY', NOW(), NOW(), 0);
INSERT INTO central_media_files (id, owner_id, category, original_name, file_name, file_path, file_url, file_size, mime_type, extension, is_primary, reference_type, reference_id, status, created_at, updated_at, version) VALUES (673, 3, 'ROOM_IMAGE', 'image_07.jpg', 'image_07.jpg', 'uploads/rooms/images/room_75/image_07.jpg', '/rooms/images/room_75/image_07.jpg', 123185, 'image/jpeg', 'jpg', false, 'ROOM', 95, 'READY', NOW(), NOW(), 0);
INSERT INTO central_media_files (id, owner_id, category, original_name, file_name, file_path, file_url, file_size, mime_type, extension, is_primary, reference_type, reference_id, status, created_at, updated_at, version) VALUES (674, 3, 'ROOM_IMAGE', 'image_08.jpg', 'image_08.jpg', 'uploads/rooms/images/room_75/image_08.jpg', '/rooms/images/room_75/image_08.jpg', 106918, 'image/jpeg', 'jpg', false, 'ROOM', 95, 'READY', NOW(), NOW(), 0);
INSERT INTO central_media_files (id, owner_id, category, original_name, file_name, file_path, file_url, file_size, mime_type, extension, is_primary, reference_type, reference_id, status, created_at, updated_at, version) VALUES (675, 3, 'POST_VIDEO', 'video_01.mp4', 'video_01.mp4', 'uploads/posts/videos/room_75/video_01.mp4', '/posts/videos/room_75/video_01.mp4', 34263446, 'video/mp4', 'mp4', true, 'POST', 95, 'READY', NOW(), NOW(), 0);
INSERT INTO central_media_files (id, owner_id, category, original_name, file_name, file_path, file_url, file_size, mime_type, extension, is_primary, reference_type, reference_id, status, created_at, updated_at, version) VALUES (676, 4, 'ROOM_THUMBNAIL', 'image_01.jpg', 'image_01.jpg', 'uploads/rooms/images/room_76/image_01.jpg', '/rooms/images/room_76/image_01.jpg', 89653, 'image/jpeg', 'jpg', true, 'ROOM', 96, 'READY', NOW(), NOW(), 0);
INSERT INTO central_media_files (id, owner_id, category, original_name, file_name, file_path, file_url, file_size, mime_type, extension, is_primary, reference_type, reference_id, status, created_at, updated_at, version) VALUES (677, 4, 'ROOM_IMAGE', 'image_02.jpg', 'image_02.jpg', 'uploads/rooms/images/room_76/image_02.jpg', '/rooms/images/room_76/image_02.jpg', 89769, 'image/jpeg', 'jpg', false, 'ROOM', 96, 'READY', NOW(), NOW(), 0);
INSERT INTO central_media_files (id, owner_id, category, original_name, file_name, file_path, file_url, file_size, mime_type, extension, is_primary, reference_type, reference_id, status, created_at, updated_at, version) VALUES (678, 4, 'ROOM_IMAGE', 'image_03.jpg', 'image_03.jpg', 'uploads/rooms/images/room_76/image_03.jpg', '/rooms/images/room_76/image_03.jpg', 138782, 'image/jpeg', 'jpg', false, 'ROOM', 96, 'READY', NOW(), NOW(), 0);
INSERT INTO central_media_files (id, owner_id, category, original_name, file_name, file_path, file_url, file_size, mime_type, extension, is_primary, reference_type, reference_id, status, created_at, updated_at, version) VALUES (679, 4, 'ROOM_IMAGE', 'image_04.jpg', 'image_04.jpg', 'uploads/rooms/images/room_76/image_04.jpg', '/rooms/images/room_76/image_04.jpg', 84750, 'image/jpeg', 'jpg', false, 'ROOM', 96, 'READY', NOW(), NOW(), 0);
INSERT INTO central_media_files (id, owner_id, category, original_name, file_name, file_path, file_url, file_size, mime_type, extension, is_primary, reference_type, reference_id, status, created_at, updated_at, version) VALUES (680, 4, 'POST_VIDEO', 'video_01.mp4', 'video_01.mp4', 'uploads/posts/videos/room_76/video_01.mp4', '/posts/videos/room_76/video_01.mp4', 8653918, 'video/mp4', 'mp4', true, 'POST', 96, 'READY', NOW(), NOW(), 0);
INSERT INTO central_media_files (id, owner_id, category, original_name, file_name, file_path, file_url, file_size, mime_type, extension, is_primary, reference_type, reference_id, status, created_at, updated_at, version) VALUES (681, 2, 'ROOM_THUMBNAIL', 'image_01.jpg', 'image_01.jpg', 'uploads/rooms/images/room_77/image_01.jpg', '/rooms/images/room_77/image_01.jpg', 93430, 'image/jpeg', 'jpg', true, 'ROOM', 97, 'READY', NOW(), NOW(), 0);
INSERT INTO central_media_files (id, owner_id, category, original_name, file_name, file_path, file_url, file_size, mime_type, extension, is_primary, reference_type, reference_id, status, created_at, updated_at, version) VALUES (682, 2, 'ROOM_IMAGE', 'image_02.jpg', 'image_02.jpg', 'uploads/rooms/images/room_77/image_02.jpg', '/rooms/images/room_77/image_02.jpg', 81659, 'image/jpeg', 'jpg', false, 'ROOM', 97, 'READY', NOW(), NOW(), 0);
INSERT INTO central_media_files (id, owner_id, category, original_name, file_name, file_path, file_url, file_size, mime_type, extension, is_primary, reference_type, reference_id, status, created_at, updated_at, version) VALUES (683, 2, 'ROOM_IMAGE', 'image_03.jpg', 'image_03.jpg', 'uploads/rooms/images/room_77/image_03.jpg', '/rooms/images/room_77/image_03.jpg', 57464, 'image/jpeg', 'jpg', false, 'ROOM', 97, 'READY', NOW(), NOW(), 0);
INSERT INTO central_media_files (id, owner_id, category, original_name, file_name, file_path, file_url, file_size, mime_type, extension, is_primary, reference_type, reference_id, status, created_at, updated_at, version) VALUES (684, 2, 'ROOM_IMAGE', 'image_04.jpg', 'image_04.jpg', 'uploads/rooms/images/room_77/image_04.jpg', '/rooms/images/room_77/image_04.jpg', 87575, 'image/jpeg', 'jpg', false, 'ROOM', 97, 'READY', NOW(), NOW(), 0);
INSERT INTO central_media_files (id, owner_id, category, original_name, file_name, file_path, file_url, file_size, mime_type, extension, is_primary, reference_type, reference_id, status, created_at, updated_at, version) VALUES (685, 2, 'ROOM_IMAGE', 'image_05.jpg', 'image_05.jpg', 'uploads/rooms/images/room_77/image_05.jpg', '/rooms/images/room_77/image_05.jpg', 83529, 'image/jpeg', 'jpg', false, 'ROOM', 97, 'READY', NOW(), NOW(), 0);
INSERT INTO central_media_files (id, owner_id, category, original_name, file_name, file_path, file_url, file_size, mime_type, extension, is_primary, reference_type, reference_id, status, created_at, updated_at, version) VALUES (686, 2, 'ROOM_IMAGE', 'image_06.jpg', 'image_06.jpg', 'uploads/rooms/images/room_77/image_06.jpg', '/rooms/images/room_77/image_06.jpg', 70349, 'image/jpeg', 'jpg', false, 'ROOM', 97, 'READY', NOW(), NOW(), 0);
INSERT INTO central_media_files (id, owner_id, category, original_name, file_name, file_path, file_url, file_size, mime_type, extension, is_primary, reference_type, reference_id, status, created_at, updated_at, version) VALUES (687, 2, 'ROOM_IMAGE', 'image_07.jpg', 'image_07.jpg', 'uploads/rooms/images/room_77/image_07.jpg', '/rooms/images/room_77/image_07.jpg', 69078, 'image/jpeg', 'jpg', false, 'ROOM', 97, 'READY', NOW(), NOW(), 0);
INSERT INTO central_media_files (id, owner_id, category, original_name, file_name, file_path, file_url, file_size, mime_type, extension, is_primary, reference_type, reference_id, status, created_at, updated_at, version) VALUES (688, 2, 'POST_VIDEO', 'video_01.mp4', 'video_01.mp4', 'uploads/posts/videos/room_77/video_01.mp4', '/posts/videos/room_77/video_01.mp4', 6099180, 'video/mp4', 'mp4', true, 'POST', 97, 'READY', NOW(), NOW(), 0);
INSERT INTO central_media_files (id, owner_id, category, original_name, file_name, file_path, file_url, file_size, mime_type, extension, is_primary, reference_type, reference_id, status, created_at, updated_at, version) VALUES (689, 3, 'ROOM_THUMBNAIL', 'image_01.jpg', 'image_01.jpg', 'uploads/rooms/images/room_78/image_01.jpg', '/rooms/images/room_78/image_01.jpg', 107942, 'image/jpeg', 'jpg', true, 'ROOM', 98, 'READY', NOW(), NOW(), 0);
INSERT INTO central_media_files (id, owner_id, category, original_name, file_name, file_path, file_url, file_size, mime_type, extension, is_primary, reference_type, reference_id, status, created_at, updated_at, version) VALUES (690, 3, 'ROOM_IMAGE', 'image_02.jpg', 'image_02.jpg', 'uploads/rooms/images/room_78/image_02.jpg', '/rooms/images/room_78/image_02.jpg', 100130, 'image/jpeg', 'jpg', false, 'ROOM', 98, 'READY', NOW(), NOW(), 0);
INSERT INTO central_media_files (id, owner_id, category, original_name, file_name, file_path, file_url, file_size, mime_type, extension, is_primary, reference_type, reference_id, status, created_at, updated_at, version) VALUES (691, 3, 'ROOM_IMAGE', 'image_03.jpg', 'image_03.jpg', 'uploads/rooms/images/room_78/image_03.jpg', '/rooms/images/room_78/image_03.jpg', 81121, 'image/jpeg', 'jpg', false, 'ROOM', 98, 'READY', NOW(), NOW(), 0);
INSERT INTO central_media_files (id, owner_id, category, original_name, file_name, file_path, file_url, file_size, mime_type, extension, is_primary, reference_type, reference_id, status, created_at, updated_at, version) VALUES (692, 3, 'ROOM_IMAGE', 'image_04.jpg', 'image_04.jpg', 'uploads/rooms/images/room_78/image_04.jpg', '/rooms/images/room_78/image_04.jpg', 75370, 'image/jpeg', 'jpg', false, 'ROOM', 98, 'READY', NOW(), NOW(), 0);
INSERT INTO central_media_files (id, owner_id, category, original_name, file_name, file_path, file_url, file_size, mime_type, extension, is_primary, reference_type, reference_id, status, created_at, updated_at, version) VALUES (693, 3, 'ROOM_IMAGE', 'image_05.jpg', 'image_05.jpg', 'uploads/rooms/images/room_78/image_05.jpg', '/rooms/images/room_78/image_05.jpg', 59868, 'image/jpeg', 'jpg', false, 'ROOM', 98, 'READY', NOW(), NOW(), 0);
INSERT INTO central_media_files (id, owner_id, category, original_name, file_name, file_path, file_url, file_size, mime_type, extension, is_primary, reference_type, reference_id, status, created_at, updated_at, version) VALUES (694, 3, 'ROOM_IMAGE', 'image_06.jpg', 'image_06.jpg', 'uploads/rooms/images/room_78/image_06.jpg', '/rooms/images/room_78/image_06.jpg', 57898, 'image/jpeg', 'jpg', false, 'ROOM', 98, 'READY', NOW(), NOW(), 0);
INSERT INTO central_media_files (id, owner_id, category, original_name, file_name, file_path, file_url, file_size, mime_type, extension, is_primary, reference_type, reference_id, status, created_at, updated_at, version) VALUES (695, 3, 'ROOM_IMAGE', 'image_07.jpg', 'image_07.jpg', 'uploads/rooms/images/room_78/image_07.jpg', '/rooms/images/room_78/image_07.jpg', 60637, 'image/jpeg', 'jpg', false, 'ROOM', 98, 'READY', NOW(), NOW(), 0);
INSERT INTO central_media_files (id, owner_id, category, original_name, file_name, file_path, file_url, file_size, mime_type, extension, is_primary, reference_type, reference_id, status, created_at, updated_at, version) VALUES (696, 3, 'ROOM_IMAGE', 'image_08.jpg', 'image_08.jpg', 'uploads/rooms/images/room_78/image_08.jpg', '/rooms/images/room_78/image_08.jpg', 57302, 'image/jpeg', 'jpg', false, 'ROOM', 98, 'READY', NOW(), NOW(), 0);
INSERT INTO central_media_files (id, owner_id, category, original_name, file_name, file_path, file_url, file_size, mime_type, extension, is_primary, reference_type, reference_id, status, created_at, updated_at, version) VALUES (697, 3, 'ROOM_IMAGE', 'image_09.jpg', 'image_09.jpg', 'uploads/rooms/images/room_78/image_09.jpg', '/rooms/images/room_78/image_09.jpg', 74117, 'image/jpeg', 'jpg', false, 'ROOM', 98, 'READY', NOW(), NOW(), 0);
INSERT INTO central_media_files (id, owner_id, category, original_name, file_name, file_path, file_url, file_size, mime_type, extension, is_primary, reference_type, reference_id, status, created_at, updated_at, version) VALUES (698, 3, 'ROOM_IMAGE', 'image_10.jpg', 'image_10.jpg', 'uploads/rooms/images/room_78/image_10.jpg', '/rooms/images/room_78/image_10.jpg', 95886, 'image/jpeg', 'jpg', false, 'ROOM', 98, 'READY', NOW(), NOW(), 0);
INSERT INTO central_media_files (id, owner_id, category, original_name, file_name, file_path, file_url, file_size, mime_type, extension, is_primary, reference_type, reference_id, status, created_at, updated_at, version) VALUES (699, 3, 'ROOM_IMAGE', 'image_11.jpg', 'image_11.jpg', 'uploads/rooms/images/room_78/image_11.jpg', '/rooms/images/room_78/image_11.jpg', 104167, 'image/jpeg', 'jpg', false, 'ROOM', 98, 'READY', NOW(), NOW(), 0);
INSERT INTO central_media_files (id, owner_id, category, original_name, file_name, file_path, file_url, file_size, mime_type, extension, is_primary, reference_type, reference_id, status, created_at, updated_at, version) VALUES (700, 3, 'POST_VIDEO', 'video_01.mp4', 'video_01.mp4', 'uploads/posts/videos/room_78/video_01.mp4', '/posts/videos/room_78/video_01.mp4', 10821808, 'video/mp4', 'mp4', true, 'POST', 98, 'READY', NOW(), NOW(), 0);
INSERT INTO central_media_files (id, owner_id, category, original_name, file_name, file_path, file_url, file_size, mime_type, extension, is_primary, reference_type, reference_id, status, created_at, updated_at, version) VALUES (701, 4, 'ROOM_THUMBNAIL', 'image_01.jpg', 'image_01.jpg', 'uploads/rooms/images/room_79/image_01.jpg', '/rooms/images/room_79/image_01.jpg', 71857, 'image/jpeg', 'jpg', true, 'ROOM', 99, 'READY', NOW(), NOW(), 0);
INSERT INTO central_media_files (id, owner_id, category, original_name, file_name, file_path, file_url, file_size, mime_type, extension, is_primary, reference_type, reference_id, status, created_at, updated_at, version) VALUES (702, 4, 'ROOM_IMAGE', 'image_02.jpg', 'image_02.jpg', 'uploads/rooms/images/room_79/image_02.jpg', '/rooms/images/room_79/image_02.jpg', 87767, 'image/jpeg', 'jpg', false, 'ROOM', 99, 'READY', NOW(), NOW(), 0);
INSERT INTO central_media_files (id, owner_id, category, original_name, file_name, file_path, file_url, file_size, mime_type, extension, is_primary, reference_type, reference_id, status, created_at, updated_at, version) VALUES (703, 4, 'ROOM_IMAGE', 'image_03.jpg', 'image_03.jpg', 'uploads/rooms/images/room_79/image_03.jpg', '/rooms/images/room_79/image_03.jpg', 77688, 'image/jpeg', 'jpg', false, 'ROOM', 99, 'READY', NOW(), NOW(), 0);
INSERT INTO central_media_files (id, owner_id, category, original_name, file_name, file_path, file_url, file_size, mime_type, extension, is_primary, reference_type, reference_id, status, created_at, updated_at, version) VALUES (704, 4, 'ROOM_IMAGE', 'image_04.jpg', 'image_04.jpg', 'uploads/rooms/images/room_79/image_04.jpg', '/rooms/images/room_79/image_04.jpg', 193675, 'image/jpeg', 'jpg', false, 'ROOM', 99, 'READY', NOW(), NOW(), 0);
INSERT INTO central_media_files (id, owner_id, category, original_name, file_name, file_path, file_url, file_size, mime_type, extension, is_primary, reference_type, reference_id, status, created_at, updated_at, version) VALUES (705, 4, 'ROOM_IMAGE', 'image_05.jpg', 'image_05.jpg', 'uploads/rooms/images/room_79/image_05.jpg', '/rooms/images/room_79/image_05.jpg', 58609, 'image/jpeg', 'jpg', false, 'ROOM', 99, 'READY', NOW(), NOW(), 0);
INSERT INTO central_media_files (id, owner_id, category, original_name, file_name, file_path, file_url, file_size, mime_type, extension, is_primary, reference_type, reference_id, status, created_at, updated_at, version) VALUES (706, 4, 'ROOM_IMAGE', 'image_06.jpg', 'image_06.jpg', 'uploads/rooms/images/room_79/image_06.jpg', '/rooms/images/room_79/image_06.jpg', 47870, 'image/jpeg', 'jpg', false, 'ROOM', 99, 'READY', NOW(), NOW(), 0);
INSERT INTO central_media_files (id, owner_id, category, original_name, file_name, file_path, file_url, file_size, mime_type, extension, is_primary, reference_type, reference_id, status, created_at, updated_at, version) VALUES (707, 4, 'ROOM_IMAGE', 'image_07.jpg', 'image_07.jpg', 'uploads/rooms/images/room_79/image_07.jpg', '/rooms/images/room_79/image_07.jpg', 84189, 'image/jpeg', 'jpg', false, 'ROOM', 99, 'READY', NOW(), NOW(), 0);
INSERT INTO central_media_files (id, owner_id, category, original_name, file_name, file_path, file_url, file_size, mime_type, extension, is_primary, reference_type, reference_id, status, created_at, updated_at, version) VALUES (708, 4, 'ROOM_IMAGE', 'image_08.jpg', 'image_08.jpg', 'uploads/rooms/images/room_79/image_08.jpg', '/rooms/images/room_79/image_08.jpg', 119458, 'image/jpeg', 'jpg', false, 'ROOM', 99, 'READY', NOW(), NOW(), 0);
INSERT INTO central_media_files (id, owner_id, category, original_name, file_name, file_path, file_url, file_size, mime_type, extension, is_primary, reference_type, reference_id, status, created_at, updated_at, version) VALUES (709, 4, 'POST_VIDEO', 'video_01.mp4', 'video_01.mp4', 'uploads/posts/videos/room_79/video_01.mp4', '/posts/videos/room_79/video_01.mp4', 7862954, 'video/mp4', 'mp4', true, 'POST', 99, 'READY', NOW(), NOW(), 0);
INSERT INTO central_media_files (id, owner_id, category, original_name, file_name, file_path, file_url, file_size, mime_type, extension, is_primary, reference_type, reference_id, status, created_at, updated_at, version) VALUES (710, 2, 'ROOM_THUMBNAIL', 'image_01.jpg', 'image_01.jpg', 'uploads/rooms/images/room_80/image_01.jpg', '/rooms/images/room_80/image_01.jpg', 58705, 'image/jpeg', 'jpg', true, 'ROOM', 100, 'READY', NOW(), NOW(), 0);
INSERT INTO central_media_files (id, owner_id, category, original_name, file_name, file_path, file_url, file_size, mime_type, extension, is_primary, reference_type, reference_id, status, created_at, updated_at, version) VALUES (711, 2, 'ROOM_IMAGE', 'image_02.jpg', 'image_02.jpg', 'uploads/rooms/images/room_80/image_02.jpg', '/rooms/images/room_80/image_02.jpg', 100143, 'image/jpeg', 'jpg', false, 'ROOM', 100, 'READY', NOW(), NOW(), 0);
INSERT INTO central_media_files (id, owner_id, category, original_name, file_name, file_path, file_url, file_size, mime_type, extension, is_primary, reference_type, reference_id, status, created_at, updated_at, version) VALUES (712, 2, 'ROOM_IMAGE', 'image_03.jpg', 'image_03.jpg', 'uploads/rooms/images/room_80/image_03.jpg', '/rooms/images/room_80/image_03.jpg', 127998, 'image/jpeg', 'jpg', false, 'ROOM', 100, 'READY', NOW(), NOW(), 0);
INSERT INTO central_media_files (id, owner_id, category, original_name, file_name, file_path, file_url, file_size, mime_type, extension, is_primary, reference_type, reference_id, status, created_at, updated_at, version) VALUES (713, 2, 'ROOM_IMAGE', 'image_04.jpg', 'image_04.jpg', 'uploads/rooms/images/room_80/image_04.jpg', '/rooms/images/room_80/image_04.jpg', 89935, 'image/jpeg', 'jpg', false, 'ROOM', 100, 'READY', NOW(), NOW(), 0);
INSERT INTO central_media_files (id, owner_id, category, original_name, file_name, file_path, file_url, file_size, mime_type, extension, is_primary, reference_type, reference_id, status, created_at, updated_at, version) VALUES (714, 2, 'ROOM_IMAGE', 'image_05.jpg', 'image_05.jpg', 'uploads/rooms/images/room_80/image_05.jpg', '/rooms/images/room_80/image_05.jpg', 172596, 'image/jpeg', 'jpg', false, 'ROOM', 100, 'READY', NOW(), NOW(), 0);
INSERT INTO central_media_files (id, owner_id, category, original_name, file_name, file_path, file_url, file_size, mime_type, extension, is_primary, reference_type, reference_id, status, created_at, updated_at, version) VALUES (715, 2, 'ROOM_IMAGE', 'image_06.jpg', 'image_06.jpg', 'uploads/rooms/images/room_80/image_06.jpg', '/rooms/images/room_80/image_06.jpg', 123392, 'image/jpeg', 'jpg', false, 'ROOM', 100, 'READY', NOW(), NOW(), 0);
INSERT INTO central_media_files (id, owner_id, category, original_name, file_name, file_path, file_url, file_size, mime_type, extension, is_primary, reference_type, reference_id, status, created_at, updated_at, version) VALUES (716, 2, 'POST_VIDEO', 'video_01.mp4', 'video_01.mp4', 'uploads/posts/videos/room_80/video_01.mp4', '/posts/videos/room_80/video_01.mp4', 8788005, 'video/mp4', 'mp4', true, 'POST', 100, 'READY', NOW(), NOW(), 0);
INSERT INTO central_media_files (id, owner_id, category, original_name, file_name, file_path, file_url, file_size, mime_type, extension, is_primary, reference_type, reference_id, status, created_at, updated_at, version) VALUES (717, 3, 'ROOM_THUMBNAIL', 'image_01.jpg', 'image_01.jpg', 'uploads/rooms/images/room_81/image_01.jpg', '/rooms/images/room_81/image_01.jpg', 81296, 'image/jpeg', 'jpg', true, 'ROOM', 101, 'READY', NOW(), NOW(), 0);
INSERT INTO central_media_files (id, owner_id, category, original_name, file_name, file_path, file_url, file_size, mime_type, extension, is_primary, reference_type, reference_id, status, created_at, updated_at, version) VALUES (718, 3, 'ROOM_IMAGE', 'image_02.jpg', 'image_02.jpg', 'uploads/rooms/images/room_81/image_02.jpg', '/rooms/images/room_81/image_02.jpg', 92250, 'image/jpeg', 'jpg', false, 'ROOM', 101, 'READY', NOW(), NOW(), 0);
INSERT INTO central_media_files (id, owner_id, category, original_name, file_name, file_path, file_url, file_size, mime_type, extension, is_primary, reference_type, reference_id, status, created_at, updated_at, version) VALUES (719, 3, 'ROOM_IMAGE', 'image_03.jpg', 'image_03.jpg', 'uploads/rooms/images/room_81/image_03.jpg', '/rooms/images/room_81/image_03.jpg', 95201, 'image/jpeg', 'jpg', false, 'ROOM', 101, 'READY', NOW(), NOW(), 0);
INSERT INTO central_media_files (id, owner_id, category, original_name, file_name, file_path, file_url, file_size, mime_type, extension, is_primary, reference_type, reference_id, status, created_at, updated_at, version) VALUES (720, 3, 'ROOM_IMAGE', 'image_04.jpg', 'image_04.jpg', 'uploads/rooms/images/room_81/image_04.jpg', '/rooms/images/room_81/image_04.jpg', 59044, 'image/jpeg', 'jpg', false, 'ROOM', 101, 'READY', NOW(), NOW(), 0);
INSERT INTO central_media_files (id, owner_id, category, original_name, file_name, file_path, file_url, file_size, mime_type, extension, is_primary, reference_type, reference_id, status, created_at, updated_at, version) VALUES (721, 3, 'ROOM_IMAGE', 'image_05.jpg', 'image_05.jpg', 'uploads/rooms/images/room_81/image_05.jpg', '/rooms/images/room_81/image_05.jpg', 85932, 'image/jpeg', 'jpg', false, 'ROOM', 101, 'READY', NOW(), NOW(), 0);
INSERT INTO central_media_files (id, owner_id, category, original_name, file_name, file_path, file_url, file_size, mime_type, extension, is_primary, reference_type, reference_id, status, created_at, updated_at, version) VALUES (722, 3, 'ROOM_IMAGE', 'image_06.jpg', 'image_06.jpg', 'uploads/rooms/images/room_81/image_06.jpg', '/rooms/images/room_81/image_06.jpg', 82504, 'image/jpeg', 'jpg', false, 'ROOM', 101, 'READY', NOW(), NOW(), 0);
INSERT INTO central_media_files (id, owner_id, category, original_name, file_name, file_path, file_url, file_size, mime_type, extension, is_primary, reference_type, reference_id, status, created_at, updated_at, version) VALUES (723, 3, 'POST_VIDEO', 'video_01.mp4', 'video_01.mp4', 'uploads/posts/videos/room_81/video_01.mp4', '/posts/videos/room_81/video_01.mp4', 5664540, 'video/mp4', 'mp4', true, 'POST', 101, 'READY', NOW(), NOW(), 0);
INSERT INTO central_media_files (id, owner_id, category, original_name, file_name, file_path, file_url, file_size, mime_type, extension, is_primary, reference_type, reference_id, status, created_at, updated_at, version) VALUES (724, 4, 'ROOM_THUMBNAIL', 'image_01.jpg', 'image_01.jpg', 'uploads/rooms/images/room_82/image_01.jpg', '/rooms/images/room_82/image_01.jpg', 106929, 'image/jpeg', 'jpg', true, 'ROOM', 102, 'READY', NOW(), NOW(), 0);
INSERT INTO central_media_files (id, owner_id, category, original_name, file_name, file_path, file_url, file_size, mime_type, extension, is_primary, reference_type, reference_id, status, created_at, updated_at, version) VALUES (725, 4, 'ROOM_IMAGE', 'image_02.jpg', 'image_02.jpg', 'uploads/rooms/images/room_82/image_02.jpg', '/rooms/images/room_82/image_02.jpg', 116606, 'image/jpeg', 'jpg', false, 'ROOM', 102, 'READY', NOW(), NOW(), 0);
INSERT INTO central_media_files (id, owner_id, category, original_name, file_name, file_path, file_url, file_size, mime_type, extension, is_primary, reference_type, reference_id, status, created_at, updated_at, version) VALUES (726, 4, 'ROOM_IMAGE', 'image_03.jpg', 'image_03.jpg', 'uploads/rooms/images/room_82/image_03.jpg', '/rooms/images/room_82/image_03.jpg', 112969, 'image/jpeg', 'jpg', false, 'ROOM', 102, 'READY', NOW(), NOW(), 0);
INSERT INTO central_media_files (id, owner_id, category, original_name, file_name, file_path, file_url, file_size, mime_type, extension, is_primary, reference_type, reference_id, status, created_at, updated_at, version) VALUES (727, 4, 'ROOM_IMAGE', 'image_04.jpg', 'image_04.jpg', 'uploads/rooms/images/room_82/image_04.jpg', '/rooms/images/room_82/image_04.jpg', 114409, 'image/jpeg', 'jpg', false, 'ROOM', 102, 'READY', NOW(), NOW(), 0);
INSERT INTO central_media_files (id, owner_id, category, original_name, file_name, file_path, file_url, file_size, mime_type, extension, is_primary, reference_type, reference_id, status, created_at, updated_at, version) VALUES (728, 4, 'ROOM_IMAGE', 'image_05.jpg', 'image_05.jpg', 'uploads/rooms/images/room_82/image_05.jpg', '/rooms/images/room_82/image_05.jpg', 107465, 'image/jpeg', 'jpg', false, 'ROOM', 102, 'READY', NOW(), NOW(), 0);
INSERT INTO central_media_files (id, owner_id, category, original_name, file_name, file_path, file_url, file_size, mime_type, extension, is_primary, reference_type, reference_id, status, created_at, updated_at, version) VALUES (729, 4, 'ROOM_IMAGE', 'image_06.jpg', 'image_06.jpg', 'uploads/rooms/images/room_82/image_06.jpg', '/rooms/images/room_82/image_06.jpg', 93660, 'image/jpeg', 'jpg', false, 'ROOM', 102, 'READY', NOW(), NOW(), 0);
INSERT INTO central_media_files (id, owner_id, category, original_name, file_name, file_path, file_url, file_size, mime_type, extension, is_primary, reference_type, reference_id, status, created_at, updated_at, version) VALUES (730, 4, 'ROOM_IMAGE', 'image_07.jpg', 'image_07.jpg', 'uploads/rooms/images/room_82/image_07.jpg', '/rooms/images/room_82/image_07.jpg', 123500, 'image/jpeg', 'jpg', false, 'ROOM', 102, 'READY', NOW(), NOW(), 0);
INSERT INTO central_media_files (id, owner_id, category, original_name, file_name, file_path, file_url, file_size, mime_type, extension, is_primary, reference_type, reference_id, status, created_at, updated_at, version) VALUES (731, 4, 'ROOM_IMAGE', 'image_08.jpg', 'image_08.jpg', 'uploads/rooms/images/room_82/image_08.jpg', '/rooms/images/room_82/image_08.jpg', 141925, 'image/jpeg', 'jpg', false, 'ROOM', 102, 'READY', NOW(), NOW(), 0);
INSERT INTO central_media_files (id, owner_id, category, original_name, file_name, file_path, file_url, file_size, mime_type, extension, is_primary, reference_type, reference_id, status, created_at, updated_at, version) VALUES (732, 4, 'POST_VIDEO', 'video_01.mp4', 'video_01.mp4', 'uploads/posts/videos/room_82/video_01.mp4', '/posts/videos/room_82/video_01.mp4', 6284987, 'video/mp4', 'mp4', true, 'POST', 102, 'READY', NOW(), NOW(), 0);
INSERT INTO central_media_files (id, owner_id, category, original_name, file_name, file_path, file_url, file_size, mime_type, extension, is_primary, reference_type, reference_id, status, created_at, updated_at, version) VALUES (733, 2, 'ROOM_THUMBNAIL', 'image_01.jpg', 'image_01.jpg', 'uploads/rooms/images/room_83/image_01.jpg', '/rooms/images/room_83/image_01.jpg', 65715, 'image/jpeg', 'jpg', true, 'ROOM', 103, 'READY', NOW(), NOW(), 0);
INSERT INTO central_media_files (id, owner_id, category, original_name, file_name, file_path, file_url, file_size, mime_type, extension, is_primary, reference_type, reference_id, status, created_at, updated_at, version) VALUES (734, 2, 'ROOM_IMAGE', 'image_02.jpg', 'image_02.jpg', 'uploads/rooms/images/room_83/image_02.jpg', '/rooms/images/room_83/image_02.jpg', 54848, 'image/jpeg', 'jpg', false, 'ROOM', 103, 'READY', NOW(), NOW(), 0);
INSERT INTO central_media_files (id, owner_id, category, original_name, file_name, file_path, file_url, file_size, mime_type, extension, is_primary, reference_type, reference_id, status, created_at, updated_at, version) VALUES (735, 2, 'ROOM_IMAGE', 'image_03.jpg', 'image_03.jpg', 'uploads/rooms/images/room_83/image_03.jpg', '/rooms/images/room_83/image_03.jpg', 130863, 'image/jpeg', 'jpg', false, 'ROOM', 103, 'READY', NOW(), NOW(), 0);
INSERT INTO central_media_files (id, owner_id, category, original_name, file_name, file_path, file_url, file_size, mime_type, extension, is_primary, reference_type, reference_id, status, created_at, updated_at, version) VALUES (736, 2, 'ROOM_IMAGE', 'image_04.jpg', 'image_04.jpg', 'uploads/rooms/images/room_83/image_04.jpg', '/rooms/images/room_83/image_04.jpg', 67884, 'image/jpeg', 'jpg', false, 'ROOM', 103, 'READY', NOW(), NOW(), 0);
INSERT INTO central_media_files (id, owner_id, category, original_name, file_name, file_path, file_url, file_size, mime_type, extension, is_primary, reference_type, reference_id, status, created_at, updated_at, version) VALUES (737, 2, 'ROOM_IMAGE', 'image_05.jpg', 'image_05.jpg', 'uploads/rooms/images/room_83/image_05.jpg', '/rooms/images/room_83/image_05.jpg', 83263, 'image/jpeg', 'jpg', false, 'ROOM', 103, 'READY', NOW(), NOW(), 0);
INSERT INTO central_media_files (id, owner_id, category, original_name, file_name, file_path, file_url, file_size, mime_type, extension, is_primary, reference_type, reference_id, status, created_at, updated_at, version) VALUES (738, 2, 'ROOM_IMAGE', 'image_06.jpg', 'image_06.jpg', 'uploads/rooms/images/room_83/image_06.jpg', '/rooms/images/room_83/image_06.jpg', 79701, 'image/jpeg', 'jpg', false, 'ROOM', 103, 'READY', NOW(), NOW(), 0);
INSERT INTO central_media_files (id, owner_id, category, original_name, file_name, file_path, file_url, file_size, mime_type, extension, is_primary, reference_type, reference_id, status, created_at, updated_at, version) VALUES (739, 2, 'POST_VIDEO', 'video_01.mp4', 'video_01.mp4', 'uploads/posts/videos/room_83/video_01.mp4', '/posts/videos/room_83/video_01.mp4', 7467028, 'video/mp4', 'mp4', true, 'POST', 103, 'READY', NOW(), NOW(), 0);
INSERT INTO central_media_files (id, owner_id, category, original_name, file_name, file_path, file_url, file_size, mime_type, extension, is_primary, reference_type, reference_id, status, created_at, updated_at, version) VALUES (740, 3, 'ROOM_THUMBNAIL', 'image_01.jpg', 'image_01.jpg', 'uploads/rooms/images/room_84/image_01.jpg', '/rooms/images/room_84/image_01.jpg', 84481, 'image/jpeg', 'jpg', true, 'ROOM', 104, 'READY', NOW(), NOW(), 0);
INSERT INTO central_media_files (id, owner_id, category, original_name, file_name, file_path, file_url, file_size, mime_type, extension, is_primary, reference_type, reference_id, status, created_at, updated_at, version) VALUES (741, 3, 'ROOM_IMAGE', 'image_02.jpg', 'image_02.jpg', 'uploads/rooms/images/room_84/image_02.jpg', '/rooms/images/room_84/image_02.jpg', 133025, 'image/jpeg', 'jpg', false, 'ROOM', 104, 'READY', NOW(), NOW(), 0);
INSERT INTO central_media_files (id, owner_id, category, original_name, file_name, file_path, file_url, file_size, mime_type, extension, is_primary, reference_type, reference_id, status, created_at, updated_at, version) VALUES (742, 3, 'ROOM_IMAGE', 'image_03.jpg', 'image_03.jpg', 'uploads/rooms/images/room_84/image_03.jpg', '/rooms/images/room_84/image_03.jpg', 151945, 'image/jpeg', 'jpg', false, 'ROOM', 104, 'READY', NOW(), NOW(), 0);
INSERT INTO central_media_files (id, owner_id, category, original_name, file_name, file_path, file_url, file_size, mime_type, extension, is_primary, reference_type, reference_id, status, created_at, updated_at, version) VALUES (743, 3, 'ROOM_IMAGE', 'image_04.jpg', 'image_04.jpg', 'uploads/rooms/images/room_84/image_04.jpg', '/rooms/images/room_84/image_04.jpg', 152658, 'image/jpeg', 'jpg', false, 'ROOM', 104, 'READY', NOW(), NOW(), 0);
INSERT INTO central_media_files (id, owner_id, category, original_name, file_name, file_path, file_url, file_size, mime_type, extension, is_primary, reference_type, reference_id, status, created_at, updated_at, version) VALUES (744, 3, 'ROOM_IMAGE', 'image_05.jpg', 'image_05.jpg', 'uploads/rooms/images/room_84/image_05.jpg', '/rooms/images/room_84/image_05.jpg', 64410, 'image/jpeg', 'jpg', false, 'ROOM', 104, 'READY', NOW(), NOW(), 0);
INSERT INTO central_media_files (id, owner_id, category, original_name, file_name, file_path, file_url, file_size, mime_type, extension, is_primary, reference_type, reference_id, status, created_at, updated_at, version) VALUES (745, 3, 'POST_VIDEO', 'video_01.mp4', 'video_01.mp4', 'uploads/posts/videos/room_84/video_01.mp4', '/posts/videos/room_84/video_01.mp4', 9087758, 'video/mp4', 'mp4', true, 'POST', 104, 'READY', NOW(), NOW(), 0);
INSERT INTO central_media_files (id, owner_id, category, original_name, file_name, file_path, file_url, file_size, mime_type, extension, is_primary, reference_type, reference_id, status, created_at, updated_at, version) VALUES (746, 4, 'ROOM_THUMBNAIL', 'image_01.jpg', 'image_01.jpg', 'uploads/rooms/images/room_85/image_01.jpg', '/rooms/images/room_85/image_01.jpg', 102895, 'image/jpeg', 'jpg', true, 'ROOM', 105, 'READY', NOW(), NOW(), 0);
INSERT INTO central_media_files (id, owner_id, category, original_name, file_name, file_path, file_url, file_size, mime_type, extension, is_primary, reference_type, reference_id, status, created_at, updated_at, version) VALUES (747, 4, 'ROOM_IMAGE', 'image_02.jpg', 'image_02.jpg', 'uploads/rooms/images/room_85/image_02.jpg', '/rooms/images/room_85/image_02.jpg', 102002, 'image/jpeg', 'jpg', false, 'ROOM', 105, 'READY', NOW(), NOW(), 0);
INSERT INTO central_media_files (id, owner_id, category, original_name, file_name, file_path, file_url, file_size, mime_type, extension, is_primary, reference_type, reference_id, status, created_at, updated_at, version) VALUES (748, 4, 'ROOM_IMAGE', 'image_03.jpg', 'image_03.jpg', 'uploads/rooms/images/room_85/image_03.jpg', '/rooms/images/room_85/image_03.jpg', 101749, 'image/jpeg', 'jpg', false, 'ROOM', 105, 'READY', NOW(), NOW(), 0);
INSERT INTO central_media_files (id, owner_id, category, original_name, file_name, file_path, file_url, file_size, mime_type, extension, is_primary, reference_type, reference_id, status, created_at, updated_at, version) VALUES (749, 4, 'ROOM_IMAGE', 'image_04.jpg', 'image_04.jpg', 'uploads/rooms/images/room_85/image_04.jpg', '/rooms/images/room_85/image_04.jpg', 97784, 'image/jpeg', 'jpg', false, 'ROOM', 105, 'READY', NOW(), NOW(), 0);
INSERT INTO central_media_files (id, owner_id, category, original_name, file_name, file_path, file_url, file_size, mime_type, extension, is_primary, reference_type, reference_id, status, created_at, updated_at, version) VALUES (750, 4, 'ROOM_IMAGE', 'image_05.jpg', 'image_05.jpg', 'uploads/rooms/images/room_85/image_05.jpg', '/rooms/images/room_85/image_05.jpg', 81920, 'image/jpeg', 'jpg', false, 'ROOM', 105, 'READY', NOW(), NOW(), 0);
INSERT INTO central_media_files (id, owner_id, category, original_name, file_name, file_path, file_url, file_size, mime_type, extension, is_primary, reference_type, reference_id, status, created_at, updated_at, version) VALUES (751, 4, 'ROOM_IMAGE', 'image_06.jpg', 'image_06.jpg', 'uploads/rooms/images/room_85/image_06.jpg', '/rooms/images/room_85/image_06.jpg', 106918, 'image/jpeg', 'jpg', false, 'ROOM', 105, 'READY', NOW(), NOW(), 0);
INSERT INTO central_media_files (id, owner_id, category, original_name, file_name, file_path, file_url, file_size, mime_type, extension, is_primary, reference_type, reference_id, status, created_at, updated_at, version) VALUES (752, 4, 'ROOM_IMAGE', 'image_07.jpg', 'image_07.jpg', 'uploads/rooms/images/room_85/image_07.jpg', '/rooms/images/room_85/image_07.jpg', 123185, 'image/jpeg', 'jpg', false, 'ROOM', 105, 'READY', NOW(), NOW(), 0);
INSERT INTO central_media_files (id, owner_id, category, original_name, file_name, file_path, file_url, file_size, mime_type, extension, is_primary, reference_type, reference_id, status, created_at, updated_at, version) VALUES (753, 4, 'ROOM_IMAGE', 'image_08.jpg', 'image_08.jpg', 'uploads/rooms/images/room_85/image_08.jpg', '/rooms/images/room_85/image_08.jpg', 88202, 'image/jpeg', 'jpg', false, 'ROOM', 105, 'READY', NOW(), NOW(), 0);
INSERT INTO central_media_files (id, owner_id, category, original_name, file_name, file_path, file_url, file_size, mime_type, extension, is_primary, reference_type, reference_id, status, created_at, updated_at, version) VALUES (754, 4, 'POST_VIDEO', 'video_01.mp4', 'video_01.mp4', 'uploads/posts/videos/room_85/video_01.mp4', '/posts/videos/room_85/video_01.mp4', 21583009, 'video/mp4', 'mp4', true, 'POST', 105, 'READY', NOW(), NOW(), 0);
INSERT INTO central_media_files (id, owner_id, category, original_name, file_name, file_path, file_url, file_size, mime_type, extension, is_primary, reference_type, reference_id, status, created_at, updated_at, version) VALUES (755, 2, 'ROOM_THUMBNAIL', 'image_01.jpg', 'image_01.jpg', 'uploads/rooms/images/room_86/image_01.jpg', '/rooms/images/room_86/image_01.jpg', 96703, 'image/jpeg', 'jpg', true, 'ROOM', 106, 'READY', NOW(), NOW(), 0);
INSERT INTO central_media_files (id, owner_id, category, original_name, file_name, file_path, file_url, file_size, mime_type, extension, is_primary, reference_type, reference_id, status, created_at, updated_at, version) VALUES (756, 2, 'ROOM_IMAGE', 'image_02.jpg', 'image_02.jpg', 'uploads/rooms/images/room_86/image_02.jpg', '/rooms/images/room_86/image_02.jpg', 104671, 'image/jpeg', 'jpg', false, 'ROOM', 106, 'READY', NOW(), NOW(), 0);
INSERT INTO central_media_files (id, owner_id, category, original_name, file_name, file_path, file_url, file_size, mime_type, extension, is_primary, reference_type, reference_id, status, created_at, updated_at, version) VALUES (757, 2, 'ROOM_IMAGE', 'image_03.jpg', 'image_03.jpg', 'uploads/rooms/images/room_86/image_03.jpg', '/rooms/images/room_86/image_03.jpg', 55072, 'image/jpeg', 'jpg', false, 'ROOM', 106, 'READY', NOW(), NOW(), 0);
INSERT INTO central_media_files (id, owner_id, category, original_name, file_name, file_path, file_url, file_size, mime_type, extension, is_primary, reference_type, reference_id, status, created_at, updated_at, version) VALUES (758, 2, 'POST_VIDEO', 'video_01.mp4', 'video_01.mp4', 'uploads/posts/videos/room_86/video_01.mp4', '/posts/videos/room_86/video_01.mp4', 18768325, 'video/mp4', 'mp4', true, 'POST', 106, 'READY', NOW(), NOW(), 0);
INSERT INTO central_media_files (id, owner_id, category, original_name, file_name, file_path, file_url, file_size, mime_type, extension, is_primary, reference_type, reference_id, status, created_at, updated_at, version) VALUES (759, 3, 'ROOM_THUMBNAIL', 'image_01.jpg', 'image_01.jpg', 'uploads/rooms/images/room_87/image_01.jpg', '/rooms/images/room_87/image_01.jpg', 65927, 'image/jpeg', 'jpg', true, 'ROOM', 107, 'READY', NOW(), NOW(), 0);
INSERT INTO central_media_files (id, owner_id, category, original_name, file_name, file_path, file_url, file_size, mime_type, extension, is_primary, reference_type, reference_id, status, created_at, updated_at, version) VALUES (760, 3, 'ROOM_IMAGE', 'image_02.jpg', 'image_02.jpg', 'uploads/rooms/images/room_87/image_02.jpg', '/rooms/images/room_87/image_02.jpg', 64111, 'image/jpeg', 'jpg', false, 'ROOM', 107, 'READY', NOW(), NOW(), 0);
INSERT INTO central_media_files (id, owner_id, category, original_name, file_name, file_path, file_url, file_size, mime_type, extension, is_primary, reference_type, reference_id, status, created_at, updated_at, version) VALUES (761, 3, 'ROOM_IMAGE', 'image_03.jpg', 'image_03.jpg', 'uploads/rooms/images/room_87/image_03.jpg', '/rooms/images/room_87/image_03.jpg', 62531, 'image/jpeg', 'jpg', false, 'ROOM', 107, 'READY', NOW(), NOW(), 0);
INSERT INTO central_media_files (id, owner_id, category, original_name, file_name, file_path, file_url, file_size, mime_type, extension, is_primary, reference_type, reference_id, status, created_at, updated_at, version) VALUES (762, 3, 'ROOM_IMAGE', 'image_04.jpg', 'image_04.jpg', 'uploads/rooms/images/room_87/image_04.jpg', '/rooms/images/room_87/image_04.jpg', 56196, 'image/jpeg', 'jpg', false, 'ROOM', 107, 'READY', NOW(), NOW(), 0);
INSERT INTO central_media_files (id, owner_id, category, original_name, file_name, file_path, file_url, file_size, mime_type, extension, is_primary, reference_type, reference_id, status, created_at, updated_at, version) VALUES (763, 3, 'ROOM_IMAGE', 'image_05.jpg', 'image_05.jpg', 'uploads/rooms/images/room_87/image_05.jpg', '/rooms/images/room_87/image_05.jpg', 62496, 'image/jpeg', 'jpg', false, 'ROOM', 107, 'READY', NOW(), NOW(), 0);
INSERT INTO central_media_files (id, owner_id, category, original_name, file_name, file_path, file_url, file_size, mime_type, extension, is_primary, reference_type, reference_id, status, created_at, updated_at, version) VALUES (764, 3, 'ROOM_IMAGE', 'image_06.jpg', 'image_06.jpg', 'uploads/rooms/images/room_87/image_06.jpg', '/rooms/images/room_87/image_06.jpg', 74882, 'image/jpeg', 'jpg', false, 'ROOM', 107, 'READY', NOW(), NOW(), 0);
INSERT INTO central_media_files (id, owner_id, category, original_name, file_name, file_path, file_url, file_size, mime_type, extension, is_primary, reference_type, reference_id, status, created_at, updated_at, version) VALUES (765, 3, 'ROOM_IMAGE', 'image_07.jpg', 'image_07.jpg', 'uploads/rooms/images/room_87/image_07.jpg', '/rooms/images/room_87/image_07.jpg', 59414, 'image/jpeg', 'jpg', false, 'ROOM', 107, 'READY', NOW(), NOW(), 0);
INSERT INTO central_media_files (id, owner_id, category, original_name, file_name, file_path, file_url, file_size, mime_type, extension, is_primary, reference_type, reference_id, status, created_at, updated_at, version) VALUES (766, 3, 'ROOM_IMAGE', 'image_08.jpg', 'image_08.jpg', 'uploads/rooms/images/room_87/image_08.jpg', '/rooms/images/room_87/image_08.jpg', 45438, 'image/jpeg', 'jpg', false, 'ROOM', 107, 'READY', NOW(), NOW(), 0);
INSERT INTO central_media_files (id, owner_id, category, original_name, file_name, file_path, file_url, file_size, mime_type, extension, is_primary, reference_type, reference_id, status, created_at, updated_at, version) VALUES (767, 3, 'POST_VIDEO', 'video_01.mp4', 'video_01.mp4', 'uploads/posts/videos/room_87/video_01.mp4', '/posts/videos/room_87/video_01.mp4', 18921246, 'video/mp4', 'mp4', true, 'POST', 107, 'READY', NOW(), NOW(), 0);
INSERT INTO central_media_files (id, owner_id, category, original_name, file_name, file_path, file_url, file_size, mime_type, extension, is_primary, reference_type, reference_id, status, created_at, updated_at, version) VALUES (768, 4, 'ROOM_THUMBNAIL', 'image_01.jpg', 'image_01.jpg', 'uploads/rooms/images/room_88/image_01.jpg', '/rooms/images/room_88/image_01.jpg', 160085, 'image/jpeg', 'jpg', true, 'ROOM', 108, 'READY', NOW(), NOW(), 0);
INSERT INTO central_media_files (id, owner_id, category, original_name, file_name, file_path, file_url, file_size, mime_type, extension, is_primary, reference_type, reference_id, status, created_at, updated_at, version) VALUES (769, 4, 'ROOM_IMAGE', 'image_02.jpg', 'image_02.jpg', 'uploads/rooms/images/room_88/image_02.jpg', '/rooms/images/room_88/image_02.jpg', 93771, 'image/jpeg', 'jpg', false, 'ROOM', 108, 'READY', NOW(), NOW(), 0);
INSERT INTO central_media_files (id, owner_id, category, original_name, file_name, file_path, file_url, file_size, mime_type, extension, is_primary, reference_type, reference_id, status, created_at, updated_at, version) VALUES (770, 4, 'ROOM_IMAGE', 'image_03.jpg', 'image_03.jpg', 'uploads/rooms/images/room_88/image_03.jpg', '/rooms/images/room_88/image_03.jpg', 72127, 'image/jpeg', 'jpg', false, 'ROOM', 108, 'READY', NOW(), NOW(), 0);
INSERT INTO central_media_files (id, owner_id, category, original_name, file_name, file_path, file_url, file_size, mime_type, extension, is_primary, reference_type, reference_id, status, created_at, updated_at, version) VALUES (771, 4, 'ROOM_IMAGE', 'image_04.jpg', 'image_04.jpg', 'uploads/rooms/images/room_88/image_04.jpg', '/rooms/images/room_88/image_04.jpg', 50363, 'image/jpeg', 'jpg', false, 'ROOM', 108, 'READY', NOW(), NOW(), 0);
INSERT INTO central_media_files (id, owner_id, category, original_name, file_name, file_path, file_url, file_size, mime_type, extension, is_primary, reference_type, reference_id, status, created_at, updated_at, version) VALUES (772, 4, 'ROOM_IMAGE', 'image_05.jpg', 'image_05.jpg', 'uploads/rooms/images/room_88/image_05.jpg', '/rooms/images/room_88/image_05.jpg', 49044, 'image/jpeg', 'jpg', false, 'ROOM', 108, 'READY', NOW(), NOW(), 0);
INSERT INTO central_media_files (id, owner_id, category, original_name, file_name, file_path, file_url, file_size, mime_type, extension, is_primary, reference_type, reference_id, status, created_at, updated_at, version) VALUES (773, 4, 'ROOM_IMAGE', 'image_06.jpg', 'image_06.jpg', 'uploads/rooms/images/room_88/image_06.jpg', '/rooms/images/room_88/image_06.jpg', 65407, 'image/jpeg', 'jpg', false, 'ROOM', 108, 'READY', NOW(), NOW(), 0);
INSERT INTO central_media_files (id, owner_id, category, original_name, file_name, file_path, file_url, file_size, mime_type, extension, is_primary, reference_type, reference_id, status, created_at, updated_at, version) VALUES (774, 4, 'POST_VIDEO', 'video_01.mp4', 'video_01.mp4', 'uploads/posts/videos/room_88/video_01.mp4', '/posts/videos/room_88/video_01.mp4', 2964237, 'video/mp4', 'mp4', true, 'POST', 108, 'READY', NOW(), NOW(), 0);
INSERT INTO central_media_files (id, owner_id, category, original_name, file_name, file_path, file_url, file_size, mime_type, extension, is_primary, reference_type, reference_id, status, created_at, updated_at, version) VALUES (775, 2, 'ROOM_THUMBNAIL', 'image_01.jpg', 'image_01.jpg', 'uploads/rooms/images/room_89/image_01.jpg', '/rooms/images/room_89/image_01.jpg', 88903, 'image/jpeg', 'jpg', true, 'ROOM', 109, 'READY', NOW(), NOW(), 0);
INSERT INTO central_media_files (id, owner_id, category, original_name, file_name, file_path, file_url, file_size, mime_type, extension, is_primary, reference_type, reference_id, status, created_at, updated_at, version) VALUES (776, 2, 'ROOM_IMAGE', 'image_02.jpg', 'image_02.jpg', 'uploads/rooms/images/room_89/image_02.jpg', '/rooms/images/room_89/image_02.jpg', 98966, 'image/jpeg', 'jpg', false, 'ROOM', 109, 'READY', NOW(), NOW(), 0);
INSERT INTO central_media_files (id, owner_id, category, original_name, file_name, file_path, file_url, file_size, mime_type, extension, is_primary, reference_type, reference_id, status, created_at, updated_at, version) VALUES (777, 2, 'ROOM_IMAGE', 'image_03.jpg', 'image_03.jpg', 'uploads/rooms/images/room_89/image_03.jpg', '/rooms/images/room_89/image_03.jpg', 86560, 'image/jpeg', 'jpg', false, 'ROOM', 109, 'READY', NOW(), NOW(), 0);
INSERT INTO central_media_files (id, owner_id, category, original_name, file_name, file_path, file_url, file_size, mime_type, extension, is_primary, reference_type, reference_id, status, created_at, updated_at, version) VALUES (778, 2, 'ROOM_IMAGE', 'image_04.jpg', 'image_04.jpg', 'uploads/rooms/images/room_89/image_04.jpg', '/rooms/images/room_89/image_04.jpg', 110493, 'image/jpeg', 'jpg', false, 'ROOM', 109, 'READY', NOW(), NOW(), 0);
INSERT INTO central_media_files (id, owner_id, category, original_name, file_name, file_path, file_url, file_size, mime_type, extension, is_primary, reference_type, reference_id, status, created_at, updated_at, version) VALUES (779, 2, 'ROOM_IMAGE', 'image_05.jpg', 'image_05.jpg', 'uploads/rooms/images/room_89/image_05.jpg', '/rooms/images/room_89/image_05.jpg', 80652, 'image/jpeg', 'jpg', false, 'ROOM', 109, 'READY', NOW(), NOW(), 0);
INSERT INTO central_media_files (id, owner_id, category, original_name, file_name, file_path, file_url, file_size, mime_type, extension, is_primary, reference_type, reference_id, status, created_at, updated_at, version) VALUES (780, 2, 'ROOM_IMAGE', 'image_06.jpg', 'image_06.jpg', 'uploads/rooms/images/room_89/image_06.jpg', '/rooms/images/room_89/image_06.jpg', 112764, 'image/jpeg', 'jpg', false, 'ROOM', 109, 'READY', NOW(), NOW(), 0);
INSERT INTO central_media_files (id, owner_id, category, original_name, file_name, file_path, file_url, file_size, mime_type, extension, is_primary, reference_type, reference_id, status, created_at, updated_at, version) VALUES (781, 2, 'POST_VIDEO', 'video_01.mp4', 'video_01.mp4', 'uploads/posts/videos/room_89/video_01.mp4', '/posts/videos/room_89/video_01.mp4', 19164155, 'video/mp4', 'mp4', true, 'POST', 109, 'READY', NOW(), NOW(), 0);
INSERT INTO central_media_files (id, owner_id, category, original_name, file_name, file_path, file_url, file_size, mime_type, extension, is_primary, reference_type, reference_id, status, created_at, updated_at, version) VALUES (782, 3, 'ROOM_THUMBNAIL', 'image_01.jpg', 'image_01.jpg', 'uploads/rooms/images/room_90/image_01.jpg', '/rooms/images/room_90/image_01.jpg', 123912, 'image/jpeg', 'jpg', true, 'ROOM', 110, 'READY', NOW(), NOW(), 0);
INSERT INTO central_media_files (id, owner_id, category, original_name, file_name, file_path, file_url, file_size, mime_type, extension, is_primary, reference_type, reference_id, status, created_at, updated_at, version) VALUES (783, 3, 'ROOM_IMAGE', 'image_02.jpg', 'image_02.jpg', 'uploads/rooms/images/room_90/image_02.jpg', '/rooms/images/room_90/image_02.jpg', 104352, 'image/jpeg', 'jpg', false, 'ROOM', 110, 'READY', NOW(), NOW(), 0);
INSERT INTO central_media_files (id, owner_id, category, original_name, file_name, file_path, file_url, file_size, mime_type, extension, is_primary, reference_type, reference_id, status, created_at, updated_at, version) VALUES (784, 3, 'ROOM_IMAGE', 'image_03.jpg', 'image_03.jpg', 'uploads/rooms/images/room_90/image_03.jpg', '/rooms/images/room_90/image_03.jpg', 131251, 'image/jpeg', 'jpg', false, 'ROOM', 110, 'READY', NOW(), NOW(), 0);
INSERT INTO central_media_files (id, owner_id, category, original_name, file_name, file_path, file_url, file_size, mime_type, extension, is_primary, reference_type, reference_id, status, created_at, updated_at, version) VALUES (785, 3, 'ROOM_IMAGE', 'image_04.jpg', 'image_04.jpg', 'uploads/rooms/images/room_90/image_04.jpg', '/rooms/images/room_90/image_04.jpg', 121382, 'image/jpeg', 'jpg', false, 'ROOM', 110, 'READY', NOW(), NOW(), 0);
INSERT INTO central_media_files (id, owner_id, category, original_name, file_name, file_path, file_url, file_size, mime_type, extension, is_primary, reference_type, reference_id, status, created_at, updated_at, version) VALUES (786, 3, 'ROOM_IMAGE', 'image_05.jpg', 'image_05.jpg', 'uploads/rooms/images/room_90/image_05.jpg', '/rooms/images/room_90/image_05.jpg', 118296, 'image/jpeg', 'jpg', false, 'ROOM', 110, 'READY', NOW(), NOW(), 0);
INSERT INTO central_media_files (id, owner_id, category, original_name, file_name, file_path, file_url, file_size, mime_type, extension, is_primary, reference_type, reference_id, status, created_at, updated_at, version) VALUES (787, 3, 'POST_VIDEO', 'video_01.mp4', 'video_01.mp4', 'uploads/posts/videos/room_90/video_01.mp4', '/posts/videos/room_90/video_01.mp4', 3155014, 'video/mp4', 'mp4', true, 'POST', 110, 'READY', NOW(), NOW(), 0);
INSERT INTO central_media_files (id, owner_id, category, original_name, file_name, file_path, file_url, file_size, mime_type, extension, is_primary, reference_type, reference_id, status, created_at, updated_at, version) VALUES (788, 4, 'ROOM_THUMBNAIL', 'image_01.jpg', 'image_01.jpg', 'uploads/rooms/images/room_91/image_01.jpg', '/rooms/images/room_91/image_01.jpg', 83106, 'image/jpeg', 'jpg', true, 'ROOM', 111, 'READY', NOW(), NOW(), 0);
INSERT INTO central_media_files (id, owner_id, category, original_name, file_name, file_path, file_url, file_size, mime_type, extension, is_primary, reference_type, reference_id, status, created_at, updated_at, version) VALUES (789, 4, 'ROOM_IMAGE', 'image_02.jpg', 'image_02.jpg', 'uploads/rooms/images/room_91/image_02.jpg', '/rooms/images/room_91/image_02.jpg', 81943, 'image/jpeg', 'jpg', false, 'ROOM', 111, 'READY', NOW(), NOW(), 0);
INSERT INTO central_media_files (id, owner_id, category, original_name, file_name, file_path, file_url, file_size, mime_type, extension, is_primary, reference_type, reference_id, status, created_at, updated_at, version) VALUES (790, 4, 'ROOM_IMAGE', 'image_03.jpg', 'image_03.jpg', 'uploads/rooms/images/room_91/image_03.jpg', '/rooms/images/room_91/image_03.jpg', 89499, 'image/jpeg', 'jpg', false, 'ROOM', 111, 'READY', NOW(), NOW(), 0);
INSERT INTO central_media_files (id, owner_id, category, original_name, file_name, file_path, file_url, file_size, mime_type, extension, is_primary, reference_type, reference_id, status, created_at, updated_at, version) VALUES (791, 4, 'ROOM_IMAGE', 'image_04.jpg', 'image_04.jpg', 'uploads/rooms/images/room_91/image_04.jpg', '/rooms/images/room_91/image_04.jpg', 104320, 'image/jpeg', 'jpg', false, 'ROOM', 111, 'READY', NOW(), NOW(), 0);
INSERT INTO central_media_files (id, owner_id, category, original_name, file_name, file_path, file_url, file_size, mime_type, extension, is_primary, reference_type, reference_id, status, created_at, updated_at, version) VALUES (792, 4, 'ROOM_IMAGE', 'image_05.jpg', 'image_05.jpg', 'uploads/rooms/images/room_91/image_05.jpg', '/rooms/images/room_91/image_05.jpg', 104271, 'image/jpeg', 'jpg', false, 'ROOM', 111, 'READY', NOW(), NOW(), 0);
INSERT INTO central_media_files (id, owner_id, category, original_name, file_name, file_path, file_url, file_size, mime_type, extension, is_primary, reference_type, reference_id, status, created_at, updated_at, version) VALUES (793, 4, 'POST_VIDEO', 'video_01.mp4', 'video_01.mp4', 'uploads/posts/videos/room_91/video_01.mp4', '/posts/videos/room_91/video_01.mp4', 4646260, 'video/mp4', 'mp4', true, 'POST', 111, 'READY', NOW(), NOW(), 0);
INSERT INTO central_media_files (id, owner_id, category, original_name, file_name, file_path, file_url, file_size, mime_type, extension, is_primary, reference_type, reference_id, status, created_at, updated_at, version) VALUES (794, 2, 'ROOM_THUMBNAIL', 'image_01.jpg', 'image_01.jpg', 'uploads/rooms/images/room_92/image_01.jpg', '/rooms/images/room_92/image_01.jpg', 130833, 'image/jpeg', 'jpg', true, 'ROOM', 112, 'READY', NOW(), NOW(), 0);
INSERT INTO central_media_files (id, owner_id, category, original_name, file_name, file_path, file_url, file_size, mime_type, extension, is_primary, reference_type, reference_id, status, created_at, updated_at, version) VALUES (795, 2, 'ROOM_IMAGE', 'image_02.jpg', 'image_02.jpg', 'uploads/rooms/images/room_92/image_02.jpg', '/rooms/images/room_92/image_02.jpg', 135276, 'image/jpeg', 'jpg', false, 'ROOM', 112, 'READY', NOW(), NOW(), 0);
INSERT INTO central_media_files (id, owner_id, category, original_name, file_name, file_path, file_url, file_size, mime_type, extension, is_primary, reference_type, reference_id, status, created_at, updated_at, version) VALUES (796, 2, 'ROOM_IMAGE', 'image_03.jpg', 'image_03.jpg', 'uploads/rooms/images/room_92/image_03.jpg', '/rooms/images/room_92/image_03.jpg', 160536, 'image/jpeg', 'jpg', false, 'ROOM', 112, 'READY', NOW(), NOW(), 0);
INSERT INTO central_media_files (id, owner_id, category, original_name, file_name, file_path, file_url, file_size, mime_type, extension, is_primary, reference_type, reference_id, status, created_at, updated_at, version) VALUES (797, 2, 'ROOM_IMAGE', 'image_04.jpg', 'image_04.jpg', 'uploads/rooms/images/room_92/image_04.jpg', '/rooms/images/room_92/image_04.jpg', 105160, 'image/jpeg', 'jpg', false, 'ROOM', 112, 'READY', NOW(), NOW(), 0);
INSERT INTO central_media_files (id, owner_id, category, original_name, file_name, file_path, file_url, file_size, mime_type, extension, is_primary, reference_type, reference_id, status, created_at, updated_at, version) VALUES (798, 2, 'ROOM_IMAGE', 'image_05.jpg', 'image_05.jpg', 'uploads/rooms/images/room_92/image_05.jpg', '/rooms/images/room_92/image_05.jpg', 121343, 'image/jpeg', 'jpg', false, 'ROOM', 112, 'READY', NOW(), NOW(), 0);
INSERT INTO central_media_files (id, owner_id, category, original_name, file_name, file_path, file_url, file_size, mime_type, extension, is_primary, reference_type, reference_id, status, created_at, updated_at, version) VALUES (799, 2, 'POST_VIDEO', 'video_01.mp4', 'video_01.mp4', 'uploads/posts/videos/room_92/video_01.mp4', '/posts/videos/room_92/video_01.mp4', 7103262, 'video/mp4', 'mp4', true, 'POST', 112, 'READY', NOW(), NOW(), 0);
INSERT INTO central_media_files (id, owner_id, category, original_name, file_name, file_path, file_url, file_size, mime_type, extension, is_primary, reference_type, reference_id, status, created_at, updated_at, version) VALUES (800, 3, 'ROOM_THUMBNAIL', 'image_01.jpg', 'image_01.jpg', 'uploads/rooms/images/room_93/image_01.jpg', '/rooms/images/room_93/image_01.jpg', 142936, 'image/jpeg', 'jpg', true, 'ROOM', 113, 'READY', NOW(), NOW(), 0);
INSERT INTO central_media_files (id, owner_id, category, original_name, file_name, file_path, file_url, file_size, mime_type, extension, is_primary, reference_type, reference_id, status, created_at, updated_at, version) VALUES (801, 3, 'ROOM_IMAGE', 'image_02.jpg', 'image_02.jpg', 'uploads/rooms/images/room_93/image_02.jpg', '/rooms/images/room_93/image_02.jpg', 129838, 'image/jpeg', 'jpg', false, 'ROOM', 113, 'READY', NOW(), NOW(), 0);
INSERT INTO central_media_files (id, owner_id, category, original_name, file_name, file_path, file_url, file_size, mime_type, extension, is_primary, reference_type, reference_id, status, created_at, updated_at, version) VALUES (802, 3, 'ROOM_IMAGE', 'image_03.jpg', 'image_03.jpg', 'uploads/rooms/images/room_93/image_03.jpg', '/rooms/images/room_93/image_03.jpg', 59312, 'image/jpeg', 'jpg', false, 'ROOM', 113, 'READY', NOW(), NOW(), 0);
INSERT INTO central_media_files (id, owner_id, category, original_name, file_name, file_path, file_url, file_size, mime_type, extension, is_primary, reference_type, reference_id, status, created_at, updated_at, version) VALUES (803, 3, 'POST_VIDEO', 'video_01.mp4', 'video_01.mp4', 'uploads/posts/videos/room_93/video_01.mp4', '/posts/videos/room_93/video_01.mp4', 5244646, 'video/mp4', 'mp4', true, 'POST', 113, 'READY', NOW(), NOW(), 0);
INSERT INTO central_media_files (id, owner_id, category, original_name, file_name, file_path, file_url, file_size, mime_type, extension, is_primary, reference_type, reference_id, status, created_at, updated_at, version) VALUES (804, 4, 'ROOM_THUMBNAIL', 'image_01.jpg', 'image_01.jpg', 'uploads/rooms/images/room_94/image_01.jpg', '/rooms/images/room_94/image_01.jpg', 113944, 'image/jpeg', 'jpg', true, 'ROOM', 114, 'READY', NOW(), NOW(), 0);
INSERT INTO central_media_files (id, owner_id, category, original_name, file_name, file_path, file_url, file_size, mime_type, extension, is_primary, reference_type, reference_id, status, created_at, updated_at, version) VALUES (805, 4, 'ROOM_IMAGE', 'image_02.jpg', 'image_02.jpg', 'uploads/rooms/images/room_94/image_02.jpg', '/rooms/images/room_94/image_02.jpg', 123960, 'image/jpeg', 'jpg', false, 'ROOM', 114, 'READY', NOW(), NOW(), 0);
INSERT INTO central_media_files (id, owner_id, category, original_name, file_name, file_path, file_url, file_size, mime_type, extension, is_primary, reference_type, reference_id, status, created_at, updated_at, version) VALUES (806, 4, 'ROOM_IMAGE', 'image_03.jpg', 'image_03.jpg', 'uploads/rooms/images/room_94/image_03.jpg', '/rooms/images/room_94/image_03.jpg', 113333, 'image/jpeg', 'jpg', false, 'ROOM', 114, 'READY', NOW(), NOW(), 0);
INSERT INTO central_media_files (id, owner_id, category, original_name, file_name, file_path, file_url, file_size, mime_type, extension, is_primary, reference_type, reference_id, status, created_at, updated_at, version) VALUES (807, 4, 'ROOM_IMAGE', 'image_04.jpg', 'image_04.jpg', 'uploads/rooms/images/room_94/image_04.jpg', '/rooms/images/room_94/image_04.jpg', 154637, 'image/jpeg', 'jpg', false, 'ROOM', 114, 'READY', NOW(), NOW(), 0);
INSERT INTO central_media_files (id, owner_id, category, original_name, file_name, file_path, file_url, file_size, mime_type, extension, is_primary, reference_type, reference_id, status, created_at, updated_at, version) VALUES (808, 4, 'ROOM_IMAGE', 'image_05.jpg', 'image_05.jpg', 'uploads/rooms/images/room_94/image_05.jpg', '/rooms/images/room_94/image_05.jpg', 136881, 'image/jpeg', 'jpg', false, 'ROOM', 114, 'READY', NOW(), NOW(), 0);
INSERT INTO central_media_files (id, owner_id, category, original_name, file_name, file_path, file_url, file_size, mime_type, extension, is_primary, reference_type, reference_id, status, created_at, updated_at, version) VALUES (809, 4, 'ROOM_IMAGE', 'image_06.jpg', 'image_06.jpg', 'uploads/rooms/images/room_94/image_06.jpg', '/rooms/images/room_94/image_06.jpg', 126465, 'image/jpeg', 'jpg', false, 'ROOM', 114, 'READY', NOW(), NOW(), 0);
INSERT INTO central_media_files (id, owner_id, category, original_name, file_name, file_path, file_url, file_size, mime_type, extension, is_primary, reference_type, reference_id, status, created_at, updated_at, version) VALUES (810, 4, 'ROOM_IMAGE', 'image_07.jpg', 'image_07.jpg', 'uploads/rooms/images/room_94/image_07.jpg', '/rooms/images/room_94/image_07.jpg', 140426, 'image/jpeg', 'jpg', false, 'ROOM', 114, 'READY', NOW(), NOW(), 0);
INSERT INTO central_media_files (id, owner_id, category, original_name, file_name, file_path, file_url, file_size, mime_type, extension, is_primary, reference_type, reference_id, status, created_at, updated_at, version) VALUES (811, 4, 'POST_VIDEO', 'video_01.mp4', 'video_01.mp4', 'uploads/posts/videos/room_94/video_01.mp4', '/posts/videos/room_94/video_01.mp4', 3910844, 'video/mp4', 'mp4', true, 'POST', 114, 'READY', NOW(), NOW(), 0);
INSERT INTO central_media_files (id, owner_id, category, original_name, file_name, file_path, file_url, file_size, mime_type, extension, is_primary, reference_type, reference_id, status, created_at, updated_at, version) VALUES (812, 2, 'ROOM_THUMBNAIL', 'image_01.jpg', 'image_01.jpg', 'uploads/rooms/images/room_95/image_01.jpg', '/rooms/images/room_95/image_01.jpg', 89278, 'image/jpeg', 'jpg', true, 'ROOM', 115, 'READY', NOW(), NOW(), 0);
INSERT INTO central_media_files (id, owner_id, category, original_name, file_name, file_path, file_url, file_size, mime_type, extension, is_primary, reference_type, reference_id, status, created_at, updated_at, version) VALUES (813, 2, 'ROOM_IMAGE', 'image_02.jpg', 'image_02.jpg', 'uploads/rooms/images/room_95/image_02.jpg', '/rooms/images/room_95/image_02.jpg', 82415, 'image/jpeg', 'jpg', false, 'ROOM', 115, 'READY', NOW(), NOW(), 0);
INSERT INTO central_media_files (id, owner_id, category, original_name, file_name, file_path, file_url, file_size, mime_type, extension, is_primary, reference_type, reference_id, status, created_at, updated_at, version) VALUES (814, 2, 'ROOM_IMAGE', 'image_03.jpg', 'image_03.jpg', 'uploads/rooms/images/room_95/image_03.jpg', '/rooms/images/room_95/image_03.jpg', 105626, 'image/jpeg', 'jpg', false, 'ROOM', 115, 'READY', NOW(), NOW(), 0);
INSERT INTO central_media_files (id, owner_id, category, original_name, file_name, file_path, file_url, file_size, mime_type, extension, is_primary, reference_type, reference_id, status, created_at, updated_at, version) VALUES (815, 2, 'ROOM_IMAGE', 'image_04.jpg', 'image_04.jpg', 'uploads/rooms/images/room_95/image_04.jpg', '/rooms/images/room_95/image_04.jpg', 70811, 'image/jpeg', 'jpg', false, 'ROOM', 115, 'READY', NOW(), NOW(), 0);
INSERT INTO central_media_files (id, owner_id, category, original_name, file_name, file_path, file_url, file_size, mime_type, extension, is_primary, reference_type, reference_id, status, created_at, updated_at, version) VALUES (816, 2, 'ROOM_IMAGE', 'image_05.jpg', 'image_05.jpg', 'uploads/rooms/images/room_95/image_05.jpg', '/rooms/images/room_95/image_05.jpg', 77549, 'image/jpeg', 'jpg', false, 'ROOM', 115, 'READY', NOW(), NOW(), 0);
INSERT INTO central_media_files (id, owner_id, category, original_name, file_name, file_path, file_url, file_size, mime_type, extension, is_primary, reference_type, reference_id, status, created_at, updated_at, version) VALUES (817, 2, 'POST_VIDEO', 'video_01.mp4', 'video_01.mp4', 'uploads/posts/videos/room_95/video_01.mp4', '/posts/videos/room_95/video_01.mp4', 1908585, 'video/mp4', 'mp4', true, 'POST', 115, 'READY', NOW(), NOW(), 0);
INSERT INTO central_media_files (id, owner_id, category, original_name, file_name, file_path, file_url, file_size, mime_type, extension, is_primary, reference_type, reference_id, status, created_at, updated_at, version) VALUES (818, 3, 'ROOM_THUMBNAIL', 'image_01.jpg', 'image_01.jpg', 'uploads/rooms/images/room_96/image_01.jpg', '/rooms/images/room_96/image_01.jpg', 161948, 'image/jpeg', 'jpg', true, 'ROOM', 116, 'READY', NOW(), NOW(), 0);
INSERT INTO central_media_files (id, owner_id, category, original_name, file_name, file_path, file_url, file_size, mime_type, extension, is_primary, reference_type, reference_id, status, created_at, updated_at, version) VALUES (819, 3, 'ROOM_IMAGE', 'image_02.jpg', 'image_02.jpg', 'uploads/rooms/images/room_96/image_02.jpg', '/rooms/images/room_96/image_02.jpg', 98756, 'image/jpeg', 'jpg', false, 'ROOM', 116, 'READY', NOW(), NOW(), 0);
INSERT INTO central_media_files (id, owner_id, category, original_name, file_name, file_path, file_url, file_size, mime_type, extension, is_primary, reference_type, reference_id, status, created_at, updated_at, version) VALUES (820, 3, 'ROOM_IMAGE', 'image_03.jpg', 'image_03.jpg', 'uploads/rooms/images/room_96/image_03.jpg', '/rooms/images/room_96/image_03.jpg', 202810, 'image/jpeg', 'jpg', false, 'ROOM', 116, 'READY', NOW(), NOW(), 0);
INSERT INTO central_media_files (id, owner_id, category, original_name, file_name, file_path, file_url, file_size, mime_type, extension, is_primary, reference_type, reference_id, status, created_at, updated_at, version) VALUES (821, 3, 'ROOM_IMAGE', 'image_04.jpg', 'image_04.jpg', 'uploads/rooms/images/room_96/image_04.jpg', '/rooms/images/room_96/image_04.jpg', 171066, 'image/jpeg', 'jpg', false, 'ROOM', 116, 'READY', NOW(), NOW(), 0);
INSERT INTO central_media_files (id, owner_id, category, original_name, file_name, file_path, file_url, file_size, mime_type, extension, is_primary, reference_type, reference_id, status, created_at, updated_at, version) VALUES (822, 3, 'ROOM_IMAGE', 'image_05.jpg', 'image_05.jpg', 'uploads/rooms/images/room_96/image_05.jpg', '/rooms/images/room_96/image_05.jpg', 92307, 'image/jpeg', 'jpg', false, 'ROOM', 116, 'READY', NOW(), NOW(), 0);
INSERT INTO central_media_files (id, owner_id, category, original_name, file_name, file_path, file_url, file_size, mime_type, extension, is_primary, reference_type, reference_id, status, created_at, updated_at, version) VALUES (823, 3, 'ROOM_IMAGE', 'image_06.jpg', 'image_06.jpg', 'uploads/rooms/images/room_96/image_06.jpg', '/rooms/images/room_96/image_06.jpg', 94828, 'image/jpeg', 'jpg', false, 'ROOM', 116, 'READY', NOW(), NOW(), 0);
INSERT INTO central_media_files (id, owner_id, category, original_name, file_name, file_path, file_url, file_size, mime_type, extension, is_primary, reference_type, reference_id, status, created_at, updated_at, version) VALUES (824, 3, 'ROOM_IMAGE', 'image_07.jpg', 'image_07.jpg', 'uploads/rooms/images/room_96/image_07.jpg', '/rooms/images/room_96/image_07.jpg', 116920, 'image/jpeg', 'jpg', false, 'ROOM', 116, 'READY', NOW(), NOW(), 0);
INSERT INTO central_media_files (id, owner_id, category, original_name, file_name, file_path, file_url, file_size, mime_type, extension, is_primary, reference_type, reference_id, status, created_at, updated_at, version) VALUES (825, 3, 'ROOM_IMAGE', 'image_08.jpg', 'image_08.jpg', 'uploads/rooms/images/room_96/image_08.jpg', '/rooms/images/room_96/image_08.jpg', 123846, 'image/jpeg', 'jpg', false, 'ROOM', 116, 'READY', NOW(), NOW(), 0);
INSERT INTO central_media_files (id, owner_id, category, original_name, file_name, file_path, file_url, file_size, mime_type, extension, is_primary, reference_type, reference_id, status, created_at, updated_at, version) VALUES (826, 3, 'POST_VIDEO', 'video_01.mp4', 'video_01.mp4', 'uploads/posts/videos/room_96/video_01.mp4', '/posts/videos/room_96/video_01.mp4', 48354905, 'video/mp4', 'mp4', true, 'POST', 116, 'READY', NOW(), NOW(), 0);
INSERT INTO central_media_files (id, owner_id, category, original_name, file_name, file_path, file_url, file_size, mime_type, extension, is_primary, reference_type, reference_id, status, created_at, updated_at, version) VALUES (827, 4, 'ROOM_THUMBNAIL', 'image_01.jpg', 'image_01.jpg', 'uploads/rooms/images/room_97/image_01.jpg', '/rooms/images/room_97/image_01.jpg', 95886, 'image/jpeg', 'jpg', true, 'ROOM', 117, 'READY', NOW(), NOW(), 0);
INSERT INTO central_media_files (id, owner_id, category, original_name, file_name, file_path, file_url, file_size, mime_type, extension, is_primary, reference_type, reference_id, status, created_at, updated_at, version) VALUES (828, 4, 'ROOM_IMAGE', 'image_02.jpg', 'image_02.jpg', 'uploads/rooms/images/room_97/image_02.jpg', '/rooms/images/room_97/image_02.jpg', 95242, 'image/jpeg', 'jpg', false, 'ROOM', 117, 'READY', NOW(), NOW(), 0);
INSERT INTO central_media_files (id, owner_id, category, original_name, file_name, file_path, file_url, file_size, mime_type, extension, is_primary, reference_type, reference_id, status, created_at, updated_at, version) VALUES (829, 4, 'ROOM_IMAGE', 'image_03.jpg', 'image_03.jpg', 'uploads/rooms/images/room_97/image_03.jpg', '/rooms/images/room_97/image_03.jpg', 89609, 'image/jpeg', 'jpg', false, 'ROOM', 117, 'READY', NOW(), NOW(), 0);
INSERT INTO central_media_files (id, owner_id, category, original_name, file_name, file_path, file_url, file_size, mime_type, extension, is_primary, reference_type, reference_id, status, created_at, updated_at, version) VALUES (830, 4, 'ROOM_IMAGE', 'image_04.jpg', 'image_04.jpg', 'uploads/rooms/images/room_97/image_04.jpg', '/rooms/images/room_97/image_04.jpg', 92568, 'image/jpeg', 'jpg', false, 'ROOM', 117, 'READY', NOW(), NOW(), 0);
INSERT INTO central_media_files (id, owner_id, category, original_name, file_name, file_path, file_url, file_size, mime_type, extension, is_primary, reference_type, reference_id, status, created_at, updated_at, version) VALUES (831, 4, 'ROOM_IMAGE', 'image_05.jpg', 'image_05.jpg', 'uploads/rooms/images/room_97/image_05.jpg', '/rooms/images/room_97/image_05.jpg', 115611, 'image/jpeg', 'jpg', false, 'ROOM', 117, 'READY', NOW(), NOW(), 0);
INSERT INTO central_media_files (id, owner_id, category, original_name, file_name, file_path, file_url, file_size, mime_type, extension, is_primary, reference_type, reference_id, status, created_at, updated_at, version) VALUES (832, 4, 'ROOM_IMAGE', 'image_06.jpg', 'image_06.jpg', 'uploads/rooms/images/room_97/image_06.jpg', '/rooms/images/room_97/image_06.jpg', 97740, 'image/jpeg', 'jpg', false, 'ROOM', 117, 'READY', NOW(), NOW(), 0);
INSERT INTO central_media_files (id, owner_id, category, original_name, file_name, file_path, file_url, file_size, mime_type, extension, is_primary, reference_type, reference_id, status, created_at, updated_at, version) VALUES (833, 4, 'ROOM_IMAGE', 'image_07.jpg', 'image_07.jpg', 'uploads/rooms/images/room_97/image_07.jpg', '/rooms/images/room_97/image_07.jpg', 74287, 'image/jpeg', 'jpg', false, 'ROOM', 117, 'READY', NOW(), NOW(), 0);
INSERT INTO central_media_files (id, owner_id, category, original_name, file_name, file_path, file_url, file_size, mime_type, extension, is_primary, reference_type, reference_id, status, created_at, updated_at, version) VALUES (834, 4, 'ROOM_IMAGE', 'image_08.jpg', 'image_08.jpg', 'uploads/rooms/images/room_97/image_08.jpg', '/rooms/images/room_97/image_08.jpg', 78820, 'image/jpeg', 'jpg', false, 'ROOM', 117, 'READY', NOW(), NOW(), 0);
INSERT INTO central_media_files (id, owner_id, category, original_name, file_name, file_path, file_url, file_size, mime_type, extension, is_primary, reference_type, reference_id, status, created_at, updated_at, version) VALUES (835, 4, 'POST_VIDEO', 'video_01.mp4', 'video_01.mp4', 'uploads/posts/videos/room_97/video_01.mp4', '/posts/videos/room_97/video_01.mp4', 29041880, 'video/mp4', 'mp4', true, 'POST', 117, 'READY', NOW(), NOW(), 0);
INSERT INTO central_media_files (id, owner_id, category, original_name, file_name, file_path, file_url, file_size, mime_type, extension, is_primary, reference_type, reference_id, status, created_at, updated_at, version) VALUES (836, 2, 'ROOM_THUMBNAIL', 'image_01.jpg', 'image_01.jpg', 'uploads/rooms/images/room_98/image_01.jpg', '/rooms/images/room_98/image_01.jpg', 103059, 'image/jpeg', 'jpg', true, 'ROOM', 118, 'READY', NOW(), NOW(), 0);
INSERT INTO central_media_files (id, owner_id, category, original_name, file_name, file_path, file_url, file_size, mime_type, extension, is_primary, reference_type, reference_id, status, created_at, updated_at, version) VALUES (837, 2, 'ROOM_IMAGE', 'image_02.jpg', 'image_02.jpg', 'uploads/rooms/images/room_98/image_02.jpg', '/rooms/images/room_98/image_02.jpg', 83606, 'image/jpeg', 'jpg', false, 'ROOM', 118, 'READY', NOW(), NOW(), 0);
INSERT INTO central_media_files (id, owner_id, category, original_name, file_name, file_path, file_url, file_size, mime_type, extension, is_primary, reference_type, reference_id, status, created_at, updated_at, version) VALUES (838, 2, 'ROOM_IMAGE', 'image_03.jpg', 'image_03.jpg', 'uploads/rooms/images/room_98/image_03.jpg', '/rooms/images/room_98/image_03.jpg', 96914, 'image/jpeg', 'jpg', false, 'ROOM', 118, 'READY', NOW(), NOW(), 0);
INSERT INTO central_media_files (id, owner_id, category, original_name, file_name, file_path, file_url, file_size, mime_type, extension, is_primary, reference_type, reference_id, status, created_at, updated_at, version) VALUES (839, 2, 'ROOM_IMAGE', 'image_04.jpg', 'image_04.jpg', 'uploads/rooms/images/room_98/image_04.jpg', '/rooms/images/room_98/image_04.jpg', 131581, 'image/jpeg', 'jpg', false, 'ROOM', 118, 'READY', NOW(), NOW(), 0);
INSERT INTO central_media_files (id, owner_id, category, original_name, file_name, file_path, file_url, file_size, mime_type, extension, is_primary, reference_type, reference_id, status, created_at, updated_at, version) VALUES (840, 2, 'ROOM_IMAGE', 'image_05.jpg', 'image_05.jpg', 'uploads/rooms/images/room_98/image_05.jpg', '/rooms/images/room_98/image_05.jpg', 107319, 'image/jpeg', 'jpg', false, 'ROOM', 118, 'READY', NOW(), NOW(), 0);
INSERT INTO central_media_files (id, owner_id, category, original_name, file_name, file_path, file_url, file_size, mime_type, extension, is_primary, reference_type, reference_id, status, created_at, updated_at, version) VALUES (841, 2, 'POST_VIDEO', 'video_01.mp4', 'video_01.mp4', 'uploads/posts/videos/room_98/video_01.mp4', '/posts/videos/room_98/video_01.mp4', 5932412, 'video/mp4', 'mp4', true, 'POST', 118, 'READY', NOW(), NOW(), 0);
INSERT INTO central_media_files (id, owner_id, category, original_name, file_name, file_path, file_url, file_size, mime_type, extension, is_primary, reference_type, reference_id, status, created_at, updated_at, version) VALUES (842, 3, 'ROOM_THUMBNAIL', 'image_01.jpg', 'image_01.jpg', 'uploads/rooms/images/room_99/image_01.jpg', '/rooms/images/room_99/image_01.jpg', 79073, 'image/jpeg', 'jpg', true, 'ROOM', 119, 'READY', NOW(), NOW(), 0);
INSERT INTO central_media_files (id, owner_id, category, original_name, file_name, file_path, file_url, file_size, mime_type, extension, is_primary, reference_type, reference_id, status, created_at, updated_at, version) VALUES (843, 3, 'ROOM_IMAGE', 'image_02.jpg', 'image_02.jpg', 'uploads/rooms/images/room_99/image_02.jpg', '/rooms/images/room_99/image_02.jpg', 119703, 'image/jpeg', 'jpg', false, 'ROOM', 119, 'READY', NOW(), NOW(), 0);
INSERT INTO central_media_files (id, owner_id, category, original_name, file_name, file_path, file_url, file_size, mime_type, extension, is_primary, reference_type, reference_id, status, created_at, updated_at, version) VALUES (844, 3, 'ROOM_IMAGE', 'image_03.jpg', 'image_03.jpg', 'uploads/rooms/images/room_99/image_03.jpg', '/rooms/images/room_99/image_03.jpg', 99218, 'image/jpeg', 'jpg', false, 'ROOM', 119, 'READY', NOW(), NOW(), 0);
INSERT INTO central_media_files (id, owner_id, category, original_name, file_name, file_path, file_url, file_size, mime_type, extension, is_primary, reference_type, reference_id, status, created_at, updated_at, version) VALUES (845, 3, 'ROOM_IMAGE', 'image_04.jpg', 'image_04.jpg', 'uploads/rooms/images/room_99/image_04.jpg', '/rooms/images/room_99/image_04.jpg', 133675, 'image/jpeg', 'jpg', false, 'ROOM', 119, 'READY', NOW(), NOW(), 0);
INSERT INTO central_media_files (id, owner_id, category, original_name, file_name, file_path, file_url, file_size, mime_type, extension, is_primary, reference_type, reference_id, status, created_at, updated_at, version) VALUES (846, 3, 'ROOM_IMAGE', 'image_05.jpg', 'image_05.jpg', 'uploads/rooms/images/room_99/image_05.jpg', '/rooms/images/room_99/image_05.jpg', 90347, 'image/jpeg', 'jpg', false, 'ROOM', 119, 'READY', NOW(), NOW(), 0);
INSERT INTO central_media_files (id, owner_id, category, original_name, file_name, file_path, file_url, file_size, mime_type, extension, is_primary, reference_type, reference_id, status, created_at, updated_at, version) VALUES (847, 3, 'ROOM_IMAGE', 'image_06.jpg', 'image_06.jpg', 'uploads/rooms/images/room_99/image_06.jpg', '/rooms/images/room_99/image_06.jpg', 97167, 'image/jpeg', 'jpg', false, 'ROOM', 119, 'READY', NOW(), NOW(), 0);
INSERT INTO central_media_files (id, owner_id, category, original_name, file_name, file_path, file_url, file_size, mime_type, extension, is_primary, reference_type, reference_id, status, created_at, updated_at, version) VALUES (848, 3, 'ROOM_IMAGE', 'image_07.jpg', 'image_07.jpg', 'uploads/rooms/images/room_99/image_07.jpg', '/rooms/images/room_99/image_07.jpg', 101692, 'image/jpeg', 'jpg', false, 'ROOM', 119, 'READY', NOW(), NOW(), 0);
INSERT INTO central_media_files (id, owner_id, category, original_name, file_name, file_path, file_url, file_size, mime_type, extension, is_primary, reference_type, reference_id, status, created_at, updated_at, version) VALUES (849, 3, 'ROOM_IMAGE', 'image_08.jpg', 'image_08.jpg', 'uploads/rooms/images/room_99/image_08.jpg', '/rooms/images/room_99/image_08.jpg', 91833, 'image/jpeg', 'jpg', false, 'ROOM', 119, 'READY', NOW(), NOW(), 0);
INSERT INTO central_media_files (id, owner_id, category, original_name, file_name, file_path, file_url, file_size, mime_type, extension, is_primary, reference_type, reference_id, status, created_at, updated_at, version) VALUES (850, 3, 'POST_VIDEO', 'video_01.mp4', 'video_01.mp4', 'uploads/posts/videos/room_99/video_01.mp4', '/posts/videos/room_99/video_01.mp4', 37018095, 'video/mp4', 'mp4', true, 'POST', 119, 'READY', NOW(), NOW(), 0);
INSERT INTO central_media_files (id, owner_id, category, original_name, file_name, file_path, file_url, file_size, mime_type, extension, is_primary, reference_type, reference_id, status, created_at, updated_at, version) VALUES (851, 4, 'ROOM_THUMBNAIL', 'image_01.jpg', 'image_01.jpg', 'uploads/rooms/images/room_100/image_01.jpg', '/rooms/images/room_100/image_01.jpg', 91300, 'image/jpeg', 'jpg', true, 'ROOM', 120, 'READY', NOW(), NOW(), 0);
INSERT INTO central_media_files (id, owner_id, category, original_name, file_name, file_path, file_url, file_size, mime_type, extension, is_primary, reference_type, reference_id, status, created_at, updated_at, version) VALUES (852, 4, 'ROOM_IMAGE', 'image_02.jpg', 'image_02.jpg', 'uploads/rooms/images/room_100/image_02.jpg', '/rooms/images/room_100/image_02.jpg', 71588, 'image/jpeg', 'jpg', false, 'ROOM', 120, 'READY', NOW(), NOW(), 0);
INSERT INTO central_media_files (id, owner_id, category, original_name, file_name, file_path, file_url, file_size, mime_type, extension, is_primary, reference_type, reference_id, status, created_at, updated_at, version) VALUES (853, 4, 'ROOM_IMAGE', 'image_03.jpg', 'image_03.jpg', 'uploads/rooms/images/room_100/image_03.jpg', '/rooms/images/room_100/image_03.jpg', 75186, 'image/jpeg', 'jpg', false, 'ROOM', 120, 'READY', NOW(), NOW(), 0);
INSERT INTO central_media_files (id, owner_id, category, original_name, file_name, file_path, file_url, file_size, mime_type, extension, is_primary, reference_type, reference_id, status, created_at, updated_at, version) VALUES (854, 4, 'ROOM_IMAGE', 'image_04.jpg', 'image_04.jpg', 'uploads/rooms/images/room_100/image_04.jpg', '/rooms/images/room_100/image_04.jpg', 81360, 'image/jpeg', 'jpg', false, 'ROOM', 120, 'READY', NOW(), NOW(), 0);
INSERT INTO central_media_files (id, owner_id, category, original_name, file_name, file_path, file_url, file_size, mime_type, extension, is_primary, reference_type, reference_id, status, created_at, updated_at, version) VALUES (855, 4, 'ROOM_IMAGE', 'image_05.jpg', 'image_05.jpg', 'uploads/rooms/images/room_100/image_05.jpg', '/rooms/images/room_100/image_05.jpg', 81394, 'image/jpeg', 'jpg', false, 'ROOM', 120, 'READY', NOW(), NOW(), 0);
INSERT INTO central_media_files (id, owner_id, category, original_name, file_name, file_path, file_url, file_size, mime_type, extension, is_primary, reference_type, reference_id, status, created_at, updated_at, version) VALUES (856, 4, 'ROOM_IMAGE', 'image_06.jpg', 'image_06.jpg', 'uploads/rooms/images/room_100/image_06.jpg', '/rooms/images/room_100/image_06.jpg', 71549, 'image/jpeg', 'jpg', false, 'ROOM', 120, 'READY', NOW(), NOW(), 0);
INSERT INTO central_media_files (id, owner_id, category, original_name, file_name, file_path, file_url, file_size, mime_type, extension, is_primary, reference_type, reference_id, status, created_at, updated_at, version) VALUES (857, 4, 'ROOM_IMAGE', 'image_07.jpg', 'image_07.jpg', 'uploads/rooms/images/room_100/image_07.jpg', '/rooms/images/room_100/image_07.jpg', 51140, 'image/jpeg', 'jpg', false, 'ROOM', 120, 'READY', NOW(), NOW(), 0);
INSERT INTO central_media_files (id, owner_id, category, original_name, file_name, file_path, file_url, file_size, mime_type, extension, is_primary, reference_type, reference_id, status, created_at, updated_at, version) VALUES (858, 4, 'POST_VIDEO', 'video_01.mp4', 'video_01.mp4', 'uploads/posts/videos/room_100/video_01.mp4', '/posts/videos/room_100/video_01.mp4', 37785704, 'video/mp4', 'mp4', true, 'POST', 120, 'READY', NOW(), NOW(), 0);
INSERT INTO central_media_files (id, owner_id, category, original_name, file_name, file_path, file_url, file_size, mime_type, extension, is_primary, reference_type, reference_id, status, created_at, updated_at, version) VALUES (859, 2, 'ROOM_THUMBNAIL', 'image_01.jpg', 'image_01.jpg', 'uploads/rooms/images/room_101/image_01.jpg', '/rooms/images/room_101/image_01.jpg', 73234, 'image/jpeg', 'jpg', true, 'ROOM', 121, 'READY', NOW(), NOW(), 0);
INSERT INTO central_media_files (id, owner_id, category, original_name, file_name, file_path, file_url, file_size, mime_type, extension, is_primary, reference_type, reference_id, status, created_at, updated_at, version) VALUES (860, 2, 'ROOM_IMAGE', 'image_02.jpg', 'image_02.jpg', 'uploads/rooms/images/room_101/image_02.jpg', '/rooms/images/room_101/image_02.jpg', 59441, 'image/jpeg', 'jpg', false, 'ROOM', 121, 'READY', NOW(), NOW(), 0);
INSERT INTO central_media_files (id, owner_id, category, original_name, file_name, file_path, file_url, file_size, mime_type, extension, is_primary, reference_type, reference_id, status, created_at, updated_at, version) VALUES (861, 2, 'ROOM_IMAGE', 'image_03.jpg', 'image_03.jpg', 'uploads/rooms/images/room_101/image_03.jpg', '/rooms/images/room_101/image_03.jpg', 44326, 'image/jpeg', 'jpg', false, 'ROOM', 121, 'READY', NOW(), NOW(), 0);
INSERT INTO central_media_files (id, owner_id, category, original_name, file_name, file_path, file_url, file_size, mime_type, extension, is_primary, reference_type, reference_id, status, created_at, updated_at, version) VALUES (862, 2, 'POST_VIDEO', 'video_01.mp4', 'video_01.mp4', 'uploads/posts/videos/room_101/video_01.mp4', '/posts/videos/room_101/video_01.mp4', 18134260, 'video/mp4', 'mp4', true, 'POST', 121, 'READY', NOW(), NOW(), 0);
INSERT INTO central_media_files (id, owner_id, category, original_name, file_name, file_path, file_url, file_size, mime_type, extension, is_primary, reference_type, reference_id, status, created_at, updated_at, version) VALUES (863, 3, 'ROOM_THUMBNAIL', 'image_01.jpg', 'image_01.jpg', 'uploads/rooms/images/room_102/image_01.jpg', '/rooms/images/room_102/image_01.jpg', 32164, 'image/jpeg', 'jpg', true, 'ROOM', 122, 'READY', NOW(), NOW(), 0);
INSERT INTO central_media_files (id, owner_id, category, original_name, file_name, file_path, file_url, file_size, mime_type, extension, is_primary, reference_type, reference_id, status, created_at, updated_at, version) VALUES (864, 3, 'ROOM_IMAGE', 'image_02.jpg', 'image_02.jpg', 'uploads/rooms/images/room_102/image_02.jpg', '/rooms/images/room_102/image_02.jpg', 50907, 'image/jpeg', 'jpg', false, 'ROOM', 122, 'READY', NOW(), NOW(), 0);
INSERT INTO central_media_files (id, owner_id, category, original_name, file_name, file_path, file_url, file_size, mime_type, extension, is_primary, reference_type, reference_id, status, created_at, updated_at, version) VALUES (865, 3, 'ROOM_IMAGE', 'image_03.jpg', 'image_03.jpg', 'uploads/rooms/images/room_102/image_03.jpg', '/rooms/images/room_102/image_03.jpg', 42937, 'image/jpeg', 'jpg', false, 'ROOM', 122, 'READY', NOW(), NOW(), 0);
INSERT INTO central_media_files (id, owner_id, category, original_name, file_name, file_path, file_url, file_size, mime_type, extension, is_primary, reference_type, reference_id, status, created_at, updated_at, version) VALUES (866, 3, 'ROOM_IMAGE', 'image_04.jpg', 'image_04.jpg', 'uploads/rooms/images/room_102/image_04.jpg', '/rooms/images/room_102/image_04.jpg', 121574, 'image/jpeg', 'jpg', false, 'ROOM', 122, 'READY', NOW(), NOW(), 0);
INSERT INTO central_media_files (id, owner_id, category, original_name, file_name, file_path, file_url, file_size, mime_type, extension, is_primary, reference_type, reference_id, status, created_at, updated_at, version) VALUES (867, 3, 'ROOM_IMAGE', 'image_05.jpg', 'image_05.jpg', 'uploads/rooms/images/room_102/image_05.jpg', '/rooms/images/room_102/image_05.jpg', 49901, 'image/jpeg', 'jpg', false, 'ROOM', 122, 'READY', NOW(), NOW(), 0);
INSERT INTO central_media_files (id, owner_id, category, original_name, file_name, file_path, file_url, file_size, mime_type, extension, is_primary, reference_type, reference_id, status, created_at, updated_at, version) VALUES (868, 3, 'POST_VIDEO', 'video_01.mp4', 'video_01.mp4', 'uploads/posts/videos/room_102/video_01.mp4', '/posts/videos/room_102/video_01.mp4', 17273337, 'video/mp4', 'mp4', true, 'POST', 122, 'READY', NOW(), NOW(), 0);
INSERT INTO central_media_files (id, owner_id, category, original_name, file_name, file_path, file_url, file_size, mime_type, extension, is_primary, reference_type, reference_id, status, created_at, updated_at, version) VALUES (869, 4, 'ROOM_THUMBNAIL', 'image_01.jpg', 'image_01.jpg', 'uploads/rooms/images/room_103/image_01.jpg', '/rooms/images/room_103/image_01.jpg', 129070, 'image/jpeg', 'jpg', true, 'ROOM', 123, 'READY', NOW(), NOW(), 0);
INSERT INTO central_media_files (id, owner_id, category, original_name, file_name, file_path, file_url, file_size, mime_type, extension, is_primary, reference_type, reference_id, status, created_at, updated_at, version) VALUES (870, 4, 'ROOM_IMAGE', 'image_02.jpg', 'image_02.jpg', 'uploads/rooms/images/room_103/image_02.jpg', '/rooms/images/room_103/image_02.jpg', 101991, 'image/jpeg', 'jpg', false, 'ROOM', 123, 'READY', NOW(), NOW(), 0);
INSERT INTO central_media_files (id, owner_id, category, original_name, file_name, file_path, file_url, file_size, mime_type, extension, is_primary, reference_type, reference_id, status, created_at, updated_at, version) VALUES (871, 4, 'ROOM_IMAGE', 'image_03.jpg', 'image_03.jpg', 'uploads/rooms/images/room_103/image_03.jpg', '/rooms/images/room_103/image_03.jpg', 133827, 'image/jpeg', 'jpg', false, 'ROOM', 123, 'READY', NOW(), NOW(), 0);
INSERT INTO central_media_files (id, owner_id, category, original_name, file_name, file_path, file_url, file_size, mime_type, extension, is_primary, reference_type, reference_id, status, created_at, updated_at, version) VALUES (872, 4, 'POST_VIDEO', 'video_01.mp4', 'video_01.mp4', 'uploads/posts/videos/room_103/video_01.mp4', '/posts/videos/room_103/video_01.mp4', 1886089, 'video/mp4', 'mp4', true, 'POST', 123, 'READY', NOW(), NOW(), 0);
INSERT INTO central_media_files (id, owner_id, category, original_name, file_name, file_path, file_url, file_size, mime_type, extension, is_primary, reference_type, reference_id, status, created_at, updated_at, version) VALUES (873, 2, 'ROOM_THUMBNAIL', 'image_01.jpg', 'image_01.jpg', 'uploads/rooms/images/room_104/image_01.jpg', '/rooms/images/room_104/image_01.jpg', 53042, 'image/jpeg', 'jpg', true, 'ROOM', 124, 'READY', NOW(), NOW(), 0);
INSERT INTO central_media_files (id, owner_id, category, original_name, file_name, file_path, file_url, file_size, mime_type, extension, is_primary, reference_type, reference_id, status, created_at, updated_at, version) VALUES (874, 2, 'ROOM_IMAGE', 'image_02.jpg', 'image_02.jpg', 'uploads/rooms/images/room_104/image_02.jpg', '/rooms/images/room_104/image_02.jpg', 29422, 'image/jpeg', 'jpg', false, 'ROOM', 124, 'READY', NOW(), NOW(), 0);
INSERT INTO central_media_files (id, owner_id, category, original_name, file_name, file_path, file_url, file_size, mime_type, extension, is_primary, reference_type, reference_id, status, created_at, updated_at, version) VALUES (875, 2, 'ROOM_IMAGE', 'image_03.jpg', 'image_03.jpg', 'uploads/rooms/images/room_104/image_03.jpg', '/rooms/images/room_104/image_03.jpg', 27653, 'image/jpeg', 'jpg', false, 'ROOM', 124, 'READY', NOW(), NOW(), 0);
INSERT INTO central_media_files (id, owner_id, category, original_name, file_name, file_path, file_url, file_size, mime_type, extension, is_primary, reference_type, reference_id, status, created_at, updated_at, version) VALUES (876, 2, 'ROOM_IMAGE', 'image_04.jpg', 'image_04.jpg', 'uploads/rooms/images/room_104/image_04.jpg', '/rooms/images/room_104/image_04.jpg', 32849, 'image/jpeg', 'jpg', false, 'ROOM', 124, 'READY', NOW(), NOW(), 0);
INSERT INTO central_media_files (id, owner_id, category, original_name, file_name, file_path, file_url, file_size, mime_type, extension, is_primary, reference_type, reference_id, status, created_at, updated_at, version) VALUES (877, 2, 'POST_VIDEO', 'video_01.mp4', 'video_01.mp4', 'uploads/posts/videos/room_104/video_01.mp4', '/posts/videos/room_104/video_01.mp4', 4250306, 'video/mp4', 'mp4', true, 'POST', 124, 'READY', NOW(), NOW(), 0);
INSERT INTO central_media_files (id, owner_id, category, original_name, file_name, file_path, file_url, file_size, mime_type, extension, is_primary, reference_type, reference_id, status, created_at, updated_at, version) VALUES (878, 3, 'ROOM_THUMBNAIL', 'image_01.jpg', 'image_01.jpg', 'uploads/rooms/images/room_105/image_01.jpg', '/rooms/images/room_105/image_01.jpg', 163461, 'image/jpeg', 'jpg', true, 'ROOM', 125, 'READY', NOW(), NOW(), 0);
INSERT INTO central_media_files (id, owner_id, category, original_name, file_name, file_path, file_url, file_size, mime_type, extension, is_primary, reference_type, reference_id, status, created_at, updated_at, version) VALUES (879, 3, 'ROOM_IMAGE', 'image_02.jpg', 'image_02.jpg', 'uploads/rooms/images/room_105/image_02.jpg', '/rooms/images/room_105/image_02.jpg', 168010, 'image/jpeg', 'jpg', false, 'ROOM', 125, 'READY', NOW(), NOW(), 0);
INSERT INTO central_media_files (id, owner_id, category, original_name, file_name, file_path, file_url, file_size, mime_type, extension, is_primary, reference_type, reference_id, status, created_at, updated_at, version) VALUES (880, 3, 'ROOM_IMAGE', 'image_03.jpg', 'image_03.jpg', 'uploads/rooms/images/room_105/image_03.jpg', '/rooms/images/room_105/image_03.jpg', 112184, 'image/jpeg', 'jpg', false, 'ROOM', 125, 'READY', NOW(), NOW(), 0);
INSERT INTO central_media_files (id, owner_id, category, original_name, file_name, file_path, file_url, file_size, mime_type, extension, is_primary, reference_type, reference_id, status, created_at, updated_at, version) VALUES (881, 3, 'POST_VIDEO', 'video_01.mp4', 'video_01.mp4', 'uploads/posts/videos/room_105/video_01.mp4', '/posts/videos/room_105/video_01.mp4', 5187277, 'video/mp4', 'mp4', true, 'POST', 125, 'READY', NOW(), NOW(), 0);
INSERT INTO central_media_files (id, owner_id, category, original_name, file_name, file_path, file_url, file_size, mime_type, extension, is_primary, reference_type, reference_id, status, created_at, updated_at, version) VALUES (882, 4, 'ROOM_THUMBNAIL', 'image_01.jpg', 'image_01.jpg', 'uploads/rooms/images/room_106/image_01.jpg', '/rooms/images/room_106/image_01.jpg', 118427, 'image/jpeg', 'jpg', true, 'ROOM', 126, 'READY', NOW(), NOW(), 0);
INSERT INTO central_media_files (id, owner_id, category, original_name, file_name, file_path, file_url, file_size, mime_type, extension, is_primary, reference_type, reference_id, status, created_at, updated_at, version) VALUES (883, 4, 'ROOM_IMAGE', 'image_02.jpg', 'image_02.jpg', 'uploads/rooms/images/room_106/image_02.jpg', '/rooms/images/room_106/image_02.jpg', 124342, 'image/jpeg', 'jpg', false, 'ROOM', 126, 'READY', NOW(), NOW(), 0);
INSERT INTO central_media_files (id, owner_id, category, original_name, file_name, file_path, file_url, file_size, mime_type, extension, is_primary, reference_type, reference_id, status, created_at, updated_at, version) VALUES (884, 4, 'ROOM_IMAGE', 'image_03.jpg', 'image_03.jpg', 'uploads/rooms/images/room_106/image_03.jpg', '/rooms/images/room_106/image_03.jpg', 75888, 'image/jpeg', 'jpg', false, 'ROOM', 126, 'READY', NOW(), NOW(), 0);
INSERT INTO central_media_files (id, owner_id, category, original_name, file_name, file_path, file_url, file_size, mime_type, extension, is_primary, reference_type, reference_id, status, created_at, updated_at, version) VALUES (885, 4, 'ROOM_IMAGE', 'image_04.jpg', 'image_04.jpg', 'uploads/rooms/images/room_106/image_04.jpg', '/rooms/images/room_106/image_04.jpg', 98615, 'image/jpeg', 'jpg', false, 'ROOM', 126, 'READY', NOW(), NOW(), 0);
INSERT INTO central_media_files (id, owner_id, category, original_name, file_name, file_path, file_url, file_size, mime_type, extension, is_primary, reference_type, reference_id, status, created_at, updated_at, version) VALUES (886, 4, 'POST_VIDEO', 'video_01.mp4', 'video_01.mp4', 'uploads/posts/videos/room_106/video_01.mp4', '/posts/videos/room_106/video_01.mp4', 12333691, 'video/mp4', 'mp4', true, 'POST', 126, 'READY', NOW(), NOW(), 0);
INSERT INTO central_media_files (id, owner_id, category, original_name, file_name, file_path, file_url, file_size, mime_type, extension, is_primary, reference_type, reference_id, status, created_at, updated_at, version) VALUES (887, 2, 'ROOM_THUMBNAIL', 'image_01.jpg', 'image_01.jpg', 'uploads/rooms/images/room_107/image_01.jpg', '/rooms/images/room_107/image_01.jpg', 114907, 'image/jpeg', 'jpg', true, 'ROOM', 127, 'READY', NOW(), NOW(), 0);
INSERT INTO central_media_files (id, owner_id, category, original_name, file_name, file_path, file_url, file_size, mime_type, extension, is_primary, reference_type, reference_id, status, created_at, updated_at, version) VALUES (888, 2, 'ROOM_IMAGE', 'image_02.jpg', 'image_02.jpg', 'uploads/rooms/images/room_107/image_02.jpg', '/rooms/images/room_107/image_02.jpg', 112217, 'image/jpeg', 'jpg', false, 'ROOM', 127, 'READY', NOW(), NOW(), 0);
INSERT INTO central_media_files (id, owner_id, category, original_name, file_name, file_path, file_url, file_size, mime_type, extension, is_primary, reference_type, reference_id, status, created_at, updated_at, version) VALUES (889, 2, 'ROOM_IMAGE', 'image_03.jpg', 'image_03.jpg', 'uploads/rooms/images/room_107/image_03.jpg', '/rooms/images/room_107/image_03.jpg', 110772, 'image/jpeg', 'jpg', false, 'ROOM', 127, 'READY', NOW(), NOW(), 0);
INSERT INTO central_media_files (id, owner_id, category, original_name, file_name, file_path, file_url, file_size, mime_type, extension, is_primary, reference_type, reference_id, status, created_at, updated_at, version) VALUES (890, 2, 'ROOM_IMAGE', 'image_04.jpg', 'image_04.jpg', 'uploads/rooms/images/room_107/image_04.jpg', '/rooms/images/room_107/image_04.jpg', 92573, 'image/jpeg', 'jpg', false, 'ROOM', 127, 'READY', NOW(), NOW(), 0);
INSERT INTO central_media_files (id, owner_id, category, original_name, file_name, file_path, file_url, file_size, mime_type, extension, is_primary, reference_type, reference_id, status, created_at, updated_at, version) VALUES (891, 2, 'ROOM_IMAGE', 'image_05.jpg', 'image_05.jpg', 'uploads/rooms/images/room_107/image_05.jpg', '/rooms/images/room_107/image_05.jpg', 107574, 'image/jpeg', 'jpg', false, 'ROOM', 127, 'READY', NOW(), NOW(), 0);
INSERT INTO central_media_files (id, owner_id, category, original_name, file_name, file_path, file_url, file_size, mime_type, extension, is_primary, reference_type, reference_id, status, created_at, updated_at, version) VALUES (892, 2, 'ROOM_IMAGE', 'image_06.jpg', 'image_06.jpg', 'uploads/rooms/images/room_107/image_06.jpg', '/rooms/images/room_107/image_06.jpg', 102364, 'image/jpeg', 'jpg', false, 'ROOM', 127, 'READY', NOW(), NOW(), 0);
INSERT INTO central_media_files (id, owner_id, category, original_name, file_name, file_path, file_url, file_size, mime_type, extension, is_primary, reference_type, reference_id, status, created_at, updated_at, version) VALUES (893, 2, 'ROOM_IMAGE', 'image_07.jpg', 'image_07.jpg', 'uploads/rooms/images/room_107/image_07.jpg', '/rooms/images/room_107/image_07.jpg', 99144, 'image/jpeg', 'jpg', false, 'ROOM', 127, 'READY', NOW(), NOW(), 0);
INSERT INTO central_media_files (id, owner_id, category, original_name, file_name, file_path, file_url, file_size, mime_type, extension, is_primary, reference_type, reference_id, status, created_at, updated_at, version) VALUES (894, 2, 'ROOM_IMAGE', 'image_08.jpg', 'image_08.jpg', 'uploads/rooms/images/room_107/image_08.jpg', '/rooms/images/room_107/image_08.jpg', 124567, 'image/jpeg', 'jpg', false, 'ROOM', 127, 'READY', NOW(), NOW(), 0);
INSERT INTO central_media_files (id, owner_id, category, original_name, file_name, file_path, file_url, file_size, mime_type, extension, is_primary, reference_type, reference_id, status, created_at, updated_at, version) VALUES (895, 2, 'ROOM_IMAGE', 'image_09.jpg', 'image_09.jpg', 'uploads/rooms/images/room_107/image_09.jpg', '/rooms/images/room_107/image_09.jpg', 100524, 'image/jpeg', 'jpg', false, 'ROOM', 127, 'READY', NOW(), NOW(), 0);
INSERT INTO central_media_files (id, owner_id, category, original_name, file_name, file_path, file_url, file_size, mime_type, extension, is_primary, reference_type, reference_id, status, created_at, updated_at, version) VALUES (896, 2, 'POST_VIDEO', 'video_01.mp4', 'video_01.mp4', 'uploads/posts/videos/room_107/video_01.mp4', '/posts/videos/room_107/video_01.mp4', 2872617, 'video/mp4', 'mp4', true, 'POST', 127, 'READY', NOW(), NOW(), 0);
INSERT INTO central_media_files (id, owner_id, category, original_name, file_name, file_path, file_url, file_size, mime_type, extension, is_primary, reference_type, reference_id, status, created_at, updated_at, version) VALUES (897, 3, 'ROOM_THUMBNAIL', 'image_01.jpg', 'image_01.jpg', 'uploads/rooms/images/room_108/image_01.jpg', '/rooms/images/room_108/image_01.jpg', 165115, 'image/jpeg', 'jpg', true, 'ROOM', 128, 'READY', NOW(), NOW(), 0);
INSERT INTO central_media_files (id, owner_id, category, original_name, file_name, file_path, file_url, file_size, mime_type, extension, is_primary, reference_type, reference_id, status, created_at, updated_at, version) VALUES (898, 3, 'ROOM_IMAGE', 'image_02.jpg', 'image_02.jpg', 'uploads/rooms/images/room_108/image_02.jpg', '/rooms/images/room_108/image_02.jpg', 109703, 'image/jpeg', 'jpg', false, 'ROOM', 128, 'READY', NOW(), NOW(), 0);
INSERT INTO central_media_files (id, owner_id, category, original_name, file_name, file_path, file_url, file_size, mime_type, extension, is_primary, reference_type, reference_id, status, created_at, updated_at, version) VALUES (899, 3, 'ROOM_IMAGE', 'image_03.jpg', 'image_03.jpg', 'uploads/rooms/images/room_108/image_03.jpg', '/rooms/images/room_108/image_03.jpg', 129694, 'image/jpeg', 'jpg', false, 'ROOM', 128, 'READY', NOW(), NOW(), 0);
INSERT INTO central_media_files (id, owner_id, category, original_name, file_name, file_path, file_url, file_size, mime_type, extension, is_primary, reference_type, reference_id, status, created_at, updated_at, version) VALUES (900, 3, 'ROOM_IMAGE', 'image_04.jpg', 'image_04.jpg', 'uploads/rooms/images/room_108/image_04.jpg', '/rooms/images/room_108/image_04.jpg', 110218, 'image/jpeg', 'jpg', false, 'ROOM', 128, 'READY', NOW(), NOW(), 0);
INSERT INTO central_media_files (id, owner_id, category, original_name, file_name, file_path, file_url, file_size, mime_type, extension, is_primary, reference_type, reference_id, status, created_at, updated_at, version) VALUES (901, 3, 'ROOM_IMAGE', 'image_05.jpg', 'image_05.jpg', 'uploads/rooms/images/room_108/image_05.jpg', '/rooms/images/room_108/image_05.jpg', 155003, 'image/jpeg', 'jpg', false, 'ROOM', 128, 'READY', NOW(), NOW(), 0);
INSERT INTO central_media_files (id, owner_id, category, original_name, file_name, file_path, file_url, file_size, mime_type, extension, is_primary, reference_type, reference_id, status, created_at, updated_at, version) VALUES (902, 3, 'ROOM_IMAGE', 'image_06.jpg', 'image_06.jpg', 'uploads/rooms/images/room_108/image_06.jpg', '/rooms/images/room_108/image_06.jpg', 92127, 'image/jpeg', 'jpg', false, 'ROOM', 128, 'READY', NOW(), NOW(), 0);
INSERT INTO central_media_files (id, owner_id, category, original_name, file_name, file_path, file_url, file_size, mime_type, extension, is_primary, reference_type, reference_id, status, created_at, updated_at, version) VALUES (903, 3, 'ROOM_IMAGE', 'image_07.jpg', 'image_07.jpg', 'uploads/rooms/images/room_108/image_07.jpg', '/rooms/images/room_108/image_07.jpg', 106227, 'image/jpeg', 'jpg', false, 'ROOM', 128, 'READY', NOW(), NOW(), 0);
INSERT INTO central_media_files (id, owner_id, category, original_name, file_name, file_path, file_url, file_size, mime_type, extension, is_primary, reference_type, reference_id, status, created_at, updated_at, version) VALUES (904, 3, 'ROOM_IMAGE', 'image_08.jpg', 'image_08.jpg', 'uploads/rooms/images/room_108/image_08.jpg', '/rooms/images/room_108/image_08.jpg', 73386, 'image/jpeg', 'jpg', false, 'ROOM', 128, 'READY', NOW(), NOW(), 0);
INSERT INTO central_media_files (id, owner_id, category, original_name, file_name, file_path, file_url, file_size, mime_type, extension, is_primary, reference_type, reference_id, status, created_at, updated_at, version) VALUES (905, 3, 'POST_VIDEO', 'video_01.mp4', 'video_01.mp4', 'uploads/posts/videos/room_108/video_01.mp4', '/posts/videos/room_108/video_01.mp4', 34755927, 'video/mp4', 'mp4', true, 'POST', 128, 'READY', NOW(), NOW(), 0);
INSERT INTO central_media_files (id, owner_id, category, original_name, file_name, file_path, file_url, file_size, mime_type, extension, is_primary, reference_type, reference_id, status, created_at, updated_at, version) VALUES (906, 4, 'ROOM_THUMBNAIL', 'image_01.jpg', 'image_01.jpg', 'uploads/rooms/images/room_109/image_01.jpg', '/rooms/images/room_109/image_01.jpg', 97983, 'image/jpeg', 'jpg', true, 'ROOM', 129, 'READY', NOW(), NOW(), 0);
INSERT INTO central_media_files (id, owner_id, category, original_name, file_name, file_path, file_url, file_size, mime_type, extension, is_primary, reference_type, reference_id, status, created_at, updated_at, version) VALUES (907, 4, 'ROOM_IMAGE', 'image_02.jpg', 'image_02.jpg', 'uploads/rooms/images/room_109/image_02.jpg', '/rooms/images/room_109/image_02.jpg', 104705, 'image/jpeg', 'jpg', false, 'ROOM', 129, 'READY', NOW(), NOW(), 0);
INSERT INTO central_media_files (id, owner_id, category, original_name, file_name, file_path, file_url, file_size, mime_type, extension, is_primary, reference_type, reference_id, status, created_at, updated_at, version) VALUES (908, 4, 'ROOM_IMAGE', 'image_03.jpg', 'image_03.jpg', 'uploads/rooms/images/room_109/image_03.jpg', '/rooms/images/room_109/image_03.jpg', 94173, 'image/jpeg', 'jpg', false, 'ROOM', 129, 'READY', NOW(), NOW(), 0);
INSERT INTO central_media_files (id, owner_id, category, original_name, file_name, file_path, file_url, file_size, mime_type, extension, is_primary, reference_type, reference_id, status, created_at, updated_at, version) VALUES (909, 4, 'ROOM_IMAGE', 'image_04.jpg', 'image_04.jpg', 'uploads/rooms/images/room_109/image_04.jpg', '/rooms/images/room_109/image_04.jpg', 97939, 'image/jpeg', 'jpg', false, 'ROOM', 129, 'READY', NOW(), NOW(), 0);
INSERT INTO central_media_files (id, owner_id, category, original_name, file_name, file_path, file_url, file_size, mime_type, extension, is_primary, reference_type, reference_id, status, created_at, updated_at, version) VALUES (910, 4, 'ROOM_IMAGE', 'image_05.jpg', 'image_05.jpg', 'uploads/rooms/images/room_109/image_05.jpg', '/rooms/images/room_109/image_05.jpg', 86567, 'image/jpeg', 'jpg', false, 'ROOM', 129, 'READY', NOW(), NOW(), 0);
INSERT INTO central_media_files (id, owner_id, category, original_name, file_name, file_path, file_url, file_size, mime_type, extension, is_primary, reference_type, reference_id, status, created_at, updated_at, version) VALUES (911, 4, 'POST_VIDEO', 'video_01.mp4', 'video_01.mp4', 'uploads/posts/videos/room_109/video_01.mp4', '/posts/videos/room_109/video_01.mp4', 14133829, 'video/mp4', 'mp4', true, 'POST', 129, 'READY', NOW(), NOW(), 0);
INSERT INTO central_media_files (id, owner_id, category, original_name, file_name, file_path, file_url, file_size, mime_type, extension, is_primary, reference_type, reference_id, status, created_at, updated_at, version) VALUES (912, 2, 'ROOM_THUMBNAIL', 'image_01.jpg', 'image_01.jpg', 'uploads/rooms/images/room_110/image_01.jpg', '/rooms/images/room_110/image_01.jpg', 51457, 'image/jpeg', 'jpg', true, 'ROOM', 130, 'READY', NOW(), NOW(), 0);
INSERT INTO central_media_files (id, owner_id, category, original_name, file_name, file_path, file_url, file_size, mime_type, extension, is_primary, reference_type, reference_id, status, created_at, updated_at, version) VALUES (913, 2, 'ROOM_IMAGE', 'image_02.jpg', 'image_02.jpg', 'uploads/rooms/images/room_110/image_02.jpg', '/rooms/images/room_110/image_02.jpg', 36694, 'image/jpeg', 'jpg', false, 'ROOM', 130, 'READY', NOW(), NOW(), 0);
INSERT INTO central_media_files (id, owner_id, category, original_name, file_name, file_path, file_url, file_size, mime_type, extension, is_primary, reference_type, reference_id, status, created_at, updated_at, version) VALUES (914, 2, 'ROOM_IMAGE', 'image_03.jpg', 'image_03.jpg', 'uploads/rooms/images/room_110/image_03.jpg', '/rooms/images/room_110/image_03.jpg', 35983, 'image/jpeg', 'jpg', false, 'ROOM', 130, 'READY', NOW(), NOW(), 0);
INSERT INTO central_media_files (id, owner_id, category, original_name, file_name, file_path, file_url, file_size, mime_type, extension, is_primary, reference_type, reference_id, status, created_at, updated_at, version) VALUES (915, 2, 'ROOM_IMAGE', 'image_04.jpg', 'image_04.jpg', 'uploads/rooms/images/room_110/image_04.jpg', '/rooms/images/room_110/image_04.jpg', 18582, 'image/jpeg', 'jpg', false, 'ROOM', 130, 'READY', NOW(), NOW(), 0);
INSERT INTO central_media_files (id, owner_id, category, original_name, file_name, file_path, file_url, file_size, mime_type, extension, is_primary, reference_type, reference_id, status, created_at, updated_at, version) VALUES (916, 2, 'ROOM_IMAGE', 'image_05.jpg', 'image_05.jpg', 'uploads/rooms/images/room_110/image_05.jpg', '/rooms/images/room_110/image_05.jpg', 21240, 'image/jpeg', 'jpg', false, 'ROOM', 130, 'READY', NOW(), NOW(), 0);
INSERT INTO central_media_files (id, owner_id, category, original_name, file_name, file_path, file_url, file_size, mime_type, extension, is_primary, reference_type, reference_id, status, created_at, updated_at, version) VALUES (917, 2, 'ROOM_IMAGE', 'image_06.jpg', 'image_06.jpg', 'uploads/rooms/images/room_110/image_06.jpg', '/rooms/images/room_110/image_06.jpg', 66213, 'image/jpeg', 'jpg', false, 'ROOM', 130, 'READY', NOW(), NOW(), 0);
INSERT INTO central_media_files (id, owner_id, category, original_name, file_name, file_path, file_url, file_size, mime_type, extension, is_primary, reference_type, reference_id, status, created_at, updated_at, version) VALUES (918, 2, 'POST_VIDEO', 'video_01.mp4', 'video_01.mp4', 'uploads/posts/videos/room_110/video_01.mp4', '/posts/videos/room_110/video_01.mp4', 793538, 'video/mp4', 'mp4', true, 'POST', 130, 'READY', NOW(), NOW(), 0);
INSERT INTO central_media_files (id, owner_id, category, original_name, file_name, file_path, file_url, file_size, mime_type, extension, is_primary, reference_type, reference_id, status, created_at, updated_at, version) VALUES (919, 3, 'ROOM_THUMBNAIL', 'image_01.jpg', 'image_01.jpg', 'uploads/rooms/images/room_111/image_01.jpg', '/rooms/images/room_111/image_01.jpg', 102869, 'image/jpeg', 'jpg', true, 'ROOM', 131, 'READY', NOW(), NOW(), 0);
INSERT INTO central_media_files (id, owner_id, category, original_name, file_name, file_path, file_url, file_size, mime_type, extension, is_primary, reference_type, reference_id, status, created_at, updated_at, version) VALUES (920, 3, 'ROOM_IMAGE', 'image_02.jpg', 'image_02.jpg', 'uploads/rooms/images/room_111/image_02.jpg', '/rooms/images/room_111/image_02.jpg', 89562, 'image/jpeg', 'jpg', false, 'ROOM', 131, 'READY', NOW(), NOW(), 0);
INSERT INTO central_media_files (id, owner_id, category, original_name, file_name, file_path, file_url, file_size, mime_type, extension, is_primary, reference_type, reference_id, status, created_at, updated_at, version) VALUES (921, 3, 'ROOM_IMAGE', 'image_03.jpg', 'image_03.jpg', 'uploads/rooms/images/room_111/image_03.jpg', '/rooms/images/room_111/image_03.jpg', 91432, 'image/jpeg', 'jpg', false, 'ROOM', 131, 'READY', NOW(), NOW(), 0);
INSERT INTO central_media_files (id, owner_id, category, original_name, file_name, file_path, file_url, file_size, mime_type, extension, is_primary, reference_type, reference_id, status, created_at, updated_at, version) VALUES (922, 3, 'ROOM_IMAGE', 'image_04.jpg', 'image_04.jpg', 'uploads/rooms/images/room_111/image_04.jpg', '/rooms/images/room_111/image_04.jpg', 96257, 'image/jpeg', 'jpg', false, 'ROOM', 131, 'READY', NOW(), NOW(), 0);
INSERT INTO central_media_files (id, owner_id, category, original_name, file_name, file_path, file_url, file_size, mime_type, extension, is_primary, reference_type, reference_id, status, created_at, updated_at, version) VALUES (923, 3, 'ROOM_IMAGE', 'image_05.jpg', 'image_05.jpg', 'uploads/rooms/images/room_111/image_05.jpg', '/rooms/images/room_111/image_05.jpg', 92636, 'image/jpeg', 'jpg', false, 'ROOM', 131, 'READY', NOW(), NOW(), 0);
INSERT INTO central_media_files (id, owner_id, category, original_name, file_name, file_path, file_url, file_size, mime_type, extension, is_primary, reference_type, reference_id, status, created_at, updated_at, version) VALUES (924, 3, 'ROOM_IMAGE', 'image_06.jpg', 'image_06.jpg', 'uploads/rooms/images/room_111/image_06.jpg', '/rooms/images/room_111/image_06.jpg', 92146, 'image/jpeg', 'jpg', false, 'ROOM', 131, 'READY', NOW(), NOW(), 0);
INSERT INTO central_media_files (id, owner_id, category, original_name, file_name, file_path, file_url, file_size, mime_type, extension, is_primary, reference_type, reference_id, status, created_at, updated_at, version) VALUES (925, 3, 'ROOM_IMAGE', 'image_07.jpg', 'image_07.jpg', 'uploads/rooms/images/room_111/image_07.jpg', '/rooms/images/room_111/image_07.jpg', 89027, 'image/jpeg', 'jpg', false, 'ROOM', 131, 'READY', NOW(), NOW(), 0);
INSERT INTO central_media_files (id, owner_id, category, original_name, file_name, file_path, file_url, file_size, mime_type, extension, is_primary, reference_type, reference_id, status, created_at, updated_at, version) VALUES (926, 3, 'ROOM_IMAGE', 'image_08.jpg', 'image_08.jpg', 'uploads/rooms/images/room_111/image_08.jpg', '/rooms/images/room_111/image_08.jpg', 75490, 'image/jpeg', 'jpg', false, 'ROOM', 131, 'READY', NOW(), NOW(), 0);
INSERT INTO central_media_files (id, owner_id, category, original_name, file_name, file_path, file_url, file_size, mime_type, extension, is_primary, reference_type, reference_id, status, created_at, updated_at, version) VALUES (927, 3, 'ROOM_IMAGE', 'image_09.jpg', 'image_09.jpg', 'uploads/rooms/images/room_111/image_09.jpg', '/rooms/images/room_111/image_09.jpg', 88986, 'image/jpeg', 'jpg', false, 'ROOM', 131, 'READY', NOW(), NOW(), 0);
INSERT INTO central_media_files (id, owner_id, category, original_name, file_name, file_path, file_url, file_size, mime_type, extension, is_primary, reference_type, reference_id, status, created_at, updated_at, version) VALUES (928, 3, 'ROOM_IMAGE', 'image_10.jpg', 'image_10.jpg', 'uploads/rooms/images/room_111/image_10.jpg', '/rooms/images/room_111/image_10.jpg', 162659, 'image/jpeg', 'jpg', false, 'ROOM', 131, 'READY', NOW(), NOW(), 0);
INSERT INTO central_media_files (id, owner_id, category, original_name, file_name, file_path, file_url, file_size, mime_type, extension, is_primary, reference_type, reference_id, status, created_at, updated_at, version) VALUES (929, 3, 'ROOM_IMAGE', 'image_11.jpg', 'image_11.jpg', 'uploads/rooms/images/room_111/image_11.jpg', '/rooms/images/room_111/image_11.jpg', 213514, 'image/jpeg', 'jpg', false, 'ROOM', 131, 'READY', NOW(), NOW(), 0);
INSERT INTO central_media_files (id, owner_id, category, original_name, file_name, file_path, file_url, file_size, mime_type, extension, is_primary, reference_type, reference_id, status, created_at, updated_at, version) VALUES (930, 3, 'ROOM_IMAGE', 'image_12.jpg', 'image_12.jpg', 'uploads/rooms/images/room_111/image_12.jpg', '/rooms/images/room_111/image_12.jpg', 82717, 'image/jpeg', 'jpg', false, 'ROOM', 131, 'READY', NOW(), NOW(), 0);
INSERT INTO central_media_files (id, owner_id, category, original_name, file_name, file_path, file_url, file_size, mime_type, extension, is_primary, reference_type, reference_id, status, created_at, updated_at, version) VALUES (931, 3, 'POST_VIDEO', 'video_01.mp4', 'video_01.mp4', 'uploads/posts/videos/room_111/video_01.mp4', '/posts/videos/room_111/video_01.mp4', 7752246, 'video/mp4', 'mp4', true, 'POST', 131, 'READY', NOW(), NOW(), 0);
INSERT INTO central_media_files (id, owner_id, category, original_name, file_name, file_path, file_url, file_size, mime_type, extension, is_primary, reference_type, reference_id, status, created_at, updated_at, version) VALUES (932, 4, 'ROOM_THUMBNAIL', 'image_01.jpg', 'image_01.jpg', 'uploads/rooms/images/room_112/image_01.jpg', '/rooms/images/room_112/image_01.jpg', 54838, 'image/jpeg', 'jpg', true, 'ROOM', 132, 'READY', NOW(), NOW(), 0);
INSERT INTO central_media_files (id, owner_id, category, original_name, file_name, file_path, file_url, file_size, mime_type, extension, is_primary, reference_type, reference_id, status, created_at, updated_at, version) VALUES (933, 4, 'ROOM_IMAGE', 'image_02.jpg', 'image_02.jpg', 'uploads/rooms/images/room_112/image_02.jpg', '/rooms/images/room_112/image_02.jpg', 63254, 'image/jpeg', 'jpg', false, 'ROOM', 132, 'READY', NOW(), NOW(), 0);
INSERT INTO central_media_files (id, owner_id, category, original_name, file_name, file_path, file_url, file_size, mime_type, extension, is_primary, reference_type, reference_id, status, created_at, updated_at, version) VALUES (934, 4, 'ROOM_IMAGE', 'image_03.jpg', 'image_03.jpg', 'uploads/rooms/images/room_112/image_03.jpg', '/rooms/images/room_112/image_03.jpg', 64994, 'image/jpeg', 'jpg', false, 'ROOM', 132, 'READY', NOW(), NOW(), 0);
INSERT INTO central_media_files (id, owner_id, category, original_name, file_name, file_path, file_url, file_size, mime_type, extension, is_primary, reference_type, reference_id, status, created_at, updated_at, version) VALUES (935, 4, 'ROOM_IMAGE', 'image_04.jpg', 'image_04.jpg', 'uploads/rooms/images/room_112/image_04.jpg', '/rooms/images/room_112/image_04.jpg', 77111, 'image/jpeg', 'jpg', false, 'ROOM', 132, 'READY', NOW(), NOW(), 0);
INSERT INTO central_media_files (id, owner_id, category, original_name, file_name, file_path, file_url, file_size, mime_type, extension, is_primary, reference_type, reference_id, status, created_at, updated_at, version) VALUES (936, 4, 'POST_VIDEO', 'video_01.mp4', 'video_01.mp4', 'uploads/posts/videos/room_112/video_01.mp4', '/posts/videos/room_112/video_01.mp4', 9088902, 'video/mp4', 'mp4', true, 'POST', 132, 'READY', NOW(), NOW(), 0);
INSERT INTO central_media_files (id, owner_id, category, original_name, file_name, file_path, file_url, file_size, mime_type, extension, is_primary, reference_type, reference_id, status, created_at, updated_at, version) VALUES (937, 2, 'ROOM_THUMBNAIL', 'image_01.jpg', 'image_01.jpg', 'uploads/rooms/images/room_113/image_01.jpg', '/rooms/images/room_113/image_01.jpg', 69699, 'image/jpeg', 'jpg', true, 'ROOM', 133, 'READY', NOW(), NOW(), 0);
INSERT INTO central_media_files (id, owner_id, category, original_name, file_name, file_path, file_url, file_size, mime_type, extension, is_primary, reference_type, reference_id, status, created_at, updated_at, version) VALUES (938, 2, 'ROOM_IMAGE', 'image_02.jpg', 'image_02.jpg', 'uploads/rooms/images/room_113/image_02.jpg', '/rooms/images/room_113/image_02.jpg', 64430, 'image/jpeg', 'jpg', false, 'ROOM', 133, 'READY', NOW(), NOW(), 0);
INSERT INTO central_media_files (id, owner_id, category, original_name, file_name, file_path, file_url, file_size, mime_type, extension, is_primary, reference_type, reference_id, status, created_at, updated_at, version) VALUES (939, 2, 'ROOM_IMAGE', 'image_03.jpg', 'image_03.jpg', 'uploads/rooms/images/room_113/image_03.jpg', '/rooms/images/room_113/image_03.jpg', 100328, 'image/jpeg', 'jpg', false, 'ROOM', 133, 'READY', NOW(), NOW(), 0);
INSERT INTO central_media_files (id, owner_id, category, original_name, file_name, file_path, file_url, file_size, mime_type, extension, is_primary, reference_type, reference_id, status, created_at, updated_at, version) VALUES (940, 2, 'ROOM_IMAGE', 'image_04.jpg', 'image_04.jpg', 'uploads/rooms/images/room_113/image_04.jpg', '/rooms/images/room_113/image_04.jpg', 171354, 'image/jpeg', 'jpg', false, 'ROOM', 133, 'READY', NOW(), NOW(), 0);
INSERT INTO central_media_files (id, owner_id, category, original_name, file_name, file_path, file_url, file_size, mime_type, extension, is_primary, reference_type, reference_id, status, created_at, updated_at, version) VALUES (941, 2, 'ROOM_IMAGE', 'image_05.jpg', 'image_05.jpg', 'uploads/rooms/images/room_113/image_05.jpg', '/rooms/images/room_113/image_05.jpg', 70186, 'image/jpeg', 'jpg', false, 'ROOM', 133, 'READY', NOW(), NOW(), 0);
INSERT INTO central_media_files (id, owner_id, category, original_name, file_name, file_path, file_url, file_size, mime_type, extension, is_primary, reference_type, reference_id, status, created_at, updated_at, version) VALUES (942, 2, 'ROOM_IMAGE', 'image_06.jpg', 'image_06.jpg', 'uploads/rooms/images/room_113/image_06.jpg', '/rooms/images/room_113/image_06.jpg', 106142, 'image/jpeg', 'jpg', false, 'ROOM', 133, 'READY', NOW(), NOW(), 0);
INSERT INTO central_media_files (id, owner_id, category, original_name, file_name, file_path, file_url, file_size, mime_type, extension, is_primary, reference_type, reference_id, status, created_at, updated_at, version) VALUES (943, 2, 'ROOM_IMAGE', 'image_07.jpg', 'image_07.jpg', 'uploads/rooms/images/room_113/image_07.jpg', '/rooms/images/room_113/image_07.jpg', 133331, 'image/jpeg', 'jpg', false, 'ROOM', 133, 'READY', NOW(), NOW(), 0);
INSERT INTO central_media_files (id, owner_id, category, original_name, file_name, file_path, file_url, file_size, mime_type, extension, is_primary, reference_type, reference_id, status, created_at, updated_at, version) VALUES (944, 2, 'ROOM_IMAGE', 'image_08.jpg', 'image_08.jpg', 'uploads/rooms/images/room_113/image_08.jpg', '/rooms/images/room_113/image_08.jpg', 75088, 'image/jpeg', 'jpg', false, 'ROOM', 133, 'READY', NOW(), NOW(), 0);
INSERT INTO central_media_files (id, owner_id, category, original_name, file_name, file_path, file_url, file_size, mime_type, extension, is_primary, reference_type, reference_id, status, created_at, updated_at, version) VALUES (945, 2, 'ROOM_IMAGE', 'image_09.jpg', 'image_09.jpg', 'uploads/rooms/images/room_113/image_09.jpg', '/rooms/images/room_113/image_09.jpg', 79784, 'image/jpeg', 'jpg', false, 'ROOM', 133, 'READY', NOW(), NOW(), 0);
INSERT INTO central_media_files (id, owner_id, category, original_name, file_name, file_path, file_url, file_size, mime_type, extension, is_primary, reference_type, reference_id, status, created_at, updated_at, version) VALUES (946, 2, 'ROOM_IMAGE', 'image_10.jpg', 'image_10.jpg', 'uploads/rooms/images/room_113/image_10.jpg', '/rooms/images/room_113/image_10.jpg', 105073, 'image/jpeg', 'jpg', false, 'ROOM', 133, 'READY', NOW(), NOW(), 0);
INSERT INTO central_media_files (id, owner_id, category, original_name, file_name, file_path, file_url, file_size, mime_type, extension, is_primary, reference_type, reference_id, status, created_at, updated_at, version) VALUES (947, 2, 'ROOM_IMAGE', 'image_11.jpg', 'image_11.jpg', 'uploads/rooms/images/room_113/image_11.jpg', '/rooms/images/room_113/image_11.jpg', 168733, 'image/jpeg', 'jpg', false, 'ROOM', 133, 'READY', NOW(), NOW(), 0);
INSERT INTO central_media_files (id, owner_id, category, original_name, file_name, file_path, file_url, file_size, mime_type, extension, is_primary, reference_type, reference_id, status, created_at, updated_at, version) VALUES (948, 2, 'ROOM_IMAGE', 'image_12.jpg', 'image_12.jpg', 'uploads/rooms/images/room_113/image_12.jpg', '/rooms/images/room_113/image_12.jpg', 174152, 'image/jpeg', 'jpg', false, 'ROOM', 133, 'READY', NOW(), NOW(), 0);
INSERT INTO central_media_files (id, owner_id, category, original_name, file_name, file_path, file_url, file_size, mime_type, extension, is_primary, reference_type, reference_id, status, created_at, updated_at, version) VALUES (949, 2, 'POST_VIDEO', 'video_01.mp4', 'video_01.mp4', 'uploads/posts/videos/room_113/video_01.mp4', '/posts/videos/room_113/video_01.mp4', 20095108, 'video/mp4', 'mp4', true, 'POST', 133, 'READY', NOW(), NOW(), 0);
INSERT INTO central_media_files (id, owner_id, category, original_name, file_name, file_path, file_url, file_size, mime_type, extension, is_primary, reference_type, reference_id, status, created_at, updated_at, version) VALUES (950, 3, 'ROOM_THUMBNAIL', 'image_01.jpg', 'image_01.jpg', 'uploads/rooms/images/room_114/image_01.jpg', '/rooms/images/room_114/image_01.jpg', 56048, 'image/jpeg', 'jpg', true, 'ROOM', 134, 'READY', NOW(), NOW(), 0);
INSERT INTO central_media_files (id, owner_id, category, original_name, file_name, file_path, file_url, file_size, mime_type, extension, is_primary, reference_type, reference_id, status, created_at, updated_at, version) VALUES (951, 3, 'ROOM_IMAGE', 'image_02.jpg', 'image_02.jpg', 'uploads/rooms/images/room_114/image_02.jpg', '/rooms/images/room_114/image_02.jpg', 39372, 'image/jpeg', 'jpg', false, 'ROOM', 134, 'READY', NOW(), NOW(), 0);
INSERT INTO central_media_files (id, owner_id, category, original_name, file_name, file_path, file_url, file_size, mime_type, extension, is_primary, reference_type, reference_id, status, created_at, updated_at, version) VALUES (952, 3, 'ROOM_IMAGE', 'image_03.jpg', 'image_03.jpg', 'uploads/rooms/images/room_114/image_03.jpg', '/rooms/images/room_114/image_03.jpg', 102749, 'image/jpeg', 'jpg', false, 'ROOM', 134, 'READY', NOW(), NOW(), 0);
INSERT INTO central_media_files (id, owner_id, category, original_name, file_name, file_path, file_url, file_size, mime_type, extension, is_primary, reference_type, reference_id, status, created_at, updated_at, version) VALUES (953, 3, 'ROOM_IMAGE', 'image_04.jpg', 'image_04.jpg', 'uploads/rooms/images/room_114/image_04.jpg', '/rooms/images/room_114/image_04.jpg', 46834, 'image/jpeg', 'jpg', false, 'ROOM', 134, 'READY', NOW(), NOW(), 0);
INSERT INTO central_media_files (id, owner_id, category, original_name, file_name, file_path, file_url, file_size, mime_type, extension, is_primary, reference_type, reference_id, status, created_at, updated_at, version) VALUES (954, 3, 'ROOM_IMAGE', 'image_05.jpg', 'image_05.jpg', 'uploads/rooms/images/room_114/image_05.jpg', '/rooms/images/room_114/image_05.jpg', 58012, 'image/jpeg', 'jpg', false, 'ROOM', 134, 'READY', NOW(), NOW(), 0);
INSERT INTO central_media_files (id, owner_id, category, original_name, file_name, file_path, file_url, file_size, mime_type, extension, is_primary, reference_type, reference_id, status, created_at, updated_at, version) VALUES (955, 3, 'ROOM_IMAGE', 'image_06.jpg', 'image_06.jpg', 'uploads/rooms/images/room_114/image_06.jpg', '/rooms/images/room_114/image_06.jpg', 53638, 'image/jpeg', 'jpg', false, 'ROOM', 134, 'READY', NOW(), NOW(), 0);
INSERT INTO central_media_files (id, owner_id, category, original_name, file_name, file_path, file_url, file_size, mime_type, extension, is_primary, reference_type, reference_id, status, created_at, updated_at, version) VALUES (956, 3, 'POST_VIDEO', 'video_01.mp4', 'video_01.mp4', 'uploads/posts/videos/room_114/video_01.mp4', '/posts/videos/room_114/video_01.mp4', 36249031, 'video/mp4', 'mp4', true, 'POST', 134, 'READY', NOW(), NOW(), 0);
INSERT INTO central_media_files (id, owner_id, category, original_name, file_name, file_path, file_url, file_size, mime_type, extension, is_primary, reference_type, reference_id, status, created_at, updated_at, version) VALUES (957, 4, 'ROOM_THUMBNAIL', 'image_01.jpg', 'image_01.jpg', 'uploads/rooms/images/room_115/image_01.jpg', '/rooms/images/room_115/image_01.jpg', 103125, 'image/jpeg', 'jpg', true, 'ROOM', 135, 'READY', NOW(), NOW(), 0);
INSERT INTO central_media_files (id, owner_id, category, original_name, file_name, file_path, file_url, file_size, mime_type, extension, is_primary, reference_type, reference_id, status, created_at, updated_at, version) VALUES (958, 4, 'ROOM_IMAGE', 'image_02.jpg', 'image_02.jpg', 'uploads/rooms/images/room_115/image_02.jpg', '/rooms/images/room_115/image_02.jpg', 88525, 'image/jpeg', 'jpg', false, 'ROOM', 135, 'READY', NOW(), NOW(), 0);
INSERT INTO central_media_files (id, owner_id, category, original_name, file_name, file_path, file_url, file_size, mime_type, extension, is_primary, reference_type, reference_id, status, created_at, updated_at, version) VALUES (959, 4, 'ROOM_IMAGE', 'image_03.jpg', 'image_03.jpg', 'uploads/rooms/images/room_115/image_03.jpg', '/rooms/images/room_115/image_03.jpg', 130343, 'image/jpeg', 'jpg', false, 'ROOM', 135, 'READY', NOW(), NOW(), 0);
INSERT INTO central_media_files (id, owner_id, category, original_name, file_name, file_path, file_url, file_size, mime_type, extension, is_primary, reference_type, reference_id, status, created_at, updated_at, version) VALUES (960, 4, 'ROOM_IMAGE', 'image_04.jpg', 'image_04.jpg', 'uploads/rooms/images/room_115/image_04.jpg', '/rooms/images/room_115/image_04.jpg', 172291, 'image/jpeg', 'jpg', false, 'ROOM', 135, 'READY', NOW(), NOW(), 0);
INSERT INTO central_media_files (id, owner_id, category, original_name, file_name, file_path, file_url, file_size, mime_type, extension, is_primary, reference_type, reference_id, status, created_at, updated_at, version) VALUES (961, 4, 'ROOM_IMAGE', 'image_05.jpg', 'image_05.jpg', 'uploads/rooms/images/room_115/image_05.jpg', '/rooms/images/room_115/image_05.jpg', 132616, 'image/jpeg', 'jpg', false, 'ROOM', 135, 'READY', NOW(), NOW(), 0);
INSERT INTO central_media_files (id, owner_id, category, original_name, file_name, file_path, file_url, file_size, mime_type, extension, is_primary, reference_type, reference_id, status, created_at, updated_at, version) VALUES (962, 4, 'ROOM_IMAGE', 'image_06.jpg', 'image_06.jpg', 'uploads/rooms/images/room_115/image_06.jpg', '/rooms/images/room_115/image_06.jpg', 96718, 'image/jpeg', 'jpg', false, 'ROOM', 135, 'READY', NOW(), NOW(), 0);
INSERT INTO central_media_files (id, owner_id, category, original_name, file_name, file_path, file_url, file_size, mime_type, extension, is_primary, reference_type, reference_id, status, created_at, updated_at, version) VALUES (963, 4, 'ROOM_IMAGE', 'image_07.jpg', 'image_07.jpg', 'uploads/rooms/images/room_115/image_07.jpg', '/rooms/images/room_115/image_07.jpg', 106173, 'image/jpeg', 'jpg', false, 'ROOM', 135, 'READY', NOW(), NOW(), 0);
INSERT INTO central_media_files (id, owner_id, category, original_name, file_name, file_path, file_url, file_size, mime_type, extension, is_primary, reference_type, reference_id, status, created_at, updated_at, version) VALUES (964, 4, 'ROOM_IMAGE', 'image_08.jpg', 'image_08.jpg', 'uploads/rooms/images/room_115/image_08.jpg', '/rooms/images/room_115/image_08.jpg', 80713, 'image/jpeg', 'jpg', false, 'ROOM', 135, 'READY', NOW(), NOW(), 0);
INSERT INTO central_media_files (id, owner_id, category, original_name, file_name, file_path, file_url, file_size, mime_type, extension, is_primary, reference_type, reference_id, status, created_at, updated_at, version) VALUES (965, 4, 'ROOM_IMAGE', 'image_09.jpg', 'image_09.jpg', 'uploads/rooms/images/room_115/image_09.jpg', '/rooms/images/room_115/image_09.jpg', 170463, 'image/jpeg', 'jpg', false, 'ROOM', 135, 'READY', NOW(), NOW(), 0);
INSERT INTO central_media_files (id, owner_id, category, original_name, file_name, file_path, file_url, file_size, mime_type, extension, is_primary, reference_type, reference_id, status, created_at, updated_at, version) VALUES (966, 4, 'ROOM_IMAGE', 'image_10.jpg', 'image_10.jpg', 'uploads/rooms/images/room_115/image_10.jpg', '/rooms/images/room_115/image_10.jpg', 97231, 'image/jpeg', 'jpg', false, 'ROOM', 135, 'READY', NOW(), NOW(), 0);
INSERT INTO central_media_files (id, owner_id, category, original_name, file_name, file_path, file_url, file_size, mime_type, extension, is_primary, reference_type, reference_id, status, created_at, updated_at, version) VALUES (967, 4, 'ROOM_IMAGE', 'image_11.jpg', 'image_11.jpg', 'uploads/rooms/images/room_115/image_11.jpg', '/rooms/images/room_115/image_11.jpg', 91242, 'image/jpeg', 'jpg', false, 'ROOM', 135, 'READY', NOW(), NOW(), 0);
INSERT INTO central_media_files (id, owner_id, category, original_name, file_name, file_path, file_url, file_size, mime_type, extension, is_primary, reference_type, reference_id, status, created_at, updated_at, version) VALUES (968, 4, 'ROOM_IMAGE', 'image_12.jpg', 'image_12.jpg', 'uploads/rooms/images/room_115/image_12.jpg', '/rooms/images/room_115/image_12.jpg', 91138, 'image/jpeg', 'jpg', false, 'ROOM', 135, 'READY', NOW(), NOW(), 0);
INSERT INTO central_media_files (id, owner_id, category, original_name, file_name, file_path, file_url, file_size, mime_type, extension, is_primary, reference_type, reference_id, status, created_at, updated_at, version) VALUES (969, 4, 'POST_VIDEO', 'video_01.mp4', 'video_01.mp4', 'uploads/posts/videos/room_115/video_01.mp4', '/posts/videos/room_115/video_01.mp4', 27077467, 'video/mp4', 'mp4', true, 'POST', 135, 'READY', NOW(), NOW(), 0);
INSERT INTO central_media_files (id, owner_id, category, original_name, file_name, file_path, file_url, file_size, mime_type, extension, is_primary, reference_type, reference_id, status, created_at, updated_at, version) VALUES (970, 2, 'ROOM_THUMBNAIL', 'image_01.jpg', 'image_01.jpg', 'uploads/rooms/images/room_116/image_01.jpg', '/rooms/images/room_116/image_01.jpg', 80048, 'image/jpeg', 'jpg', true, 'ROOM', 136, 'READY', NOW(), NOW(), 0);
INSERT INTO central_media_files (id, owner_id, category, original_name, file_name, file_path, file_url, file_size, mime_type, extension, is_primary, reference_type, reference_id, status, created_at, updated_at, version) VALUES (971, 2, 'ROOM_IMAGE', 'image_02.jpg', 'image_02.jpg', 'uploads/rooms/images/room_116/image_02.jpg', '/rooms/images/room_116/image_02.jpg', 86516, 'image/jpeg', 'jpg', false, 'ROOM', 136, 'READY', NOW(), NOW(), 0);
INSERT INTO central_media_files (id, owner_id, category, original_name, file_name, file_path, file_url, file_size, mime_type, extension, is_primary, reference_type, reference_id, status, created_at, updated_at, version) VALUES (972, 2, 'ROOM_IMAGE', 'image_03.jpg', 'image_03.jpg', 'uploads/rooms/images/room_116/image_03.jpg', '/rooms/images/room_116/image_03.jpg', 81316, 'image/jpeg', 'jpg', false, 'ROOM', 136, 'READY', NOW(), NOW(), 0);
INSERT INTO central_media_files (id, owner_id, category, original_name, file_name, file_path, file_url, file_size, mime_type, extension, is_primary, reference_type, reference_id, status, created_at, updated_at, version) VALUES (973, 2, 'ROOM_IMAGE', 'image_04.jpg', 'image_04.jpg', 'uploads/rooms/images/room_116/image_04.jpg', '/rooms/images/room_116/image_04.jpg', 83832, 'image/jpeg', 'jpg', false, 'ROOM', 136, 'READY', NOW(), NOW(), 0);
INSERT INTO central_media_files (id, owner_id, category, original_name, file_name, file_path, file_url, file_size, mime_type, extension, is_primary, reference_type, reference_id, status, created_at, updated_at, version) VALUES (974, 2, 'POST_VIDEO', 'video_01.mp4', 'video_01.mp4', 'uploads/posts/videos/room_116/video_01.mp4', '/posts/videos/room_116/video_01.mp4', 2339134, 'video/mp4', 'mp4', true, 'POST', 136, 'READY', NOW(), NOW(), 0);
INSERT INTO central_media_files (id, owner_id, category, original_name, file_name, file_path, file_url, file_size, mime_type, extension, is_primary, reference_type, reference_id, status, created_at, updated_at, version) VALUES (975, 3, 'ROOM_THUMBNAIL', 'image_01.jpg', 'image_01.jpg', 'uploads/rooms/images/room_117/image_01.jpg', '/rooms/images/room_117/image_01.jpg', 101749, 'image/jpeg', 'jpg', true, 'ROOM', 137, 'READY', NOW(), NOW(), 0);
INSERT INTO central_media_files (id, owner_id, category, original_name, file_name, file_path, file_url, file_size, mime_type, extension, is_primary, reference_type, reference_id, status, created_at, updated_at, version) VALUES (976, 3, 'ROOM_IMAGE', 'image_02.jpg', 'image_02.jpg', 'uploads/rooms/images/room_117/image_02.jpg', '/rooms/images/room_117/image_02.jpg', 102002, 'image/jpeg', 'jpg', false, 'ROOM', 137, 'READY', NOW(), NOW(), 0);
INSERT INTO central_media_files (id, owner_id, category, original_name, file_name, file_path, file_url, file_size, mime_type, extension, is_primary, reference_type, reference_id, status, created_at, updated_at, version) VALUES (977, 3, 'ROOM_IMAGE', 'image_03.jpg', 'image_03.jpg', 'uploads/rooms/images/room_117/image_03.jpg', '/rooms/images/room_117/image_03.jpg', 102895, 'image/jpeg', 'jpg', false, 'ROOM', 137, 'READY', NOW(), NOW(), 0);
INSERT INTO central_media_files (id, owner_id, category, original_name, file_name, file_path, file_url, file_size, mime_type, extension, is_primary, reference_type, reference_id, status, created_at, updated_at, version) VALUES (978, 3, 'ROOM_IMAGE', 'image_04.jpg', 'image_04.jpg', 'uploads/rooms/images/room_117/image_04.jpg', '/rooms/images/room_117/image_04.jpg', 81920, 'image/jpeg', 'jpg', false, 'ROOM', 137, 'READY', NOW(), NOW(), 0);
INSERT INTO central_media_files (id, owner_id, category, original_name, file_name, file_path, file_url, file_size, mime_type, extension, is_primary, reference_type, reference_id, status, created_at, updated_at, version) VALUES (979, 3, 'ROOM_IMAGE', 'image_05.jpg', 'image_05.jpg', 'uploads/rooms/images/room_117/image_05.jpg', '/rooms/images/room_117/image_05.jpg', 88202, 'image/jpeg', 'jpg', false, 'ROOM', 137, 'READY', NOW(), NOW(), 0);
INSERT INTO central_media_files (id, owner_id, category, original_name, file_name, file_path, file_url, file_size, mime_type, extension, is_primary, reference_type, reference_id, status, created_at, updated_at, version) VALUES (980, 3, 'ROOM_IMAGE', 'image_06.jpg', 'image_06.jpg', 'uploads/rooms/images/room_117/image_06.jpg', '/rooms/images/room_117/image_06.jpg', 97784, 'image/jpeg', 'jpg', false, 'ROOM', 137, 'READY', NOW(), NOW(), 0);
INSERT INTO central_media_files (id, owner_id, category, original_name, file_name, file_path, file_url, file_size, mime_type, extension, is_primary, reference_type, reference_id, status, created_at, updated_at, version) VALUES (981, 3, 'ROOM_IMAGE', 'image_07.jpg', 'image_07.jpg', 'uploads/rooms/images/room_117/image_07.jpg', '/rooms/images/room_117/image_07.jpg', 106918, 'image/jpeg', 'jpg', false, 'ROOM', 137, 'READY', NOW(), NOW(), 0);
INSERT INTO central_media_files (id, owner_id, category, original_name, file_name, file_path, file_url, file_size, mime_type, extension, is_primary, reference_type, reference_id, status, created_at, updated_at, version) VALUES (982, 3, 'ROOM_IMAGE', 'image_08.jpg', 'image_08.jpg', 'uploads/rooms/images/room_117/image_08.jpg', '/rooms/images/room_117/image_08.jpg', 123185, 'image/jpeg', 'jpg', false, 'ROOM', 137, 'READY', NOW(), NOW(), 0);
INSERT INTO central_media_files (id, owner_id, category, original_name, file_name, file_path, file_url, file_size, mime_type, extension, is_primary, reference_type, reference_id, status, created_at, updated_at, version) VALUES (983, 3, 'POST_VIDEO', 'video_01.mp4', 'video_01.mp4', 'uploads/posts/videos/room_117/video_01.mp4', '/posts/videos/room_117/video_01.mp4', 21766302, 'video/mp4', 'mp4', true, 'POST', 137, 'READY', NOW(), NOW(), 0);
INSERT INTO central_media_files (id, owner_id, category, original_name, file_name, file_path, file_url, file_size, mime_type, extension, is_primary, reference_type, reference_id, status, created_at, updated_at, version) VALUES (984, 4, 'ROOM_THUMBNAIL', 'image_01.jpg', 'image_01.jpg', 'uploads/rooms/images/room_118/image_01.jpg', '/rooms/images/room_118/image_01.jpg', 94515, 'image/jpeg', 'jpg', true, 'ROOM', 138, 'READY', NOW(), NOW(), 0);
INSERT INTO central_media_files (id, owner_id, category, original_name, file_name, file_path, file_url, file_size, mime_type, extension, is_primary, reference_type, reference_id, status, created_at, updated_at, version) VALUES (985, 4, 'ROOM_IMAGE', 'image_02.jpg', 'image_02.jpg', 'uploads/rooms/images/room_118/image_02.jpg', '/rooms/images/room_118/image_02.jpg', 100664, 'image/jpeg', 'jpg', false, 'ROOM', 138, 'READY', NOW(), NOW(), 0);
INSERT INTO central_media_files (id, owner_id, category, original_name, file_name, file_path, file_url, file_size, mime_type, extension, is_primary, reference_type, reference_id, status, created_at, updated_at, version) VALUES (986, 4, 'ROOM_IMAGE', 'image_03.jpg', 'image_03.jpg', 'uploads/rooms/images/room_118/image_03.jpg', '/rooms/images/room_118/image_03.jpg', 82407, 'image/jpeg', 'jpg', false, 'ROOM', 138, 'READY', NOW(), NOW(), 0);
INSERT INTO central_media_files (id, owner_id, category, original_name, file_name, file_path, file_url, file_size, mime_type, extension, is_primary, reference_type, reference_id, status, created_at, updated_at, version) VALUES (987, 4, 'ROOM_IMAGE', 'image_04.jpg', 'image_04.jpg', 'uploads/rooms/images/room_118/image_04.jpg', '/rooms/images/room_118/image_04.jpg', 79024, 'image/jpeg', 'jpg', false, 'ROOM', 138, 'READY', NOW(), NOW(), 0);
INSERT INTO central_media_files (id, owner_id, category, original_name, file_name, file_path, file_url, file_size, mime_type, extension, is_primary, reference_type, reference_id, status, created_at, updated_at, version) VALUES (988, 4, 'ROOM_IMAGE', 'image_05.jpg', 'image_05.jpg', 'uploads/rooms/images/room_118/image_05.jpg', '/rooms/images/room_118/image_05.jpg', 70824, 'image/jpeg', 'jpg', false, 'ROOM', 138, 'READY', NOW(), NOW(), 0);
INSERT INTO central_media_files (id, owner_id, category, original_name, file_name, file_path, file_url, file_size, mime_type, extension, is_primary, reference_type, reference_id, status, created_at, updated_at, version) VALUES (989, 4, 'ROOM_IMAGE', 'image_06.jpg', 'image_06.jpg', 'uploads/rooms/images/room_118/image_06.jpg', '/rooms/images/room_118/image_06.jpg', 101565, 'image/jpeg', 'jpg', false, 'ROOM', 138, 'READY', NOW(), NOW(), 0);
INSERT INTO central_media_files (id, owner_id, category, original_name, file_name, file_path, file_url, file_size, mime_type, extension, is_primary, reference_type, reference_id, status, created_at, updated_at, version) VALUES (990, 4, 'ROOM_IMAGE', 'image_07.jpg', 'image_07.jpg', 'uploads/rooms/images/room_118/image_07.jpg', '/rooms/images/room_118/image_07.jpg', 85850, 'image/jpeg', 'jpg', false, 'ROOM', 138, 'READY', NOW(), NOW(), 0);
INSERT INTO central_media_files (id, owner_id, category, original_name, file_name, file_path, file_url, file_size, mime_type, extension, is_primary, reference_type, reference_id, status, created_at, updated_at, version) VALUES (991, 4, 'POST_VIDEO', 'video_01.mp4', 'video_01.mp4', 'uploads/posts/videos/room_118/video_01.mp4', '/posts/videos/room_118/video_01.mp4', 16982688, 'video/mp4', 'mp4', true, 'POST', 138, 'READY', NOW(), NOW(), 0);
INSERT INTO central_media_files (id, owner_id, category, original_name, file_name, file_path, file_url, file_size, mime_type, extension, is_primary, reference_type, reference_id, status, created_at, updated_at, version) VALUES (992, 2, 'ROOM_THUMBNAIL', 'image_01.jpg', 'image_01.jpg', 'uploads/rooms/images/room_119/image_01.jpg', '/rooms/images/room_119/image_01.jpg', 94779, 'image/jpeg', 'jpg', true, 'ROOM', 139, 'READY', NOW(), NOW(), 0);
INSERT INTO central_media_files (id, owner_id, category, original_name, file_name, file_path, file_url, file_size, mime_type, extension, is_primary, reference_type, reference_id, status, created_at, updated_at, version) VALUES (993, 2, 'ROOM_IMAGE', 'image_02.jpg', 'image_02.jpg', 'uploads/rooms/images/room_119/image_02.jpg', '/rooms/images/room_119/image_02.jpg', 85256, 'image/jpeg', 'jpg', false, 'ROOM', 139, 'READY', NOW(), NOW(), 0);
INSERT INTO central_media_files (id, owner_id, category, original_name, file_name, file_path, file_url, file_size, mime_type, extension, is_primary, reference_type, reference_id, status, created_at, updated_at, version) VALUES (994, 2, 'ROOM_IMAGE', 'image_03.jpg', 'image_03.jpg', 'uploads/rooms/images/room_119/image_03.jpg', '/rooms/images/room_119/image_03.jpg', 109108, 'image/jpeg', 'jpg', false, 'ROOM', 139, 'READY', NOW(), NOW(), 0);
INSERT INTO central_media_files (id, owner_id, category, original_name, file_name, file_path, file_url, file_size, mime_type, extension, is_primary, reference_type, reference_id, status, created_at, updated_at, version) VALUES (995, 2, 'ROOM_IMAGE', 'image_04.jpg', 'image_04.jpg', 'uploads/rooms/images/room_119/image_04.jpg', '/rooms/images/room_119/image_04.jpg', 93514, 'image/jpeg', 'jpg', false, 'ROOM', 139, 'READY', NOW(), NOW(), 0);
INSERT INTO central_media_files (id, owner_id, category, original_name, file_name, file_path, file_url, file_size, mime_type, extension, is_primary, reference_type, reference_id, status, created_at, updated_at, version) VALUES (996, 2, 'ROOM_IMAGE', 'image_05.jpg', 'image_05.jpg', 'uploads/rooms/images/room_119/image_05.jpg', '/rooms/images/room_119/image_05.jpg', 88608, 'image/jpeg', 'jpg', false, 'ROOM', 139, 'READY', NOW(), NOW(), 0);
INSERT INTO central_media_files (id, owner_id, category, original_name, file_name, file_path, file_url, file_size, mime_type, extension, is_primary, reference_type, reference_id, status, created_at, updated_at, version) VALUES (997, 2, 'ROOM_IMAGE', 'image_06.jpg', 'image_06.jpg', 'uploads/rooms/images/room_119/image_06.jpg', '/rooms/images/room_119/image_06.jpg', 93666, 'image/jpeg', 'jpg', false, 'ROOM', 139, 'READY', NOW(), NOW(), 0);
INSERT INTO central_media_files (id, owner_id, category, original_name, file_name, file_path, file_url, file_size, mime_type, extension, is_primary, reference_type, reference_id, status, created_at, updated_at, version) VALUES (998, 2, 'ROOM_IMAGE', 'image_07.jpg', 'image_07.jpg', 'uploads/rooms/images/room_119/image_07.jpg', '/rooms/images/room_119/image_07.jpg', 108315, 'image/jpeg', 'jpg', false, 'ROOM', 139, 'READY', NOW(), NOW(), 0);
INSERT INTO central_media_files (id, owner_id, category, original_name, file_name, file_path, file_url, file_size, mime_type, extension, is_primary, reference_type, reference_id, status, created_at, updated_at, version) VALUES (999, 2, 'POST_VIDEO', 'video_01.mp4', 'video_01.mp4', 'uploads/posts/videos/room_119/video_01.mp4', '/posts/videos/room_119/video_01.mp4', 7359445, 'video/mp4', 'mp4', true, 'POST', 139, 'READY', NOW(), NOW(), 0);
INSERT INTO central_media_files (id, owner_id, category, original_name, file_name, file_path, file_url, file_size, mime_type, extension, is_primary, reference_type, reference_id, status, created_at, updated_at, version) VALUES (1000, 3, 'ROOM_THUMBNAIL', 'image_01.jpg', 'image_01.jpg', 'uploads/rooms/images/room_120/image_01.jpg', '/rooms/images/room_120/image_01.jpg', 99611, 'image/jpeg', 'jpg', true, 'ROOM', 140, 'READY', NOW(), NOW(), 0);
INSERT INTO central_media_files (id, owner_id, category, original_name, file_name, file_path, file_url, file_size, mime_type, extension, is_primary, reference_type, reference_id, status, created_at, updated_at, version) VALUES (1001, 3, 'ROOM_IMAGE', 'image_02.jpg', 'image_02.jpg', 'uploads/rooms/images/room_120/image_02.jpg', '/rooms/images/room_120/image_02.jpg', 95903, 'image/jpeg', 'jpg', false, 'ROOM', 140, 'READY', NOW(), NOW(), 0);
INSERT INTO central_media_files (id, owner_id, category, original_name, file_name, file_path, file_url, file_size, mime_type, extension, is_primary, reference_type, reference_id, status, created_at, updated_at, version) VALUES (1002, 3, 'ROOM_IMAGE', 'image_03.jpg', 'image_03.jpg', 'uploads/rooms/images/room_120/image_03.jpg', '/rooms/images/room_120/image_03.jpg', 103169, 'image/jpeg', 'jpg', false, 'ROOM', 140, 'READY', NOW(), NOW(), 0);
INSERT INTO central_media_files (id, owner_id, category, original_name, file_name, file_path, file_url, file_size, mime_type, extension, is_primary, reference_type, reference_id, status, created_at, updated_at, version) VALUES (1003, 3, 'ROOM_IMAGE', 'image_04.jpg', 'image_04.jpg', 'uploads/rooms/images/room_120/image_04.jpg', '/rooms/images/room_120/image_04.jpg', 95880, 'image/jpeg', 'jpg', false, 'ROOM', 140, 'READY', NOW(), NOW(), 0);
INSERT INTO central_media_files (id, owner_id, category, original_name, file_name, file_path, file_url, file_size, mime_type, extension, is_primary, reference_type, reference_id, status, created_at, updated_at, version) VALUES (1004, 3, 'ROOM_IMAGE', 'image_05.jpg', 'image_05.jpg', 'uploads/rooms/images/room_120/image_05.jpg', '/rooms/images/room_120/image_05.jpg', 156779, 'image/jpeg', 'jpg', false, 'ROOM', 140, 'READY', NOW(), NOW(), 0);
INSERT INTO central_media_files (id, owner_id, category, original_name, file_name, file_path, file_url, file_size, mime_type, extension, is_primary, reference_type, reference_id, status, created_at, updated_at, version) VALUES (1005, 3, 'ROOM_IMAGE', 'image_06.jpg', 'image_06.jpg', 'uploads/rooms/images/room_120/image_06.jpg', '/rooms/images/room_120/image_06.jpg', 129775, 'image/jpeg', 'jpg', false, 'ROOM', 140, 'READY', NOW(), NOW(), 0);
INSERT INTO central_media_files (id, owner_id, category, original_name, file_name, file_path, file_url, file_size, mime_type, extension, is_primary, reference_type, reference_id, status, created_at, updated_at, version) VALUES (1006, 3, 'ROOM_IMAGE', 'image_07.jpg', 'image_07.jpg', 'uploads/rooms/images/room_120/image_07.jpg', '/rooms/images/room_120/image_07.jpg', 120957, 'image/jpeg', 'jpg', false, 'ROOM', 140, 'READY', NOW(), NOW(), 0);
INSERT INTO central_media_files (id, owner_id, category, original_name, file_name, file_path, file_url, file_size, mime_type, extension, is_primary, reference_type, reference_id, status, created_at, updated_at, version) VALUES (1007, 3, 'ROOM_IMAGE', 'image_08.jpg', 'image_08.jpg', 'uploads/rooms/images/room_120/image_08.jpg', '/rooms/images/room_120/image_08.jpg', 109257, 'image/jpeg', 'jpg', false, 'ROOM', 140, 'READY', NOW(), NOW(), 0);
INSERT INTO central_media_files (id, owner_id, category, original_name, file_name, file_path, file_url, file_size, mime_type, extension, is_primary, reference_type, reference_id, status, created_at, updated_at, version) VALUES (1008, 3, 'ROOM_IMAGE', 'image_09.jpg', 'image_09.jpg', 'uploads/rooms/images/room_120/image_09.jpg', '/rooms/images/room_120/image_09.jpg', 106213, 'image/jpeg', 'jpg', false, 'ROOM', 140, 'READY', NOW(), NOW(), 0);
INSERT INTO central_media_files (id, owner_id, category, original_name, file_name, file_path, file_url, file_size, mime_type, extension, is_primary, reference_type, reference_id, status, created_at, updated_at, version) VALUES (1009, 3, 'ROOM_IMAGE', 'image_10.jpg', 'image_10.jpg', 'uploads/rooms/images/room_120/image_10.jpg', '/rooms/images/room_120/image_10.jpg', 112607, 'image/jpeg', 'jpg', false, 'ROOM', 140, 'READY', NOW(), NOW(), 0);
INSERT INTO central_media_files (id, owner_id, category, original_name, file_name, file_path, file_url, file_size, mime_type, extension, is_primary, reference_type, reference_id, status, created_at, updated_at, version) VALUES (1010, 3, 'POST_VIDEO', 'video_01.mp4', 'video_01.mp4', 'uploads/posts/videos/room_120/video_01.mp4', '/posts/videos/room_120/video_01.mp4', 14674375, 'video/mp4', 'mp4', true, 'POST', 140, 'READY', NOW(), NOW(), 0);
INSERT INTO central_media_files (id, owner_id, category, original_name, file_name, file_path, file_url, file_size, mime_type, extension, is_primary, reference_type, reference_id, status, created_at, updated_at, version) VALUES (1011, 4, 'ROOM_THUMBNAIL', 'image_01.jpg', 'image_01.jpg', 'uploads/rooms/images/room_121/image_01.jpg', '/rooms/images/room_121/image_01.jpg', 96615, 'image/jpeg', 'jpg', true, 'ROOM', 141, 'READY', NOW(), NOW(), 0);
INSERT INTO central_media_files (id, owner_id, category, original_name, file_name, file_path, file_url, file_size, mime_type, extension, is_primary, reference_type, reference_id, status, created_at, updated_at, version) VALUES (1012, 4, 'ROOM_IMAGE', 'image_02.jpg', 'image_02.jpg', 'uploads/rooms/images/room_121/image_02.jpg', '/rooms/images/room_121/image_02.jpg', 106212, 'image/jpeg', 'jpg', false, 'ROOM', 141, 'READY', NOW(), NOW(), 0);
INSERT INTO central_media_files (id, owner_id, category, original_name, file_name, file_path, file_url, file_size, mime_type, extension, is_primary, reference_type, reference_id, status, created_at, updated_at, version) VALUES (1013, 4, 'ROOM_IMAGE', 'image_03.jpg', 'image_03.jpg', 'uploads/rooms/images/room_121/image_03.jpg', '/rooms/images/room_121/image_03.jpg', 130443, 'image/jpeg', 'jpg', false, 'ROOM', 141, 'READY', NOW(), NOW(), 0);
INSERT INTO central_media_files (id, owner_id, category, original_name, file_name, file_path, file_url, file_size, mime_type, extension, is_primary, reference_type, reference_id, status, created_at, updated_at, version) VALUES (1014, 4, 'ROOM_IMAGE', 'image_04.jpg', 'image_04.jpg', 'uploads/rooms/images/room_121/image_04.jpg', '/rooms/images/room_121/image_04.jpg', 93825, 'image/jpeg', 'jpg', false, 'ROOM', 141, 'READY', NOW(), NOW(), 0);
INSERT INTO central_media_files (id, owner_id, category, original_name, file_name, file_path, file_url, file_size, mime_type, extension, is_primary, reference_type, reference_id, status, created_at, updated_at, version) VALUES (1015, 4, 'ROOM_IMAGE', 'image_05.jpg', 'image_05.jpg', 'uploads/rooms/images/room_121/image_05.jpg', '/rooms/images/room_121/image_05.jpg', 59339, 'image/jpeg', 'jpg', false, 'ROOM', 141, 'READY', NOW(), NOW(), 0);
INSERT INTO central_media_files (id, owner_id, category, original_name, file_name, file_path, file_url, file_size, mime_type, extension, is_primary, reference_type, reference_id, status, created_at, updated_at, version) VALUES (1016, 4, 'POST_VIDEO', 'video_01.mp4', 'video_01.mp4', 'uploads/posts/videos/room_121/video_01.mp4', '/posts/videos/room_121/video_01.mp4', 4438313, 'video/mp4', 'mp4', true, 'POST', 141, 'READY', NOW(), NOW(), 0);
INSERT INTO central_media_files (id, owner_id, category, original_name, file_name, file_path, file_url, file_size, mime_type, extension, is_primary, reference_type, reference_id, status, created_at, updated_at, version) VALUES (1017, 2, 'ROOM_THUMBNAIL', 'image_01.jpg', 'image_01.jpg', 'uploads/rooms/images/room_122/image_01.jpg', '/rooms/images/room_122/image_01.jpg', 104099, 'image/jpeg', 'jpg', true, 'ROOM', 142, 'READY', NOW(), NOW(), 0);
INSERT INTO central_media_files (id, owner_id, category, original_name, file_name, file_path, file_url, file_size, mime_type, extension, is_primary, reference_type, reference_id, status, created_at, updated_at, version) VALUES (1018, 2, 'ROOM_IMAGE', 'image_02.jpg', 'image_02.jpg', 'uploads/rooms/images/room_122/image_02.jpg', '/rooms/images/room_122/image_02.jpg', 106376, 'image/jpeg', 'jpg', false, 'ROOM', 142, 'READY', NOW(), NOW(), 0);
INSERT INTO central_media_files (id, owner_id, category, original_name, file_name, file_path, file_url, file_size, mime_type, extension, is_primary, reference_type, reference_id, status, created_at, updated_at, version) VALUES (1019, 2, 'ROOM_IMAGE', 'image_03.jpg', 'image_03.jpg', 'uploads/rooms/images/room_122/image_03.jpg', '/rooms/images/room_122/image_03.jpg', 130593, 'image/jpeg', 'jpg', false, 'ROOM', 142, 'READY', NOW(), NOW(), 0);
INSERT INTO central_media_files (id, owner_id, category, original_name, file_name, file_path, file_url, file_size, mime_type, extension, is_primary, reference_type, reference_id, status, created_at, updated_at, version) VALUES (1020, 2, 'ROOM_IMAGE', 'image_04.jpg', 'image_04.jpg', 'uploads/rooms/images/room_122/image_04.jpg', '/rooms/images/room_122/image_04.jpg', 103596, 'image/jpeg', 'jpg', false, 'ROOM', 142, 'READY', NOW(), NOW(), 0);
INSERT INTO central_media_files (id, owner_id, category, original_name, file_name, file_path, file_url, file_size, mime_type, extension, is_primary, reference_type, reference_id, status, created_at, updated_at, version) VALUES (1021, 2, 'ROOM_IMAGE', 'image_05.jpg', 'image_05.jpg', 'uploads/rooms/images/room_122/image_05.jpg', '/rooms/images/room_122/image_05.jpg', 88369, 'image/jpeg', 'jpg', false, 'ROOM', 142, 'READY', NOW(), NOW(), 0);
INSERT INTO central_media_files (id, owner_id, category, original_name, file_name, file_path, file_url, file_size, mime_type, extension, is_primary, reference_type, reference_id, status, created_at, updated_at, version) VALUES (1022, 2, 'ROOM_IMAGE', 'image_06.jpg', 'image_06.jpg', 'uploads/rooms/images/room_122/image_06.jpg', '/rooms/images/room_122/image_06.jpg', 82272, 'image/jpeg', 'jpg', false, 'ROOM', 142, 'READY', NOW(), NOW(), 0);
INSERT INTO central_media_files (id, owner_id, category, original_name, file_name, file_path, file_url, file_size, mime_type, extension, is_primary, reference_type, reference_id, status, created_at, updated_at, version) VALUES (1023, 2, 'ROOM_IMAGE', 'image_07.jpg', 'image_07.jpg', 'uploads/rooms/images/room_122/image_07.jpg', '/rooms/images/room_122/image_07.jpg', 82323, 'image/jpeg', 'jpg', false, 'ROOM', 142, 'READY', NOW(), NOW(), 0);
INSERT INTO central_media_files (id, owner_id, category, original_name, file_name, file_path, file_url, file_size, mime_type, extension, is_primary, reference_type, reference_id, status, created_at, updated_at, version) VALUES (1024, 2, 'POST_VIDEO', 'video_01.mp4', 'video_01.mp4', 'uploads/posts/videos/room_122/video_01.mp4', '/posts/videos/room_122/video_01.mp4', 6821284, 'video/mp4', 'mp4', true, 'POST', 142, 'READY', NOW(), NOW(), 0);
INSERT INTO central_media_files (id, owner_id, category, original_name, file_name, file_path, file_url, file_size, mime_type, extension, is_primary, reference_type, reference_id, status, created_at, updated_at, version) VALUES (1025, 3, 'ROOM_THUMBNAIL', 'image_01.jpg', 'image_01.jpg', 'uploads/rooms/images/room_123/image_01.jpg', '/rooms/images/room_123/image_01.jpg', 104324, 'image/jpeg', 'jpg', true, 'ROOM', 143, 'READY', NOW(), NOW(), 0);
INSERT INTO central_media_files (id, owner_id, category, original_name, file_name, file_path, file_url, file_size, mime_type, extension, is_primary, reference_type, reference_id, status, created_at, updated_at, version) VALUES (1026, 3, 'ROOM_IMAGE', 'image_02.jpg', 'image_02.jpg', 'uploads/rooms/images/room_123/image_02.jpg', '/rooms/images/room_123/image_02.jpg', 123595, 'image/jpeg', 'jpg', false, 'ROOM', 143, 'READY', NOW(), NOW(), 0);
INSERT INTO central_media_files (id, owner_id, category, original_name, file_name, file_path, file_url, file_size, mime_type, extension, is_primary, reference_type, reference_id, status, created_at, updated_at, version) VALUES (1027, 3, 'ROOM_IMAGE', 'image_03.jpg', 'image_03.jpg', 'uploads/rooms/images/room_123/image_03.jpg', '/rooms/images/room_123/image_03.jpg', 218953, 'image/jpeg', 'jpg', false, 'ROOM', 143, 'READY', NOW(), NOW(), 0);
INSERT INTO central_media_files (id, owner_id, category, original_name, file_name, file_path, file_url, file_size, mime_type, extension, is_primary, reference_type, reference_id, status, created_at, updated_at, version) VALUES (1028, 3, 'ROOM_IMAGE', 'image_04.jpg', 'image_04.jpg', 'uploads/rooms/images/room_123/image_04.jpg', '/rooms/images/room_123/image_04.jpg', 106236, 'image/jpeg', 'jpg', false, 'ROOM', 143, 'READY', NOW(), NOW(), 0);
INSERT INTO central_media_files (id, owner_id, category, original_name, file_name, file_path, file_url, file_size, mime_type, extension, is_primary, reference_type, reference_id, status, created_at, updated_at, version) VALUES (1029, 3, 'ROOM_IMAGE', 'image_05.jpg', 'image_05.jpg', 'uploads/rooms/images/room_123/image_05.jpg', '/rooms/images/room_123/image_05.jpg', 113192, 'image/jpeg', 'jpg', false, 'ROOM', 143, 'READY', NOW(), NOW(), 0);
INSERT INTO central_media_files (id, owner_id, category, original_name, file_name, file_path, file_url, file_size, mime_type, extension, is_primary, reference_type, reference_id, status, created_at, updated_at, version) VALUES (1030, 3, 'POST_VIDEO', 'video_01.mp4', 'video_01.mp4', 'uploads/posts/videos/room_123/video_01.mp4', '/posts/videos/room_123/video_01.mp4', 14707628, 'video/mp4', 'mp4', true, 'POST', 143, 'READY', NOW(), NOW(), 0);
INSERT INTO central_media_files (id, owner_id, category, original_name, file_name, file_path, file_url, file_size, mime_type, extension, is_primary, reference_type, reference_id, status, created_at, updated_at, version) VALUES (1031, 4, 'ROOM_THUMBNAIL', 'image_01.jpg', 'image_01.jpg', 'uploads/rooms/images/room_124/image_01.jpg', '/rooms/images/room_124/image_01.jpg', 120322, 'image/jpeg', 'jpg', true, 'ROOM', 144, 'READY', NOW(), NOW(), 0);
INSERT INTO central_media_files (id, owner_id, category, original_name, file_name, file_path, file_url, file_size, mime_type, extension, is_primary, reference_type, reference_id, status, created_at, updated_at, version) VALUES (1032, 4, 'ROOM_IMAGE', 'image_02.jpg', 'image_02.jpg', 'uploads/rooms/images/room_124/image_02.jpg', '/rooms/images/room_124/image_02.jpg', 131706, 'image/jpeg', 'jpg', false, 'ROOM', 144, 'READY', NOW(), NOW(), 0);
INSERT INTO central_media_files (id, owner_id, category, original_name, file_name, file_path, file_url, file_size, mime_type, extension, is_primary, reference_type, reference_id, status, created_at, updated_at, version) VALUES (1033, 4, 'ROOM_IMAGE', 'image_03.jpg', 'image_03.jpg', 'uploads/rooms/images/room_124/image_03.jpg', '/rooms/images/room_124/image_03.jpg', 140572, 'image/jpeg', 'jpg', false, 'ROOM', 144, 'READY', NOW(), NOW(), 0);
INSERT INTO central_media_files (id, owner_id, category, original_name, file_name, file_path, file_url, file_size, mime_type, extension, is_primary, reference_type, reference_id, status, created_at, updated_at, version) VALUES (1034, 4, 'ROOM_IMAGE', 'image_04.jpg', 'image_04.jpg', 'uploads/rooms/images/room_124/image_04.jpg', '/rooms/images/room_124/image_04.jpg', 143960, 'image/jpeg', 'jpg', false, 'ROOM', 144, 'READY', NOW(), NOW(), 0);
INSERT INTO central_media_files (id, owner_id, category, original_name, file_name, file_path, file_url, file_size, mime_type, extension, is_primary, reference_type, reference_id, status, created_at, updated_at, version) VALUES (1035, 4, 'ROOM_IMAGE', 'image_05.jpg', 'image_05.jpg', 'uploads/rooms/images/room_124/image_05.jpg', '/rooms/images/room_124/image_05.jpg', 126092, 'image/jpeg', 'jpg', false, 'ROOM', 144, 'READY', NOW(), NOW(), 0);
INSERT INTO central_media_files (id, owner_id, category, original_name, file_name, file_path, file_url, file_size, mime_type, extension, is_primary, reference_type, reference_id, status, created_at, updated_at, version) VALUES (1036, 4, 'ROOM_IMAGE', 'image_06.jpg', 'image_06.jpg', 'uploads/rooms/images/room_124/image_06.jpg', '/rooms/images/room_124/image_06.jpg', 102580, 'image/jpeg', 'jpg', false, 'ROOM', 144, 'READY', NOW(), NOW(), 0);
INSERT INTO central_media_files (id, owner_id, category, original_name, file_name, file_path, file_url, file_size, mime_type, extension, is_primary, reference_type, reference_id, status, created_at, updated_at, version) VALUES (1037, 4, 'ROOM_IMAGE', 'image_07.jpg', 'image_07.jpg', 'uploads/rooms/images/room_124/image_07.jpg', '/rooms/images/room_124/image_07.jpg', 134255, 'image/jpeg', 'jpg', false, 'ROOM', 144, 'READY', NOW(), NOW(), 0);
INSERT INTO central_media_files (id, owner_id, category, original_name, file_name, file_path, file_url, file_size, mime_type, extension, is_primary, reference_type, reference_id, status, created_at, updated_at, version) VALUES (1038, 4, 'ROOM_IMAGE', 'image_08.jpg', 'image_08.jpg', 'uploads/rooms/images/room_124/image_08.jpg', '/rooms/images/room_124/image_08.jpg', 130716, 'image/jpeg', 'jpg', false, 'ROOM', 144, 'READY', NOW(), NOW(), 0);
INSERT INTO central_media_files (id, owner_id, category, original_name, file_name, file_path, file_url, file_size, mime_type, extension, is_primary, reference_type, reference_id, status, created_at, updated_at, version) VALUES (1039, 4, 'ROOM_IMAGE', 'image_09.jpg', 'image_09.jpg', 'uploads/rooms/images/room_124/image_09.jpg', '/rooms/images/room_124/image_09.jpg', 186353, 'image/jpeg', 'jpg', false, 'ROOM', 144, 'READY', NOW(), NOW(), 0);
INSERT INTO central_media_files (id, owner_id, category, original_name, file_name, file_path, file_url, file_size, mime_type, extension, is_primary, reference_type, reference_id, status, created_at, updated_at, version) VALUES (1040, 4, 'ROOM_IMAGE', 'image_10.jpg', 'image_10.jpg', 'uploads/rooms/images/room_124/image_10.jpg', '/rooms/images/room_124/image_10.jpg', 201693, 'image/jpeg', 'jpg', false, 'ROOM', 144, 'READY', NOW(), NOW(), 0);
INSERT INTO central_media_files (id, owner_id, category, original_name, file_name, file_path, file_url, file_size, mime_type, extension, is_primary, reference_type, reference_id, status, created_at, updated_at, version) VALUES (1041, 4, 'POST_VIDEO', 'video_01.mp4', 'video_01.mp4', 'uploads/posts/videos/room_124/video_01.mp4', '/posts/videos/room_124/video_01.mp4', 14281094, 'video/mp4', 'mp4', true, 'POST', 144, 'READY', NOW(), NOW(), 0);
INSERT INTO central_media_files (id, owner_id, category, original_name, file_name, file_path, file_url, file_size, mime_type, extension, is_primary, reference_type, reference_id, status, created_at, updated_at, version) VALUES (1042, 2, 'ROOM_THUMBNAIL', 'image_01.jpg', 'image_01.jpg', 'uploads/rooms/images/room_125/image_01.jpg', '/rooms/images/room_125/image_01.jpg', 102895, 'image/jpeg', 'jpg', true, 'ROOM', 145, 'READY', NOW(), NOW(), 0);
INSERT INTO central_media_files (id, owner_id, category, original_name, file_name, file_path, file_url, file_size, mime_type, extension, is_primary, reference_type, reference_id, status, created_at, updated_at, version) VALUES (1043, 2, 'ROOM_IMAGE', 'image_02.jpg', 'image_02.jpg', 'uploads/rooms/images/room_125/image_02.jpg', '/rooms/images/room_125/image_02.jpg', 102002, 'image/jpeg', 'jpg', false, 'ROOM', 145, 'READY', NOW(), NOW(), 0);
INSERT INTO central_media_files (id, owner_id, category, original_name, file_name, file_path, file_url, file_size, mime_type, extension, is_primary, reference_type, reference_id, status, created_at, updated_at, version) VALUES (1044, 2, 'ROOM_IMAGE', 'image_03.jpg', 'image_03.jpg', 'uploads/rooms/images/room_125/image_03.jpg', '/rooms/images/room_125/image_03.jpg', 101749, 'image/jpeg', 'jpg', false, 'ROOM', 145, 'READY', NOW(), NOW(), 0);
INSERT INTO central_media_files (id, owner_id, category, original_name, file_name, file_path, file_url, file_size, mime_type, extension, is_primary, reference_type, reference_id, status, created_at, updated_at, version) VALUES (1045, 2, 'ROOM_IMAGE', 'image_04.jpg', 'image_04.jpg', 'uploads/rooms/images/room_125/image_04.jpg', '/rooms/images/room_125/image_04.jpg', 97784, 'image/jpeg', 'jpg', false, 'ROOM', 145, 'READY', NOW(), NOW(), 0);
INSERT INTO central_media_files (id, owner_id, category, original_name, file_name, file_path, file_url, file_size, mime_type, extension, is_primary, reference_type, reference_id, status, created_at, updated_at, version) VALUES (1046, 2, 'ROOM_IMAGE', 'image_05.jpg', 'image_05.jpg', 'uploads/rooms/images/room_125/image_05.jpg', '/rooms/images/room_125/image_05.jpg', 81920, 'image/jpeg', 'jpg', false, 'ROOM', 145, 'READY', NOW(), NOW(), 0);
INSERT INTO central_media_files (id, owner_id, category, original_name, file_name, file_path, file_url, file_size, mime_type, extension, is_primary, reference_type, reference_id, status, created_at, updated_at, version) VALUES (1047, 2, 'ROOM_IMAGE', 'image_06.jpg', 'image_06.jpg', 'uploads/rooms/images/room_125/image_06.jpg', '/rooms/images/room_125/image_06.jpg', 88202, 'image/jpeg', 'jpg', false, 'ROOM', 145, 'READY', NOW(), NOW(), 0);
INSERT INTO central_media_files (id, owner_id, category, original_name, file_name, file_path, file_url, file_size, mime_type, extension, is_primary, reference_type, reference_id, status, created_at, updated_at, version) VALUES (1048, 2, 'ROOM_IMAGE', 'image_07.jpg', 'image_07.jpg', 'uploads/rooms/images/room_125/image_07.jpg', '/rooms/images/room_125/image_07.jpg', 106918, 'image/jpeg', 'jpg', false, 'ROOM', 145, 'READY', NOW(), NOW(), 0);
INSERT INTO central_media_files (id, owner_id, category, original_name, file_name, file_path, file_url, file_size, mime_type, extension, is_primary, reference_type, reference_id, status, created_at, updated_at, version) VALUES (1049, 2, 'ROOM_IMAGE', 'image_08.jpg', 'image_08.jpg', 'uploads/rooms/images/room_125/image_08.jpg', '/rooms/images/room_125/image_08.jpg', 123185, 'image/jpeg', 'jpg', false, 'ROOM', 145, 'READY', NOW(), NOW(), 0);
INSERT INTO central_media_files (id, owner_id, category, original_name, file_name, file_path, file_url, file_size, mime_type, extension, is_primary, reference_type, reference_id, status, created_at, updated_at, version) VALUES (1050, 2, 'POST_VIDEO', 'video_01.mp4', 'video_01.mp4', 'uploads/posts/videos/room_125/video_01.mp4', '/posts/videos/room_125/video_01.mp4', 10397617, 'video/mp4', 'mp4', true, 'POST', 145, 'READY', NOW(), NOW(), 0);
INSERT INTO central_media_files (id, owner_id, category, original_name, file_name, file_path, file_url, file_size, mime_type, extension, is_primary, reference_type, reference_id, status, created_at, updated_at, version) VALUES (1051, 3, 'ROOM_THUMBNAIL', 'image_01.jpg', 'image_01.jpg', 'uploads/rooms/images/room_126/image_01.jpg', '/rooms/images/room_126/image_01.jpg', 94120, 'image/jpeg', 'jpg', true, 'ROOM', 146, 'READY', NOW(), NOW(), 0);
INSERT INTO central_media_files (id, owner_id, category, original_name, file_name, file_path, file_url, file_size, mime_type, extension, is_primary, reference_type, reference_id, status, created_at, updated_at, version) VALUES (1052, 3, 'ROOM_IMAGE', 'image_02.jpg', 'image_02.jpg', 'uploads/rooms/images/room_126/image_02.jpg', '/rooms/images/room_126/image_02.jpg', 98806, 'image/jpeg', 'jpg', false, 'ROOM', 146, 'READY', NOW(), NOW(), 0);
INSERT INTO central_media_files (id, owner_id, category, original_name, file_name, file_path, file_url, file_size, mime_type, extension, is_primary, reference_type, reference_id, status, created_at, updated_at, version) VALUES (1053, 3, 'ROOM_IMAGE', 'image_03.jpg', 'image_03.jpg', 'uploads/rooms/images/room_126/image_03.jpg', '/rooms/images/room_126/image_03.jpg', 94312, 'image/jpeg', 'jpg', false, 'ROOM', 146, 'READY', NOW(), NOW(), 0);
INSERT INTO central_media_files (id, owner_id, category, original_name, file_name, file_path, file_url, file_size, mime_type, extension, is_primary, reference_type, reference_id, status, created_at, updated_at, version) VALUES (1054, 3, 'ROOM_IMAGE', 'image_04.jpg', 'image_04.jpg', 'uploads/rooms/images/room_126/image_04.jpg', '/rooms/images/room_126/image_04.jpg', 86403, 'image/jpeg', 'jpg', false, 'ROOM', 146, 'READY', NOW(), NOW(), 0);
INSERT INTO central_media_files (id, owner_id, category, original_name, file_name, file_path, file_url, file_size, mime_type, extension, is_primary, reference_type, reference_id, status, created_at, updated_at, version) VALUES (1055, 3, 'ROOM_IMAGE', 'image_05.jpg', 'image_05.jpg', 'uploads/rooms/images/room_126/image_05.jpg', '/rooms/images/room_126/image_05.jpg', 98152, 'image/jpeg', 'jpg', false, 'ROOM', 146, 'READY', NOW(), NOW(), 0);
INSERT INTO central_media_files (id, owner_id, category, original_name, file_name, file_path, file_url, file_size, mime_type, extension, is_primary, reference_type, reference_id, status, created_at, updated_at, version) VALUES (1056, 3, 'ROOM_IMAGE', 'image_06.jpg', 'image_06.jpg', 'uploads/rooms/images/room_126/image_06.jpg', '/rooms/images/room_126/image_06.jpg', 94353, 'image/jpeg', 'jpg', false, 'ROOM', 146, 'READY', NOW(), NOW(), 0);
INSERT INTO central_media_files (id, owner_id, category, original_name, file_name, file_path, file_url, file_size, mime_type, extension, is_primary, reference_type, reference_id, status, created_at, updated_at, version) VALUES (1057, 3, 'POST_VIDEO', 'video_01.mp4', 'video_01.mp4', 'uploads/posts/videos/room_126/video_01.mp4', '/posts/videos/room_126/video_01.mp4', 4299298, 'video/mp4', 'mp4', true, 'POST', 146, 'READY', NOW(), NOW(), 0);
INSERT INTO central_media_files (id, owner_id, category, original_name, file_name, file_path, file_url, file_size, mime_type, extension, is_primary, reference_type, reference_id, status, created_at, updated_at, version) VALUES (1058, 4, 'ROOM_THUMBNAIL', 'image_01.jpg', 'image_01.jpg', 'uploads/rooms/images/room_127/image_01.jpg', '/rooms/images/room_127/image_01.jpg', 53854, 'image/jpeg', 'jpg', true, 'ROOM', 147, 'READY', NOW(), NOW(), 0);
INSERT INTO central_media_files (id, owner_id, category, original_name, file_name, file_path, file_url, file_size, mime_type, extension, is_primary, reference_type, reference_id, status, created_at, updated_at, version) VALUES (1059, 4, 'ROOM_IMAGE', 'image_02.jpg', 'image_02.jpg', 'uploads/rooms/images/room_127/image_02.jpg', '/rooms/images/room_127/image_02.jpg', 109511, 'image/jpeg', 'jpg', false, 'ROOM', 147, 'READY', NOW(), NOW(), 0);
INSERT INTO central_media_files (id, owner_id, category, original_name, file_name, file_path, file_url, file_size, mime_type, extension, is_primary, reference_type, reference_id, status, created_at, updated_at, version) VALUES (1060, 4, 'ROOM_IMAGE', 'image_03.jpg', 'image_03.jpg', 'uploads/rooms/images/room_127/image_03.jpg', '/rooms/images/room_127/image_03.jpg', 77941, 'image/jpeg', 'jpg', false, 'ROOM', 147, 'READY', NOW(), NOW(), 0);
INSERT INTO central_media_files (id, owner_id, category, original_name, file_name, file_path, file_url, file_size, mime_type, extension, is_primary, reference_type, reference_id, status, created_at, updated_at, version) VALUES (1061, 4, 'ROOM_IMAGE', 'image_04.jpg', 'image_04.jpg', 'uploads/rooms/images/room_127/image_04.jpg', '/rooms/images/room_127/image_04.jpg', 182327, 'image/jpeg', 'jpg', false, 'ROOM', 147, 'READY', NOW(), NOW(), 0);
INSERT INTO central_media_files (id, owner_id, category, original_name, file_name, file_path, file_url, file_size, mime_type, extension, is_primary, reference_type, reference_id, status, created_at, updated_at, version) VALUES (1062, 4, 'ROOM_IMAGE', 'image_05.jpg', 'image_05.jpg', 'uploads/rooms/images/room_127/image_05.jpg', '/rooms/images/room_127/image_05.jpg', 94172, 'image/jpeg', 'jpg', false, 'ROOM', 147, 'READY', NOW(), NOW(), 0);
INSERT INTO central_media_files (id, owner_id, category, original_name, file_name, file_path, file_url, file_size, mime_type, extension, is_primary, reference_type, reference_id, status, created_at, updated_at, version) VALUES (1063, 4, 'POST_VIDEO', 'video_01.mp4', 'video_01.mp4', 'uploads/posts/videos/room_127/video_01.mp4', '/posts/videos/room_127/video_01.mp4', 13509781, 'video/mp4', 'mp4', true, 'POST', 147, 'READY', NOW(), NOW(), 0);
INSERT INTO central_media_files (id, owner_id, category, original_name, file_name, file_path, file_url, file_size, mime_type, extension, is_primary, reference_type, reference_id, status, created_at, updated_at, version) VALUES (1064, 2, 'ROOM_THUMBNAIL', 'image_01.jpg', 'image_01.jpg', 'uploads/rooms/images/room_128/image_01.jpg', '/rooms/images/room_128/image_01.jpg', 101615, 'image/jpeg', 'jpg', true, 'ROOM', 148, 'READY', NOW(), NOW(), 0);
INSERT INTO central_media_files (id, owner_id, category, original_name, file_name, file_path, file_url, file_size, mime_type, extension, is_primary, reference_type, reference_id, status, created_at, updated_at, version) VALUES (1065, 2, 'ROOM_IMAGE', 'image_02.jpg', 'image_02.jpg', 'uploads/rooms/images/room_128/image_02.jpg', '/rooms/images/room_128/image_02.jpg', 86382, 'image/jpeg', 'jpg', false, 'ROOM', 148, 'READY', NOW(), NOW(), 0);
INSERT INTO central_media_files (id, owner_id, category, original_name, file_name, file_path, file_url, file_size, mime_type, extension, is_primary, reference_type, reference_id, status, created_at, updated_at, version) VALUES (1066, 2, 'ROOM_IMAGE', 'image_03.jpg', 'image_03.jpg', 'uploads/rooms/images/room_128/image_03.jpg', '/rooms/images/room_128/image_03.jpg', 84090, 'image/jpeg', 'jpg', false, 'ROOM', 148, 'READY', NOW(), NOW(), 0);
INSERT INTO central_media_files (id, owner_id, category, original_name, file_name, file_path, file_url, file_size, mime_type, extension, is_primary, reference_type, reference_id, status, created_at, updated_at, version) VALUES (1067, 2, 'ROOM_IMAGE', 'image_04.jpg', 'image_04.jpg', 'uploads/rooms/images/room_128/image_04.jpg', '/rooms/images/room_128/image_04.jpg', 94705, 'image/jpeg', 'jpg', false, 'ROOM', 148, 'READY', NOW(), NOW(), 0);
INSERT INTO central_media_files (id, owner_id, category, original_name, file_name, file_path, file_url, file_size, mime_type, extension, is_primary, reference_type, reference_id, status, created_at, updated_at, version) VALUES (1068, 2, 'POST_VIDEO', 'video_01.mp4', 'video_01.mp4', 'uploads/posts/videos/room_128/video_01.mp4', '/posts/videos/room_128/video_01.mp4', 19736951, 'video/mp4', 'mp4', true, 'POST', 148, 'READY', NOW(), NOW(), 0);
INSERT INTO central_media_files (id, owner_id, category, original_name, file_name, file_path, file_url, file_size, mime_type, extension, is_primary, reference_type, reference_id, status, created_at, updated_at, version) VALUES (1069, 3, 'ROOM_THUMBNAIL', 'image_01.jpg', 'image_01.jpg', 'uploads/rooms/images/room_129/image_01.jpg', '/rooms/images/room_129/image_01.jpg', 62563, 'image/jpeg', 'jpg', true, 'ROOM', 149, 'READY', NOW(), NOW(), 0);
INSERT INTO central_media_files (id, owner_id, category, original_name, file_name, file_path, file_url, file_size, mime_type, extension, is_primary, reference_type, reference_id, status, created_at, updated_at, version) VALUES (1070, 3, 'ROOM_IMAGE', 'image_02.jpg', 'image_02.jpg', 'uploads/rooms/images/room_129/image_02.jpg', '/rooms/images/room_129/image_02.jpg', 51326, 'image/jpeg', 'jpg', false, 'ROOM', 149, 'READY', NOW(), NOW(), 0);
INSERT INTO central_media_files (id, owner_id, category, original_name, file_name, file_path, file_url, file_size, mime_type, extension, is_primary, reference_type, reference_id, status, created_at, updated_at, version) VALUES (1071, 3, 'ROOM_IMAGE', 'image_03.jpg', 'image_03.jpg', 'uploads/rooms/images/room_129/image_03.jpg', '/rooms/images/room_129/image_03.jpg', 56713, 'image/jpeg', 'jpg', false, 'ROOM', 149, 'READY', NOW(), NOW(), 0);
INSERT INTO central_media_files (id, owner_id, category, original_name, file_name, file_path, file_url, file_size, mime_type, extension, is_primary, reference_type, reference_id, status, created_at, updated_at, version) VALUES (1072, 3, 'ROOM_IMAGE', 'image_04.jpg', 'image_04.jpg', 'uploads/rooms/images/room_129/image_04.jpg', '/rooms/images/room_129/image_04.jpg', 51506, 'image/jpeg', 'jpg', false, 'ROOM', 149, 'READY', NOW(), NOW(), 0);
INSERT INTO central_media_files (id, owner_id, category, original_name, file_name, file_path, file_url, file_size, mime_type, extension, is_primary, reference_type, reference_id, status, created_at, updated_at, version) VALUES (1073, 3, 'ROOM_IMAGE', 'image_05.jpg', 'image_05.jpg', 'uploads/rooms/images/room_129/image_05.jpg', '/rooms/images/room_129/image_05.jpg', 203561, 'image/jpeg', 'jpg', false, 'ROOM', 149, 'READY', NOW(), NOW(), 0);
INSERT INTO central_media_files (id, owner_id, category, original_name, file_name, file_path, file_url, file_size, mime_type, extension, is_primary, reference_type, reference_id, status, created_at, updated_at, version) VALUES (1074, 3, 'ROOM_IMAGE', 'image_06.jpg', 'image_06.jpg', 'uploads/rooms/images/room_129/image_06.jpg', '/rooms/images/room_129/image_06.jpg', 159531, 'image/jpeg', 'jpg', false, 'ROOM', 149, 'READY', NOW(), NOW(), 0);
INSERT INTO central_media_files (id, owner_id, category, original_name, file_name, file_path, file_url, file_size, mime_type, extension, is_primary, reference_type, reference_id, status, created_at, updated_at, version) VALUES (1075, 3, 'POST_VIDEO', 'video_01.mp4', 'video_01.mp4', 'uploads/posts/videos/room_129/video_01.mp4', '/posts/videos/room_129/video_01.mp4', 8885696, 'video/mp4', 'mp4', true, 'POST', 149, 'READY', NOW(), NOW(), 0);
INSERT INTO central_media_files (id, owner_id, category, original_name, file_name, file_path, file_url, file_size, mime_type, extension, is_primary, reference_type, reference_id, status, created_at, updated_at, version) VALUES (1076, 4, 'ROOM_THUMBNAIL', 'image_01.jpg', 'image_01.jpg', 'uploads/rooms/images/room_130/image_01.jpg', '/rooms/images/room_130/image_01.jpg', 112830, 'image/jpeg', 'jpg', true, 'ROOM', 150, 'READY', NOW(), NOW(), 0);
INSERT INTO central_media_files (id, owner_id, category, original_name, file_name, file_path, file_url, file_size, mime_type, extension, is_primary, reference_type, reference_id, status, created_at, updated_at, version) VALUES (1077, 4, 'ROOM_IMAGE', 'image_02.jpg', 'image_02.jpg', 'uploads/rooms/images/room_130/image_02.jpg', '/rooms/images/room_130/image_02.jpg', 92715, 'image/jpeg', 'jpg', false, 'ROOM', 150, 'READY', NOW(), NOW(), 0);
INSERT INTO central_media_files (id, owner_id, category, original_name, file_name, file_path, file_url, file_size, mime_type, extension, is_primary, reference_type, reference_id, status, created_at, updated_at, version) VALUES (1078, 4, 'ROOM_IMAGE', 'image_03.jpg', 'image_03.jpg', 'uploads/rooms/images/room_130/image_03.jpg', '/rooms/images/room_130/image_03.jpg', 80689, 'image/jpeg', 'jpg', false, 'ROOM', 150, 'READY', NOW(), NOW(), 0);
INSERT INTO central_media_files (id, owner_id, category, original_name, file_name, file_path, file_url, file_size, mime_type, extension, is_primary, reference_type, reference_id, status, created_at, updated_at, version) VALUES (1079, 4, 'POST_VIDEO', 'video_01.mp4', 'video_01.mp4', 'uploads/posts/videos/room_130/video_01.mp4', '/posts/videos/room_130/video_01.mp4', 29019459, 'video/mp4', 'mp4', true, 'POST', 150, 'READY', NOW(), NOW(), 0);
INSERT INTO central_media_files (id, owner_id, category, original_name, file_name, file_path, file_url, file_size, mime_type, extension, is_primary, reference_type, reference_id, status, created_at, updated_at, version) VALUES (1080, 2, 'ROOM_THUMBNAIL', 'image_01.jpg', 'image_01.jpg', 'uploads/rooms/images/room_131/image_01.jpg', '/rooms/images/room_131/image_01.jpg', 93614, 'image/jpeg', 'jpg', true, 'ROOM', 151, 'READY', NOW(), NOW(), 0);
INSERT INTO central_media_files (id, owner_id, category, original_name, file_name, file_path, file_url, file_size, mime_type, extension, is_primary, reference_type, reference_id, status, created_at, updated_at, version) VALUES (1081, 2, 'ROOM_IMAGE', 'image_02.jpg', 'image_02.jpg', 'uploads/rooms/images/room_131/image_02.jpg', '/rooms/images/room_131/image_02.jpg', 65148, 'image/jpeg', 'jpg', false, 'ROOM', 151, 'READY', NOW(), NOW(), 0);
INSERT INTO central_media_files (id, owner_id, category, original_name, file_name, file_path, file_url, file_size, mime_type, extension, is_primary, reference_type, reference_id, status, created_at, updated_at, version) VALUES (1082, 2, 'ROOM_IMAGE', 'image_03.jpg', 'image_03.jpg', 'uploads/rooms/images/room_131/image_03.jpg', '/rooms/images/room_131/image_03.jpg', 52889, 'image/jpeg', 'jpg', false, 'ROOM', 151, 'READY', NOW(), NOW(), 0);
INSERT INTO central_media_files (id, owner_id, category, original_name, file_name, file_path, file_url, file_size, mime_type, extension, is_primary, reference_type, reference_id, status, created_at, updated_at, version) VALUES (1083, 2, 'ROOM_IMAGE', 'image_04.jpg', 'image_04.jpg', 'uploads/rooms/images/room_131/image_04.jpg', '/rooms/images/room_131/image_04.jpg', 44413, 'image/jpeg', 'jpg', false, 'ROOM', 151, 'READY', NOW(), NOW(), 0);
INSERT INTO central_media_files (id, owner_id, category, original_name, file_name, file_path, file_url, file_size, mime_type, extension, is_primary, reference_type, reference_id, status, created_at, updated_at, version) VALUES (1084, 2, 'ROOM_IMAGE', 'image_05.jpg', 'image_05.jpg', 'uploads/rooms/images/room_131/image_05.jpg', '/rooms/images/room_131/image_05.jpg', 40793, 'image/jpeg', 'jpg', false, 'ROOM', 151, 'READY', NOW(), NOW(), 0);
INSERT INTO central_media_files (id, owner_id, category, original_name, file_name, file_path, file_url, file_size, mime_type, extension, is_primary, reference_type, reference_id, status, created_at, updated_at, version) VALUES (1085, 2, 'ROOM_IMAGE', 'image_06.jpg', 'image_06.jpg', 'uploads/rooms/images/room_131/image_06.jpg', '/rooms/images/room_131/image_06.jpg', 49766, 'image/jpeg', 'jpg', false, 'ROOM', 151, 'READY', NOW(), NOW(), 0);
INSERT INTO central_media_files (id, owner_id, category, original_name, file_name, file_path, file_url, file_size, mime_type, extension, is_primary, reference_type, reference_id, status, created_at, updated_at, version) VALUES (1086, 2, 'ROOM_IMAGE', 'image_07.jpg', 'image_07.jpg', 'uploads/rooms/images/room_131/image_07.jpg', '/rooms/images/room_131/image_07.jpg', 62155, 'image/jpeg', 'jpg', false, 'ROOM', 151, 'READY', NOW(), NOW(), 0);
INSERT INTO central_media_files (id, owner_id, category, original_name, file_name, file_path, file_url, file_size, mime_type, extension, is_primary, reference_type, reference_id, status, created_at, updated_at, version) VALUES (1087, 2, 'ROOM_IMAGE', 'image_08.jpg', 'image_08.jpg', 'uploads/rooms/images/room_131/image_08.jpg', '/rooms/images/room_131/image_08.jpg', 51285, 'image/jpeg', 'jpg', false, 'ROOM', 151, 'READY', NOW(), NOW(), 0);
INSERT INTO central_media_files (id, owner_id, category, original_name, file_name, file_path, file_url, file_size, mime_type, extension, is_primary, reference_type, reference_id, status, created_at, updated_at, version) VALUES (1088, 2, 'POST_VIDEO', 'video_01.mp4', 'video_01.mp4', 'uploads/posts/videos/room_131/video_01.mp4', '/posts/videos/room_131/video_01.mp4', 30389134, 'video/mp4', 'mp4', true, 'POST', 151, 'READY', NOW(), NOW(), 0);
INSERT INTO central_media_files (id, owner_id, category, original_name, file_name, file_path, file_url, file_size, mime_type, extension, is_primary, reference_type, reference_id, status, created_at, updated_at, version) VALUES (1089, 3, 'ROOM_THUMBNAIL', 'image_01.jpg', 'image_01.jpg', 'uploads/rooms/images/room_132/image_01.jpg', '/rooms/images/room_132/image_01.jpg', 38954, 'image/jpeg', 'jpg', true, 'ROOM', 152, 'READY', NOW(), NOW(), 0);
INSERT INTO central_media_files (id, owner_id, category, original_name, file_name, file_path, file_url, file_size, mime_type, extension, is_primary, reference_type, reference_id, status, created_at, updated_at, version) VALUES (1090, 3, 'ROOM_IMAGE', 'image_02.jpg', 'image_02.jpg', 'uploads/rooms/images/room_132/image_02.jpg', '/rooms/images/room_132/image_02.jpg', 68384, 'image/jpeg', 'jpg', false, 'ROOM', 152, 'READY', NOW(), NOW(), 0);
INSERT INTO central_media_files (id, owner_id, category, original_name, file_name, file_path, file_url, file_size, mime_type, extension, is_primary, reference_type, reference_id, status, created_at, updated_at, version) VALUES (1091, 3, 'ROOM_IMAGE', 'image_03.jpg', 'image_03.jpg', 'uploads/rooms/images/room_132/image_03.jpg', '/rooms/images/room_132/image_03.jpg', 86963, 'image/jpeg', 'jpg', false, 'ROOM', 152, 'READY', NOW(), NOW(), 0);
INSERT INTO central_media_files (id, owner_id, category, original_name, file_name, file_path, file_url, file_size, mime_type, extension, is_primary, reference_type, reference_id, status, created_at, updated_at, version) VALUES (1092, 3, 'ROOM_IMAGE', 'image_04.jpg', 'image_04.jpg', 'uploads/rooms/images/room_132/image_04.jpg', '/rooms/images/room_132/image_04.jpg', 40547, 'image/jpeg', 'jpg', false, 'ROOM', 152, 'READY', NOW(), NOW(), 0);
INSERT INTO central_media_files (id, owner_id, category, original_name, file_name, file_path, file_url, file_size, mime_type, extension, is_primary, reference_type, reference_id, status, created_at, updated_at, version) VALUES (1093, 3, 'ROOM_IMAGE', 'image_05.jpg', 'image_05.jpg', 'uploads/rooms/images/room_132/image_05.jpg', '/rooms/images/room_132/image_05.jpg', 193527, 'image/jpeg', 'jpg', false, 'ROOM', 152, 'READY', NOW(), NOW(), 0);
INSERT INTO central_media_files (id, owner_id, category, original_name, file_name, file_path, file_url, file_size, mime_type, extension, is_primary, reference_type, reference_id, status, created_at, updated_at, version) VALUES (1094, 3, 'POST_VIDEO', 'video_01.mp4', 'video_01.mp4', 'uploads/posts/videos/room_132/video_01.mp4', '/posts/videos/room_132/video_01.mp4', 9573639, 'video/mp4', 'mp4', true, 'POST', 152, 'READY', NOW(), NOW(), 0);
INSERT INTO central_media_files (id, owner_id, category, original_name, file_name, file_path, file_url, file_size, mime_type, extension, is_primary, reference_type, reference_id, status, created_at, updated_at, version) VALUES (1095, 4, 'ROOM_THUMBNAIL', 'image_01.jpg', 'image_01.jpg', 'uploads/rooms/images/room_133/image_01.jpg', '/rooms/images/room_133/image_01.jpg', 69245, 'image/jpeg', 'jpg', true, 'ROOM', 153, 'READY', NOW(), NOW(), 0);
INSERT INTO central_media_files (id, owner_id, category, original_name, file_name, file_path, file_url, file_size, mime_type, extension, is_primary, reference_type, reference_id, status, created_at, updated_at, version) VALUES (1096, 4, 'ROOM_IMAGE', 'image_02.jpg', 'image_02.jpg', 'uploads/rooms/images/room_133/image_02.jpg', '/rooms/images/room_133/image_02.jpg', 82892, 'image/jpeg', 'jpg', false, 'ROOM', 153, 'READY', NOW(), NOW(), 0);
INSERT INTO central_media_files (id, owner_id, category, original_name, file_name, file_path, file_url, file_size, mime_type, extension, is_primary, reference_type, reference_id, status, created_at, updated_at, version) VALUES (1097, 4, 'ROOM_IMAGE', 'image_03.jpg', 'image_03.jpg', 'uploads/rooms/images/room_133/image_03.jpg', '/rooms/images/room_133/image_03.jpg', 69022, 'image/jpeg', 'jpg', false, 'ROOM', 153, 'READY', NOW(), NOW(), 0);
INSERT INTO central_media_files (id, owner_id, category, original_name, file_name, file_path, file_url, file_size, mime_type, extension, is_primary, reference_type, reference_id, status, created_at, updated_at, version) VALUES (1098, 4, 'POST_VIDEO', 'video_01.mp4', 'video_01.mp4', 'uploads/posts/videos/room_133/video_01.mp4', '/posts/videos/room_133/video_01.mp4', 19800753, 'video/mp4', 'mp4', true, 'POST', 153, 'READY', NOW(), NOW(), 0);
INSERT INTO central_media_files (id, owner_id, category, original_name, file_name, file_path, file_url, file_size, mime_type, extension, is_primary, reference_type, reference_id, status, created_at, updated_at, version) VALUES (1099, 2, 'ROOM_THUMBNAIL', 'image_01.jpg', 'image_01.jpg', 'uploads/rooms/images/room_134/image_01.jpg', '/rooms/images/room_134/image_01.jpg', 97250, 'image/jpeg', 'jpg', true, 'ROOM', 154, 'READY', NOW(), NOW(), 0);
INSERT INTO central_media_files (id, owner_id, category, original_name, file_name, file_path, file_url, file_size, mime_type, extension, is_primary, reference_type, reference_id, status, created_at, updated_at, version) VALUES (1100, 2, 'ROOM_IMAGE', 'image_02.jpg', 'image_02.jpg', 'uploads/rooms/images/room_134/image_02.jpg', '/rooms/images/room_134/image_02.jpg', 82250, 'image/jpeg', 'jpg', false, 'ROOM', 154, 'READY', NOW(), NOW(), 0);
INSERT INTO central_media_files (id, owner_id, category, original_name, file_name, file_path, file_url, file_size, mime_type, extension, is_primary, reference_type, reference_id, status, created_at, updated_at, version) VALUES (1101, 2, 'ROOM_IMAGE', 'image_03.jpg', 'image_03.jpg', 'uploads/rooms/images/room_134/image_03.jpg', '/rooms/images/room_134/image_03.jpg', 77568, 'image/jpeg', 'jpg', false, 'ROOM', 154, 'READY', NOW(), NOW(), 0);
INSERT INTO central_media_files (id, owner_id, category, original_name, file_name, file_path, file_url, file_size, mime_type, extension, is_primary, reference_type, reference_id, status, created_at, updated_at, version) VALUES (1102, 2, 'ROOM_IMAGE', 'image_04.jpg', 'image_04.jpg', 'uploads/rooms/images/room_134/image_04.jpg', '/rooms/images/room_134/image_04.jpg', 86466, 'image/jpeg', 'jpg', false, 'ROOM', 154, 'READY', NOW(), NOW(), 0);
INSERT INTO central_media_files (id, owner_id, category, original_name, file_name, file_path, file_url, file_size, mime_type, extension, is_primary, reference_type, reference_id, status, created_at, updated_at, version) VALUES (1103, 2, 'ROOM_IMAGE', 'image_05.jpg', 'image_05.jpg', 'uploads/rooms/images/room_134/image_05.jpg', '/rooms/images/room_134/image_05.jpg', 92437, 'image/jpeg', 'jpg', false, 'ROOM', 154, 'READY', NOW(), NOW(), 0);
INSERT INTO central_media_files (id, owner_id, category, original_name, file_name, file_path, file_url, file_size, mime_type, extension, is_primary, reference_type, reference_id, status, created_at, updated_at, version) VALUES (1104, 2, 'POST_VIDEO', 'video_01.mp4', 'video_01.mp4', 'uploads/posts/videos/room_134/video_01.mp4', '/posts/videos/room_134/video_01.mp4', 25504709, 'video/mp4', 'mp4', true, 'POST', 154, 'READY', NOW(), NOW(), 0);
INSERT INTO central_media_files (id, owner_id, category, original_name, file_name, file_path, file_url, file_size, mime_type, extension, is_primary, reference_type, reference_id, status, created_at, updated_at, version) VALUES (1105, 3, 'ROOM_THUMBNAIL', 'image_01.jpg', 'image_01.jpg', 'uploads/rooms/images/room_135/image_01.jpg', '/rooms/images/room_135/image_01.jpg', 142521, 'image/jpeg', 'jpg', true, 'ROOM', 155, 'READY', NOW(), NOW(), 0);
INSERT INTO central_media_files (id, owner_id, category, original_name, file_name, file_path, file_url, file_size, mime_type, extension, is_primary, reference_type, reference_id, status, created_at, updated_at, version) VALUES (1106, 3, 'ROOM_IMAGE', 'image_02.jpg', 'image_02.jpg', 'uploads/rooms/images/room_135/image_02.jpg', '/rooms/images/room_135/image_02.jpg', 108135, 'image/jpeg', 'jpg', false, 'ROOM', 155, 'READY', NOW(), NOW(), 0);
INSERT INTO central_media_files (id, owner_id, category, original_name, file_name, file_path, file_url, file_size, mime_type, extension, is_primary, reference_type, reference_id, status, created_at, updated_at, version) VALUES (1107, 3, 'ROOM_IMAGE', 'image_03.jpg', 'image_03.jpg', 'uploads/rooms/images/room_135/image_03.jpg', '/rooms/images/room_135/image_03.jpg', 82365, 'image/jpeg', 'jpg', false, 'ROOM', 155, 'READY', NOW(), NOW(), 0);
INSERT INTO central_media_files (id, owner_id, category, original_name, file_name, file_path, file_url, file_size, mime_type, extension, is_primary, reference_type, reference_id, status, created_at, updated_at, version) VALUES (1108, 3, 'ROOM_IMAGE', 'image_04.jpg', 'image_04.jpg', 'uploads/rooms/images/room_135/image_04.jpg', '/rooms/images/room_135/image_04.jpg', 119869, 'image/jpeg', 'jpg', false, 'ROOM', 155, 'READY', NOW(), NOW(), 0);
INSERT INTO central_media_files (id, owner_id, category, original_name, file_name, file_path, file_url, file_size, mime_type, extension, is_primary, reference_type, reference_id, status, created_at, updated_at, version) VALUES (1109, 3, 'ROOM_IMAGE', 'image_05.jpg', 'image_05.jpg', 'uploads/rooms/images/room_135/image_05.jpg', '/rooms/images/room_135/image_05.jpg', 65195, 'image/jpeg', 'jpg', false, 'ROOM', 155, 'READY', NOW(), NOW(), 0);
INSERT INTO central_media_files (id, owner_id, category, original_name, file_name, file_path, file_url, file_size, mime_type, extension, is_primary, reference_type, reference_id, status, created_at, updated_at, version) VALUES (1110, 3, 'ROOM_IMAGE', 'image_06.jpg', 'image_06.jpg', 'uploads/rooms/images/room_135/image_06.jpg', '/rooms/images/room_135/image_06.jpg', 88615, 'image/jpeg', 'jpg', false, 'ROOM', 155, 'READY', NOW(), NOW(), 0);
INSERT INTO central_media_files (id, owner_id, category, original_name, file_name, file_path, file_url, file_size, mime_type, extension, is_primary, reference_type, reference_id, status, created_at, updated_at, version) VALUES (1111, 3, 'ROOM_IMAGE', 'image_07.jpg', 'image_07.jpg', 'uploads/rooms/images/room_135/image_07.jpg', '/rooms/images/room_135/image_07.jpg', 118064, 'image/jpeg', 'jpg', false, 'ROOM', 155, 'READY', NOW(), NOW(), 0);
INSERT INTO central_media_files (id, owner_id, category, original_name, file_name, file_path, file_url, file_size, mime_type, extension, is_primary, reference_type, reference_id, status, created_at, updated_at, version) VALUES (1112, 3, 'ROOM_IMAGE', 'image_08.jpg', 'image_08.jpg', 'uploads/rooms/images/room_135/image_08.jpg', '/rooms/images/room_135/image_08.jpg', 81055, 'image/jpeg', 'jpg', false, 'ROOM', 155, 'READY', NOW(), NOW(), 0);
INSERT INTO central_media_files (id, owner_id, category, original_name, file_name, file_path, file_url, file_size, mime_type, extension, is_primary, reference_type, reference_id, status, created_at, updated_at, version) VALUES (1113, 3, 'ROOM_IMAGE', 'image_09.jpg', 'image_09.jpg', 'uploads/rooms/images/room_135/image_09.jpg', '/rooms/images/room_135/image_09.jpg', 108045, 'image/jpeg', 'jpg', false, 'ROOM', 155, 'READY', NOW(), NOW(), 0);
INSERT INTO central_media_files (id, owner_id, category, original_name, file_name, file_path, file_url, file_size, mime_type, extension, is_primary, reference_type, reference_id, status, created_at, updated_at, version) VALUES (1114, 3, 'ROOM_IMAGE', 'image_10.jpg', 'image_10.jpg', 'uploads/rooms/images/room_135/image_10.jpg', '/rooms/images/room_135/image_10.jpg', 69135, 'image/jpeg', 'jpg', false, 'ROOM', 155, 'READY', NOW(), NOW(), 0);
INSERT INTO central_media_files (id, owner_id, category, original_name, file_name, file_path, file_url, file_size, mime_type, extension, is_primary, reference_type, reference_id, status, created_at, updated_at, version) VALUES (1115, 3, 'ROOM_IMAGE', 'image_11.jpg', 'image_11.jpg', 'uploads/rooms/images/room_135/image_11.jpg', '/rooms/images/room_135/image_11.jpg', 67235, 'image/jpeg', 'jpg', false, 'ROOM', 155, 'READY', NOW(), NOW(), 0);
INSERT INTO central_media_files (id, owner_id, category, original_name, file_name, file_path, file_url, file_size, mime_type, extension, is_primary, reference_type, reference_id, status, created_at, updated_at, version) VALUES (1116, 3, 'POST_VIDEO', 'video_01.mp4', 'video_01.mp4', 'uploads/posts/videos/room_135/video_01.mp4', '/posts/videos/room_135/video_01.mp4', 29639873, 'video/mp4', 'mp4', true, 'POST', 155, 'READY', NOW(), NOW(), 0);

-- BỔ SUNG ĐÁNH GIÁ (REVIEWS) VÀ LỊCH ĐẶT (BOOKINGS)
INSERT INTO bookings (id, user_id, landlord_id, post_id, booking_time, end_time, status, confirmation_code, note, created_at, updated_at, version)
VALUES
  (1, 5, 2, 1, NOW() + INTERVAL '1 day', NOW() + INTERVAL '1 day 1 hour', 'CONFIRMED', 'BK-NLU-001', 'Hẹn xem phòng lúc chiều tối mát mẻ', NOW(), NOW(), 0),
  (2, 6, 3, 6, NOW() + INTERVAL '2 days', NOW() + INTERVAL '2 days 1 hour', 'PENDING', 'BK-UTE-002', 'Cho em hỏi phòng có ban công ngắm cảnh được không', NOW(), NOW(), 0),
  (3, 7, 4, 11, NOW() - INTERVAL '1 day', NOW() - INTERVAL '23 hours', 'COMPLETED', 'BK-UIT-003', 'Đã đến xem và chốt cọc luôn!', NOW() - INTERVAL '2 days', NOW(), 0);
SELECT setval('bookings_id_seq', 3);

INSERT INTO reviews (id, user_id, post_id, landlord_id, booking_id, rating, comment, is_approved, is_visible, helpful_count, created_at, updated_at, version)
VALUES
  (1, 5, 1, 2, NULL, 5, 'Phòng trọ rất đẹp sạch sẽ, gần Đại học Nông Lâm đi bộ rất tiện. Chủ nhà nhiệt tình hỗ trợ.', true, true, 10, NOW() - INTERVAL '1 day', NOW(), 0),
  (2, 6, 6, 3, NULL, 4, 'Chung cư mini an ninh cực tốt đối diện SPKT. Tiện nghi đầy đủ, wifi siêu nhanh.', true, true, 5, NOW() - INTERVAL '3 days', NOW(), 0),
  (3, 7, 11, 4, NULL, 5, 'Gần UIT cực kỳ luôn, phòng sạch thoáng và mát mẻ, đặc biệt là landlord thân thiện vô cùng!', true, true, 15, NOW() - INTERVAL '5 days', NOW(), 0);
SELECT setval('reviews_id_seq', 3);

SELECT setval('rooms_id_seq', 155);
SELECT setval('posts_id_seq', 155);
SELECT setval('room_images_id_seq', (SELECT max(id) FROM room_images));
SELECT setval('post_images_id_seq', (SELECT max(id) FROM post_images));
SELECT setval('central_media_files_id_seq', 1116);

COMMIT;

SELECT 'PREMIUM SEED DATA LOADED SUCCESSFULLY! 8 Universities, 155 Rooms, 155 Posts with authentic media created.' as status;